{"59ceb3918aa3d291133294f4":{"name":"potato chipcheek","isSuper":true,"isCreator":true},"618194ce95681a1baf712126":{"name":"block","isSuper":false,"isCreator":false},"618174a6a056e30455f7ce67":{"name":"top","isSuper":false,"isCreator":false},"618152c656e39d1d2a5a16ab":{"name":"olivy","isSuper":false,"isCreator":false},"61366f1c99a2310507921949":{"name":"crayon","isSuper":false,"isCreator":false},"611cfa2b553bd82011ccdce4":{"name":"chiyo","isSuper":false,"isCreator":false},"5c6ce0bc6db6701c6c11985b":{"name":"!sunseed-leaf!","isSuper":false,"isCreator":false},"62b8fac4b518fc128d6cbaf8":{"name":"bun bun","isSuper":false,"isCreator":false},"61b286daf1502e05c2c16d70":{"name":"gooey the goo-a-boo","isSuper":false,"isCreator":false},"62914c11a44f0605b4cc25a9":{"name":"golf ball","isSuper":false,"isCreator":false},"625c8ce13aecf61c1fd0f0c6":{"name":"donkey kong","isSuper":false,"isCreator":false},"5c5a483dacd8ce62b7972b86":{"name":"snotflower","isSuper":false,"isCreator":false}}