{"base":"DYNATHING","creator":"5003d713a0b60c386b0000a1","id":"53d0bf384385f5c1597d1e17","name":"prize machine","prop":{"attr":[3,1,2],"text":"0: cells show, cell 1 z-index 6, cell 3 z-index 1, cell 4 pivot 14 7, cell 5 pivot 14 7, cell 6 z-index 3\n0.1: PLAY SOUND\n0-3: cell 2 down 2, left 6, cell 4 down 2, left 6, cell 5 down 2, left 6\n0-5: cell 4 rotate 35, cell 5 rotate -35\n5-8: CELL 4 ROTATE -35, CELL 5 ROTATE 35, cell 2 up 2, cell 4 up 2, cell 5 up 2, cell 6 up 2, rotate 20\n8-9: cell 6 down 9\n8-10: CELL 2 right 6, CELL 4 right 6, CELL 5 right 6\n11: restart","soundId":"53ce41f162cf163c3409de29"}}