{"base":"READABLE","creator":"52ceb5ec27ccd28e20000008","id":"54468521d3b18f013f6e1cf5","name":"coffeehouse menu","prop":{"textSize":1408,"textData":"GREEN MOUNTAIN COFFEHOUSE MENU\n------------------------------\n\nALL NATURAL DRINKS (SMALL, MEDIUM, AND LARGE SIZES)\n------------------\n*COFFEES*\nCARAMEL LATTE\nHAZELNUT LATTE\nREGULAR ESPRESSO\n(DECAF OPTION AVAILABLE)\n-\nVANILLA CAPPUCCINO \nCARAMEL CAPPUCCINO\nHAZELNUT CAPPUCCINO\nDARK ROAST CAPPUCCINO\nCOLOMBIAN ROAST CAPPUCCINO\nBLONDE ROAST CAPPUCCINO\n(DECAF OPTION AVAILABLE)\n-\nVANILLA MACCHIATO\nCARAMEL MACCHIATO\nHAZELNUT MACCHIATO\n(DECAF OPTION AVAILABLE)\n-\nREGULAR AMERICANO\nDECAF AMERICANO\n-\nCAFE AU LAIT\nVANILLA MOCHA\nCARAMEL MOCHA\nHAZELNUT MOCHA\nVANILLA FRAPPE\nCARAMEL FRAPPE\n\n*TEAS*\nRASPBERRY SWEET ICED TEA\nLEMON SWEET ICED TEA\nPEACH SWEET ICED TEA\nBLACKBERRY SWEET ICED TEA\nACAI BERRY SWEET ICED TEA\nPOMEGRANATE SWEET ICED TEA\n-\nHOT GREEN TEA\nHOT EARL GREY TEA\nHOT JASMINE TEA\nHOT CHAMOMILE TEA\nHOT BLACK TEA\n-\nORIGINAL BOBA TEA\nMANGO BOBA TEA\nWATERMELON BOBA TEA\nHONEYDEW BOBA TEA\n\n*ICED BEVERAGES*\nSTRAWBERRY BANANA SMOOTHIE\nMANGO SMOOTHIE\nBERRY SMOOTHIE\n-\nVANILLA MILKSHAKE\nCHOCOLATE MILKSHAKE\nSTRAWBERRY MILKSHAKE\n-\nORIGINAL LEMONADE\nRASPBERRY LEMONADE\nSTRAWBERRY LEMONADE\n\nSPECIALTY ARTISANAL FOOD\n------------------------\n*PASTRIES*\nBLUEBERRY SCONE\nCHOCOLATE SCONE\nSTRAWBERRY SCONE\n-\nCHEESE DANISH\nRASPBERRY JAM DANISH\n-\nSTRAWBERRY TART\nRASPBERRY TART\n*BREAKFAST FOOD*\nGRILLED CHEESE\nSAUSAGE CROISSANT\nCHICKEN SALAD CROISSANT\nTUNA SSALAD CROISSANT\n-\nPLAIN ENGLISH MUFFIN\nSAUSAGE ENGLISH MUFFIN\n\n","attr":[2],"rgb":"22,47,30","rgb2":"142,172,152"}}