{"isCreator":false,"contents":[{"_id":"557e31c0cc6b4710088c5116","itemId":"549704be8625c35b0225c2cd","flip":0,"rot":0,"z":0,"y":0,"x":67,"pageNo":0},{"_id":"557e31c0cc6b4710088c5117","itemId":"5498efe6ee94480902a7fac3","flip":0,"rot":0,"z":1,"y":105,"x":114,"pageNo":0},{"_id":"557e31c0cc6b4710088c5118","itemId":"54964ef861987e96675e11dd","flip":0,"rot":0,"z":2,"y":0,"x":-9,"pageNo":0},{"_id":"557e31c0cc6b4710088c5119","itemId":"549655a3088cdd99679b8b8d","flip":0,"rot":0,"z":3,"y":38,"x":29,"pageNo":0},{"_id":"557e31c0cc6b4710088c511a","itemId":"549711d4e0f9a6b46895517d","flip":0,"rot":0,"z":4,"y":48,"x":76,"pageNo":0},{"_id":"557e31c0cc6b4710088c511b","itemId":"5498df6160ad217905b243c2","flip":0,"rot":0,"z":5,"y":19,"x":114,"pageNo":0},{"_id":"557e31c0cc6b4710088c511c","itemId":"54964f5d23dbb7cb7ded6115","flip":0,"rot":0,"z":6,"y":38,"x":-9,"pageNo":0},{"_id":"557e31c0cc6b4710088c511d","itemId":"5498e2642508057d058c1b08","flip":0,"rot":0,"z":7,"y":57,"x":114,"pageNo":0},{"_id":"557e31c0cc6b4710088c511e","itemId":"5496508d61987e96675e11e1","flip":0,"rot":0,"z":8,"y":0,"x":29,"pageNo":0},{"_id":"557e31c0cc6b4710088c511f","itemId":"5543ed711576ec607f8471b5","flip":0,"rot":0,"z":9,"y":76,"x":0,"pageNo":0}]}