{"isCreator":false,"contents":[{"_id":"60f52fd7b2a70360128e38cf","itemId":"54898c4cc54f6be810d02228","flip":0,"rot":0,"z":0,"y":106,"x":7,"pageNo":0},{"_id":"60f52fd7b2a70360128e38d0","itemId":"54898c4cc54f6be810d02228","flip":0,"rot":0,"z":1,"y":105,"x":27,"pageNo":0},{"_id":"60f52fd7b2a70360128e38d1","itemId":"54898c4cc54f6be810d02228","flip":0,"rot":0,"z":2,"y":105,"x":68,"pageNo":0},{"_id":"60f52fd7b2a70360128e38d2","itemId":"54898c4cc54f6be810d02228","flip":0,"rot":0,"z":3,"y":107,"x":88,"pageNo":0},{"_id":"60f52fd7b2a70360128e38d3","itemId":"54898c4cc54f6be810d02228","flip":0,"rot":0,"z":4,"y":105,"x":107,"pageNo":0},{"_id":"60f52fd7b2a70360128e38d4","itemId":"54898c4cc54f6be810d02228","flip":0,"rot":0,"z":5,"y":102,"x":126,"pageNo":0},{"_id":"60f52fd7b2a70360128e38d5","itemId":"54c61dcd3df419f155769ee6","flip":0,"rot":0,"z":6,"y":124,"x":124,"pageNo":0},{"_id":"60f52fd7b2a70360128e38d6","itemId":"54898c4cc54f6be810d02228","flip":0,"rot":0,"z":7,"y":105,"x":48,"pageNo":0},{"_id":"60f52fd7b2a70360128e38d7","itemId":"542a2a011b65581f4b95d23f","flip":0,"rot":0,"z":8,"y":10,"x":9,"pageNo":0},{"_id":"60f52fd7b2a70360128e38d8","itemId":"54b2968f0eae9dc73bea7165","flip":0,"rot":0,"z":9,"y":47,"x":124,"pageNo":0},{"_id":"60f52fd7b2a70360128e38d9","itemId":"54047ec2a8ae726f4b84fcaf","flip":0,"rot":0,"z":10,"y":47,"x":85,"pageNo":0},{"_id":"60f52fd7b2a70360128e38da","itemId":"54871fe5505fccaf59dea29c","flip":0,"rot":0,"z":11,"y":47,"x":47,"pageNo":0},{"_id":"60f52fd7b2a70360128e38db","itemId":"54b2972713fdb55446ed7bc9","flip":0,"rot":0,"z":12,"y":47,"x":9,"pageNo":0},{"_id":"60f52fd7b2a70360128e38dc","itemId":"55801d92394cd5180f55f9de","flip":0,"rot":0,"z":13,"y":9,"x":85,"pageNo":0},{"_id":"60f52fd7b2a70360128e38dd","itemId":"55a2311ee9ff7d1f0fcef209","flip":0,"rot":0,"z":14,"y":124,"x":9,"pageNo":0},{"_id":"60f52fd7b2a70360128e38de","itemId":"5391d6a97bdf676502f92bea","flip":0,"rot":0,"z":15,"y":11,"x":48,"pageNo":0},{"_id":"60f52fd7b2a70360128e38df","itemId":"56bf326d3e3fe5780fe05ab9","flip":0,"rot":0,"z":16,"y":85,"x":123,"pageNo":0},{"_id":"60f52fd7b2a70360128e38e0","itemId":"53eb9f388534266f180e0fd2","flip":0,"rot":0,"z":17,"y":85,"x":9,"pageNo":0},{"_id":"60f52fd7b2a70360128e38e1","itemId":"546dee4f2dd3831e58ff38c1","flip":0,"rot":0,"z":18,"y":9,"x":123,"pageNo":0}]}