{"isCreator":false,"contents":[{"_id":"60da0c3407144c188b8a77e9","itemId":"5af954b7ef0e276753b3f7aa","flip":0,"rot":0,"z":0,"y":4,"x":134,"pageNo":4},{"_id":"60da0c3407144c188b8a77ea","itemId":"558e6a8df511da35156a2f9c","flip":0,"rot":0,"z":1,"y":13,"x":11,"pageNo":4},{"_id":"60da0c3407144c188b8a77eb","itemId":"558e6a74af822bcf4aea03f1","flip":0,"rot":0,"z":2,"y":10,"x":30,"pageNo":4},{"_id":"60da0c3407144c188b8a77ec","itemId":"558e6a74af822bcf4aea03f1","flip":0,"rot":0,"z":3,"y":10,"x":47,"pageNo":4},{"_id":"60da0c3407144c188b8a77ed","itemId":"558e6a74af822bcf4aea03f1","flip":0,"rot":0,"z":4,"y":9,"x":67,"pageNo":4},{"_id":"60da0c3407144c188b8a77ee","itemId":"5f1eb79788ea22316ff29620","flip":0,"rot":1,"z":5,"y":38,"x":124,"pageNo":4},{"_id":"60da0c3407144c188b8a77ef","itemId":"5f1eb79788ea22316ff29620","flip":0,"rot":2,"z":6,"y":69,"x":123,"pageNo":4},{"_id":"60da0c3407144c188b8a77f0","itemId":"558e6a74af822bcf4aea03f1","flip":0,"rot":0,"z":7,"y":39,"x":87,"pageNo":4},{"_id":"60da0c3407144c188b8a77f1","itemId":"558e6a74af822bcf4aea03f1","flip":0,"rot":0,"z":8,"y":37,"x":105,"pageNo":4},{"_id":"60da0c3407144c188b8a77f2","itemId":"558e6a74af822bcf4aea03f1","flip":0,"rot":0,"z":9,"y":50,"x":121,"pageNo":4},{"_id":"60da0c3407144c188b8a77f3","itemId":"558e6a74af822bcf4aea03f1","flip":0,"rot":0,"z":10,"y":49,"x":106,"pageNo":4},{"_id":"60da0c3407144c188b8a77f4","itemId":"558e6a74af822bcf4aea03f1","flip":0,"rot":0,"z":11,"y":52,"x":82,"pageNo":4},{"_id":"60da0c3407144c188b8a77f5","itemId":"558e6a8df511da35156a2f9c","flip":0,"rot":2,"z":12,"y":95,"x":124,"pageNo":4},{"_id":"60da0c3407144c188b8a77f6","itemId":"5f1ef34fc498fc60484520d3","flip":0,"rot":0,"z":13,"y":0,"x":19,"pageNo":4},{"_id":"60da0c3407144c188b8a77f7","itemId":"5468365be5dbacb059fc51f8","flip":0,"rot":0,"z":14,"y":10,"x":19,"pageNo":4},{"_id":"60da0c3407144c188b8a77f8","itemId":"540e3dcd35caeb7160a1ec7b","flip":0,"rot":0,"z":15,"y":10,"x":48,"pageNo":4},{"_id":"60da0c3407144c188b8a77f9","itemId":"558e6a8df511da35156a2f9c","flip":0,"rot":3,"z":16,"y":95,"x":10,"pageNo":4},{"_id":"60da0c3407144c188b8a77fa","itemId":"558e6a74af822bcf4aea03f1","flip":0,"rot":0,"z":17,"y":76,"x":10,"pageNo":4},{"_id":"60da0c3407144c188b8a77fb","itemId":"57e64442acbd7c4d137927e2","flip":0,"rot":0,"z":18,"y":86,"x":10,"pageNo":4},{"_id":"60da0c3407144c188b8a77fc","itemId":"5713a7b188a5be00131d488d","flip":0,"rot":0,"z":19,"y":124,"x":114,"pageNo":4},{"_id":"60da0c3407144c188b8a77fd","itemId":"5457ecb561cfe7cc472e0e4d","flip":0,"rot":0,"z":20,"y":124,"x":114,"pageNo":4},{"_id":"60da0c3407144c188b8a77fe","itemId":"558e6a8df511da35156a2f9c","flip":0,"rot":1,"z":21,"y":38,"x":10,"pageNo":4},{"_id":"60da0c3407144c188b8a77ff","itemId":"558e6a74af822bcf4aea03f1","flip":0,"rot":0,"z":22,"y":57,"x":10,"pageNo":4},{"_id":"60da0c3407144c188b8a7800","itemId":"5ca913b04726d23ba121e99e","flip":0,"rot":0,"z":23,"y":57,"x":10,"pageNo":4},{"_id":"60da0c3407144c188b8a7801","itemId":"5f1f3dbde02f2260366ac929","flip":0,"rot":0,"z":24,"y":34,"x":10,"pageNo":4},{"_id":"60da0c3407144c188b8a7802","itemId":"5713a7b188a5be00131d488d","flip":0,"rot":0,"z":25,"y":124,"x":76,"pageNo":4},{"_id":"60da0c3407144c188b8a7803","itemId":"5477f4f5d1098f2237ab7fdb","flip":0,"rot":0,"z":26,"y":124,"x":76,"pageNo":4},{"_id":"60da0c3407144c188b8a7804","itemId":"5713a7b188a5be00131d488d","flip":0,"rot":0,"z":27,"y":125,"x":44,"pageNo":4},{"_id":"60da0c3407144c188b8a7805","itemId":"5f28556416798d70d1d94cea","flip":0,"rot":0,"z":28,"y":124,"x":47,"pageNo":4},{"_id":"60da0c3407144c188b8a7806","itemId":"539220c50c58f82408570f45","flip":0,"rot":0,"z":29,"y":124,"x":10,"pageNo":4},{"_id":"60da0c3407144c188b8a7807","itemId":"558e6a74af822bcf4aea03f1","flip":0,"rot":0,"z":30,"y":38,"x":67,"pageNo":4},{"_id":"60da0c3407144c188b8a7808","itemId":"558e6a74af822bcf4aea03f1","flip":0,"rot":0,"z":31,"y":54,"x":66,"pageNo":4},{"_id":"60da0c3407144c188b8a7809","itemId":"558e6a74af822bcf4aea03f1","flip":0,"rot":0,"z":32,"y":67,"x":105,"pageNo":4},{"_id":"60da0c3407144c188b8a780a","itemId":"558e6a74af822bcf4aea03f1","flip":0,"rot":0,"z":33,"y":67,"x":86,"pageNo":4},{"_id":"60da0c3407144c188b8a780b","itemId":"558e6a74af822bcf4aea03f1","flip":0,"rot":0,"z":34,"y":67,"x":67,"pageNo":4},{"_id":"60da0c3407144c188b8a780c","itemId":"5f1eb79788ea22316ff29620","flip":0,"rot":3,"z":35,"y":67,"x":38,"pageNo":4},{"_id":"60da0c3407144c188b8a780d","itemId":"558e6a74af822bcf4aea03f1","flip":0,"rot":0,"z":36,"y":57,"x":38,"pageNo":4},{"_id":"60da0c3407144c188b8a780e","itemId":"5f1eb79788ea22316ff29620","flip":0,"rot":0,"z":37,"y":38,"x":38,"pageNo":4},{"_id":"60da0c3407144c188b8a780f","itemId":"558e6a74af822bcf4aea03f1","flip":0,"rot":0,"z":38,"y":65,"x":47,"pageNo":4},{"_id":"60da0c3407144c188b8a7810","itemId":"56af0ec97dacec7b0fc70f5b","flip":0,"rot":0,"z":39,"y":57,"x":67,"pageNo":4},{"_id":"60da0c3407144c188b8a7811","itemId":"558e6a74af822bcf4aea03f1","flip":0,"rot":0,"z":40,"y":47,"x":48,"pageNo":4},{"_id":"60da0c3407144c188b8a7812","itemId":"558e6a74af822bcf4aea03f1","flip":0,"rot":0,"z":41,"y":38,"x":50,"pageNo":4},{"_id":"60da0c3407144c188b8a7813","itemId":"5ca9214665b4a33d8d03270f","flip":0,"rot":0,"z":42,"y":57,"x":48,"pageNo":4},{"_id":"60da0c3407144c188b8a7814","itemId":"5f1eeb3c4bc7a0316efbebd6","flip":0,"rot":0,"z":43,"y":38,"x":86,"pageNo":4},{"_id":"60da0c3407144c188b8a7815","itemId":"5e832ab82d193140df44c86a","flip":0,"rot":0,"z":44,"y":57,"x":86,"pageNo":4},{"_id":"60da0c3407144c188b8a7816","itemId":"5a45aaefdd668bb9130d15a4","flip":0,"rot":0,"z":45,"y":57,"x":114,"pageNo":4},{"_id":"60da0c3407144c188b8a7817","itemId":"558e6a74af822bcf4aea03f1","flip":0,"rot":0,"z":46,"y":8,"x":86,"pageNo":4},{"_id":"60da0c3407144c188b8a7818","itemId":"558e6a74af822bcf4aea03f1","flip":0,"rot":0,"z":47,"y":11,"x":105,"pageNo":4},{"_id":"60da0c3407144c188b8a7819","itemId":"544686bd18c3bb344d71dd56","flip":0,"rot":0,"z":48,"y":10,"x":76,"pageNo":4},{"_id":"60da0c3407144c188b8a781a","itemId":"558e6a8df511da35156a2f9c","flip":0,"rot":2,"z":49,"y":10,"x":114,"pageNo":4},{"_id":"60da0c3407144c188b8a781b","itemId":"6085a647a0dbee2596083cb2","flip":0,"rot":0,"z":50,"y":10,"x":105,"pageNo":4},{"_id":"60da0c3407144c188b8a781c","itemId":"558e6a74af822bcf4aea03f1","flip":0,"rot":0,"z":51,"y":95,"x":105,"pageNo":4},{"_id":"60da0c3407144c188b8a781d","itemId":"558e6a74af822bcf4aea03f1","flip":0,"rot":0,"z":52,"y":95,"x":86,"pageNo":4},{"_id":"60da0c3407144c188b8a781e","itemId":"558e6a74af822bcf4aea03f1","flip":0,"rot":0,"z":53,"y":95,"x":67,"pageNo":4},{"_id":"60da0c3407144c188b8a781f","itemId":"558e6a8df511da35156a2f9c","flip":0,"rot":0,"z":54,"y":95,"x":38,"pageNo":4},{"_id":"60da0c3407144c188b8a7820","itemId":"558e6a74af822bcf4aea03f1","flip":0,"rot":0,"z":55,"y":95,"x":52,"pageNo":4},{"_id":"60da0c3407144c188b8a7821","itemId":"5a3d076c3b1ae1b01314faf2","flip":0,"rot":0,"z":56,"y":95,"x":57,"pageNo":4},{"_id":"60da0c3407144c188b8a7822","itemId":"54b3c91387ea99306e676ca6","flip":0,"rot":0,"z":57,"y":95,"x":86,"pageNo":4},{"_id":"60da0c3407144c188b8a7823","itemId":"5391d6a97bdf676502f92bea","flip":0,"rot":0,"z":58,"y":95,"x":114,"pageNo":4},{"_id":"617fb44eb3f6da046706e93d","itemId":"60ac3dd24ba23c04f7dabee4","flip":0,"rot":0,"z":0,"y":67,"x":76,"pageNo":5},{"_id":"617fb44eb3f6da046706e93e","itemId":"616f2d7dbf046c1d24340395","flip":0,"rot":0,"z":1,"y":48,"x":76,"pageNo":5},{"_id":"621cc4339aea641f4d33d613","itemId":"54b7293ffc6520ba3e69dd73","flip":0,"rot":0,"z":0,"y":131,"x":2,"pageNo":2},{"_id":"621cc4339aea641f4d33d614","itemId":"554400a31d5d4a602ac8cf44","flip":0,"rot":0,"z":1,"y":130,"x":106,"pageNo":2},{"_id":"621cc4339aea641f4d33d615","itemId":"558e6a74af822bcf4aea03f1","flip":0,"rot":0,"z":2,"y":10,"x":48,"pageNo":2},{"_id":"621cc4339aea641f4d33d616","itemId":"5713a7b188a5be00131d488d","flip":0,"rot":0,"z":3,"y":116,"x":62,"pageNo":2},{"_id":"621cc4339aea641f4d33d617","itemId":"5713a7b188a5be00131d488d","flip":0,"rot":0,"z":4,"y":105,"x":38,"pageNo":2},{"_id":"621cc4339aea641f4d33d618","itemId":"5713a7b188a5be00131d488d","flip":0,"rot":0,"z":5,"y":105,"x":95,"pageNo":2},{"_id":"621cc4339aea641f4d33d619","itemId":"5713a7b188a5be00131d488d","flip":0,"rot":0,"z":6,"y":38,"x":65,"pageNo":2},{"_id":"621cc4339aea641f4d33d61a","itemId":"5713a7b188a5be00131d488d","flip":0,"rot":0,"z":7,"y":76,"x":105,"pageNo":2},{"_id":"621cc4339aea641f4d33d61b","itemId":"57154508c1bc4e29133f10e6","flip":0,"rot":0,"z":8,"y":80,"x":69,"pageNo":2},{"_id":"621cc4339aea641f4d33d61c","itemId":"571544e58e74367d0f3b7949","flip":0,"rot":0,"z":9,"y":76,"x":70,"pageNo":2},{"_id":"621cc4339aea641f4d33d61d","itemId":"54c61dcd3df419f155769ee6","flip":0,"rot":0,"z":10,"y":76,"x":67,"pageNo":2},{"_id":"621cc4339aea641f4d33d61e","itemId":"571865d769a3f320134389a6","flip":0,"rot":0,"z":11,"y":105,"x":86,"pageNo":2},{"_id":"621cc4339aea641f4d33d61f","itemId":"5713a7b188a5be00131d488d","flip":0,"rot":0,"z":12,"y":76,"x":29,"pageNo":2},{"_id":"621cc4339aea641f4d33d620","itemId":"5af954b7ef0e276753b3f7aa","flip":0,"rot":0,"z":13,"y":4,"x":134,"pageNo":2},{"_id":"621cc4339aea641f4d33d621","itemId":"55ae64d84d2f22ec22e183d2","flip":0,"rot":0,"z":14,"y":105,"x":95,"pageNo":2},{"_id":"621cc4339aea641f4d33d622","itemId":"558e6a74af822bcf4aea03f1","flip":0,"rot":0,"z":15,"y":10,"x":29,"pageNo":2},{"_id":"621cc4339aea641f4d33d623","itemId":"558e6a74af822bcf4aea03f1","flip":0,"rot":0,"z":16,"y":10,"x":67,"pageNo":2},{"_id":"621cc4339aea641f4d33d624","itemId":"558e6a74af822bcf4aea03f1","flip":0,"rot":0,"z":17,"y":10,"x":86,"pageNo":2},{"_id":"621cc4339aea641f4d33d625","itemId":"558e6a8df511da35156a2f9c","flip":0,"rot":2,"z":18,"y":10,"x":108,"pageNo":2},{"_id":"621cc4339aea641f4d33d626","itemId":"5875df06c75f8e6d1340a116","flip":0,"rot":0,"z":19,"y":113,"x":65,"pageNo":2},{"_id":"621cc4339aea641f4d33d627","itemId":"5ccf4f28946e411ab3e2c572","flip":0,"rot":0,"z":20,"y":76,"x":105,"pageNo":2},{"_id":"621cc4339aea641f4d33d628","itemId":"550608dade7c46d3092052c9","flip":0,"rot":0,"z":21,"y":105,"x":38,"pageNo":2},{"_id":"621cc4339aea641f4d33d629","itemId":"5713a7b188a5be00131d488d","flip":0,"rot":0,"z":22,"y":43,"x":98,"pageNo":2},{"_id":"621cc4339aea641f4d33d62a","itemId":"5713a7b188a5be00131d488d","flip":0,"rot":0,"z":23,"y":49,"x":38,"pageNo":2},{"_id":"621cc4339aea641f4d33d62b","itemId":"5ca90c9bff3e2f3b9be6f924","flip":0,"rot":0,"z":24,"y":38,"x":124,"pageNo":2},{"_id":"621cc4339aea641f4d33d62c","itemId":"5f10df86be72d462f412a655","flip":0,"rot":0,"z":25,"y":48,"x":38,"pageNo":2},{"_id":"621cc4339aea641f4d33d62d","itemId":"56bf326d3e3fe5780fe05ab9","flip":0,"rot":0,"z":26,"y":38,"x":67,"pageNo":2},{"_id":"621cc4339aea641f4d33d62e","itemId":"5ff83943bb6cd85bc21f2d38","flip":0,"rot":0,"z":27,"y":48,"x":95,"pageNo":2},{"_id":"621cc4339aea641f4d33d62f","itemId":"605a59209f4c90051963dd65","flip":0,"rot":0,"z":28,"y":73,"x":30,"pageNo":2},{"_id":"621cc4339aea641f4d33d630","itemId":"5713a7b188a5be00131d488d","flip":0,"rot":0,"z":29,"y":7,"x":128,"pageNo":2},{"_id":"621cc4339aea641f4d33d631","itemId":"60d1d552eb596e04f5a1fb21","flip":0,"rot":0,"z":30,"y":125,"x":12,"pageNo":2},{"_id":"621cc4339aea641f4d33d632","itemId":"558e6a74af822bcf4aea03f1","flip":0,"rot":0,"z":31,"y":10,"x":10,"pageNo":2},{"_id":"621cc4339aea641f4d33d633","itemId":"621cc3fa3aecf61c1fcfb344","flip":0,"rot":0,"z":32,"y":9,"x":-5,"pageNo":2},{"_id":"62704e6676933805b86e07a7","itemId":"5509520459b0205d159e046a","flip":0,"rot":0,"z":0,"y":124,"x":29,"pageNo":1},{"_id":"62704e6676933805b86e07a8","itemId":"554400a31d5d4a602ac8cf44","flip":0,"rot":0,"z":1,"y":133,"x":105,"pageNo":1},{"_id":"62704e6676933805b86e07a9","itemId":"570d21434938b91913eb8a08","flip":0,"rot":0,"z":2,"y":107,"x":130,"pageNo":1},{"_id":"62704e6676933805b86e07aa","itemId":"558e6a74af822bcf4aea03f1","flip":0,"rot":0,"z":3,"y":10,"x":28,"pageNo":1},{"_id":"62704e6676933805b86e07ab","itemId":"558e6a74af822bcf4aea03f1","flip":0,"rot":0,"z":4,"y":6,"x":48,"pageNo":1},{"_id":"62704e6676933805b86e07ac","itemId":"558e6a74af822bcf4aea03f1","flip":0,"rot":0,"z":5,"y":8,"x":67,"pageNo":1},{"_id":"62704e6676933805b86e07ad","itemId":"558e6a74af822bcf4aea03f1","flip":0,"rot":0,"z":6,"y":9,"x":89,"pageNo":1},{"_id":"62704e6676933805b86e07ae","itemId":"5713a7b188a5be00131d488d","flip":0,"rot":0,"z":7,"y":114,"x":67,"pageNo":1},{"_id":"62704e6676933805b86e07af","itemId":"5713a7b188a5be00131d488d","flip":0,"rot":0,"z":8,"y":38,"x":67,"pageNo":1},{"_id":"62704e6676933805b86e07b0","itemId":"5713a7b188a5be00131d488d","flip":0,"rot":0,"z":9,"y":48,"x":95,"pageNo":1},{"_id":"62704e6676933805b86e07b1","itemId":"5713a7b188a5be00131d488d","flip":0,"rot":0,"z":10,"y":105,"x":95,"pageNo":1},{"_id":"62704e6676933805b86e07b2","itemId":"5713a7b188a5be00131d488d","flip":0,"rot":0,"z":11,"y":48,"x":38,"pageNo":1},{"_id":"62704e6676933805b86e07b3","itemId":"5713a7b188a5be00131d488d","flip":0,"rot":0,"z":12,"y":76,"x":29,"pageNo":1},{"_id":"62704e6676933805b86e07b4","itemId":"57154508c1bc4e29133f10e6","flip":0,"rot":0,"z":13,"y":80,"x":64,"pageNo":1},{"_id":"62704e6676933805b86e07b5","itemId":"571544e58e74367d0f3b7949","flip":0,"rot":0,"z":14,"y":78,"x":70,"pageNo":1},{"_id":"62704e6676933805b86e07b6","itemId":"54c61dcd3df419f155769ee6","flip":0,"rot":0,"z":15,"y":76,"x":67,"pageNo":1},{"_id":"62704e6676933805b86e07b7","itemId":"571865d769a3f320134389a6","flip":0,"rot":0,"z":16,"y":105,"x":86,"pageNo":1},{"_id":"62704e6676933805b86e07b8","itemId":"53b7219db4e092ca24995d00","flip":0,"rot":0,"z":17,"y":48,"x":38,"pageNo":1},{"_id":"62704e6676933805b86e07b9","itemId":"558e6a8df511da35156a2f9c","flip":0,"rot":2,"z":18,"y":10,"x":105,"pageNo":1},{"_id":"62704e6676933805b86e07ba","itemId":"5af954b7ef0e276753b3f7aa","flip":0,"rot":0,"z":19,"y":3,"x":133,"pageNo":1},{"_id":"62704e6676933805b86e07bb","itemId":"5713a7b188a5be00131d488d","flip":0,"rot":0,"z":20,"y":105,"x":38,"pageNo":1},{"_id":"62704e6676933805b86e07bc","itemId":"5580160b4c58858a36e27ee1","flip":0,"rot":0,"z":21,"y":105,"x":38,"pageNo":1},{"_id":"62704e6676933805b86e07bd","itemId":"5ca90c9bff3e2f3b9be6f924","flip":0,"rot":0,"z":22,"y":37,"x":123,"pageNo":1},{"_id":"62704e6676933805b86e07be","itemId":"54871fe5505fccaf59dea29c","flip":0,"rot":0,"z":23,"y":102,"x":94,"pageNo":1},{"_id":"62704e6676933805b86e07bf","itemId":"5394bf7df8807b914b117b07","flip":0,"rot":0,"z":24,"y":76,"x":25,"pageNo":1},{"_id":"62704e6676933805b86e07c0","itemId":"57145a6e0d72520f139ec04d","flip":0,"rot":0,"z":25,"y":114,"x":65,"pageNo":1},{"_id":"62704e6676933805b86e07c1","itemId":"53a0a527617f1ea72506d983","flip":0,"rot":0,"z":26,"y":49,"x":95,"pageNo":1},{"_id":"62704e6676933805b86e07c2","itemId":"5713a7b188a5be00131d488d","flip":0,"rot":0,"z":27,"y":76,"x":105,"pageNo":1},{"_id":"62704e6676933805b86e07c3","itemId":"54047ec2a8ae726f4b84fcaf","flip":0,"rot":0,"z":28,"y":76,"x":105,"pageNo":1},{"_id":"62704e6676933805b86e07c4","itemId":"60d1d5744346cc46b727e8ba","flip":0,"rot":0,"z":29,"y":122,"x":11,"pageNo":1},{"_id":"62704e6676933805b86e07c5","itemId":"5678777b3d1d6048236f452f","flip":0,"rot":0,"z":30,"y":38,"x":67,"pageNo":1},{"_id":"62704e6676933805b86e07c6","itemId":"5f738078f4dbea0531300a77","flip":0,"rot":0,"z":31,"y":36,"x":67,"pageNo":1},{"_id":"62704e6676933805b86e07c7","itemId":"621cc3fa3aecf61c1fcfb344","flip":0,"rot":0,"z":32,"y":10,"x":-9,"pageNo":1},{"_id":"62704e6676933805b86e07c8","itemId":"558e6a74af822bcf4aea03f1","flip":0,"rot":0,"z":33,"y":10,"x":11,"pageNo":1},{"_id":"62704e6676933805b86e07c9","itemId":"5713a7b188a5be00131d488d","flip":0,"rot":0,"z":34,"y":10,"x":126,"pageNo":1},{"_id":"62704e6676933805b86e07ca","itemId":"6085a647a0dbee2596083cb2","flip":0,"rot":0,"z":35,"y":10,"x":124,"pageNo":1},{"_id":"64a1101a313c6d05b8f10f9e","itemId":"554400a31d5d4a602ac8cf44","flip":0,"rot":0,"z":0,"y":130,"x":103,"pageNo":3},{"_id":"64a1101a313c6d05b8f10f9f","itemId":"5af954b7ef0e276753b3f7aa","flip":0,"rot":0,"z":1,"y":4,"x":135,"pageNo":3},{"_id":"64a1101a313c6d05b8f10fa0","itemId":"5f1eb79788ea22316ff29620","flip":0,"rot":0,"z":2,"y":10,"x":10,"pageNo":3},{"_id":"64a1101a313c6d05b8f10fa1","itemId":"558e6a74af822bcf4aea03f1","flip":0,"rot":0,"z":3,"y":9,"x":29,"pageNo":3},{"_id":"64a1101a313c6d05b8f10fa2","itemId":"558e6a74af822bcf4aea03f1","flip":0,"rot":0,"z":4,"y":31,"x":9,"pageNo":3},{"_id":"64a1101a313c6d05b8f10fa3","itemId":"558e6a74af822bcf4aea03f1","flip":0,"rot":0,"z":5,"y":29,"x":29,"pageNo":3},{"_id":"64a1101a313c6d05b8f10fa4","itemId":"558e6a74af822bcf4aea03f1","flip":0,"rot":0,"z":6,"y":29,"x":48,"pageNo":3},{"_id":"64a1101a313c6d05b8f10fa5","itemId":"558e6a74af822bcf4aea03f1","flip":0,"rot":0,"z":7,"y":49,"x":9,"pageNo":3},{"_id":"64a1101a313c6d05b8f10fa6","itemId":"5f1eb79788ea22316ff29620","flip":0,"rot":1,"z":8,"y":10,"x":48,"pageNo":3},{"_id":"64a1101a313c6d05b8f10fa7","itemId":"558e6a74af822bcf4aea03f1","flip":0,"rot":0,"z":9,"y":48,"x":29,"pageNo":3},{"_id":"64a1101a313c6d05b8f10fa8","itemId":"558e6a74af822bcf4aea03f1","flip":0,"rot":0,"z":10,"y":46,"x":49,"pageNo":3},{"_id":"64a1101a313c6d05b8f10fa9","itemId":"558e6a74af822bcf4aea03f1","flip":0,"rot":0,"z":11,"y":68,"x":9,"pageNo":3},{"_id":"64a1101a313c6d05b8f10faa","itemId":"558e6a74af822bcf4aea03f1","flip":0,"rot":0,"z":12,"y":69,"x":27,"pageNo":3},{"_id":"64a1101a313c6d05b8f10fab","itemId":"558e6a74af822bcf4aea03f1","flip":0,"rot":0,"z":13,"y":67,"x":47,"pageNo":3},{"_id":"64a1101a313c6d05b8f10fac","itemId":"558e6a74af822bcf4aea03f1","flip":0,"rot":0,"z":14,"y":84,"x":32,"pageNo":3},{"_id":"64a1101a313c6d05b8f10fad","itemId":"5f1eb79788ea22316ff29620","flip":0,"rot":2,"z":15,"y":86,"x":48,"pageNo":3},{"_id":"64a1101a313c6d05b8f10fae","itemId":"5f1eb79788ea22316ff29620","flip":0,"rot":3,"z":16,"y":86,"x":10,"pageNo":3},{"_id":"64a1101a313c6d05b8f10faf","itemId":"5f08174faca1187e7c4fc37b","flip":0,"rot":0,"z":17,"y":48,"x":38,"pageNo":3},{"_id":"64a1101a313c6d05b8f10fb0","itemId":"5b61119d7447b1186c8fab94","flip":0,"rot":0,"z":18,"y":48,"x":19,"pageNo":3},{"_id":"64a1101a313c6d05b8f10fb1","itemId":"558e6a74af822bcf4aea03f1","flip":0,"rot":0,"z":19,"y":30,"x":77,"pageNo":3},{"_id":"64a1101a313c6d05b8f10fb2","itemId":"558e6a74af822bcf4aea03f1","flip":0,"rot":0,"z":20,"y":50,"x":74,"pageNo":3},{"_id":"64a1101a313c6d05b8f10fb3","itemId":"5f1eb79788ea22316ff29620","flip":0,"rot":0,"z":21,"y":11,"x":72,"pageNo":3},{"_id":"64a1101a313c6d05b8f10fb4","itemId":"558e6a74af822bcf4aea03f1","flip":0,"rot":0,"z":22,"y":29,"x":95,"pageNo":3},{"_id":"64a1101a313c6d05b8f10fb5","itemId":"558e6a74af822bcf4aea03f1","flip":0,"rot":0,"z":23,"y":49,"x":95,"pageNo":3},{"_id":"64a1101a313c6d05b8f10fb6","itemId":"5f1eb79788ea22316ff29620","flip":0,"rot":1,"z":24,"y":10,"x":124,"pageNo":3},{"_id":"64a1101a313c6d05b8f10fb7","itemId":"558e6a74af822bcf4aea03f1","flip":0,"rot":0,"z":25,"y":31,"x":121,"pageNo":3},{"_id":"64a1101a313c6d05b8f10fb8","itemId":"558e6a74af822bcf4aea03f1","flip":0,"rot":0,"z":26,"y":48,"x":125,"pageNo":3},{"_id":"64a1101a313c6d05b8f10fb9","itemId":"558e6a74af822bcf4aea03f1","flip":0,"rot":0,"z":27,"y":47,"x":107,"pageNo":3},{"_id":"64a1101a313c6d05b8f10fba","itemId":"558e6a74af822bcf4aea03f1","flip":0,"rot":0,"z":28,"y":30,"x":107,"pageNo":3},{"_id":"64a1101a313c6d05b8f10fbb","itemId":"558e6a74af822bcf4aea03f1","flip":0,"rot":0,"z":29,"y":7,"x":95,"pageNo":3},{"_id":"64a1101a313c6d05b8f10fbc","itemId":"558e6a74af822bcf4aea03f1","flip":0,"rot":0,"z":30,"y":10,"x":104,"pageNo":3},{"_id":"64a1101a313c6d05b8f10fbd","itemId":"5f1eb79788ea22316ff29620","flip":0,"rot":3,"z":31,"y":86,"x":76,"pageNo":3},{"_id":"64a1101a313c6d05b8f10fbe","itemId":"558e6a74af822bcf4aea03f1","flip":0,"rot":0,"z":32,"y":86,"x":95,"pageNo":3},{"_id":"64a1101a313c6d05b8f10fbf","itemId":"558e6a74af822bcf4aea03f1","flip":0,"rot":0,"z":33,"y":86,"x":114,"pageNo":3},{"_id":"64a1101a313c6d05b8f10fc0","itemId":"5f1eb79788ea22316ff29620","flip":0,"rot":2,"z":34,"y":86,"x":124,"pageNo":3},{"_id":"64a1101a313c6d05b8f10fc1","itemId":"558e6a74af822bcf4aea03f1","flip":0,"rot":0,"z":35,"y":67,"x":123,"pageNo":3},{"_id":"64a1101a313c6d05b8f10fc2","itemId":"558e6a74af822bcf4aea03f1","flip":0,"rot":0,"z":36,"y":67,"x":101,"pageNo":3},{"_id":"64a1101a313c6d05b8f10fc3","itemId":"558e6a74af822bcf4aea03f1","flip":0,"rot":0,"z":37,"y":69,"x":80,"pageNo":3},{"_id":"64a1101a313c6d05b8f10fc4","itemId":"558e6a74af822bcf4aea03f1","flip":0,"rot":0,"z":38,"y":67,"x":89,"pageNo":3},{"_id":"64a1101a313c6d05b8f10fc5","itemId":"542ef453132d57064a9a3e62","flip":0,"rot":0,"z":39,"y":19,"x":111,"pageNo":3},{"_id":"64a1101a313c6d05b8f10fc6","itemId":"5f1ebb75b8723006118df472","flip":0,"rot":0,"z":40,"y":10,"x":105,"pageNo":3},{"_id":"64a1101a313c6d05b8f10fc7","itemId":"5713a7b188a5be00131d488d","flip":0,"rot":0,"z":41,"y":124,"x":38,"pageNo":3},{"_id":"64a1101a313c6d05b8f10fc8","itemId":"5ac8613bc31f920fb97a4576","flip":0,"rot":0,"z":42,"y":124,"x":38,"pageNo":3},{"_id":"64a1101a313c6d05b8f10fc9","itemId":"5713a7b188a5be00131d488d","flip":0,"rot":0,"z":43,"y":124,"x":67,"pageNo":3},{"_id":"64a1101a313c6d05b8f10fca","itemId":"5edd12b7131e6949aaa89600","flip":0,"rot":0,"z":44,"y":124,"x":67,"pageNo":3},{"_id":"64a1101a313c6d05b8f10fcb","itemId":"5ef154384f4e801b6b985bb6","flip":0,"rot":0,"z":45,"y":76,"x":19,"pageNo":3},{"_id":"64a1101a313c6d05b8f10fcc","itemId":"5d4f3cb3c11b4006015cbb72","flip":0,"rot":0,"z":46,"y":76,"x":38,"pageNo":3},{"_id":"64a1101a313c6d05b8f10fcd","itemId":"5f10df86be72d462f412a655","flip":0,"rot":0,"z":47,"y":45,"x":116,"pageNo":3},{"_id":"64a1101a313c6d05b8f10fce","itemId":"5ff83943bb6cd85bc21f2d38","flip":0,"rot":0,"z":48,"y":74,"x":114,"pageNo":3},{"_id":"64a1101a313c6d05b8f10fcf","itemId":"5f1ebb45b8723006118df43f","flip":0,"rot":0,"z":49,"y":10,"x":29,"pageNo":3},{"_id":"64a1101a313c6d05b8f10fd0","itemId":"59146c03be8c9062136ccd10","flip":0,"rot":0,"z":50,"y":19,"x":38,"pageNo":3},{"_id":"64a1101a313c6d05b8f10fd1","itemId":"545907d9d257a0f3152547e5","flip":0,"rot":0,"z":51,"y":19,"x":19,"pageNo":3},{"_id":"64a1101a313c6d05b8f10fd2","itemId":"60d1d4f55f2e7046b6b1b88c","flip":0,"rot":0,"z":52,"y":121,"x":9,"pageNo":3},{"_id":"64a1101a313c6d05b8f10fd3","itemId":"55a7e0510b6ad1054d45999c","flip":0,"rot":0,"z":53,"y":19,"x":86,"pageNo":3},{"_id":"64a1101a313c6d05b8f10fd4","itemId":"5f7fa01091ca762df801070d","flip":0,"rot":0,"z":54,"y":75,"x":85,"pageNo":3},{"_id":"6570b74ad91f4015546efddf","itemId":"570d21434938b91913eb8a08","flip":0,"rot":0,"z":0,"y":105,"x":133,"pageNo":0},{"_id":"6570b74ad91f4015546efde0","itemId":"5713a7b188a5be00131d488d","flip":0,"rot":0,"z":1,"y":76,"x":105,"pageNo":0},{"_id":"6570b74ad91f4015546efde1","itemId":"5713a7b188a5be00131d488d","flip":0,"rot":0,"z":2,"y":105,"x":38,"pageNo":0},{"_id":"6570b74ad91f4015546efde2","itemId":"5713a7b188a5be00131d488d","flip":0,"rot":0,"z":3,"y":114,"x":67,"pageNo":0},{"_id":"6570b74ad91f4015546efde3","itemId":"5713a7b188a5be00131d488d","flip":0,"rot":0,"z":4,"y":48,"x":95,"pageNo":0},{"_id":"6570b74ad91f4015546efde4","itemId":"5713a7b188a5be00131d488d","flip":0,"rot":0,"z":5,"y":105,"x":95,"pageNo":0},{"_id":"6570b74ad91f4015546efde5","itemId":"571544e58e74367d0f3b7949","flip":0,"rot":0,"z":6,"y":80,"x":70,"pageNo":0},{"_id":"6570b74ad91f4015546efde6","itemId":"57154508c1bc4e29133f10e6","flip":0,"rot":0,"z":7,"y":78,"x":69,"pageNo":0},{"_id":"6570b74ad91f4015546efde7","itemId":"54c61dcd3df419f155769ee6","flip":0,"rot":0,"z":8,"y":76,"x":67,"pageNo":0},{"_id":"6570b74ad91f4015546efde8","itemId":"571865d769a3f320134389a6","flip":0,"rot":0,"z":9,"y":105,"x":86,"pageNo":0},{"_id":"6570b74ad91f4015546efde9","itemId":"5713a7b188a5be00131d488d","flip":0,"rot":0,"z":10,"y":76,"x":29,"pageNo":0},{"_id":"6570b74ad91f4015546efdea","itemId":"5713a7b188a5be00131d488d","flip":0,"rot":0,"z":11,"y":38,"x":67,"pageNo":0},{"_id":"6570b74ad91f4015546efdeb","itemId":"5713a7b188a5be00131d488d","flip":0,"rot":0,"z":12,"y":48,"x":38,"pageNo":0},{"_id":"6570b74ad91f4015546efdec","itemId":"5726a79546a24e7e0f1aa457","flip":0,"rot":0,"z":13,"y":48,"x":38,"pageNo":0},{"_id":"6570b74ad91f4015546efded","itemId":"5ca90c9bff3e2f3b9be6f924","flip":0,"rot":0,"z":14,"y":38,"x":124,"pageNo":0},{"_id":"6570b74ad91f4015546efdee","itemId":"558e6a74af822bcf4aea03f1","flip":0,"rot":0,"z":15,"y":11,"x":70,"pageNo":0},{"_id":"6570b74ad91f4015546efdef","itemId":"55801d92394cd5180f55f9de","flip":0,"rot":0,"z":16,"y":76,"x":105,"pageNo":0},{"_id":"6570b74ad91f4015546efdf0","itemId":"54b2972713fdb55446ed7bc9","flip":0,"rot":0,"z":17,"y":76,"x":29,"pageNo":0},{"_id":"6570b74ad91f4015546efdf1","itemId":"60d1d48685545b55ea46e361","flip":0,"rot":0,"z":18,"y":124,"x":10,"pageNo":0},{"_id":"6570b74ad91f4015546efdf2","itemId":"542a2a011b65581f4b95d23f","flip":0,"rot":0,"z":19,"y":105,"x":38,"pageNo":0},{"_id":"6570b74ad91f4015546efdf3","itemId":"546dee4f2dd3831e58ff38c1","flip":0,"rot":0,"z":20,"y":105,"x":95,"pageNo":0},{"_id":"6570b74ad91f4015546efdf4","itemId":"53eb9f388534266f180e0fd2","flip":0,"rot":0,"z":21,"y":114,"x":67,"pageNo":0},{"_id":"6570b74ad91f4015546efdf5","itemId":"558e6a74af822bcf4aea03f1","flip":0,"rot":0,"z":22,"y":10,"x":48,"pageNo":0},{"_id":"6570b74ad91f4015546efdf6","itemId":"61e5c7c08402ec05b377f408","flip":0,"rot":0,"z":23,"y":42,"x":14,"pageNo":0},{"_id":"6570b74ad91f4015546efdf7","itemId":"558e6a74af822bcf4aea03f1","flip":0,"rot":0,"z":24,"y":8,"x":86,"pageNo":0},{"_id":"6570b74ad91f4015546efdf8","itemId":"5726963522e0eb8a0fdfe247","flip":0,"rot":0,"z":25,"y":48,"x":95,"pageNo":0},{"_id":"6570b74ad91f4015546efdf9","itemId":"558e6a74af822bcf4aea03f1","flip":0,"rot":0,"z":26,"y":10,"x":29,"pageNo":0},{"_id":"6570b74ad91f4015546efdfa","itemId":"558e6a8df511da35156a2f9c","flip":0,"rot":2,"z":27,"y":10,"x":105,"pageNo":0},{"_id":"6570b74ad91f4015546efdfb","itemId":"558e6a74af822bcf4aea03f1","flip":0,"rot":0,"z":28,"y":8,"x":9,"pageNo":0},{"_id":"6570b74ad91f4015546efdfc","itemId":"621cc3fa3aecf61c1fcfb344","flip":0,"rot":0,"z":29,"y":12,"x":-7,"pageNo":0},{"_id":"6570b74ad91f4015546efdfd","itemId":"5713a7b188a5be00131d488d","flip":0,"rot":0,"z":30,"y":11,"x":124,"pageNo":0},{"_id":"6570b74ad91f4015546efdfe","itemId":"554400a31d5d4a602ac8cf44","flip":0,"rot":0,"z":31,"y":133,"x":105,"pageNo":0},{"_id":"6570b74ad91f4015546efdff","itemId":"54b2968f0eae9dc73bea7165","flip":0,"rot":0,"z":32,"y":38,"x":67,"pageNo":0}]}