{"isCreator":false,"contents":[{"_id":"54b7e7b87bf81e6a24ba6cb4","itemId":"53c2db866fd8ffc84cc8fd92","flip":0,"rot":0,"z":0,"y":10,"x":45,"pageNo":0},{"_id":"54b7e7b87bf81e6a24ba6cb5","itemId":"548375ccc6077cdd7463d061","flip":0,"rot":0,"z":1,"y":10,"x":62,"pageNo":0},{"_id":"54b7e7b87bf81e6a24ba6cb6","itemId":"53b43fc1b4e092ca249958df","flip":0,"rot":0,"z":2,"y":9,"x":81,"pageNo":0},{"_id":"54b7e7b87bf81e6a24ba6cb7","itemId":"54b6ab9de8248a8c1be0386a","flip":0,"rot":0,"z":3,"y":8,"x":102,"pageNo":0},{"_id":"54b7e7b87bf81e6a24ba6cb8","itemId":"54b6ab6df57842bc3e4cc23d","flip":0,"rot":0,"z":4,"y":8,"x":122,"pageNo":0},{"_id":"54b7e7b87bf81e6a24ba6cb9","itemId":"5280287d1b1e89522d0001ad","flip":0,"rot":0,"z":5,"y":31,"x":3,"pageNo":0},{"_id":"54b7e7b87bf81e6a24ba6cba","itemId":"527b94d7b434563e6900006f","flip":0,"rot":0,"z":6,"y":30,"x":42,"pageNo":0},{"_id":"54b7e7b87bf81e6a24ba6cbb","itemId":"54b6aae8471da5351b62227b","flip":0,"rot":0,"z":7,"y":30,"x":60,"pageNo":0},{"_id":"54b7e7b87bf81e6a24ba6cbc","itemId":"527b9712b434563e69000071","flip":0,"rot":0,"z":8,"y":28,"x":73,"pageNo":0},{"_id":"54b7e7b87bf81e6a24ba6cbd","itemId":"527b969c1326f6c07100005b","flip":0,"rot":0,"z":9,"y":30,"x":90,"pageNo":0},{"_id":"54b7e7b87bf81e6a24ba6cbe","itemId":"54b6aac5004b6a2223aa048a","flip":0,"rot":0,"z":10,"y":33,"x":25,"pageNo":0},{"_id":"54b7e7b87bf81e6a24ba6cbf","itemId":"527b95444353775c66000069","flip":0,"rot":0,"z":11,"y":9,"x":24,"pageNo":0},{"_id":"54b7e7b87bf81e6a24ba6cc0","itemId":"54b6a9d6853b8fbe3ecfac9d","flip":0,"rot":0,"z":12,"y":11,"x":7,"pageNo":0},{"_id":"54b7e7b87bf81e6a24ba6cc1","itemId":"527b95ebb434563e69000070","flip":0,"rot":0,"z":13,"y":32,"x":131,"pageNo":0},{"_id":"54b7e7b87bf81e6a24ba6cc2","itemId":"527b96372876450e63000071","flip":0,"rot":0,"z":14,"y":34,"x":115,"pageNo":0},{"_id":"54b7e7b87bf81e6a24ba6cc3","itemId":"5380d0866167af213345ea5a","flip":0,"rot":0,"z":15,"y":50,"x":2,"pageNo":0},{"_id":"54b7e7b87bf81e6a24ba6cc4","itemId":"527b9589934eaa5d61000053","flip":0,"rot":0,"z":16,"y":47,"x":45,"pageNo":0},{"_id":"54b7e7b87bf81e6a24ba6cc5","itemId":"527b95af1326f6c07100005a","flip":0,"rot":0,"z":17,"y":49,"x":26,"pageNo":0},{"_id":"54b7e7b87bf81e6a24ba6cc6","itemId":"528036b6507d2b311d0001be","flip":0,"rot":0,"z":18,"y":46,"x":60,"pageNo":0},{"_id":"54b7e7b87bf81e6a24ba6cc7","itemId":"5477d42b8f46e09f1e8a4f9a","flip":0,"rot":0,"z":19,"y":47,"x":76,"pageNo":0}]}