{"isCreator":false,"contents":[{"_id":"54b67e8405b2dcd917cd5c8d","itemId":"54b3195e17c79a944a62286d","flip":0,"rot":0,"z":0,"y":113,"x":1,"pageNo":0},{"_id":"54b67e8405b2dcd917cd5c8e","itemId":"54a7bdec77f255ff7bdeab8f","flip":0,"rot":0,"z":1,"y":115,"x":19,"pageNo":0},{"_id":"54b67e8405b2dcd917cd5c8f","itemId":"54a7bef0c7f8e69035b9935b","flip":0,"rot":0,"z":2,"y":112,"x":42,"pageNo":0},{"_id":"54b67e8405b2dcd917cd5c90","itemId":"54a7bef79c60d97d115935ae","flip":0,"rot":0,"z":3,"y":116,"x":61,"pageNo":0},{"_id":"54b67e8405b2dcd917cd5c91","itemId":"54a7bf00123f16dc23ee5f93","flip":0,"rot":0,"z":4,"y":114,"x":78,"pageNo":0},{"_id":"54b67e8405b2dcd917cd5c92","itemId":"54a7be5d123f16dc23ee5f8a","flip":0,"rot":3,"z":5,"y":114,"x":114,"pageNo":0},{"_id":"54b67e8405b2dcd917cd5c93","itemId":"54a7bdf352a54e017cda2d60","flip":0,"rot":0,"z":6,"y":115,"x":96,"pageNo":0},{"_id":"54b67e8405b2dcd917cd5c94","itemId":"54a7bdde9c60d97d1159359d","flip":0,"rot":0,"z":7,"y":97,"x":129,"pageNo":0},{"_id":"54b67e8405b2dcd917cd5c95","itemId":"54a7be20efd5beda23b2d1b4","flip":0,"rot":1,"z":8,"y":57,"x":114,"pageNo":0},{"_id":"54b67e8405b2dcd917cd5c96","itemId":"54b3195e17c79a944a62286d","flip":0,"rot":3,"z":9,"y":96,"x":115,"pageNo":0},{"_id":"54b67e8405b2dcd917cd5c97","itemId":"54b3195e17c79a944a62286d","flip":0,"rot":3,"z":10,"y":78,"x":115,"pageNo":0},{"_id":"54b67e8405b2dcd917cd5c98","itemId":"54a7bda777f255ff7bdeab8e","flip":0,"rot":1,"z":11,"y":77,"x":133,"pageNo":0},{"_id":"54b67e8405b2dcd917cd5c99","itemId":"54a7cddf9c60d97d115935e6","flip":0,"rot":0,"z":12,"y":57,"x":95,"pageNo":0},{"_id":"54b67e8405b2dcd917cd5c9a","itemId":"54a7cdda28ffe7fb7b691da4","flip":0,"rot":0,"z":13,"y":76,"x":95,"pageNo":0},{"_id":"54b67e8405b2dcd917cd5c9b","itemId":"54a7ce5d9c60d97d115935e8","flip":0,"rot":0,"z":14,"y":95,"x":96,"pageNo":0},{"_id":"54b67e8405b2dcd917cd5c9c","itemId":"54a7ea9b77f255ff7bdeac2f","flip":0,"rot":0,"z":15,"y":59,"x":78,"pageNo":0},{"_id":"54b67e8405b2dcd917cd5c9d","itemId":"54a7ea71123f16dc23ee5ff5","flip":0,"rot":0,"z":16,"y":55,"x":58,"pageNo":0},{"_id":"54b67e8405b2dcd917cd5c9e","itemId":"54a80eb1d2276b7f1187684d","flip":0,"rot":0,"z":17,"y":38,"x":39,"pageNo":0},{"_id":"54b67e8405b2dcd917cd5c9f","itemId":"54a80eb1d2276b7f1187684d","flip":0,"rot":0,"z":18,"y":19,"x":39,"pageNo":0},{"_id":"54b67e8405b2dcd917cd5ca0","itemId":"54a80eb1d2276b7f1187684d","flip":0,"rot":0,"z":19,"y":0,"x":38,"pageNo":0},{"_id":"54b67e8405b2dcd917cd5ca1","itemId":"54a80eb1d2276b7f1187684d","flip":0,"rot":0,"z":20,"y":76,"x":38,"pageNo":0},{"_id":"54b67e8405b2dcd917cd5ca2","itemId":"54a81154efd5beda23b2d2e7","flip":0,"rot":0,"z":21,"y":57,"x":39,"pageNo":0},{"_id":"54b67e8405b2dcd917cd5ca3","itemId":"54a80f53c7f8e69035b99463","flip":0,"rot":0,"z":22,"y":96,"x":40,"pageNo":0},{"_id":"54b67e8405b2dcd917cd5ca4","itemId":"54a7eabb77f255ff7bdeac30","flip":0,"rot":0,"z":23,"y":58,"x":-1,"pageNo":0},{"_id":"54b67e8405b2dcd917cd5ca5","itemId":"54a7ea71123f16dc23ee5ff5","flip":0,"rot":0,"z":24,"y":57,"x":19,"pageNo":0},{"_id":"54b67eeb05b2dcd917cd5ca6","itemId":"54a94b2576464afb015e65c2","flip":0,"rot":0,"z":0,"y":105,"x":19,"pageNo":1},{"_id":"54b67eeb05b2dcd917cd5ca7","itemId":"54a94905a3a7606616c99203","flip":0,"rot":0,"z":1,"y":105,"x":105,"pageNo":1},{"_id":"54b67eeb05b2dcd917cd5ca8","itemId":"54a94931df57a46816cc742d","flip":0,"rot":0,"z":2,"y":19,"x":19,"pageNo":1},{"_id":"54b67eeb05b2dcd917cd5ca9","itemId":"54a94931df57a46816cc742d","flip":0,"rot":0,"z":3,"y":19,"x":105,"pageNo":1},{"_id":"54b67eeb05b2dcd917cd5caa","itemId":"54aef8461d8559fc0d6f9288","flip":0,"rot":0,"z":4,"y":101,"x":67,"pageNo":1},{"_id":"54b67eeb05b2dcd917cd5cab","itemId":"54aef8bf49d85a020ee80f5e","flip":0,"rot":0,"z":5,"y":57,"x":38,"pageNo":1},{"_id":"54b67eeb05b2dcd917cd5cac","itemId":"54aef9b96094fa5d4805982f","flip":0,"rot":0,"z":6,"y":67,"x":86,"pageNo":1},{"_id":"54b67eeb05b2dcd917cd5cad","itemId":"54a9495afe0a762727074cf9","flip":0,"rot":0,"z":7,"y":19,"x":67,"pageNo":1},{"_id":"54b67f5871771fdd17da7f98","itemId":"54aef81649d85a020ee80f5c","flip":0,"rot":0,"z":0,"y":94,"x":3,"pageNo":3},{"_id":"54b67f5871771fdd17da7f99","itemId":"54aef66f58d97dea59c588de","flip":0,"rot":0,"z":1,"y":93,"x":20,"pageNo":3},{"_id":"54b67f5871771fdd17da7f9a","itemId":"54aef7ff5a0384fd2ff4a785","flip":0,"rot":0,"z":2,"y":96,"x":39,"pageNo":3},{"_id":"54b67f5871771fdd17da7f9b","itemId":"54aef7f158d97dea59c588ea","flip":0,"rot":0,"z":3,"y":94,"x":59,"pageNo":3},{"_id":"54b67f5871771fdd17da7f9c","itemId":"54aef7c90fed03ff2ff82a8f","flip":0,"rot":0,"z":4,"y":94,"x":78,"pageNo":3},{"_id":"54b67f5871771fdd17da7f9d","itemId":"54aef72d1d97a4ec596ab6b4","flip":0,"rot":0,"z":5,"y":94,"x":96,"pageNo":3},{"_id":"54b67f5871771fdd17da7f9e","itemId":"54aef6f3f98a806148f34cf1","flip":0,"rot":0,"z":6,"y":93,"x":116,"pageNo":3},{"_id":"54b67f5871771fdd17da7f9f","itemId":"54aef6bbf98a806148f34cef","flip":0,"rot":0,"z":7,"y":93,"x":136,"pageNo":3},{"_id":"54b67f5871771fdd17da7fa0","itemId":"54aef5d65a0384fd2ff4a76f","flip":0,"rot":0,"z":8,"y":112,"x":18,"pageNo":3},{"_id":"54b67f5871771fdd17da7fa1","itemId":"54aef56d80203eee5962dfa5","flip":0,"rot":0,"z":9,"y":114,"x":115,"pageNo":3},{"_id":"54b67f5871771fdd17da7fa2","itemId":"54b28ef0a2b7eec53ba1006e","flip":0,"rot":0,"z":10,"y":86,"x":17,"pageNo":3},{"_id":"54b67f5871771fdd17da7fa3","itemId":"54b28f3843ce7c5646c25c19","flip":0,"rot":0,"z":11,"y":68,"x":114,"pageNo":3},{"_id":"54b67f5871771fdd17da7fa4","itemId":"54b28f3843ce7c5646c25c19","flip":0,"rot":0,"z":12,"y":48,"x":21,"pageNo":3},{"_id":"54b67f5871771fdd17da7fa5","itemId":"54b28f784c25170e6a03789c","flip":0,"rot":0,"z":13,"y":46,"x":115,"pageNo":3},{"_id":"54b67f5871771fdd17da7fa6","itemId":"54b2924cb7ec770c6a4f0c28","flip":0,"rot":0,"z":14,"y":65,"x":18,"pageNo":3},{"_id":"54b67f5871771fdd17da7fa7","itemId":"54b2920a0eae9dc73bea708e","flip":0,"rot":0,"z":15,"y":84,"x":115,"pageNo":3},{"_id":"54b67f5871771fdd17da7fa8","itemId":"54b292f3a3e62858467c3308","flip":0,"rot":0,"z":16,"y":27,"x":17,"pageNo":3},{"_id":"54b67f5871771fdd17da7fa9","itemId":"54b295e04c25170e6a037969","flip":0,"rot":0,"z":17,"y":30,"x":112,"pageNo":3},{"_id":"54b67f5871771fdd17da7faa","itemId":"54b2941bb7ec770c6a4f0c87","flip":0,"rot":0,"z":18,"y":28,"x":96,"pageNo":3},{"_id":"54b67f5871771fdd17da7fab","itemId":"54b294ac43ce7c5646c25d23","flip":0,"rot":0,"z":19,"y":29,"x":57,"pageNo":3},{"_id":"54b67f5871771fdd17da7fac","itemId":"54b29358a3e62858467c330b","flip":0,"rot":0,"z":20,"y":28,"x":76,"pageNo":3},{"_id":"54b67f5871771fdd17da7fad","itemId":"54b29358a3e62858467c330b","flip":0,"rot":0,"z":21,"y":27,"x":38,"pageNo":3},{"_id":"54b67f5871771fdd17da7fae","itemId":"54b2d934a2b7eec53ba102bd","flip":0,"rot":0,"z":22,"y":82,"x":3,"pageNo":3},{"_id":"54b67f5871771fdd17da7faf","itemId":"54b2d96513fdb55446ed7e04","flip":0,"rot":0,"z":23,"y":85,"x":130,"pageNo":3},{"_id":"54b67f5871771fdd17da7fb0","itemId":"54b2d8fca2b7eec53ba102bc","flip":0,"rot":0,"z":24,"y":66,"x":130,"pageNo":3},{"_id":"54b67f5871771fdd17da7fb1","itemId":"54b2d6396d108ec93b6c8693","flip":0,"rot":0,"z":25,"y":64,"x":1,"pageNo":3},{"_id":"54b67f5871771fdd17da7fb2","itemId":"54b2d5f542e6e195104ba16e","flip":0,"rot":0,"z":26,"y":44,"x":131,"pageNo":3},{"_id":"54b67f5871771fdd17da7fb3","itemId":"54b2d5bfee41b69b10c8f0d7","flip":0,"rot":0,"z":27,"y":45,"x":0,"pageNo":3},{"_id":"54b67f5871771fdd17da7fb4","itemId":"54b2d561a3e62858467c35b6","flip":0,"rot":0,"z":28,"y":27,"x":0,"pageNo":3},{"_id":"54b67f5871771fdd17da7fb5","itemId":"54b2d1cd8c3e4f0b6ad38303","flip":0,"rot":0,"z":29,"y":25,"x":131,"pageNo":3},{"_id":"54b67f67b9b61cae3852d72b","itemId":"54ae2b951d97a4ec596ab46c","flip":0,"rot":0,"z":0,"y":114,"x":67,"pageNo":2},{"_id":"54b67f67b9b61cae3852d72c","itemId":"54aee6fef98a806148f34c8f","flip":0,"rot":0,"z":1,"y":23,"x":68,"pageNo":2},{"_id":"54b67f67b9b61cae3852d72d","itemId":"54aee40ef15b36000eba2bdc","flip":0,"rot":0,"z":2,"y":95,"x":69,"pageNo":2},{"_id":"54b67f67b9b61cae3852d72e","itemId":"54aee3bcf98a806148f34c73","flip":0,"rot":0,"z":3,"y":77,"x":68,"pageNo":2},{"_id":"54b67f67b9b61cae3852d72f","itemId":"54aee01949d85a020ee80e6e","flip":0,"rot":0,"z":4,"y":55,"x":63,"pageNo":2},{"_id":"54b67f67b9b61cae3852d730","itemId":"54aedf6c1d97a4ec596ab624","flip":0,"rot":0,"z":5,"y":36,"x":68,"pageNo":2},{"_id":"54b67f67b9b61cae3852d731","itemId":"54aedf4d6094fa5d48059783","flip":0,"rot":0,"z":6,"y":111,"x":87,"pageNo":2},{"_id":"54b67f67b9b61cae3852d732","itemId":"54aedf0b1d97a4ec596ab61e","flip":0,"rot":0,"z":7,"y":111,"x":48,"pageNo":2},{"_id":"54b67f67b9b61cae3852d733","itemId":"54aedebc8a052afe0d15c865","flip":0,"rot":0,"z":8,"y":95,"x":86,"pageNo":2},{"_id":"54b67f67b9b61cae3852d734","itemId":"54af05a60fed03ff2ff82acd","flip":0,"rot":0,"z":9,"y":92,"x":49,"pageNo":2},{"_id":"54b67f67b9b61cae3852d735","itemId":"54af04e3f98a806148f34d49","flip":0,"rot":0,"z":10,"y":0,"x":69,"pageNo":2}]}