{"isCreator":false,"contents":[{"_id":"553bef10779ee53114414855","itemId":"54cb1e600537b4fb135d4c34","flip":0,"rot":0,"z":0,"y":42,"x":72,"pageNo":2},{"_id":"5779ea778db9411b13d9cc12","itemId":"54c8876b405aab8a18a5bc24","flip":0,"rot":0,"z":0,"y":66,"x":26,"pageNo":0},{"_id":"5779ea778db9411b13d9cc13","itemId":"54c8877043c21d8e187fd768","flip":0,"rot":0,"z":1,"y":67,"x":10,"pageNo":0},{"_id":"5779ea778db9411b13d9cc14","itemId":"54c887d543c21d8e187fd76a","flip":0,"rot":0,"z":2,"y":69,"x":108,"pageNo":0},{"_id":"5779ea778db9411b13d9cc15","itemId":"54c887dc9ec3817d010f654d","flip":0,"rot":0,"z":3,"y":65,"x":126,"pageNo":0},{"_id":"5779ea778db9411b13d9cc16","itemId":"54c887e6fb3a58496257dcab","flip":0,"rot":0,"z":4,"y":105,"x":66,"pageNo":0},{"_id":"5779ea778db9411b13d9cc17","itemId":"54c887eb6b14fdf8047932dc","flip":0,"rot":0,"z":5,"y":124,"x":67,"pageNo":0},{"_id":"5779ea778db9411b13d9cc18","itemId":"54c889eac21723fa042c2690","flip":0,"rot":0,"z":6,"y":33,"x":104,"pageNo":0},{"_id":"5779ea778db9411b13d9cc19","itemId":"54c88ac1c21723fa042c2693","flip":0,"rot":0,"z":7,"y":105,"x":29,"pageNo":0},{"_id":"5779ea778db9411b13d9cc1a","itemId":"54c88ac5fb3a58496257dcb9","flip":0,"rot":0,"z":8,"y":123,"x":10,"pageNo":0},{"_id":"5779ea778db9411b13d9cc1b","itemId":"54c88aec43c21d8e187fd76d","flip":0,"rot":0,"z":9,"y":5,"x":7,"pageNo":0},{"_id":"5779ea778db9411b13d9cc1c","itemId":"54c88ae7fb3a58496257dcbb","flip":0,"rot":0,"z":10,"y":29,"x":26,"pageNo":0},{"_id":"5779ea778db9411b13d9cc1d","itemId":"54c88b1a405aab8a18a5bc29","flip":0,"rot":0,"z":11,"y":120,"x":120,"pageNo":0},{"_id":"5779ea778db9411b13d9cc1e","itemId":"54c88b154247f54d62ff08e6","flip":0,"rot":0,"z":12,"y":105,"x":105,"pageNo":0},{"_id":"5779ea778db9411b13d9cc1f","itemId":"54c88c48b58636fc0447b790","flip":0,"rot":0,"z":13,"y":50,"x":106,"pageNo":0},{"_id":"5779ea778db9411b13d9cc20","itemId":"54c88c48b58636fc0447b790","flip":0,"rot":0,"z":14,"y":49,"x":126,"pageNo":0},{"_id":"5779ea778db9411b13d9cc21","itemId":"54c88c48b58636fc0447b790","flip":0,"rot":0,"z":15,"y":29,"x":125,"pageNo":0},{"_id":"5779ea778db9411b13d9cc22","itemId":"54c88c48b58636fc0447b790","flip":0,"rot":0,"z":16,"y":9,"x":104,"pageNo":0},{"_id":"5779ea778db9411b13d9cc23","itemId":"54c88c48b58636fc0447b790","flip":0,"rot":0,"z":17,"y":87,"x":102,"pageNo":0},{"_id":"5779ea778db9411b13d9cc24","itemId":"54c88c48b58636fc0447b790","flip":0,"rot":0,"z":18,"y":88,"x":126,"pageNo":0},{"_id":"5779ea778db9411b13d9cc25","itemId":"54c88c48b58636fc0447b790","flip":0,"rot":0,"z":19,"y":103,"x":125,"pageNo":0},{"_id":"5779ea778db9411b13d9cc26","itemId":"54c88c48b58636fc0447b790","flip":0,"rot":0,"z":20,"y":105,"x":90,"pageNo":0},{"_id":"5779ea778db9411b13d9cc27","itemId":"54c88c48b58636fc0447b790","flip":0,"rot":0,"z":21,"y":126,"x":88,"pageNo":0},{"_id":"5779ea778db9411b13d9cc28","itemId":"54c88c48b58636fc0447b790","flip":0,"rot":0,"z":22,"y":125,"x":103,"pageNo":0},{"_id":"5779ea778db9411b13d9cc29","itemId":"54c88c48b58636fc0447b790","flip":0,"rot":0,"z":23,"y":127,"x":48,"pageNo":0},{"_id":"5779ea778db9411b13d9cc2a","itemId":"54c88c48b58636fc0447b790","flip":0,"rot":0,"z":24,"y":106,"x":47,"pageNo":0},{"_id":"5779ea778db9411b13d9cc2b","itemId":"54c88c48b58636fc0447b790","flip":0,"rot":0,"z":25,"y":126,"x":29,"pageNo":0},{"_id":"5779ea778db9411b13d9cc2c","itemId":"54c88c48b58636fc0447b790","flip":0,"rot":0,"z":26,"y":105,"x":10,"pageNo":0},{"_id":"5779ea778db9411b13d9cc2d","itemId":"54c88c48b58636fc0447b790","flip":0,"rot":0,"z":27,"y":87,"x":25,"pageNo":0},{"_id":"5779ea778db9411b13d9cc2e","itemId":"54c88c48b58636fc0447b790","flip":0,"rot":0,"z":28,"y":85,"x":10,"pageNo":0},{"_id":"5779ea778db9411b13d9cc2f","itemId":"54c88c48b58636fc0447b790","flip":0,"rot":0,"z":29,"y":48,"x":27,"pageNo":0},{"_id":"5779ea778db9411b13d9cc30","itemId":"54c88c48b58636fc0447b790","flip":0,"rot":0,"z":30,"y":49,"x":7,"pageNo":0},{"_id":"5779ea778db9411b13d9cc31","itemId":"54c88c48b58636fc0447b790","flip":0,"rot":0,"z":31,"y":30,"x":7,"pageNo":0},{"_id":"5779ea778db9411b13d9cc32","itemId":"54c88c48b58636fc0447b790","flip":0,"rot":0,"z":32,"y":27,"x":48,"pageNo":0},{"_id":"5779ea778db9411b13d9cc33","itemId":"54c88c48b58636fc0447b790","flip":0,"rot":0,"z":33,"y":10,"x":49,"pageNo":0},{"_id":"5779ea778db9411b13d9cc34","itemId":"54c88c48b58636fc0447b790","flip":0,"rot":0,"z":34,"y":10,"x":29,"pageNo":0},{"_id":"5779ea778db9411b13d9cc35","itemId":"54c8873919c3528101c7a9bc","flip":0,"rot":0,"z":35,"y":29,"x":69,"pageNo":0},{"_id":"5779ea778db9411b13d9cc36","itemId":"54c889ef6b14fdf804793309","flip":0,"rot":0,"z":36,"y":10,"x":124,"pageNo":0},{"_id":"5779ea778db9411b13d9cc37","itemId":"54c887e15820d6830131d4a8","flip":0,"rot":0,"z":37,"y":85,"x":68,"pageNo":0},{"_id":"5779ea778db9411b13d9cc38","itemId":"54c887679ec3817d010f654b","flip":0,"rot":0,"z":38,"y":67,"x":48,"pageNo":0},{"_id":"5779ea778db9411b13d9cc39","itemId":"54c887d1ab2ff09018b311d3","flip":0,"rot":0,"z":39,"y":68,"x":90,"pageNo":0},{"_id":"5779ea778db9411b13d9cc3a","itemId":"54c889e5ab2ff09018b311d7","flip":0,"rot":0,"z":40,"y":48,"x":86,"pageNo":0},{"_id":"5779ea778db9411b13d9cc3b","itemId":"54c88b1143c21d8e187fd788","flip":0,"rot":0,"z":41,"y":87,"x":87,"pageNo":0},{"_id":"5779ea778db9411b13d9cc3c","itemId":"54c88abcab2ff09018b311d9","flip":0,"rot":0,"z":42,"y":86,"x":48,"pageNo":0},{"_id":"5779ea778db9411b13d9cc3d","itemId":"54c88ae2fb3a58496257dcba","flip":0,"rot":0,"z":43,"y":46,"x":47,"pageNo":0},{"_id":"5779ea778db9411b13d9cc3e","itemId":"567245083c83a4f642b59e86","flip":0,"rot":0,"z":44,"y":-6,"x":92,"pageNo":0},{"_id":"5779ea778db9411b13d9cc3f","itemId":"54c88734405aab8a18a5bc23","flip":0,"rot":0,"z":45,"y":48,"x":67,"pageNo":0},{"_id":"5779ea778db9411b13d9cc40","itemId":"54c88c48b58636fc0447b790","flip":0,"rot":0,"z":46,"y":33,"x":88,"pageNo":0},{"_id":"5779ea778db9411b13d9cc41","itemId":"54c88c48b58636fc0447b790","flip":0,"rot":0,"z":47,"y":10,"x":86,"pageNo":0},{"_id":"5779ea778db9411b13d9cc42","itemId":"54c8873d6b14fdf8047932d9","flip":0,"rot":0,"z":48,"y":10,"x":67,"pageNo":0},{"_id":"60be59c193433a080db26d6d","itemId":"54c88ec4ab2ff09018b311de","flip":0,"rot":0,"z":0,"y":10,"x":57,"pageNo":1},{"_id":"60be59c193433a080db26d6e","itemId":"54cb1ed12c0a4d205f38743f","flip":0,"rot":0,"z":1,"y":125,"x":10,"pageNo":1},{"_id":"60be59c193433a080db26d6f","itemId":"54c88ef64247f54d62ff08f7","flip":0,"rot":0,"z":2,"y":47,"x":67,"pageNo":1},{"_id":"60be59c193433a080db26d70","itemId":"54c8867d19c3528101c7a9ba","flip":0,"rot":0,"z":3,"y":76,"x":19,"pageNo":1},{"_id":"60be59c193433a080db26d71","itemId":"54c885b54247f54d62ff089b","flip":0,"rot":0,"z":4,"y":76,"x":48,"pageNo":1},{"_id":"60be59c193433a080db26d72","itemId":"54c886d09ec3817d010f654a","flip":0,"rot":0,"z":5,"y":76,"x":76,"pageNo":1},{"_id":"60be59c193433a080db26d73","itemId":"54c26ed086226ff20c765b9c","flip":0,"rot":0,"z":6,"y":29,"x":67,"pageNo":1},{"_id":"60be59c193433a080db26d74","itemId":"54c8860d4247f54d62ff089e","flip":0,"rot":0,"z":7,"y":76,"x":105,"pageNo":1}]}