{"isCreator":false,"contents":[{"_id":"557885fff89f6a7b0a1ab90f","itemId":"54c2678c6f033c8c650e74e4","flip":0,"rot":0,"z":0,"y":99,"x":91,"pageNo":0},{"_id":"557885fff89f6a7b0a1ab910","itemId":"54c26737494da601519fe401","flip":0,"rot":0,"z":1,"y":95,"x":67,"pageNo":0},{"_id":"557885fff89f6a7b0a1ab911","itemId":"54c266cbed989bfd5031d776","flip":0,"rot":0,"z":2,"y":95,"x":38,"pageNo":0},{"_id":"557885fff89f6a7b0a1ab912","itemId":"54c26668118d63fb503aa758","flip":0,"rot":0,"z":3,"y":67,"x":38,"pageNo":0},{"_id":"557885fff89f6a7b0a1ab913","itemId":"54c266ade1540f8e654f8c2f","flip":0,"rot":0,"z":4,"y":70,"x":97,"pageNo":0},{"_id":"557885fff89f6a7b0a1ab914","itemId":"54c265e868bef0e10907f0e9","flip":0,"rot":0,"z":5,"y":41,"x":94,"pageNo":0},{"_id":"557885fff89f6a7b0a1ab915","itemId":"54c26864e3f676fd503d61c6","flip":0,"rot":0,"z":6,"y":67,"x":10,"pageNo":0},{"_id":"557885fff89f6a7b0a1ab916","itemId":"54c26d191abfa90351fd89f0","flip":0,"rot":0,"z":7,"y":7,"x":64,"pageNo":0},{"_id":"557885fff89f6a7b0a1ab917","itemId":"54c2669d242fe29065ed03cf","flip":0,"rot":0,"z":8,"y":67,"x":67,"pageNo":0},{"_id":"557885fff89f6a7b0a1ab918","itemId":"54c2686e26ec1001516c4fc1","flip":0,"rot":0,"z":9,"y":69,"x":127,"pageNo":0},{"_id":"557885fff89f6a7b0a1ab919","itemId":"54c26583e3f676fd503d61b6","flip":0,"rot":0,"z":10,"y":35,"x":36,"pageNo":0},{"_id":"557885fff89f6a7b0a1ab91a","itemId":"54c2beede2cdc9810fd5a130","flip":0,"rot":0,"z":11,"y":122,"x":65,"pageNo":0},{"_id":"557885fff89f6a7b0a1ab91b","itemId":"54c265bb118d63fb503aa753","flip":0,"rot":0,"z":12,"y":38,"x":67,"pageNo":0},{"_id":"557885fff89f6a7b0a1ab91c","itemId":"551ff63960ad870f08ccb699","flip":0,"rot":0,"z":13,"y":10,"x":29,"pageNo":0},{"_id":"557885fff89f6a7b0a1ab91d","itemId":"54c88ae2fb3a58496257dcba","flip":0,"rot":0,"z":14,"y":19,"x":16,"pageNo":0},{"_id":"557885fff89f6a7b0a1ab91e","itemId":"54c88b1143c21d8e187fd788","flip":0,"rot":0,"z":15,"y":114,"x":114,"pageNo":0},{"_id":"557885fff89f6a7b0a1ab91f","itemId":"54c88abcab2ff09018b311d9","flip":0,"rot":0,"z":16,"y":114,"x":19,"pageNo":0},{"_id":"557885fff89f6a7b0a1ab920","itemId":"54c889e5ab2ff09018b311d7","flip":0,"rot":0,"z":17,"y":15,"x":118,"pageNo":0}]}