{"isCreator":false,"contents":[{"_id":"553cdcae36c92dfc030c7fed","itemId":"54c378ba79c14abe531209cd","flip":0,"rot":0,"z":0,"y":0,"x":38,"pageNo":0},{"_id":"553cdcae36c92dfc030c7fee","itemId":"54c33b12fb1e600568f0c82e","flip":0,"rot":0,"z":1,"y":57,"x":9,"pageNo":0},{"_id":"553cdcae36c92dfc030c7fef","itemId":"54c378294f3abe830fbdc3a2","flip":0,"rot":0,"z":2,"y":57,"x":38,"pageNo":0},{"_id":"553cdcae36c92dfc030c7ff0","itemId":"553cdc777704792f1453bd60","flip":0,"rot":0,"z":3,"y":60,"x":63,"pageNo":0},{"_id":"553cdcae36c92dfc030c7ff1","itemId":"553cdc498ca694f603bd5cb0","flip":0,"rot":0,"z":4,"y":37,"x":38,"pageNo":0}]}