{"isCreator":false,"contents":[{"_id":"54c40a19def15a7f0f27b8d3","itemId":"54c403c40a68a69d53d88cbf","flip":0,"rot":0,"z":0,"y":7,"x":10,"pageNo":1},{"_id":"54c40a19def15a7f0f27b8d4","itemId":"54c4093979c14abe53120d17","flip":0,"rot":0,"z":1,"y":11,"x":35,"pageNo":1},{"_id":"553ced48dbdaa2d26a1d9d17","itemId":"54c5089f6773a8da38932217","flip":0,"rot":0,"z":0,"y":12,"x":9,"pageNo":2},{"_id":"553ced48dbdaa2d26a1d9d18","itemId":"54c50b838e2b388f56cd1842","flip":0,"rot":0,"z":1,"y":9,"x":38,"pageNo":2},{"_id":"553ced48dbdaa2d26a1d9d19","itemId":"54c50e30a1c2dddc38750292","flip":0,"rot":0,"z":2,"y":9,"x":67,"pageNo":2},{"_id":"553ceec636c92dfc030c805c","itemId":"54beb3d08056758b0232060a","flip":0,"rot":0,"z":0,"y":9,"x":10,"pageNo":0},{"_id":"553ceec636c92dfc030c805d","itemId":"54c3cefce2cdc9810fd5a9af","flip":0,"rot":0,"z":1,"y":9,"x":57,"pageNo":0},{"_id":"553ceec636c92dfc030c805e","itemId":"54bee1a1a170bec945fe03b5","flip":0,"rot":0,"z":2,"y":9,"x":124,"pageNo":0},{"_id":"553ceec636c92dfc030c805f","itemId":"553cedb282f70e1708236b11","flip":0,"rot":0,"z":3,"y":39,"x":9,"pageNo":0},{"_id":"553ceec636c92dfc030c8060","itemId":"553cee54e7cba3d06a402525","flip":0,"rot":0,"z":4,"y":38,"x":36,"pageNo":0},{"_id":"553ceec636c92dfc030c8061","itemId":"553ceebfdbdaa2d26a1d9d1f","flip":0,"rot":0,"z":5,"y":34,"x":123,"pageNo":0}]}