{"isCreator":false,"contents":[{"_id":"553cfc300b0e1ecc6ac2d237","itemId":"54c403eeb8fce6096873363a","flip":0,"rot":0,"z":0,"y":3,"x":35,"pageNo":0},{"_id":"553cfc300b0e1ecc6ac2d238","itemId":"54c4068be2cdc9810fd5ab78","flip":0,"rot":0,"z":1,"y":64,"x":9,"pageNo":0},{"_id":"553cfc300b0e1ecc6ac2d239","itemId":"54c405f072d5a407685e88ad","flip":0,"rot":0,"z":2,"y":66,"x":63,"pageNo":0},{"_id":"553cfc300b0e1ecc6ac2d23a","itemId":"54c405be4080f5a1534c73ec","flip":0,"rot":0,"z":3,"y":66,"x":38,"pageNo":0}]}