{"isCreator":false,"contents":[{"_id":"54c409fe0a68a69d53d88cd3","itemId":"54c40916e2cdc9810fd5ab8a","flip":0,"rot":0,"z":0,"y":71,"x":37,"pageNo":0},{"_id":"54c409fe0a68a69d53d88cd4","itemId":"54c4095379c14abe53120d19","flip":0,"rot":0,"z":1,"y":9,"x":38,"pageNo":0},{"_id":"54c409fe0a68a69d53d88cd5","itemId":"54c409ee4080f5a1534c740c","flip":0,"rot":0,"z":2,"y":67,"x":67,"pageNo":0},{"_id":"54c409fe0a68a69d53d88cd6","itemId":"54c409c6b182c9bc53d6b9b1","flip":0,"rot":0,"z":3,"y":66,"x":10,"pageNo":0}]}