{"isCreator":false,"contents":[{"_id":"553ced1be7cba3d06a40251d","itemId":"54c50b78133fe2ab5b612ebb","flip":0,"rot":0,"z":0,"y":7,"x":35,"pageNo":0},{"_id":"553ced1be7cba3d06a40251e","itemId":"553cecae7704792f1453bdc3","flip":0,"rot":0,"z":1,"y":53,"x":57,"pageNo":0},{"_id":"553ced1be7cba3d06a40251f","itemId":"54c50bcc133fe2ab5b612ebc","flip":0,"rot":0,"z":2,"y":67,"x":19,"pageNo":0},{"_id":"553ced1be7cba3d06a402520","itemId":"553ced137704792f1453bdc4","flip":0,"rot":0,"z":3,"y":39,"x":19,"pageNo":0}]}