{"isCreator":false,"contents":[{"_id":"54d74868ab2eaa7c58225197","itemId":"54d6f540ab2eaa7c58224fcc","flip":0,"rot":0,"z":0,"y":6,"x":8,"pageNo":0},{"_id":"54d74868ab2eaa7c58225198","itemId":"54d6fade8b8be16c54c41785","flip":0,"rot":0,"z":1,"y":8,"x":35,"pageNo":0},{"_id":"54d74868ab2eaa7c58225199","itemId":"54d72d6483e5329b43c2de99","flip":0,"rot":0,"z":2,"y":5,"x":119,"pageNo":0},{"_id":"54d74868ab2eaa7c5822519a","itemId":"54d72c5073b89d9d4315e874","flip":0,"rot":0,"z":3,"y":5,"x":92,"pageNo":0},{"_id":"54d74868ab2eaa7c5822519b","itemId":"54d6fc9069001acf31bd9c9f","flip":0,"rot":0,"z":4,"y":7,"x":63,"pageNo":0}]}