{"isCreator":false,"contents":[{"_id":"5602cb9759d7a0002f87fb34","itemId":"54b2969643ce7c5646c25d34","flip":0,"rot":0,"z":0,"y":0,"x":38,"pageNo":8},{"_id":"5602cb9759d7a0002f87fb35","itemId":"54b294ac43ce7c5646c25d23","flip":0,"rot":0,"z":1,"y":3,"x":19,"pageNo":8},{"_id":"5602cb9759d7a0002f87fb36","itemId":"54b2941bb7ec770c6a4f0c87","flip":0,"rot":0,"z":2,"y":1,"x":57,"pageNo":8},{"_id":"5602cb9759d7a0002f87fb37","itemId":"54b295e04c25170e6a037969","flip":0,"rot":0,"z":3,"y":0,"x":76,"pageNo":8},{"_id":"5602cb9759d7a0002f87fb38","itemId":"54b293b88c3e4f0b6ad38218","flip":0,"rot":0,"z":4,"y":-2,"x":-2,"pageNo":8},{"_id":"5602cb9759d7a0002f87fb39","itemId":"54b29358a3e62858467c330b","flip":0,"rot":0,"z":5,"y":22,"x":38,"pageNo":8},{"_id":"5602cb9759d7a0002f87fb3a","itemId":"54b292c7a2b7eec53ba1008f","flip":0,"rot":0,"z":6,"y":23,"x":61,"pageNo":8},{"_id":"5602cb9759d7a0002f87fb3b","itemId":"54b292f3a3e62858467c3308","flip":0,"rot":0,"z":7,"y":18,"x":15,"pageNo":8},{"_id":"5602cb9759d7a0002f87fb3c","itemId":"54b2926043ce7c5646c25d02","flip":0,"rot":0,"z":8,"y":39,"x":76,"pageNo":8},{"_id":"5602cb9759d7a0002f87fb3d","itemId":"54b2924cb7ec770c6a4f0c28","flip":0,"rot":0,"z":9,"y":22,"x":76,"pageNo":8},{"_id":"5602cb9759d7a0002f87fb3e","itemId":"54b2920a0eae9dc73bea708e","flip":0,"rot":0,"z":10,"y":39,"x":1,"pageNo":8},{"_id":"5602cb9759d7a0002f87fb3f","itemId":"54b28f3843ce7c5646c25c19","flip":0,"rot":0,"z":11,"y":38,"x":19,"pageNo":8},{"_id":"5602cb9759d7a0002f87fb40","itemId":"54b28ef0a2b7eec53ba1006e","flip":0,"rot":0,"z":12,"y":38,"x":57,"pageNo":8},{"_id":"5602cb9759d7a0002f87fb41","itemId":"54b28f784c25170e6a03789c","flip":0,"rot":0,"z":13,"y":16,"x":3,"pageNo":8},{"_id":"5602cb9759d7a0002f87fb42","itemId":"54aef9b96094fa5d4805982f","flip":0,"rot":0,"z":14,"y":19,"x":95,"pageNo":8},{"_id":"5602cb9759d7a0002f87fb43","itemId":"54aef81649d85a020ee80f5c","flip":0,"rot":0,"z":15,"y":130,"x":116,"pageNo":8},{"_id":"5602cb9759d7a0002f87fb44","itemId":"54aef7ff5a0384fd2ff4a785","flip":0,"rot":0,"z":16,"y":136,"x":94,"pageNo":8},{"_id":"5602cb9759d7a0002f87fb45","itemId":"54aef7f158d97dea59c588ea","flip":0,"rot":0,"z":17,"y":133,"x":76,"pageNo":8},{"_id":"5602cb9759d7a0002f87fb46","itemId":"54aef7c90fed03ff2ff82a8f","flip":0,"rot":0,"z":18,"y":133,"x":58,"pageNo":8},{"_id":"5602cb9759d7a0002f87fb47","itemId":"54aef72d1d97a4ec596ab6b4","flip":0,"rot":0,"z":19,"y":130,"x":38,"pageNo":8},{"_id":"5602cb9759d7a0002f87fb48","itemId":"54aef6f3f98a806148f34cf1","flip":0,"rot":0,"z":20,"y":133,"x":19,"pageNo":8},{"_id":"5602cb9759d7a0002f87fb49","itemId":"54aef66f58d97dea59c588de","flip":0,"rot":0,"z":21,"y":113,"x":1,"pageNo":8},{"_id":"5602cb9759d7a0002f87fb4a","itemId":"54aef5d65a0384fd2ff4a76f","flip":0,"rot":0,"z":22,"y":112,"x":21,"pageNo":8},{"_id":"5602cb9759d7a0002f87fb4b","itemId":"54aef56d80203eee5962dfa5","flip":0,"rot":0,"z":23,"y":115,"x":41,"pageNo":8},{"_id":"5602cb9759d7a0002f87fb4c","itemId":"54b3f1df381762a176916f0f","flip":0,"rot":0,"z":24,"y":38,"x":38,"pageNo":8},{"_id":"5602cb9759d7a0002f87fb4d","itemId":"54b29b196d108ec93b6c83a4","flip":0,"rot":0,"z":25,"y":38,"x":86,"pageNo":8},{"_id":"5602cb9759d7a0002f87fb4e","itemId":"54aef86b80203eee5962dfba","flip":0,"rot":0,"z":26,"y":48,"x":124,"pageNo":8},{"_id":"5602cb9759d7a0002f87fb4f","itemId":"54aef8461d8559fc0d6f9288","flip":0,"rot":0,"z":27,"y":76,"x":124,"pageNo":8},{"_id":"5602cb9759d7a0002f87fb50","itemId":"54a818c9123f16dc23ee6183","flip":0,"rot":0,"z":28,"y":105,"x":124,"pageNo":8},{"_id":"5602cb9759d7a0002f87fb51","itemId":"54a1bb677cffb216771e9a33","flip":0,"rot":0,"z":29,"y":95,"x":0,"pageNo":8},{"_id":"5602cb9759d7a0002f87fb52","itemId":"54a0961083bce68a28896d1e","flip":0,"rot":0,"z":30,"y":94,"x":55,"pageNo":8},{"_id":"5602cb9759d7a0002f87fb53","itemId":"54a095d2e09d5d0502b9413c","flip":0,"rot":0,"z":31,"y":95,"x":21,"pageNo":8},{"_id":"5602cb9759d7a0002f87fb54","itemId":"54a095c51051ad7b05e22236","flip":0,"rot":0,"z":32,"y":95,"x":41,"pageNo":8},{"_id":"5602cb9759d7a0002f87fb55","itemId":"54a094ef83bce68a28896d17","flip":0,"rot":0,"z":33,"y":113,"x":60,"pageNo":8},{"_id":"5602cb9759d7a0002f87fb56","itemId":"54a9495afe0a762727074cf9","flip":0,"rot":0,"z":34,"y":67,"x":38,"pageNo":8},{"_id":"5602cb9759d7a0002f87fb57","itemId":"54a94905a3a7606616c99203","flip":0,"rot":0,"z":35,"y":76,"x":86,"pageNo":8},{"_id":"5602cb9759d7a0002f87fb58","itemId":"54a94931df57a46816cc742d","flip":0,"rot":0,"z":36,"y":114,"x":86,"pageNo":8},{"_id":"5602cb9759d7a0002f87fb59","itemId":"54a94b2576464afb015e65c2","flip":0,"rot":0,"z":37,"y":76,"x":19,"pageNo":8},{"_id":"5602cb9759d7a0002f87fb5a","itemId":"54aef8bf49d85a020ee80f5e","flip":0,"rot":0,"z":38,"y":10,"x":124,"pageNo":8},{"_id":"5603b27393e9964f126ba3ed","itemId":"534060f12e8837e75a0001e6","flip":0,"rot":0,"z":0,"y":19,"x":86,"pageNo":9},{"_id":"5603b27393e9964f126ba3ee","itemId":"533848a88bc4312f3200054f","flip":0,"rot":0,"z":1,"y":18,"x":122,"pageNo":9},{"_id":"5603b27393e9964f126ba3ef","itemId":"5325f36b77a69b4f370000b7","flip":0,"rot":0,"z":2,"y":57,"x":124,"pageNo":9},{"_id":"5603b27393e9964f126ba3f0","itemId":"5325f01577a69b4f370000ae","flip":0,"rot":0,"z":3,"y":53,"x":90,"pageNo":9},{"_id":"5603b27393e9964f126ba3f1","itemId":"53066b7e3a30030b0d000306","flip":0,"rot":0,"z":4,"y":38,"x":0,"pageNo":9},{"_id":"5603b27393e9964f126ba3f2","itemId":"530669dd3a30030b0d0002ff","flip":0,"rot":0,"z":5,"y":38,"x":23,"pageNo":9},{"_id":"5603b27393e9964f126ba3f3","itemId":"5300e64ae84d33924a000076","flip":0,"rot":0,"z":6,"y":36,"x":39,"pageNo":9},{"_id":"5603b27393e9964f126ba3f4","itemId":"5300e50ae84d33924a000074","flip":0,"rot":0,"z":7,"y":40,"x":56,"pageNo":9},{"_id":"5603b27393e9964f126ba3f5","itemId":"52e9e829d97493563300011b","flip":0,"rot":0,"z":8,"y":133,"x":114,"pageNo":9},{"_id":"5603b27393e9964f126ba3f6","itemId":"52e9eac3040d8cc12e000129","flip":0,"rot":0,"z":9,"y":114,"x":114,"pageNo":9},{"_id":"5603b27393e9964f126ba3f7","itemId":"52e9ee05d974935633000128","flip":0,"rot":0,"z":10,"y":95,"x":114,"pageNo":9},{"_id":"5603b27393e9964f126ba3f8","itemId":"52e9eef4ae309c615900011e","flip":0,"rot":0,"z":11,"y":76,"x":114,"pageNo":9},{"_id":"5603b27393e9964f126ba3f9","itemId":"52e9ef14ae309c615900011f","flip":0,"rot":0,"z":12,"y":76,"x":95,"pageNo":9},{"_id":"5603b27393e9964f126ba3fa","itemId":"52e9eddeae309c6159000117","flip":0,"rot":0,"z":13,"y":95,"x":95,"pageNo":9},{"_id":"5603b27393e9964f126ba3fb","itemId":"52e9eadfb28ec4366400013c","flip":0,"rot":0,"z":14,"y":114,"x":95,"pageNo":9},{"_id":"5603b27393e9964f126ba3fc","itemId":"52e9e7b3040d8cc12e000128","flip":0,"rot":0,"z":15,"y":133,"x":95,"pageNo":9},{"_id":"5603b27393e9964f126ba3fd","itemId":"52e0bcd19291e64c700000e8","flip":0,"rot":0,"z":16,"y":57,"x":0,"pageNo":9},{"_id":"5603b27393e9964f126ba3fe","itemId":"52e0b9dedb4b0899090000e7","flip":0,"rot":0,"z":17,"y":76,"x":0,"pageNo":9},{"_id":"5603b27393e9964f126ba3ff","itemId":"52e0b923db4b0899090000e6","flip":0,"rot":0,"z":18,"y":95,"x":0,"pageNo":9},{"_id":"5603b27393e9964f126ba400","itemId":"52e0b8481fda5d200d0000dd","flip":0,"rot":0,"z":19,"y":114,"x":0,"pageNo":9},{"_id":"5603b27393e9964f126ba401","itemId":"52e0babf9291e64c700000e5","flip":0,"rot":0,"z":20,"y":95,"x":19,"pageNo":9},{"_id":"5603b27393e9964f126ba402","itemId":"52dc843b1ee11e0b2c00031a","flip":0,"rot":0,"z":21,"y":114,"x":38,"pageNo":9},{"_id":"5603b27393e9964f126ba403","itemId":"52dc8283c701812e29000366","flip":0,"rot":0,"z":22,"y":95,"x":38,"pageNo":9},{"_id":"5603b27393e9964f126ba404","itemId":"52dc84f2c701812e29000370","flip":0,"rot":0,"z":23,"y":114,"x":19,"pageNo":9},{"_id":"5603b27393e9964f126ba405","itemId":"52dc83a9c701812e29000368","flip":0,"rot":0,"z":24,"y":133,"x":38,"pageNo":9},{"_id":"5603b27393e9964f126ba406","itemId":"52dc73111ee11e0b2c0002f6","flip":0,"rot":0,"z":25,"y":96,"x":59,"pageNo":9},{"_id":"5603b27393e9964f126ba407","itemId":"52dc245f1ee11e0b2c000270","flip":0,"rot":0,"z":26,"y":117,"x":58,"pageNo":9},{"_id":"5603b27393e9964f126ba408","itemId":"52dc73111ee11e0b2c0002f6","flip":0,"rot":0,"z":27,"y":135,"x":55,"pageNo":9},{"_id":"5603b27393e9964f126ba409","itemId":"538374c0a64302d3012beb9f","flip":0,"rot":0,"z":28,"y":19,"x":10,"pageNo":9},{"_id":"5603b27393e9964f126ba40a","itemId":"5383738f709a076801c36727","flip":0,"rot":0,"z":29,"y":19,"x":48,"pageNo":9},{"_id":"564b4ead457536ef4785f55f","itemId":"548dd2cdffd5f3c665924e5a","flip":0,"rot":0,"z":0,"y":0,"x":10,"pageNo":7},{"_id":"564b4ead457536ef4785f560","itemId":"5471ff2fd06014000fa50387","flip":0,"rot":0,"z":1,"y":4,"x":129,"pageNo":7},{"_id":"564b4ead457536ef4785f561","itemId":"548dd1f61c55d272317f38c2","flip":0,"rot":0,"z":2,"y":0,"x":57,"pageNo":7},{"_id":"564b4ead457536ef4785f562","itemId":"546cec8debb70ca874d16994","flip":0,"rot":0,"z":3,"y":1,"x":114,"pageNo":7},{"_id":"564b4ead457536ef4785f563","itemId":"5468b66d052b5ab659ba6238","flip":0,"rot":0,"z":4,"y":19,"x":0,"pageNo":7},{"_id":"564b4ead457536ef4785f564","itemId":"5468ade926eb999c5822a4c8","flip":0,"rot":0,"z":5,"y":19,"x":19,"pageNo":7},{"_id":"564b4ead457536ef4785f565","itemId":"5468ac54052b5ab659ba6228","flip":0,"rot":0,"z":6,"y":19,"x":38,"pageNo":7},{"_id":"564b4ead457536ef4785f566","itemId":"545fe83fd9fb29c8563263a4","flip":0,"rot":0,"z":7,"y":19,"x":76,"pageNo":7},{"_id":"564b4ead457536ef4785f567","itemId":"545fc631d9fb29c856326345","flip":0,"rot":0,"z":8,"y":19,"x":57,"pageNo":7},{"_id":"564b4ead457536ef4785f568","itemId":"545fdbd37951ead5455a7da0","flip":0,"rot":1,"z":9,"y":19,"x":95,"pageNo":7},{"_id":"564b4ead457536ef4785f569","itemId":"545fdfb87a8c25cc564a17df","flip":0,"rot":0,"z":10,"y":19,"x":133,"pageNo":7},{"_id":"564b4ead457536ef4785f56a","itemId":"545fdf107ad4e26445f6cca9","flip":0,"rot":0,"z":11,"y":19,"x":114,"pageNo":7},{"_id":"564b4ead457536ef4785f56b","itemId":"53f54d805a808bf84ff01170","flip":0,"rot":0,"z":12,"y":133,"x":105,"pageNo":7},{"_id":"564b4ead457536ef4785f56c","itemId":"53ee1fc468d506fa3895a307","flip":0,"rot":0,"z":13,"y":114,"x":1,"pageNo":7},{"_id":"564b4ead457536ef4785f56d","itemId":"53ee21e74c003f122bf38d37","flip":0,"rot":0,"z":14,"y":95,"x":0,"pageNo":7},{"_id":"564b4ead457536ef4785f56e","itemId":"53f40af44b7f11943a9eb4c6","flip":0,"rot":0,"z":15,"y":133,"x":19,"pageNo":7},{"_id":"564b4ead457536ef4785f56f","itemId":"53ebe0ccd31b8354235a2db7","flip":0,"rot":0,"z":16,"y":134,"x":71,"pageNo":7},{"_id":"564b4ead457536ef4785f570","itemId":"53ed54319d9011b92acad72a","flip":0,"rot":0,"z":17,"y":134,"x":41,"pageNo":7},{"_id":"564b4ead457536ef4785f571","itemId":"53ebad0b7c551dbc201968db","flip":0,"rot":0,"z":18,"y":113,"x":21,"pageNo":7},{"_id":"564b4ead457536ef4785f572","itemId":"53e804e9259889f74b002c22","flip":0,"rot":0,"z":19,"y":114,"x":48,"pageNo":7},{"_id":"564b4ead457536ef4785f573","itemId":"53e72761dee1eefb0f1d0f54","flip":0,"rot":0,"z":20,"y":114,"x":133,"pageNo":7},{"_id":"564b4ead457536ef4785f574","itemId":"53f54ba39f37b79f4c0de953","flip":0,"rot":0,"z":21,"y":105,"x":76,"pageNo":7},{"_id":"564b4ead457536ef4785f575","itemId":"53f549185a808bf84ff01169","flip":0,"rot":0,"z":22,"y":105,"x":124,"pageNo":7},{"_id":"564b4ead457536ef4785f576","itemId":"53e803e0228c960c4565a4de","flip":0,"rot":0,"z":23,"y":95,"x":19,"pageNo":7},{"_id":"564b4ead457536ef4785f577","itemId":"55139d2c1efb5f900f88e7ff","flip":0,"rot":0,"z":24,"y":57,"x":38,"pageNo":7},{"_id":"564b4ead457536ef4785f578","itemId":"52114912e06f57e47a000081","flip":0,"rot":0,"z":25,"y":39,"x":76,"pageNo":7},{"_id":"564b4ead457536ef4785f579","itemId":"548dd1c7db29eabd1335ffb1","flip":0,"rot":0,"z":26,"y":0,"x":95,"pageNo":7},{"_id":"564b4ead457536ef4785f57a","itemId":"53f549f56a068719044412b9","flip":0,"rot":0,"z":27,"y":105,"x":105,"pageNo":7},{"_id":"564b4ead457536ef4785f57b","itemId":"54689ec126eb999c5822a4ae","flip":0,"rot":0,"z":28,"y":57,"x":0,"pageNo":7},{"_id":"564b4ead457536ef4785f57c","itemId":"54689ece7e7c289858414006","flip":0,"rot":0,"z":29,"y":76,"x":0,"pageNo":7},{"_id":"564b4ead457536ef4785f57d","itemId":"546898a2452d38ff5ca11df9","flip":0,"rot":0,"z":30,"y":38,"x":0,"pageNo":7},{"_id":"56aee799a18c30700f5399fc","itemId":"5386b128709a076801c36a80","flip":0,"rot":0,"z":0,"y":4,"x":-2,"pageNo":2},{"_id":"56aee799a18c30700f5399fd","itemId":"53869130a64302d3012beebe","flip":0,"rot":0,"z":1,"y":3,"x":17,"pageNo":2},{"_id":"56aee799a18c30700f5399fe","itemId":"5386943ca64302d3012beec3","flip":0,"rot":0,"z":2,"y":0,"x":41,"pageNo":2},{"_id":"56aee799a18c30700f5399ff","itemId":"537ffbf56167af213345e98b","flip":0,"rot":0,"z":3,"y":2,"x":56,"pageNo":2},{"_id":"56aee799a18c30700f539a00","itemId":"53800233a64302d3012be7e7","flip":0,"rot":0,"z":4,"y":3,"x":75,"pageNo":2},{"_id":"56aee799a18c30700f539a01","itemId":"537ffbf56167af213345e98b","flip":0,"rot":0,"z":5,"y":20,"x":0,"pageNo":2},{"_id":"56aee799a18c30700f539a02","itemId":"537ffbcca64302d3012be7e0","flip":0,"rot":0,"z":6,"y":19,"x":19,"pageNo":2},{"_id":"56aee799a18c30700f539a03","itemId":"537b9978a64302d3012be298","flip":0,"rot":0,"z":7,"y":38,"x":0,"pageNo":2},{"_id":"56aee799a18c30700f539a04","itemId":"537b9917639f690602388e93","flip":0,"rot":0,"z":8,"y":38,"x":19,"pageNo":2},{"_id":"56aee799a18c30700f539a05","itemId":"537b819d639f690602388e84","flip":0,"rot":0,"z":9,"y":18,"x":42,"pageNo":2},{"_id":"56aee799a18c30700f539a06","itemId":"53797d4c709a076801c35bd6","flip":0,"rot":0,"z":10,"y":20,"x":59,"pageNo":2},{"_id":"56aee799a18c30700f539a07","itemId":"554c657d3c29d7561c1b8418","flip":0,"rot":0,"z":11,"y":38,"x":133,"pageNo":2},{"_id":"56aee799a18c30700f539a08","itemId":"554c657d3c29d7561c1b8418","flip":0,"rot":0,"z":12,"y":38,"x":114,"pageNo":2},{"_id":"56aee799a18c30700f539a09","itemId":"554c657d3c29d7561c1b8418","flip":0,"rot":0,"z":13,"y":38,"x":95,"pageNo":2},{"_id":"56aee799a18c30700f539a0a","itemId":"528c2fe7600ceb5f20000038","flip":0,"rot":0,"z":14,"y":38,"x":133,"pageNo":2},{"_id":"56aee799a18c30700f539a0b","itemId":"528d4d4da753c6203700002c","flip":0,"rot":0,"z":15,"y":38,"x":114,"pageNo":2},{"_id":"56aee799a18c30700f539a0c","itemId":"528c2f4c600ceb5f20000037","flip":0,"rot":0,"z":16,"y":38,"x":95,"pageNo":2},{"_id":"56aee799a18c30700f539a0d","itemId":"554c657d3c29d7561c1b8418","flip":0,"rot":0,"z":17,"y":23,"x":77,"pageNo":2},{"_id":"56aee799a18c30700f539a0e","itemId":"554c657d3c29d7561c1b8418","flip":0,"rot":0,"z":18,"y":39,"x":76,"pageNo":2},{"_id":"56aee799a18c30700f539a0f","itemId":"528c3027133323db32000031","flip":0,"rot":0,"z":19,"y":38,"x":76,"pageNo":2},{"_id":"56aee799a18c30700f539a10","itemId":"528d3c8ea290ed3918000024","flip":0,"rot":0,"z":20,"y":19,"x":76,"pageNo":2},{"_id":"56aee799a18c30700f539a11","itemId":"528d13d0b94d60704c000018","flip":0,"rot":0,"z":21,"y":0,"x":133,"pageNo":2},{"_id":"56aee799a18c30700f539a12","itemId":"53742ffa5e627c303c16bda0","flip":0,"rot":0,"z":22,"y":57,"x":57,"pageNo":2},{"_id":"56aee799a18c30700f539a13","itemId":"5374303674a90a1b3c2efad3","flip":0,"rot":0,"z":23,"y":57,"x":0,"pageNo":2},{"_id":"56aee799a18c30700f539a14","itemId":"5355f31433d5a59e7f000b25","flip":0,"rot":0,"z":24,"y":57,"x":114,"pageNo":2},{"_id":"56aee799a18c30700f539a15","itemId":"5355f2c633d5a59e7f000b24","flip":0,"rot":0,"z":25,"y":57,"x":133,"pageNo":2},{"_id":"56aee799a18c30700f539a16","itemId":"54b858236f8d5ff8322e9bdd","flip":0,"rot":0,"z":26,"y":95,"x":19,"pageNo":2},{"_id":"56aee799a18c30700f539a17","itemId":"54b855b86b2e2e13278a6216","flip":0,"rot":0,"z":27,"y":95,"x":0,"pageNo":2},{"_id":"56aee799a18c30700f539a18","itemId":"54b857c8028fc9fc3221ebc7","flip":0,"rot":0,"z":28,"y":95,"x":38,"pageNo":2},{"_id":"56aee799a18c30700f539a19","itemId":"54b8578fe4cbe98b65eec822","flip":0,"rot":0,"z":29,"y":95,"x":57,"pageNo":2},{"_id":"56aee799a18c30700f539a1a","itemId":"54b85751de8f6c1127bb4d02","flip":0,"rot":0,"z":30,"y":95,"x":76,"pageNo":2},{"_id":"56aee799a18c30700f539a1b","itemId":"54b856fcde8f6c1127bb4caa","flip":0,"rot":0,"z":31,"y":95,"x":95,"pageNo":2},{"_id":"56aee799a18c30700f539a1c","itemId":"54b8567ed79907856582da99","flip":0,"rot":0,"z":32,"y":95,"x":114,"pageNo":2},{"_id":"56aee799a18c30700f539a1d","itemId":"54b8564e94ae8afe321c7bac","flip":0,"rot":0,"z":33,"y":95,"x":133,"pageNo":2},{"_id":"56aee799a18c30700f539a1e","itemId":"553099bf5db3935c5742ce2d","flip":0,"rot":0,"z":34,"y":131,"x":19,"pageNo":2},{"_id":"56aee799a18c30700f539a1f","itemId":"552de87fd8e4cf067251eaea","flip":0,"rot":0,"z":35,"y":133,"x":38,"pageNo":2},{"_id":"56aee799a18c30700f539a20","itemId":"552c62afcf3dd8fb6aa4c684","flip":0,"rot":0,"z":36,"y":132,"x":95,"pageNo":2},{"_id":"56aee799a18c30700f539a21","itemId":"552d5dab3b964a1111a47c7b","flip":0,"rot":0,"z":37,"y":134,"x":113,"pageNo":2},{"_id":"56aee799a18c30700f539a22","itemId":"5361d9389d50e9af66000432","flip":0,"rot":0,"z":38,"y":38,"x":57,"pageNo":2},{"_id":"56aee799a18c30700f539a23","itemId":"553bf2a42811d911084831de","flip":0,"rot":0,"z":39,"y":133,"x":67,"pageNo":2},{"_id":"56aee799a18c30700f539a24","itemId":"536468629d50e9af660006c9","flip":0,"rot":0,"z":40,"y":38,"x":38,"pageNo":2},{"_id":"56aee799a18c30700f539a25","itemId":"5380f7d2709a076801c36482","flip":0,"rot":0,"z":41,"y":19,"x":95,"pageNo":2},{"_id":"56aee799a18c30700f539a26","itemId":"53839ae46167af213345ed6b","flip":0,"rot":0,"z":42,"y":19,"x":131,"pageNo":2},{"_id":"56aee799a18c30700f539a27","itemId":"53742f4134196aea3ba4a74d","flip":0,"rot":0,"z":43,"y":57,"x":38,"pageNo":2},{"_id":"56aee799a18c30700f539a28","itemId":"53742fbe34196aea3ba4a750","flip":0,"rot":0,"z":44,"y":57,"x":76,"pageNo":2},{"_id":"56aee799a18c30700f539a29","itemId":"53742f8e74a90a1b3c2efad0","flip":0,"rot":0,"z":45,"y":57,"x":19,"pageNo":2},{"_id":"56b185cccbcc062213ee9a3e","itemId":"54f329d4f2ca766d3cea4303","flip":0,"rot":0,"z":0,"y":18,"x":127,"pageNo":11},{"_id":"56b185cccbcc062213ee9a3f","itemId":"54f2e1e03535e5733c89e2dc","flip":0,"rot":0,"z":1,"y":1,"x":95,"pageNo":11},{"_id":"56b185cccbcc062213ee9a40","itemId":"54f2d87a60110c8e158b6dbb","flip":0,"rot":0,"z":2,"y":80,"x":4,"pageNo":11},{"_id":"56b185cccbcc062213ee9a41","itemId":"54f2d7cd932a628c1548245f","flip":0,"rot":0,"z":3,"y":57,"x":0,"pageNo":11},{"_id":"56b185cccbcc062213ee9a42","itemId":"54f5ec1ff89bb9d83ce9ee30","flip":0,"rot":0,"z":4,"y":19,"x":10,"pageNo":11},{"_id":"56b185cccbcc062213ee9a43","itemId":"55074abcd784df091dce532f","flip":0,"rot":0,"z":5,"y":19,"x":48,"pageNo":11},{"_id":"56b185cccbcc062213ee9a44","itemId":"54f2d1e7f2ca766d3cea3d12","flip":0,"rot":0,"z":6,"y":38,"x":0,"pageNo":11},{"_id":"56b185cccbcc062213ee9a45","itemId":"54f2ddfd3535e5733c89e2d3","flip":0,"rot":0,"z":7,"y":19,"x":95,"pageNo":11},{"_id":"56b185cccbcc062213ee9a46","itemId":"54f2d576a66d086f3ce0349a","flip":0,"rot":0,"z":8,"y":0,"x":76,"pageNo":11},{"_id":"56b185cccbcc062213ee9a47","itemId":"550010229f9660892ce51d55","flip":0,"rot":0,"z":9,"y":19,"x":76,"pageNo":11},{"_id":"56b185cccbcc062213ee9a48","itemId":"52d8b2671778fbfe1900008d","flip":0,"rot":0,"z":10,"y":56,"x":80,"pageNo":11},{"_id":"56b185cccbcc062213ee9a49","itemId":"52d8add40cd69b507b000088","flip":0,"rot":0,"z":11,"y":55,"x":97,"pageNo":11},{"_id":"573caf0f0e9a511f13570afa","itemId":"536f165888c310ad0e00033f","flip":0,"rot":0,"z":0,"y":57,"x":57,"pageNo":1},{"_id":"573caf0f0e9a511f13570afb","itemId":"53b2c0f370e87c3b62438eef","flip":0,"rot":0,"z":1,"y":3,"x":122,"pageNo":1},{"_id":"573caf0f0e9a511f13570afc","itemId":"539826e2db2ed8852fcd2721","flip":0,"rot":0,"z":2,"y":36,"x":123,"pageNo":1},{"_id":"573caf0f0e9a511f13570afd","itemId":"5396b112d948e1a51b0307cc","flip":0,"rot":0,"z":3,"y":76,"x":124,"pageNo":1},{"_id":"573caf0f0e9a511f13570afe","itemId":"5401f8756ab680bc50297f50","flip":0,"rot":0,"z":4,"y":76,"x":57,"pageNo":1},{"_id":"573caf0f0e9a511f13570aff","itemId":"547345668cc1a12221ca3286","flip":0,"rot":0,"z":5,"y":76,"x":10,"pageNo":1},{"_id":"573caf0f0e9a511f13570b00","itemId":"5401f992a4681d612d66a75a","flip":0,"rot":0,"z":6,"y":76,"x":95,"pageNo":1},{"_id":"573caf0f0e9a511f13570b01","itemId":"5396ad04abfcd4a11b0af821","flip":0,"rot":0,"z":7,"y":57,"x":95,"pageNo":1},{"_id":"573caf0f0e9a511f13570b02","itemId":"527db218bc112f0d19000037","flip":0,"rot":0,"z":8,"y":133,"x":19,"pageNo":1},{"_id":"573caf0f0e9a511f13570b03","itemId":"551382e6da78b709089a326c","flip":0,"rot":0,"z":9,"y":133,"x":38,"pageNo":1},{"_id":"573caf0f0e9a511f13570b04","itemId":"52465b4f6a77480e380000ef","flip":0,"rot":0,"z":10,"y":132,"x":75,"pageNo":1},{"_id":"573caf0f0e9a511f13570b05","itemId":"54523c170ac368195973f877","flip":0,"rot":0,"z":11,"y":133,"x":114,"pageNo":1},{"_id":"573caf0f0e9a511f13570b06","itemId":"541b56bf891fcf586078920a","flip":0,"rot":0,"z":12,"y":114,"x":133,"pageNo":1},{"_id":"573caf0f0e9a511f13570b07","itemId":"554bbf9f34f2aa5a1cd5d5fe","flip":0,"rot":0,"z":13,"y":115,"x":56,"pageNo":1},{"_id":"573caf0f0e9a511f13570b08","itemId":"539566c8bcd558c80f819abd","flip":0,"rot":0,"z":14,"y":57,"x":10,"pageNo":1},{"_id":"573caf0f0e9a511f13570b09","itemId":"524649723a330d84330000e4","flip":0,"rot":0,"z":15,"y":133,"x":57,"pageNo":1},{"_id":"573caf0f0e9a511f13570b0a","itemId":"534bb3aaefb6aa7f6400000b","flip":0,"rot":0,"z":16,"y":16,"x":13,"pageNo":1},{"_id":"573caf0f0e9a511f13570b0b","itemId":"53a134172d328d574dbe8e9e","flip":0,"rot":0,"z":17,"y":19,"x":86,"pageNo":1},{"_id":"573caf0f0e9a511f13570b0c","itemId":"538ca26672bf05b96b336691","flip":0,"rot":0,"z":18,"y":19,"x":48,"pageNo":1},{"_id":"5816ace74976f4aa0f8770d7","itemId":"530958fe24d6fda667000474","flip":0,"rot":0,"z":0,"y":19,"x":124,"pageNo":5},{"_id":"5816ace74976f4aa0f8770d8","itemId":"5451f58f70c53c8b204b5b4e","flip":0,"rot":0,"z":1,"y":0,"x":38,"pageNo":5},{"_id":"5816ace74976f4aa0f8770d9","itemId":"545175c481fb66da1df96e12","flip":0,"rot":0,"z":2,"y":0,"x":19,"pageNo":5},{"_id":"5816ace74976f4aa0f8770da","itemId":"52cc7e41575cdd265b000072","flip":0,"rot":0,"z":3,"y":10,"x":0,"pageNo":5},{"_id":"5816ace74976f4aa0f8770db","itemId":"5228e6e710446db621000005","flip":0,"rot":0,"z":4,"y":19,"x":57,"pageNo":5},{"_id":"5816ace74976f4aa0f8770dc","itemId":"526bf7da2f7129b2460000e1","flip":0,"rot":0,"z":5,"y":19,"x":19,"pageNo":5},{"_id":"5816ace74976f4aa0f8770dd","itemId":"526d52afea54ce8974000192","flip":0,"rot":0,"z":6,"y":19,"x":38,"pageNo":5},{"_id":"5816ace74976f4aa0f8770de","itemId":"51fde0149456f2ec1c00000c","flip":0,"rot":0,"z":7,"y":76,"x":0,"pageNo":5},{"_id":"5816ace74976f4aa0f8770df","itemId":"52078f61aa1f689622000031","flip":0,"rot":0,"z":8,"y":95,"x":0,"pageNo":5},{"_id":"5816ace74976f4aa0f8770e0","itemId":"522aca5c6eb41bbb02000014","flip":0,"rot":0,"z":9,"y":114,"x":0,"pageNo":5},{"_id":"5816ace74976f4aa0f8770e1","itemId":"521ace82b4b9777a2200000a","flip":0,"rot":0,"z":10,"y":76,"x":19,"pageNo":5},{"_id":"5816ace74976f4aa0f8770e2","itemId":"521ace6a1879e2213c00000f","flip":0,"rot":0,"z":11,"y":95,"x":19,"pageNo":5},{"_id":"5816ace74976f4aa0f8770e3","itemId":"522d967579f374f436000029","flip":0,"rot":0,"z":12,"y":115,"x":19,"pageNo":5},{"_id":"5816ace74976f4aa0f8770e4","itemId":"522d9997d47e40d73200003b","flip":0,"rot":0,"z":13,"y":135,"x":23,"pageNo":5},{"_id":"5816ace74976f4aa0f8770e5","itemId":"520cc594100daed71b00003b","flip":0,"rot":0,"z":14,"y":57,"x":0,"pageNo":5},{"_id":"5816ace74976f4aa0f8770e6","itemId":"5454075bb0ad487d37f67214","flip":0,"rot":0,"z":15,"y":57,"x":116,"pageNo":5},{"_id":"5816ace74976f4aa0f8770e7","itemId":"545406fff650269a693ca9cf","flip":0,"rot":0,"z":16,"y":58,"x":133,"pageNo":5},{"_id":"5816ace74976f4aa0f8770e8","itemId":"5453e924691b307f37012cea","flip":0,"rot":0,"z":17,"y":76,"x":133,"pageNo":5},{"_id":"5816ace74976f4aa0f8770e9","itemId":"545290b99459caf5635f32a3","flip":0,"rot":0,"z":18,"y":130,"x":110,"pageNo":5},{"_id":"5816ace74976f4aa0f8770ea","itemId":"5451e483218314ff550fe3fd","flip":0,"rot":0,"z":19,"y":114,"x":114,"pageNo":5},{"_id":"5816ace74976f4aa0f8770eb","itemId":"545290e59459caf5635f32a5","flip":0,"rot":0,"z":20,"y":95,"x":114,"pageNo":5},{"_id":"5816ace74976f4aa0f8770ec","itemId":"545403a5feb7247b37afbc36","flip":0,"rot":0,"z":21,"y":95,"x":133,"pageNo":5},{"_id":"5816ace74976f4aa0f8770ed","itemId":"54541270e4bdfd6c01b81d96","flip":0,"rot":0,"z":22,"y":38,"x":133,"pageNo":5},{"_id":"5816ace74976f4aa0f8770ee","itemId":"5454330df650269a693ca9eb","flip":0,"rot":0,"z":23,"y":29,"x":114,"pageNo":5},{"_id":"5816ace74976f4aa0f8770ef","itemId":"544f1104561d12ff6ed4f37b","flip":0,"rot":0,"z":24,"y":48,"x":86,"pageNo":5},{"_id":"5816ace74976f4aa0f8770f0","itemId":"545031f0420c8c834dc18a28","flip":0,"rot":0,"z":25,"y":48,"x":57,"pageNo":5},{"_id":"5816ace74976f4aa0f8770f1","itemId":"544cc9aef06c47f141f4bd6f","flip":0,"rot":0,"z":26,"y":86,"x":57,"pageNo":5},{"_id":"5816ace74976f4aa0f8770f2","itemId":"5255867ce7cdafb54f000019","flip":0,"rot":0,"z":27,"y":0,"x":57,"pageNo":5},{"_id":"5816ace74976f4aa0f8770f3","itemId":"5354689f6686493e23000846","flip":0,"rot":0,"z":28,"y":114,"x":38,"pageNo":5},{"_id":"5816ace74976f4aa0f8770f4","itemId":"539bb006775cf7191d0c0d36","flip":0,"rot":0,"z":29,"y":57,"x":38,"pageNo":5},{"_id":"5816ace74976f4aa0f8770f5","itemId":"531629e3f6d3ad1351000050","flip":0,"rot":0,"z":30,"y":19,"x":86,"pageNo":5},{"_id":"5816ace74976f4aa0f8770f6","itemId":"539bafc0d825767716d6ce4c","flip":0,"rot":0,"z":31,"y":76,"x":76,"pageNo":5},{"_id":"5816ace74976f4aa0f8770f7","itemId":"5451e5833dbe6efb55e557f0","flip":0,"rot":0,"z":32,"y":95,"x":95,"pageNo":5},{"_id":"5816ace74976f4aa0f8770f8","itemId":"544e9ddb2ca88df711454276","flip":0,"rot":0,"z":33,"y":114,"x":76,"pageNo":5},{"_id":"5816ace74976f4aa0f8770f9","itemId":"544e9da2259fd0dc4810541b","flip":0,"rot":0,"z":34,"y":114,"x":57,"pageNo":5},{"_id":"5816ace74976f4aa0f8770fa","itemId":"544e9312af69faf511ea8930","flip":0,"rot":0,"z":35,"y":114,"x":95,"pageNo":5},{"_id":"5831dc14675c5db90f64b4d5","itemId":"54edf65662ef8c5921e7056f","flip":0,"rot":0,"z":0,"y":0,"x":0,"pageNo":6},{"_id":"5831dc14675c5db90f64b4d6","itemId":"554c657d3c29d7561c1b8418","flip":0,"rot":0,"z":1,"y":39,"x":96,"pageNo":6},{"_id":"5831dc14675c5db90f64b4d7","itemId":"554c657d3c29d7561c1b8418","flip":0,"rot":0,"z":2,"y":57,"x":133,"pageNo":6},{"_id":"5831dc14675c5db90f64b4d8","itemId":"554c657d3c29d7561c1b8418","flip":0,"rot":0,"z":3,"y":57,"x":114,"pageNo":6},{"_id":"5831dc14675c5db90f64b4d9","itemId":"554c657d3c29d7561c1b8418","flip":0,"rot":0,"z":4,"y":57,"x":95,"pageNo":6},{"_id":"5831dc14675c5db90f64b4da","itemId":"554c657d3c29d7561c1b8418","flip":0,"rot":0,"z":5,"y":116,"x":133,"pageNo":6},{"_id":"5831dc14675c5db90f64b4db","itemId":"554c65b3af7e9a0d08712b59","flip":0,"rot":0,"z":6,"y":95,"x":105,"pageNo":6},{"_id":"5831dc14675c5db90f64b4dc","itemId":"554c657d3c29d7561c1b8418","flip":0,"rot":0,"z":7,"y":76,"x":132,"pageNo":6},{"_id":"5831dc14675c5db90f64b4dd","itemId":"554c657d3c29d7561c1b8418","flip":0,"rot":0,"z":8,"y":94,"x":134,"pageNo":6},{"_id":"5831dc14675c5db90f64b4de","itemId":"554c65b3af7e9a0d08712b59","flip":0,"rot":0,"z":9,"y":133,"x":67,"pageNo":6},{"_id":"5831dc14675c5db90f64b4df","itemId":"554c65b3af7e9a0d08712b59","flip":0,"rot":0,"z":10,"y":95,"x":67,"pageNo":6},{"_id":"5831dc14675c5db90f64b4e0","itemId":"554c65b3af7e9a0d08712b59","flip":0,"rot":0,"z":11,"y":57,"x":67,"pageNo":6},{"_id":"5831dc14675c5db90f64b4e1","itemId":"54c69e2cff7ccb385eec5670","flip":0,"rot":0,"z":12,"y":86,"x":86,"pageNo":6},{"_id":"5831dc14675c5db90f64b4e2","itemId":"54c7527984aec6227d5dcadf","flip":0,"rot":0,"z":13,"y":76,"x":124,"pageNo":6},{"_id":"5831dc14675c5db90f64b4e3","itemId":"54c69fa02ef6451e7d76894c","flip":0,"rot":0,"z":14,"y":62,"x":47,"pageNo":6},{"_id":"5831dc14675c5db90f64b4e4","itemId":"54c69d79dfae68417cbddc99","flip":0,"rot":0,"z":15,"y":48,"x":86,"pageNo":6},{"_id":"5831dc14675c5db90f64b4e5","itemId":"54ea596c84c315cc096ca016","flip":0,"rot":0,"z":16,"y":29,"x":10,"pageNo":6},{"_id":"5831dc14675c5db90f64b4e6","itemId":"54c6a4d3dfae68417cbddcce","flip":0,"rot":0,"z":17,"y":19,"x":124,"pageNo":6},{"_id":"5831dc14675c5db90f64b4e7","itemId":"554c65b3af7e9a0d08712b59","flip":0,"rot":0,"z":18,"y":133,"x":105,"pageNo":6},{"_id":"5831dc14675c5db90f64b4e8","itemId":"54c6169dedbb195e7a2772ae","flip":0,"rot":0,"z":19,"y":124,"x":86,"pageNo":6},{"_id":"5831dc14675c5db90f64b4e9","itemId":"54c61a326bb24f465fe799a9","flip":0,"rot":0,"z":20,"y":114,"x":133,"pageNo":6},{"_id":"5831dc14675c5db90f64b4ea","itemId":"554c657d3c29d7561c1b8418","flip":0,"rot":0,"z":21,"y":115,"x":3,"pageNo":6},{"_id":"5831dc14675c5db90f64b4eb","itemId":"554c657d3c29d7561c1b8418","flip":0,"rot":0,"z":22,"y":113,"x":20,"pageNo":6},{"_id":"5831dc14675c5db90f64b4ec","itemId":"554c657d3c29d7561c1b8418","flip":0,"rot":0,"z":23,"y":133,"x":15,"pageNo":6},{"_id":"5831dc14675c5db90f64b4ed","itemId":"554c657d3c29d7561c1b8418","flip":0,"rot":0,"z":24,"y":132,"x":39,"pageNo":6},{"_id":"5831dc14675c5db90f64b4ee","itemId":"554c657d3c29d7561c1b8418","flip":0,"rot":0,"z":25,"y":115,"x":40,"pageNo":6},{"_id":"5831dc14675c5db90f64b4ef","itemId":"54c6141d29def5305af3211f","flip":0,"rot":0,"z":26,"y":133,"x":29,"pageNo":6},{"_id":"5831dc14675c5db90f64b4f0","itemId":"54c6a1a1d5d2ce9d7ea5f430","flip":0,"rot":0,"z":27,"y":124,"x":48,"pageNo":6},{"_id":"5831dc14675c5db90f64b4f1","itemId":"548dd5fb3f3a19c11331b27a","flip":0,"rot":0,"z":28,"y":95,"x":19,"pageNo":6},{"_id":"5831dc14675c5db90f64b4f2","itemId":"54ad48013fc903883bbdbff0","flip":0,"rot":0,"z":29,"y":19,"x":57,"pageNo":6},{"_id":"5831dc14675c5db90f64b4f3","itemId":"548dd5bd1c55d272317f38ce","flip":0,"rot":0,"z":30,"y":67,"x":10,"pageNo":6},{"_id":"5831dc14675c5db90f64b4f4","itemId":"54c6a4bb2ef6451e7d768974","flip":0,"rot":0,"z":31,"y":10,"x":86,"pageNo":6},{"_id":"5831dc14675c5db90f64b4f5","itemId":"57deccc83fe36aa70f415e9b","flip":0,"rot":0,"z":32,"y":83,"x":-2,"pageNo":6},{"_id":"588732d7f667fde70f117f3c","itemId":"54a220760000684c1f1af79f","flip":0,"rot":0,"z":0,"y":76,"x":10,"pageNo":3},{"_id":"588732d7f667fde70f117f3d","itemId":"54963903088cdd99679b8aab","flip":0,"rot":0,"z":1,"y":133,"x":67,"pageNo":3},{"_id":"588732d7f667fde70f117f3e","itemId":"54a267d96b41bcb101e9d70c","flip":0,"rot":0,"z":2,"y":38,"x":38,"pageNo":3},{"_id":"588732d7f667fde70f117f3f","itemId":"54a0a8309729688628b67799","flip":0,"rot":0,"z":3,"y":38,"x":19,"pageNo":3},{"_id":"588732d7f667fde70f117f40","itemId":"54a31bff7f24f0f40c031500","flip":0,"rot":0,"z":4,"y":38,"x":0,"pageNo":3},{"_id":"588732d7f667fde70f117f41","itemId":"54a33f02535825501f39ecab","flip":0,"rot":0,"z":5,"y":0,"x":57,"pageNo":3},{"_id":"588732d7f667fde70f117f42","itemId":"54a0f7891051ad7b05e22416","flip":0,"rot":0,"z":6,"y":57,"x":10,"pageNo":3},{"_id":"588732d7f667fde70f117f43","itemId":"54a0f76ba9de8f0302e009d4","flip":0,"rot":0,"z":7,"y":76,"x":57,"pageNo":3},{"_id":"588732d7f667fde70f117f44","itemId":"54a0f69f9729688628b67a1a","flip":0,"rot":0,"z":8,"y":95,"x":57,"pageNo":3},{"_id":"588732d7f667fde70f117f45","itemId":"549e4c0a8fed247f0571df7e","flip":0,"rot":0,"z":9,"y":19,"x":57,"pageNo":3},{"_id":"588732d7f667fde70f117f46","itemId":"549661df3e472cb2686a86bf","flip":0,"rot":0,"z":10,"y":38,"x":57,"pageNo":3},{"_id":"588732d7f667fde70f117f47","itemId":"54963b2f61987e96675e11a2","flip":0,"rot":0,"z":11,"y":133,"x":29,"pageNo":3},{"_id":"588732d7f667fde70f117f48","itemId":"549393b7617bf5377ba3c8e1","flip":0,"rot":0,"z":12,"y":19,"x":38,"pageNo":3},{"_id":"588732d7f667fde70f117f49","itemId":"548f761fd2a60b6a56a67e0f","flip":0,"rot":0,"z":13,"y":19,"x":19,"pageNo":3},{"_id":"588732d7f667fde70f117f4a","itemId":"548e72344cf777fd154ae02d","flip":0,"rot":0,"z":14,"y":19,"x":0,"pageNo":3},{"_id":"588732d7f667fde70f117f4b","itemId":"54a379d7b4a9139077dd2db7","flip":0,"rot":0,"z":15,"y":0,"x":10,"pageNo":3},{"_id":"588732d7f667fde70f117f4c","itemId":"5495f71c8bb55857023dafc7","flip":0,"rot":0,"z":16,"y":38,"x":76,"pageNo":3},{"_id":"588732d7f667fde70f117f4d","itemId":"54a331ed535825501f39ec8e","flip":0,"rot":0,"z":17,"y":0,"x":38,"pageNo":3},{"_id":"588732d7f667fde70f117f4e","itemId":"54a220010000684c1f1af79c","flip":0,"rot":0,"z":18,"y":95,"x":10,"pageNo":3},{"_id":"588732d7f667fde70f117f4f","itemId":"54a220afc35056b301978604","flip":0,"rot":0,"z":19,"y":114,"x":10,"pageNo":3},{"_id":"588732d7f667fde70f117f50","itemId":"54a0f4968fed247f0571eb82","flip":0,"rot":0,"z":20,"y":114,"x":57,"pageNo":3},{"_id":"588732d7f667fde70f117f51","itemId":"54a0f7329729688628b67a1b","flip":0,"rot":0,"z":21,"y":57,"x":57,"pageNo":3},{"_id":"588732d7f667fde70f117f52","itemId":"53f91954336f8a30631fd637","flip":0,"rot":0,"z":22,"y":29,"x":114,"pageNo":3},{"_id":"588732d7f667fde70f117f53","itemId":"55d1b8d820b49ebf12594454","flip":0,"rot":0,"z":23,"y":10,"x":67,"pageNo":3},{"_id":"588732d7f667fde70f117f54","itemId":"55073b819e5d8deb13fd0113","flip":0,"rot":0,"z":24,"y":111,"x":129,"pageNo":3},{"_id":"588732d7f667fde70f117f55","itemId":"5516ffd1f9d70e5e257e897e","flip":0,"rot":0,"z":25,"y":95,"x":132,"pageNo":3},{"_id":"588732d7f667fde70f117f56","itemId":"5516fd78e648fa9208983b6a","flip":0,"rot":0,"z":26,"y":78,"x":129,"pageNo":3},{"_id":"588732d7f667fde70f117f57","itemId":"531f749458ff23cb15000008","flip":1,"rot":0,"z":27,"y":57,"x":105,"pageNo":3},{"_id":"588732d7f667fde70f117f58","itemId":"5325dbfe39441ab23b000078","flip":0,"rot":0,"z":28,"y":57,"x":124,"pageNo":3},{"_id":"58873313bae1b75113a3e641","itemId":"54596d4538da68ed1987ceb4","flip":0,"rot":0,"z":0,"y":19,"x":86,"pageNo":4},{"_id":"58873313bae1b75113a3e642","itemId":"537f5e0c639f6906023892b0","flip":0,"rot":0,"z":1,"y":40,"x":58,"pageNo":4},{"_id":"58873313bae1b75113a3e643","itemId":"537f5d73a64302d3012be6ea","flip":0,"rot":0,"z":2,"y":39,"x":76,"pageNo":4},{"_id":"58873313bae1b75113a3e644","itemId":"5353d0b433d5a59e7f0007e7","flip":0,"rot":0,"z":3,"y":76,"x":124,"pageNo":4},{"_id":"58873313bae1b75113a3e645","itemId":"5351139c33d5a59e7f000384","flip":0,"rot":0,"z":4,"y":76,"x":86,"pageNo":4},{"_id":"58873313bae1b75113a3e646","itemId":"5430352678d4ab4f0c27dc4e","flip":0,"rot":0,"z":5,"y":76,"x":0,"pageNo":4},{"_id":"58873313bae1b75113a3e647","itemId":"535116bf5283d85434000346","flip":0,"rot":0,"z":6,"y":76,"x":48,"pageNo":4},{"_id":"58873313bae1b75113a3e648","itemId":"5378a6f26167af213345dffa","flip":0,"rot":0,"z":7,"y":42,"x":99,"pageNo":4},{"_id":"58873313bae1b75113a3e649","itemId":"534ee377b86106c45300009c","flip":0,"rot":0,"z":8,"y":114,"x":1,"pageNo":4},{"_id":"58873313bae1b75113a3e64a","itemId":"534ee2f651ebfd1b7500007e","flip":0,"rot":0,"z":9,"y":113,"x":19,"pageNo":4},{"_id":"58873313bae1b75113a3e64b","itemId":"534ee207e528bff81b000092","flip":0,"rot":0,"z":10,"y":133,"x":20,"pageNo":4},{"_id":"58873313bae1b75113a3e64c","itemId":"534ee132e528bff81b000090","flip":0,"rot":0,"z":11,"y":137,"x":41,"pageNo":4},{"_id":"58873313bae1b75113a3e64d","itemId":"534ee05bb86106c453000095","flip":0,"rot":0,"z":12,"y":134,"x":77,"pageNo":4},{"_id":"58873313bae1b75113a3e64e","itemId":"534edf753772abc629000090","flip":0,"rot":0,"z":13,"y":133,"x":115,"pageNo":4},{"_id":"58873313bae1b75113a3e64f","itemId":"533603a7838f123f1e000008","flip":0,"rot":0,"z":14,"y":48,"x":114,"pageNo":4},{"_id":"58873313bae1b75113a3e650","itemId":"52babb0acc8746b12c000172","flip":0,"rot":0,"z":15,"y":42,"x":129,"pageNo":4},{"_id":"58873313bae1b75113a3e651","itemId":"534ee3f651ebfd1b75000080","flip":0,"rot":0,"z":16,"y":95,"x":1,"pageNo":4},{"_id":"58873313bae1b75113a3e652","itemId":"534ee4df4a2e81435c000004","flip":0,"rot":0,"z":17,"y":57,"x":19,"pageNo":4},{"_id":"58873313bae1b75113a3e653","itemId":"534edff3e528bff81b000087","flip":0,"rot":0,"z":18,"y":130,"x":95,"pageNo":4},{"_id":"58873313bae1b75113a3e654","itemId":"5351185533d5a59e7f00038a","flip":0,"rot":0,"z":19,"y":114,"x":76,"pageNo":4},{"_id":"58873313bae1b75113a3e655","itemId":"535115c76686493e2300033d","flip":0,"rot":0,"z":20,"y":114,"x":124,"pageNo":4},{"_id":"58873313bae1b75113a3e656","itemId":"535116075283d85434000345","flip":0,"rot":0,"z":21,"y":105,"x":48,"pageNo":4},{"_id":"58873313bae1b75113a3e657","itemId":"534ee0b3e528bff81b00008f","flip":0,"rot":0,"z":22,"y":133,"x":58,"pageNo":4},{"_id":"58873313bae1b75113a3e658","itemId":"54596d0958885178325af34c","flip":0,"rot":0,"z":23,"y":19,"x":124,"pageNo":4},{"_id":"58873313bae1b75113a3e659","itemId":"57deccc83fe36aa70f415e9b","flip":0,"rot":0,"z":24,"y":114,"x":76,"pageNo":4},{"_id":"58873313bae1b75113a3e65a","itemId":"534edf0951ebfd1b7500006f","flip":0,"rot":0,"z":25,"y":36,"x":21,"pageNo":4},{"_id":"58873313bae1b75113a3e65b","itemId":"54596d905cba067632c0ad0b","flip":0,"rot":0,"z":26,"y":19,"x":48,"pageNo":4},{"_id":"58873313bae1b75113a3e65c","itemId":"534ee44c51ebfd1b75000081","flip":0,"rot":0,"z":27,"y":95,"x":18,"pageNo":4},{"_id":"58873313bae1b75113a3e65d","itemId":"534ee4964007b1a17d000004","flip":0,"rot":0,"z":28,"y":74,"x":20,"pageNo":4},{"_id":"58873313bae1b75113a3e65e","itemId":"534eded451ebfd1b7500006c","flip":0,"rot":0,"z":29,"y":37,"x":36,"pageNo":4},{"_id":"58873313bae1b75113a3e65f","itemId":"54303558ef2d0a25752df6ae","flip":0,"rot":0,"z":30,"y":57,"x":0,"pageNo":4},{"_id":"58873313bae1b75113a3e660","itemId":"54596dcf4c340af9193bbe65","flip":0,"rot":0,"z":31,"y":10,"x":19,"pageNo":4},{"_id":"58873313bae1b75113a3e661","itemId":"545d53c37951ead5455a78fe","flip":0,"rot":0,"z":32,"y":41,"x":4,"pageNo":4},{"_id":"5c73c1306079010e5f8fd7f2","itemId":"53367d5dfc044727680001f3","flip":0,"rot":0,"z":0,"y":-1,"x":76,"pageNo":0},{"_id":"5c73c1306079010e5f8fd7f3","itemId":"533a8e8a6c67045921000180","flip":0,"rot":0,"z":1,"y":0,"x":98,"pageNo":0},{"_id":"5c73c1306079010e5f8fd7f4","itemId":"532ac935cc5dc509280000fd","flip":0,"rot":0,"z":2,"y":1,"x":116,"pageNo":0},{"_id":"5c73c1306079010e5f8fd7f5","itemId":"530c816c7a56ca010a00094b","flip":0,"rot":0,"z":3,"y":22,"x":125,"pageNo":0},{"_id":"5c73c1306079010e5f8fd7f6","itemId":"534eb253b86106c45300002a","flip":0,"rot":0,"z":4,"y":133,"x":76,"pageNo":0},{"_id":"5c73c1306079010e5f8fd7f7","itemId":"534f9d1edf6b0c465e00014c","flip":0,"rot":0,"z":5,"y":133,"x":10,"pageNo":0},{"_id":"5c73c1306079010e5f8fd7f8","itemId":"53524501df6b0c465e000586","flip":0,"rot":0,"z":6,"y":133,"x":38,"pageNo":0},{"_id":"5c73c1306079010e5f8fd7f9","itemId":"536e3a4388c310ad0e0001e4","flip":0,"rot":0,"z":7,"y":114,"x":3,"pageNo":0},{"_id":"5c73c1306079010e5f8fd7fa","itemId":"536643f85e314c2a3b00081f","flip":0,"rot":0,"z":8,"y":114,"x":29,"pageNo":0},{"_id":"5c73c1306079010e5f8fd7fb","itemId":"53367c65838f123f1e000176","flip":0,"rot":0,"z":9,"y":38,"x":10,"pageNo":0},{"_id":"5c73c1306079010e5f8fd7fc","itemId":"530ca90e24d6fda6670008d2","flip":0,"rot":0,"z":10,"y":0,"x":143,"pageNo":0},{"_id":"5c73c1306079010e5f8fd7fd","itemId":"536e36c45f8032211000023e","flip":0,"rot":0,"z":11,"y":95,"x":57,"pageNo":0},{"_id":"5c73c1306079010e5f8fd7fe","itemId":"536e327adf29c9ad10000227","flip":0,"rot":0,"z":12,"y":95,"x":29,"pageNo":0},{"_id":"5c73c1306079010e5f8fd7ff","itemId":"536e4d1588c310ad0e0001f9","flip":0,"rot":0,"z":13,"y":95,"x":0,"pageNo":0},{"_id":"5c73c1306079010e5f8fd800","itemId":"53367e68894492ba5a0001ab","flip":0,"rot":0,"z":14,"y":0,"x":39,"pageNo":0},{"_id":"5c73c1306079010e5f8fd801","itemId":"53367ddcfc044727680001f4","flip":0,"rot":0,"z":15,"y":3,"x":59,"pageNo":0},{"_id":"5c73c1306079010e5f8fd802","itemId":"536f0e9e5f8032211000039c","flip":0,"rot":0,"z":16,"y":76,"x":95,"pageNo":0},{"_id":"5c73c1306079010e5f8fd803","itemId":"53175a30f6d3ad135100015e","flip":0,"rot":0,"z":17,"y":48,"x":57,"pageNo":0},{"_id":"5c73c1306079010e5f8fd804","itemId":"532ad10727c32bc801000134","flip":0,"rot":0,"z":18,"y":19,"x":48,"pageNo":0},{"_id":"5c73c1306079010e5f8fd805","itemId":"530c7c31fd8f21ce0a0008d0","flip":0,"rot":0,"z":19,"y":76,"x":10,"pageNo":0},{"_id":"5c73c1306079010e5f8fd806","itemId":"534bad4b7cee8bc05a00000c","flip":0,"rot":0,"z":20,"y":114,"x":133,"pageNo":0},{"_id":"5c73c1306079010e5f8fd807","itemId":"535239cd5283d85434000559","flip":0,"rot":0,"z":21,"y":133,"x":57,"pageNo":0},{"_id":"5c73c1306079010e5f8fd808","itemId":"530cacf4fd8f21ce0a0008ec","flip":0,"rot":0,"z":22,"y":38,"x":86,"pageNo":0},{"_id":"5c73c1306079010e5f8fd809","itemId":"534bbe0b917d86c95c000004","flip":0,"rot":0,"z":23,"y":114,"x":57,"pageNo":0},{"_id":"5c73c1306079010e5f8fd80a","itemId":"534f96445283d8543400010d","flip":0,"rot":0,"z":24,"y":95,"x":95,"pageNo":0},{"_id":"5c73c1306079010e5f8fd80b","itemId":"534cc1f4a21551eb71000087","flip":0,"rot":0,"z":25,"y":133,"x":114,"pageNo":0},{"_id":"5c73c1306079010e5f8fd80c","itemId":"534ceecea21551eb710000a4","flip":0,"rot":0,"z":26,"y":133,"x":97,"pageNo":0},{"_id":"5c73c1306079010e5f8fd80d","itemId":"534bb7f491683a272700000f","flip":1,"rot":0,"z":27,"y":114,"x":95,"pageNo":0},{"_id":"5c73c1306079010e5f8fd80e","itemId":"52fcaaec0a6c829b49000149","flip":0,"rot":0,"z":28,"y":76,"x":133,"pageNo":0},{"_id":"5c73c1306079010e5f8fd80f","itemId":"536642805e314c2a3b00081c","flip":0,"rot":0,"z":29,"y":86,"x":57,"pageNo":0},{"_id":"5c73c1306079010e5f8fd810","itemId":"53367f46fc044727680001f6","flip":0,"rot":0,"z":30,"y":0,"x":10,"pageNo":0},{"_id":"5c73c1306079010e5f8fd811","itemId":"530c7fd524d6fda6670008c3","flip":0,"rot":0,"z":31,"y":38,"x":124,"pageNo":0},{"_id":"5c73c1306079010e5f8fd812","itemId":"52fcaecc6483a80076000146","flip":0,"rot":0,"z":32,"y":67,"x":124,"pageNo":0},{"_id":"62d563713829c81eca37ba61","itemId":"531d32c583eaa4ea1f000368","flip":0,"rot":0,"z":0,"y":133,"x":19,"pageNo":10},{"_id":"62d563713829c81eca37ba62","itemId":"530c9b9524d6fda6670008cb","flip":0,"rot":0,"z":1,"y":19,"x":10,"pageNo":10},{"_id":"62d563713829c81eca37ba63","itemId":"52f44f33b4dd7bbf690000dc","flip":0,"rot":0,"z":2,"y":17,"x":128,"pageNo":10},{"_id":"62d563713829c81eca37ba64","itemId":"52f447e1305901d1790000aa","flip":0,"rot":0,"z":3,"y":53,"x":122,"pageNo":10},{"_id":"62d563713829c81eca37ba65","itemId":"52f2f88b3841c87a3e000232","flip":0,"rot":0,"z":4,"y":57,"x":48,"pageNo":10},{"_id":"62d563713829c81eca37ba66","itemId":"52f444e8305901d1790000a8","flip":0,"rot":0,"z":5,"y":91,"x":6,"pageNo":10},{"_id":"62d563713829c81eca37ba67","itemId":"52e365e9ca3a11a03700014f","flip":0,"rot":0,"z":6,"y":133,"x":38,"pageNo":10},{"_id":"62d563713829c81eca37ba68","itemId":"52e32d8fca3a11a037000107","flip":0,"rot":0,"z":7,"y":114,"x":38,"pageNo":10},{"_id":"62d563713829c81eca37ba69","itemId":"52ef1f569757e777340003d8","flip":0,"rot":0,"z":8,"y":133,"x":57,"pageNo":10},{"_id":"62d563713829c81eca37ba6a","itemId":"52e3655d4fb646a634000177","flip":0,"rot":0,"z":9,"y":133,"x":114,"pageNo":10},{"_id":"62d563713829c81eca37ba6b","itemId":"52f1f3a38a95e6bf2d0000c3","flip":0,"rot":0,"z":10,"y":133,"x":95,"pageNo":10},{"_id":"62d563713829c81eca37ba6c","itemId":"52fdb62d6483a800760002fa","flip":0,"rot":0,"z":11,"y":133,"x":76,"pageNo":10},{"_id":"62d563713829c81eca37ba6d","itemId":"52e35b6fb843f3d42b00012c","flip":0,"rot":0,"z":12,"y":114,"x":19,"pageNo":10},{"_id":"62d563713829c81eca37ba6e","itemId":"52f339fb8a95e6bf2d000230","flip":0,"rot":0,"z":13,"y":57,"x":10,"pageNo":10},{"_id":"62d563713829c81eca37ba6f","itemId":"52fb011513ef3cec2b00008d","flip":0,"rot":0,"z":14,"y":19,"x":86,"pageNo":10},{"_id":"62d563713829c81eca37ba70","itemId":"52e35aac4fb646a63400016b","flip":0,"rot":0,"z":15,"y":114,"x":0,"pageNo":10},{"_id":"62d563713829c81eca37ba71","itemId":"52f2f5b23e18b98d3900020d","flip":0,"rot":0,"z":16,"y":67,"x":76,"pageNo":10},{"_id":"62d563713829c81eca37ba72","itemId":"52fafd7f13ef3cec2b000089","flip":0,"rot":0,"z":17,"y":19,"x":48,"pageNo":10}]}