{"isCreator":false,"contents":[{"_id":"556dd44ce4305a830be77c58","itemId":"54c996d6aef65eed441f8a3d","flip":0,"rot":0,"z":0,"y":8,"x":10,"pageNo":0},{"_id":"556dd44ce4305a830be77c59","itemId":"54c849d21f9d928c18b2870a","flip":0,"rot":0,"z":1,"y":11,"x":37,"pageNo":0},{"_id":"556dd44ce4305a830be77c5a","itemId":"54c996cbf534d87a6ddcdb31","flip":0,"rot":0,"z":2,"y":9,"x":67,"pageNo":0},{"_id":"556dd44ce4305a830be77c5b","itemId":"54c964023102bf6110001bca","flip":0,"rot":0,"z":3,"y":10,"x":95,"pageNo":0},{"_id":"556dd44ce4305a830be77c5c","itemId":"54c850f019c3528101c7a85e","flip":0,"rot":0,"z":4,"y":9,"x":125,"pageNo":0},{"_id":"556dd44ce4305a830be77c5d","itemId":"54c84f6919c3528101c7a846","flip":0,"rot":0,"z":5,"y":39,"x":10,"pageNo":0},{"_id":"556dd44ce4305a830be77c5e","itemId":"54c84de6b58636fc0447b6ba","flip":0,"rot":0,"z":6,"y":36,"x":42,"pageNo":0},{"_id":"556dd44ce4305a830be77c5f","itemId":"54c84dcf4247f54d62ff06ea","flip":0,"rot":0,"z":7,"y":39,"x":70,"pageNo":0},{"_id":"556dd44ce4305a830be77c60","itemId":"54a9bb35604c3f2a04607391","flip":0,"rot":0,"z":8,"y":38,"x":95,"pageNo":0},{"_id":"556dd44ce4305a830be77c61","itemId":"5499ffc57b23079b6a3867de","flip":0,"rot":0,"z":9,"y":71,"x":7,"pageNo":0},{"_id":"556dd44ce4305a830be77c62","itemId":"545fff571d800d68455f8432","flip":0,"rot":0,"z":10,"y":71,"x":38,"pageNo":0},{"_id":"556dd44ce4305a830be77c63","itemId":"54613f00c8a96e26571a70e2","flip":0,"rot":0,"z":11,"y":67,"x":67,"pageNo":0},{"_id":"556dd44ce4305a830be77c64","itemId":"52bf38083e979eb13500005e","flip":0,"rot":0,"z":12,"y":68,"x":124,"pageNo":0},{"_id":"556dd44ce4305a830be77c65","itemId":"530a9b0f7a56ca010a00072a","flip":0,"rot":0,"z":13,"y":96,"x":10,"pageNo":0},{"_id":"556dd44ce4305a830be77c66","itemId":"530a9b8b7a56ca010a00072b","flip":0,"rot":0,"z":14,"y":95,"x":38,"pageNo":0},{"_id":"556dd44ce4305a830be77c67","itemId":"52b260f7394f7f1607000078","flip":0,"rot":0,"z":15,"y":40,"x":124,"pageNo":0},{"_id":"556dd44ce4305a830be77c68","itemId":"520e949daaa012304900000d","flip":0,"rot":0,"z":16,"y":69,"x":93,"pageNo":0},{"_id":"556dd44ce4305a830be77c69","itemId":"524a15c138d5694d08000054","flip":0,"rot":0,"z":17,"y":95,"x":69,"pageNo":0},{"_id":"556dd44ce4305a830be77c6a","itemId":"526c9ac9abf447363b000185","flip":0,"rot":0,"z":18,"y":95,"x":98,"pageNo":0},{"_id":"556dd44ce4305a830be77c6b","itemId":"520a25234d1203d27c000007","flip":0,"rot":0,"z":19,"y":95,"x":123,"pageNo":0},{"_id":"556dd5920f2e7b820fc1c9c4","itemId":"55491671487661810df24e11","flip":0,"rot":0,"z":0,"y":9,"x":11,"pageNo":2},{"_id":"556dd5920f2e7b820fc1c9c5","itemId":"54939355121ff0d46268a30f","flip":0,"rot":0,"z":1,"y":8,"x":41,"pageNo":2},{"_id":"556dd5920f2e7b820fc1c9c6","itemId":"539b4e54f978c4a56abea7ec","flip":0,"rot":0,"z":2,"y":10,"x":68,"pageNo":2},{"_id":"556dd5920f2e7b820fc1c9c7","itemId":"548e769a38ec89da26fd0c42","flip":0,"rot":0,"z":3,"y":42,"x":36,"pageNo":2},{"_id":"556dd5920f2e7b820fc1c9c8","itemId":"53b0eda21563441e77e56e0f","flip":0,"rot":0,"z":4,"y":10,"x":95,"pageNo":2},{"_id":"556dd5920f2e7b820fc1c9c9","itemId":"52a4e5e9638f44385e000063","flip":0,"rot":0,"z":5,"y":40,"x":8,"pageNo":2},{"_id":"556dd5920f2e7b820fc1c9ca","itemId":"5251e6d065881949250001b6","flip":0,"rot":0,"z":6,"y":38,"x":69,"pageNo":2},{"_id":"556dd5920f2e7b820fc1c9cb","itemId":"52ac778d31a131b33000013a","flip":0,"rot":0,"z":7,"y":39,"x":95,"pageNo":2},{"_id":"556dd5920f2e7b820fc1c9cc","itemId":"54f0ec9a24d3813b431de5e7","flip":0,"rot":0,"z":8,"y":39,"x":123,"pageNo":2},{"_id":"556dd5920f2e7b820fc1c9cd","itemId":"5251e733ad8f04a20d0001e4","flip":0,"rot":0,"z":9,"y":67,"x":10,"pageNo":2},{"_id":"556dd5920f2e7b820fc1c9ce","itemId":"53375d475733e5685a000233","flip":0,"rot":0,"z":10,"y":67,"x":38,"pageNo":2},{"_id":"556dd5920f2e7b820fc1c9cf","itemId":"5493a7f0617bf5377ba3c941","flip":0,"rot":0,"z":11,"y":67,"x":67,"pageNo":2},{"_id":"556dd5920f2e7b820fc1c9d0","itemId":"5366d0c29d50e9af6600087b","flip":0,"rot":0,"z":12,"y":67,"x":95,"pageNo":2},{"_id":"556dd5920f2e7b820fc1c9d1","itemId":"52a1dc1c1782ef152f000004","flip":0,"rot":0,"z":13,"y":67,"x":124,"pageNo":2},{"_id":"556dd5920f2e7b820fc1c9d2","itemId":"53ed5b239d9011b92acad744","flip":0,"rot":0,"z":14,"y":105,"x":95,"pageNo":2},{"_id":"556dd5920f2e7b820fc1c9d3","itemId":"55211e36eca3fa652bf6771b","flip":0,"rot":0,"z":15,"y":105,"x":38,"pageNo":2},{"_id":"556dd8df790bc6f808009580","itemId":"52be8304602d76b42200005d","flip":0,"rot":0,"z":0,"y":10,"x":10,"pageNo":3},{"_id":"556dd8df790bc6f808009581","itemId":"520e8e17d075cc134d00000f","flip":0,"rot":0,"z":1,"y":10,"x":38,"pageNo":3},{"_id":"556dd8df790bc6f808009582","itemId":"53a17e24261700a440aad25a","flip":0,"rot":0,"z":2,"y":10,"x":67,"pageNo":3},{"_id":"556dd8df790bc6f808009583","itemId":"52025e708f4921bb6c00000d","flip":0,"rot":0,"z":3,"y":10,"x":95,"pageNo":3},{"_id":"556dd8df790bc6f808009584","itemId":"5324baf8cd4f44682400001f","flip":0,"rot":0,"z":4,"y":11,"x":124,"pageNo":3},{"_id":"556dd8df790bc6f808009585","itemId":"530fed0d578328584c000126","flip":0,"rot":0,"z":5,"y":38,"x":10,"pageNo":3},{"_id":"556dd8df790bc6f808009586","itemId":"54f130b0ada1c159324605cf","flip":0,"rot":0,"z":6,"y":39,"x":34,"pageNo":3},{"_id":"556dd8df790bc6f808009587","itemId":"5502b5e57e8c2e3d539256fe","flip":0,"rot":0,"z":7,"y":39,"x":66,"pageNo":3},{"_id":"556dd8df790bc6f808009588","itemId":"5502b6d2affd414549b8578a","flip":0,"rot":0,"z":8,"y":38,"x":98,"pageNo":3},{"_id":"556dd8df790bc6f808009589","itemId":"5502b92d620cdf1910dce02b","flip":0,"rot":0,"z":9,"y":37,"x":124,"pageNo":3},{"_id":"55ae96e182325f641e797816","itemId":"533d553c5642317b58000043","flip":0,"rot":0,"z":0,"y":39,"x":38,"pageNo":1},{"_id":"55ae96e182325f641e797817","itemId":"533d580d637d98db0100003f","flip":0,"rot":0,"z":1,"y":96,"x":38,"pageNo":1},{"_id":"55ae96e182325f641e797818","itemId":"525265085fbc34597e0002f7","flip":0,"rot":0,"z":2,"y":67,"x":11,"pageNo":1},{"_id":"55ae96e182325f641e797819","itemId":"520a23c34d1203d27c000006","flip":0,"rot":0,"z":3,"y":98,"x":12,"pageNo":1},{"_id":"55ae96e182325f641e79781a","itemId":"533f06e343cda2760400006d","flip":0,"rot":0,"z":4,"y":65,"x":38,"pageNo":1},{"_id":"55ae96e182325f641e79781b","itemId":"53e87430165630ce5e0c5416","flip":0,"rot":0,"z":5,"y":95,"x":95,"pageNo":1},{"_id":"55ae96e182325f641e79781c","itemId":"53e8740d31fa22bc164fbe9d","flip":0,"rot":0,"z":6,"y":95,"x":127,"pageNo":1},{"_id":"55ae96e182325f641e79781d","itemId":"53e87f32228c960c4565a551","flip":0,"rot":0,"z":7,"y":67,"x":121,"pageNo":1},{"_id":"55ae96e182325f641e79781e","itemId":"53e87f50228c960c4565a552","flip":0,"rot":0,"z":8,"y":65,"x":92,"pageNo":1},{"_id":"55ae96e182325f641e79781f","itemId":"53ed54b56a90062622dfbc71","flip":0,"rot":0,"z":9,"y":35,"x":123,"pageNo":1},{"_id":"55ae96e182325f641e797820","itemId":"53ed54d89d9011b92acad72c","flip":0,"rot":0,"z":10,"y":38,"x":96,"pageNo":1},{"_id":"55ae96e182325f641e797821","itemId":"520e8ec6942331113300000f","flip":0,"rot":0,"z":11,"y":38,"x":10,"pageNo":1},{"_id":"55ae96e182325f641e797822","itemId":"5549147d16a7ab532a7d1cd7","flip":0,"rot":0,"z":12,"y":38,"x":67,"pageNo":1},{"_id":"55ae96e182325f641e797823","itemId":"52cb9bf7ae0054e33900007e","flip":0,"rot":0,"z":13,"y":10,"x":95,"pageNo":1},{"_id":"55ae96e182325f641e797824","itemId":"55492231b634c301111b9db4","flip":0,"rot":0,"z":14,"y":67,"x":67,"pageNo":1},{"_id":"55ae96e182325f641e797825","itemId":"5549232b5a4709582b4d1fad","flip":0,"rot":0,"z":15,"y":95,"x":67,"pageNo":1},{"_id":"55ae96e182325f641e797826","itemId":"533f7b88c5d0d6e91000008f","flip":0,"rot":0,"z":16,"y":10,"x":8,"pageNo":1},{"_id":"55ae96e182325f641e797827","itemId":"533f7abce07fc9ac010000ae","flip":0,"rot":0,"z":17,"y":9,"x":41,"pageNo":1},{"_id":"55ae96e182325f641e797828","itemId":"533f7a61c5d0d6e91000008a","flip":0,"rot":0,"z":18,"y":11,"x":69,"pageNo":1},{"_id":"55ae96e182325f641e797829","itemId":"546a58d4e5dbacb059fc572f","flip":0,"rot":0,"z":19,"y":10,"x":124,"pageNo":1}]}