{"isCreator":false,"contents":[{"_id":"5568c398cbc98fba10fa7db2","itemId":"55575a39095e141808853f05","flip":0,"rot":0,"z":0,"y":48,"x":48,"pageNo":0},{"_id":"5568c398cbc98fba10fa7db3","itemId":"5549aed0df012aab2c5d68fc","flip":0,"rot":0,"z":1,"y":38,"x":114,"pageNo":0},{"_id":"5568c398cbc98fba10fa7db4","itemId":"5487323d7fed9863031a1382","flip":0,"rot":0,"z":2,"y":76,"x":19,"pageNo":0},{"_id":"5568c398cbc98fba10fa7db5","itemId":"54cffc511d49653c650128b3","flip":0,"rot":0,"z":3,"y":115,"x":17,"pageNo":0},{"_id":"5568c398cbc98fba10fa7db6","itemId":"5483b7d2296a0dde71aa7b5e","flip":0,"rot":0,"z":4,"y":78,"x":59,"pageNo":0},{"_id":"5568c557bc25a7fe5722d310","itemId":"543ead9a24533ca512dfa5e5","flip":0,"rot":0,"z":0,"y":55,"x":67,"pageNo":5},{"_id":"556a4012b708b0f00fa7288f","itemId":"545e1f05ced76a6a450c9520","flip":0,"rot":0,"z":0,"y":59,"x":67,"pageNo":6},{"_id":"556f5a72f564052427594b8d","itemId":"55038fc2a847bb6459508f8a","flip":0,"rot":0,"z":0,"y":122,"x":71,"pageNo":9},{"_id":"556fa6c74921cb55128eea5e","itemId":"54c8bf2f1c5766bd0585476a","flip":0,"rot":0,"z":0,"y":48,"x":19,"pageNo":11},{"_id":"556fa6c74921cb55128eea5f","itemId":"54f32bbcf2ca766d3cea4382","flip":0,"rot":0,"z":1,"y":114,"x":19,"pageNo":11},{"_id":"556fa6c74921cb55128eea60","itemId":"552aee57c9ddf5773f63f730","flip":0,"rot":0,"z":2,"y":76,"x":114,"pageNo":11},{"_id":"556fa76ac68f1133134e3887","itemId":"554672a045f7dfcf2013378f","flip":0,"rot":0,"z":0,"y":29,"x":19,"pageNo":8},{"_id":"556fa76ac68f1133134e3888","itemId":"53d5b2b98d3198f718c066ad","flip":0,"rot":0,"z":1,"y":27,"x":65,"pageNo":8},{"_id":"556fa76ac68f1133134e3889","itemId":"553d706f49bdc0f803db5a22","flip":0,"rot":0,"z":2,"y":26,"x":104,"pageNo":8},{"_id":"556fa76ac68f1133134e388a","itemId":"54491489ceb5d62d10f3e0d2","flip":0,"rot":0,"z":3,"y":60,"x":15,"pageNo":8},{"_id":"556fa76ac68f1133134e388b","itemId":"552dc565437e257f14788be1","flip":0,"rot":0,"z":4,"y":48,"x":57,"pageNo":8},{"_id":"556fa76ac68f1133134e388c","itemId":"54a2b4a107f77af60ceb6ec9","flip":0,"rot":0,"z":5,"y":68,"x":96,"pageNo":8},{"_id":"556fa76ac68f1133134e388d","itemId":"55050f157cd0e8da500593c5","flip":0,"rot":0,"z":6,"y":105,"x":29,"pageNo":8},{"_id":"556fa76ac68f1133134e388e","itemId":"553b6e35779ee53114414249","flip":0,"rot":0,"z":7,"y":86,"x":76,"pageNo":8},{"_id":"556fa76ac68f1133134e388f","itemId":"5514d9c99a9898e014b2541c","flip":0,"rot":0,"z":8,"y":107,"x":105,"pageNo":8},{"_id":"5570fbd06e886b2008d53348","itemId":"550b70ba961d33180c71b46a","flip":0,"rot":0,"z":0,"y":76,"x":105,"pageNo":13},{"_id":"5570fbd06e886b2008d53349","itemId":"5508f937800d677b11fbbffd","flip":0,"rot":0,"z":1,"y":76,"x":29,"pageNo":13},{"_id":"5571f0107d24d8a56d926b1b","itemId":"54c335aecac4249f5301ffd4","flip":0,"rot":0,"z":0,"y":19,"x":29,"pageNo":12},{"_id":"5571f0107d24d8a56d926b1c","itemId":"53d148500a10cff0460564f3","flip":0,"rot":0,"z":1,"y":12,"x":74,"pageNo":12},{"_id":"5571f0107d24d8a56d926b1d","itemId":"55125799633e7bde20248643","flip":0,"rot":0,"z":2,"y":95,"x":105,"pageNo":12},{"_id":"5572e8bce28e7028271e7746","itemId":"550a4b902271352e1a7d44ad","flip":0,"rot":0,"z":0,"y":19,"x":19,"pageNo":7},{"_id":"5572e8bce28e7028271e7747","itemId":"54ed0731ae06714d1805259e","flip":0,"rot":0,"z":1,"y":19,"x":57,"pageNo":7},{"_id":"5572e8bce28e7028271e7748","itemId":"54b7eabc0949d36424826864","flip":0,"rot":0,"z":2,"y":19,"x":95,"pageNo":7},{"_id":"5572e8bce28e7028271e7749","itemId":"53f295bba82be50e5aceeaf6","flip":0,"rot":0,"z":3,"y":54,"x":21,"pageNo":7},{"_id":"5572e8bce28e7028271e774a","itemId":"53dc00fde9ec3f8e7ae62cf2","flip":0,"rot":0,"z":4,"y":57,"x":48,"pageNo":7},{"_id":"5572e8bce28e7028271e774b","itemId":"54f07e54c4444b17346c7826","flip":0,"rot":0,"z":5,"y":124,"x":67,"pageNo":7},{"_id":"5572e8bce28e7028271e774c","itemId":"556c48a2c4e7f6517f8cdcec","flip":0,"rot":0,"z":6,"y":93,"x":12,"pageNo":7},{"_id":"5572e8bce28e7028271e774d","itemId":"546e56b0df39c0e962ecee9a","flip":0,"rot":0,"z":7,"y":60,"x":76,"pageNo":7},{"_id":"5572e8bce28e7028271e774e","itemId":"54d65e6df96cfa6854bc9e95","flip":0,"rot":0,"z":8,"y":10,"x":124,"pageNo":7},{"_id":"5572e8bce28e7028271e774f","itemId":"5569c23eb708b0f00fa72372","flip":0,"rot":0,"z":9,"y":62,"x":108,"pageNo":7},{"_id":"5572e9e9b5a5aa1b08a3a793","itemId":"55175b8857bf0e2a21d48833","flip":0,"rot":0,"z":0,"y":57,"x":67,"pageNo":15},{"_id":"5572ea405e3e3ca36dd93c05","itemId":"54ad6d6487b3bd8a3b20ae8c","flip":0,"rot":0,"z":0,"y":38,"x":10,"pageNo":4},{"_id":"5572ea405e3e3ca36dd93c06","itemId":"54bd07e5f9d85f0c2e6b801c","flip":0,"rot":0,"z":1,"y":19,"x":114,"pageNo":4},{"_id":"5572ea405e3e3ca36dd93c07","itemId":"542760fad4665a7052554bac","flip":0,"rot":0,"z":2,"y":73,"x":16,"pageNo":4},{"_id":"5572ea405e3e3ca36dd93c08","itemId":"550b1902799ccf120c2406eb","flip":0,"rot":0,"z":3,"y":76,"x":76,"pageNo":4},{"_id":"5572ea405e3e3ca36dd93c09","itemId":"552d2528c67c8eb349f63ca9","flip":0,"rot":0,"z":4,"y":124,"x":29,"pageNo":4},{"_id":"5572ea405e3e3ca36dd93c0a","itemId":"544686ef2fb2082e4da3a276","flip":0,"rot":0,"z":5,"y":104,"x":77,"pageNo":4},{"_id":"5572ea405e3e3ca36dd93c0b","itemId":"54b69f38e6232a2623f47bca","flip":0,"rot":0,"z":6,"y":67,"x":124,"pageNo":4},{"_id":"5572ea405e3e3ca36dd93c0c","itemId":"53c5730abc21d3621dcb99fb","flip":0,"rot":0,"z":7,"y":105,"x":105,"pageNo":4},{"_id":"5572eaad4921cb55128f013c","itemId":"53dc00d103ed1cb83193997e","flip":0,"rot":0,"z":0,"y":0,"x":10,"pageNo":3},{"_id":"5572eaad4921cb55128f013d","itemId":"54b79cabccd537e81ef11308","flip":0,"rot":0,"z":1,"y":10,"x":0,"pageNo":3},{"_id":"5572eaad4921cb55128f013e","itemId":"54d5a82c28a2a1c05654df11","flip":0,"rot":0,"z":2,"y":42,"x":37,"pageNo":3},{"_id":"5572eaad4921cb55128f013f","itemId":"54f07ab22f7fa813340fd84d","flip":0,"rot":0,"z":3,"y":74,"x":37,"pageNo":3},{"_id":"5572eaad4921cb55128f0140","itemId":"54f6b2ad579389130c36193f","flip":0,"rot":0,"z":4,"y":105,"x":38,"pageNo":3},{"_id":"5572eaad4921cb55128f0141","itemId":"54ec5e06166ded6422e0ed7c","flip":0,"rot":0,"z":5,"y":15,"x":82,"pageNo":3},{"_id":"5572eaad4921cb55128f0142","itemId":"55325330766287d5723197f9","flip":0,"rot":0,"z":6,"y":19,"x":124,"pageNo":3},{"_id":"5572eaad4921cb55128f0143","itemId":"54b586d4a74f80171089baf9","flip":0,"rot":0,"z":7,"y":85,"x":122,"pageNo":3},{"_id":"5572eb6a35a1db51124552d3","itemId":"53cf18c8c6db6af91d4ec62f","flip":0,"rot":0,"z":0,"y":29,"x":29,"pageNo":14},{"_id":"5572eb6a35a1db51124552d4","itemId":"54b589309affb41c10ef98bd","flip":0,"rot":0,"z":1,"y":0,"x":76,"pageNo":14},{"_id":"5572eb6a35a1db51124552d5","itemId":"556886b8bc25a7fe5722cfbf","flip":0,"rot":0,"z":2,"y":38,"x":76,"pageNo":14},{"_id":"5572eb6a35a1db51124552d6","itemId":"54f63c3df89bb9d83cea0506","flip":0,"rot":0,"z":3,"y":19,"x":114,"pageNo":14},{"_id":"5572eb6a35a1db51124552d7","itemId":"54f5e23b579389130c360d30","flip":0,"rot":0,"z":4,"y":57,"x":114,"pageNo":14},{"_id":"5572eb6a35a1db51124552d8","itemId":"54b20affee41b69b10c8ef32","flip":0,"rot":0,"z":5,"y":105,"x":76,"pageNo":14},{"_id":"5572eb6a35a1db51124552d9","itemId":"544410711ad9f8e274f6eaa5","flip":0,"rot":0,"z":6,"y":83,"x":106,"pageNo":14},{"_id":"5572eb6a35a1db51124552da","itemId":"54f6538ef89bb9d83cea0ac9","flip":0,"rot":0,"z":7,"y":120,"x":106,"pageNo":14},{"_id":"5572eb6a35a1db51124552db","itemId":"54a17d074355f1cd0b5923b4","flip":0,"rot":0,"z":8,"y":115,"x":31,"pageNo":14},{"_id":"5572ec36e28e7028271e775e","itemId":"54c66441b60078977eafa0db","flip":0,"rot":0,"z":0,"y":19,"x":10,"pageNo":17},{"_id":"5572ec36e28e7028271e775f","itemId":"54a2d572f879718a7734f041","flip":0,"rot":0,"z":1,"y":19,"x":38,"pageNo":17},{"_id":"5572ec36e28e7028271e7760","itemId":"54c6c71684aec6227d5dc799","flip":0,"rot":0,"z":2,"y":20,"x":67,"pageNo":17},{"_id":"5572ec36e28e7028271e7761","itemId":"54adf0dc5571f7fb2f23bb6f","flip":0,"rot":0,"z":3,"y":86,"x":10,"pageNo":17},{"_id":"5572ec36e28e7028271e7762","itemId":"54c94d963102bf6110001aea","flip":0,"rot":0,"z":4,"y":14,"x":108,"pageNo":17},{"_id":"5572ec36e28e7028271e7763","itemId":"5501cfa178739a930bf64a76","flip":0,"rot":0,"z":5,"y":31,"x":106,"pageNo":17},{"_id":"5572ec36e28e7028271e7764","itemId":"54f8754b8ab5a755224a03ef","flip":0,"rot":0,"z":6,"y":114,"x":86,"pageNo":17},{"_id":"5572ec36e28e7028271e7765","itemId":"54ef5affa638e3f665249d54","flip":0,"rot":0,"z":7,"y":67,"x":114,"pageNo":17},{"_id":"5572ec36e28e7028271e7766","itemId":"54275dd2d4665a7052554ba4","flip":0,"rot":0,"z":8,"y":105,"x":48,"pageNo":17},{"_id":"5572ec36e28e7028271e7767","itemId":"54d0c857a649137d7af2d465","flip":0,"rot":0,"z":9,"y":106,"x":121,"pageNo":17},{"_id":"5572ec607fd8549f6d9cf69c","itemId":"54f8cce80682b9f013db9dfd","flip":0,"rot":0,"z":0,"y":95,"x":19,"pageNo":18},{"_id":"5572ec607fd8549f6d9cf69d","itemId":"550f2e79f0892c0d0818d1fd","flip":0,"rot":0,"z":1,"y":38,"x":86,"pageNo":18},{"_id":"5572ec607fd8549f6d9cf69e","itemId":"551477fbad0af0ca146314f5","flip":0,"rot":0,"z":2,"y":86,"x":86,"pageNo":18},{"_id":"5572ec607fd8549f6d9cf69f","itemId":"550798067697438415f7ab48","flip":0,"rot":0,"z":3,"y":108,"x":27,"pageNo":18},{"_id":"5572ec607fd8549f6d9cf6a0","itemId":"54d0c6051fc2dec82d73bdc7","flip":0,"rot":0,"z":4,"y":127,"x":67,"pageNo":18},{"_id":"5572ec607fd8549f6d9cf6a1","itemId":"54f2b26a532b9b92156e86a6","flip":0,"rot":0,"z":5,"y":115,"x":91,"pageNo":18},{"_id":"5572eca4f5640524275963fd","itemId":"54d009bfd87361e466c8551b","flip":0,"rot":0,"z":0,"y":76,"x":10,"pageNo":19},{"_id":"5572eca4f5640524275963fe","itemId":"54d0e58a9a38079a286d9597","flip":0,"rot":0,"z":1,"y":19,"x":48,"pageNo":19},{"_id":"5572eca4f5640524275963ff","itemId":"53d1d2c3e80658b55007e94f","flip":0,"rot":0,"z":2,"y":11,"x":94,"pageNo":19},{"_id":"5572eca4f564052427596400","itemId":"54b586d4a74f80171089baf9","flip":0,"rot":0,"z":3,"y":43,"x":112,"pageNo":19},{"_id":"5572eca4f564052427596401","itemId":"54cec2af049ce224030fea62","flip":0,"rot":0,"z":4,"y":51,"x":73,"pageNo":19},{"_id":"5572eca4f564052427596402","itemId":"54ca304e0537b4fb135d405d","flip":0,"rot":0,"z":5,"y":83,"x":72,"pageNo":19},{"_id":"5572eca4f564052427596403","itemId":"54c93e64f534d87a6ddcd613","flip":0,"rot":0,"z":6,"y":124,"x":95,"pageNo":19},{"_id":"5572eca4f564052427596404","itemId":"53ea92a87a690c5f4b86d8ce","flip":0,"rot":0,"z":7,"y":86,"x":114,"pageNo":19},{"_id":"5573325c35a1db51124555a8","itemId":"53d1ce0a0a10cff0460565dc","flip":0,"rot":0,"z":0,"y":0,"x":10,"pageNo":20},{"_id":"5573325c35a1db51124555a9","itemId":"550089abcc59db3c362c2097","flip":0,"rot":0,"z":1,"y":19,"x":38,"pageNo":20},{"_id":"5573325c35a1db51124555aa","itemId":"53d1d0510a10cff0460565e0","flip":0,"rot":0,"z":2,"y":10,"x":67,"pageNo":20},{"_id":"5573325c35a1db51124555ab","itemId":"53d19c050a10cff046056580","flip":0,"rot":0,"z":3,"y":10,"x":95,"pageNo":20},{"_id":"5573325c35a1db51124555ac","itemId":"53d19b3be80658b55007e8d0","flip":0,"rot":0,"z":4,"y":29,"x":10,"pageNo":20},{"_id":"5573325c35a1db51124555ad","itemId":"5409c7f34bb0d8a2424408d3","flip":0,"rot":0,"z":5,"y":38,"x":67,"pageNo":20},{"_id":"5573325c35a1db51124555ae","itemId":"5419cd1de4d896311f38dcbe","flip":0,"rot":0,"z":6,"y":38,"x":95,"pageNo":20},{"_id":"5573325c35a1db51124555af","itemId":"54f722da99779c4141461e27","flip":0,"rot":0,"z":7,"y":67,"x":19,"pageNo":20},{"_id":"5573325c35a1db51124555b0","itemId":"548f11f482bdf6cf3ef0ba7e","flip":0,"rot":0,"z":8,"y":114,"x":86,"pageNo":20},{"_id":"5573325c35a1db51124555b1","itemId":"54f26d4160110c8e158b67de","flip":0,"rot":0,"z":9,"y":105,"x":19,"pageNo":20},{"_id":"55735563e28e7028271e7c41","itemId":"54bb0d07afed0c1d2dbe849f","flip":0,"rot":0,"z":0,"y":0,"x":19,"pageNo":10},{"_id":"55735563e28e7028271e7c42","itemId":"54bb0b0efb2b332e490e7ba0","flip":0,"rot":0,"z":1,"y":0,"x":57,"pageNo":10},{"_id":"55735563e28e7028271e7c43","itemId":"54d0c9fa4adf64777a03b62f","flip":0,"rot":0,"z":2,"y":10,"x":95,"pageNo":10},{"_id":"55735563e28e7028271e7c44","itemId":"54c770535820d6830131cb53","flip":0,"rot":0,"z":3,"y":86,"x":105,"pageNo":10},{"_id":"55735563e28e7028271e7c45","itemId":"54e701e82b45f23972fa1bf2","flip":0,"rot":0,"z":4,"y":133,"x":95,"pageNo":10},{"_id":"5574d5e0aa74af1608a7f02f","itemId":"53f7bb7ec59a85b55b098632","flip":0,"rot":0,"z":0,"y":10,"x":133,"pageNo":2},{"_id":"5574d5e0aa74af1608a7f030","itemId":"5435fb22b4138ac44d159930","flip":0,"rot":0,"z":1,"y":29,"x":10,"pageNo":2},{"_id":"5574d5e0aa74af1608a7f031","itemId":"5438862df1c52e774af4c000","flip":0,"rot":0,"z":2,"y":38,"x":38,"pageNo":2},{"_id":"5574d5e0aa74af1608a7f032","itemId":"5558fc1908de74c24213140f","flip":0,"rot":0,"z":3,"y":38,"x":105,"pageNo":2},{"_id":"5574d5e0aa74af1608a7f033","itemId":"5504c6de7cd0e8da5005905f","flip":0,"rot":0,"z":4,"y":66,"x":6,"pageNo":2},{"_id":"5574d5e0aa74af1608a7f034","itemId":"54f63b981f05e80f0c328f9f","flip":0,"rot":0,"z":5,"y":95,"x":95,"pageNo":2},{"_id":"5574d5e0aa74af1608a7f035","itemId":"53f2043a10037eef5414d9bc","flip":0,"rot":0,"z":6,"y":114,"x":76,"pageNo":2},{"_id":"55798c47b858eb19089dacc3","itemId":"53edf73bee68a6dd274c5ee5","flip":0,"rot":0,"z":0,"y":76,"x":57,"pageNo":22},{"_id":"55798c779762a90f78cd47d7","itemId":"5422106038c75be06668adab","flip":0,"rot":0,"z":0,"y":10,"x":19,"pageNo":21},{"_id":"55798c779762a90f78cd47d8","itemId":"55717b33eea5cf22276e458d","flip":0,"rot":0,"z":1,"y":38,"x":19,"pageNo":21},{"_id":"55798c779762a90f78cd47d9","itemId":"556e6637ae0ad5c1201ff2fa","flip":0,"rot":0,"z":2,"y":62,"x":21,"pageNo":21},{"_id":"55798c779762a90f78cd47da","itemId":"54ab2ef2d794779c182b504c","flip":0,"rot":0,"z":3,"y":19,"x":67,"pageNo":21},{"_id":"55798c779762a90f78cd47db","itemId":"53ea59de042b83434227f0e9","flip":0,"rot":0,"z":4,"y":38,"x":57,"pageNo":21},{"_id":"55798c779762a90f78cd47dc","itemId":"54a7613a123f16dc23ee5e10","flip":0,"rot":0,"z":5,"y":10,"x":100,"pageNo":21},{"_id":"55798c779762a90f78cd47dd","itemId":"53ee155694385f314754b407","flip":0,"rot":0,"z":6,"y":29,"x":95,"pageNo":21},{"_id":"55798c779762a90f78cd47de","itemId":"5518c716067556920f2c88dc","flip":0,"rot":0,"z":7,"y":105,"x":86,"pageNo":21},{"_id":"558c21194e8c78292c0f8a6e","itemId":"5534fdb29f2628620462fcfd","flip":0,"rot":0,"z":0,"y":67,"x":38,"pageNo":23},{"_id":"558c21194e8c78292c0f8a6f","itemId":"54f64adca61dba5f54b30527","flip":0,"rot":0,"z":1,"y":19,"x":95,"pageNo":23},{"_id":"558c21194e8c78292c0f8a70","itemId":"5529779a590e1f1751209cb5","flip":0,"rot":0,"z":2,"y":38,"x":95,"pageNo":23},{"_id":"558c21194e8c78292c0f8a71","itemId":"54fbfaa47e54d1080a5b8520","flip":0,"rot":0,"z":3,"y":80,"x":90,"pageNo":23},{"_id":"558c21194e8c78292c0f8a72","itemId":"551ff38a2cef120d084f2ba3","flip":0,"rot":0,"z":4,"y":95,"x":19,"pageNo":23},{"_id":"558f33811d179d264bc0eefc","itemId":"55161f73bce76a410fc15860","flip":0,"rot":0,"z":0,"y":0,"x":10,"pageNo":16},{"_id":"558f33811d179d264bc0eefd","itemId":"54c904eef2f53b350bcb49f5","flip":0,"rot":0,"z":1,"y":67,"x":57,"pageNo":16},{"_id":"558f33811d179d264bc0eefe","itemId":"54ca108b84c7143e1a72875b","flip":0,"rot":0,"z":2,"y":133,"x":86,"pageNo":16},{"_id":"558f33811d179d264bc0eeff","itemId":"54c6c2dfd5d2ce9d7ea5f557","flip":0,"rot":0,"z":3,"y":57,"x":115,"pageNo":16},{"_id":"558f33811d179d264bc0ef00","itemId":"54c540c0a1c2dddc387504fb","flip":0,"rot":0,"z":4,"y":76,"x":10,"pageNo":16},{"_id":"558f33811d179d264bc0ef01","itemId":"54af2be7e7af8b5b48792752","flip":0,"rot":0,"z":5,"y":105,"x":29,"pageNo":16},{"_id":"558f33811d179d264bc0ef02","itemId":"553b0acddbdaa2d26a1d8a4f","flip":0,"rot":0,"z":6,"y":0,"x":124,"pageNo":16},{"_id":"558f33811d179d264bc0ef03","itemId":"54e84ad1a3519b090cafc589","flip":0,"rot":0,"z":7,"y":0,"x":95,"pageNo":16},{"_id":"558f33811d179d264bc0ef04","itemId":"55161f2d57bf0e2a21d47565","flip":0,"rot":0,"z":8,"y":0,"x":67,"pageNo":16},{"_id":"558f33811d179d264bc0ef05","itemId":"55161ee5493c686025a03811","flip":0,"rot":0,"z":9,"y":0,"x":38,"pageNo":16},{"_id":"558f33811d179d264bc0ef06","itemId":"54aaa602d794779c182b4ded","flip":0,"rot":0,"z":10,"y":19,"x":113,"pageNo":16},{"_id":"558f33bb52cdd1c950606bcd","itemId":"54e55093a8ad75b7027d0b1a","flip":0,"rot":0,"z":0,"y":6,"x":60,"pageNo":25},{"_id":"5596ec5271f3d60b1c245450","itemId":"5581ea22790e1c7217144b18","flip":0,"rot":0,"z":0,"y":10,"x":10,"pageNo":24},{"_id":"5596ec5271f3d60b1c245451","itemId":"54b96c68ec2754e325e2064f","flip":0,"rot":0,"z":1,"y":6,"x":45,"pageNo":24},{"_id":"5596ec5271f3d60b1c245452","itemId":"5477add7249d0d5a4082138e","flip":0,"rot":0,"z":2,"y":6,"x":91,"pageNo":24},{"_id":"5596ec5271f3d60b1c245453","itemId":"54aa8947e573eeb909d67788","flip":0,"rot":0,"z":3,"y":12,"x":122,"pageNo":24},{"_id":"5596ec5271f3d60b1c245454","itemId":"557422d035a1db5112455c5c","flip":0,"rot":0,"z":4,"y":46,"x":12,"pageNo":24},{"_id":"5596ec5271f3d60b1c245455","itemId":"54f2074060110c8e158b608b","flip":0,"rot":0,"z":5,"y":48,"x":48,"pageNo":24},{"_id":"5596ec5271f3d60b1c245456","itemId":"54061f8f96ef041d78235fb3","flip":0,"rot":0,"z":6,"y":35,"x":79,"pageNo":24},{"_id":"5596ec5271f3d60b1c245457","itemId":"53dee27fe9ec3f8e7ae630a5","flip":0,"rot":0,"z":7,"y":48,"x":114,"pageNo":24},{"_id":"5596ec5271f3d60b1c245458","itemId":"54ae0ea758d97dea59c58564","flip":0,"rot":0,"z":8,"y":67,"x":124,"pageNo":24},{"_id":"5596ec5271f3d60b1c245459","itemId":"5565a218561a4ca045d501fc","flip":0,"rot":0,"z":9,"y":105,"x":38,"pageNo":24},{"_id":"5596ec5271f3d60b1c24545a","itemId":"5564b7feb87b260f75e8a331","flip":0,"rot":0,"z":10,"y":124,"x":124,"pageNo":24},{"_id":"5596ec6ccbc6b14d194f4f6b","itemId":"556f47600e39880a1009c2db","flip":0,"rot":0,"z":0,"y":19,"x":48,"pageNo":26},{"_id":"5596ec6ccbc6b14d194f4f6c","itemId":"5568890d56ca6104581e04b0","flip":0,"rot":0,"z":1,"y":124,"x":86,"pageNo":26},{"_id":"5596ec7b71f3d60b1c24545c","itemId":"557617f735a1db51124565c9","flip":0,"rot":0,"z":0,"y":29,"x":105,"pageNo":27},{"_id":"5687054417e2b70e0b105637","itemId":"54f75fd4e79be59047084895","flip":0,"rot":0,"z":0,"y":10,"x":29,"pageNo":1},{"_id":"5687054417e2b70e0b105638","itemId":"54b166376dfbde096a8cbe29","flip":0,"rot":0,"z":1,"y":19,"x":88,"pageNo":1},{"_id":"5687054417e2b70e0b105639","itemId":"54bbd55cf033e1361e2da6af","flip":0,"rot":0,"z":2,"y":12,"x":116,"pageNo":1},{"_id":"5687054417e2b70e0b10563a","itemId":"553d646cdbdaa2d26a1da3ff","flip":0,"rot":0,"z":3,"y":48,"x":10,"pageNo":1},{"_id":"5687054417e2b70e0b10563b","itemId":"548d816a1c55d272317f3727","flip":0,"rot":0,"z":4,"y":40,"x":45,"pageNo":1},{"_id":"5687054417e2b70e0b10563c","itemId":"545e74c72fd9f0d745b7f2f9","flip":0,"rot":0,"z":5,"y":76,"x":10,"pageNo":1},{"_id":"5687054417e2b70e0b10563d","itemId":"53e78f73688f381d3f2dcec0","flip":0,"rot":0,"z":6,"y":42,"x":47,"pageNo":1},{"_id":"5687054417e2b70e0b10563e","itemId":"53d4461e56e404981dd29666","flip":0,"rot":0,"z":7,"y":67,"x":48,"pageNo":1},{"_id":"5687054417e2b70e0b10563f","itemId":"5428b4bad72905ba29897805","flip":0,"rot":0,"z":8,"y":54,"x":84,"pageNo":1},{"_id":"5687054417e2b70e0b105640","itemId":"54a445a4123f16dc23ee4ff7","flip":0,"rot":0,"z":9,"y":86,"x":113,"pageNo":1},{"_id":"5687054417e2b70e0b105641","itemId":"54e20f96ea71c30c52871c28","flip":0,"rot":0,"z":10,"y":107,"x":33,"pageNo":1},{"_id":"5687054417e2b70e0b105642","itemId":"5430cce69a6341107844bc38","flip":0,"rot":0,"z":11,"y":68,"x":48,"pageNo":1},{"_id":"5687054417e2b70e0b105643","itemId":"55858bb533068ac84ca46476","flip":0,"rot":0,"z":12,"y":48,"x":114,"pageNo":1}]}