{"isCreator":false,"contents":[{"_id":"5570ebb9e4f38b1c088d5707","itemId":"53d0ad57e80658b55007e786","flip":0,"rot":0,"z":0,"y":10,"x":12,"pageNo":0},{"_id":"5570ebb9e4f38b1c088d5708","itemId":"52f27c253e18b98d39000136","flip":0,"rot":0,"z":1,"y":10,"x":38,"pageNo":0},{"_id":"5570ebb9e4f38b1c088d5709","itemId":"5320fc8e0aa71d3d19000079","flip":0,"rot":0,"z":2,"y":14,"x":71,"pageNo":0},{"_id":"5570ebb9e4f38b1c088d570a","itemId":"53464ad067c85f823d00015b","flip":0,"rot":0,"z":3,"y":19,"x":95,"pageNo":0},{"_id":"5570ebb9e4f38b1c088d570b","itemId":"5367d798fa1846ec5600007c","flip":0,"rot":0,"z":4,"y":38,"x":19,"pageNo":0},{"_id":"5570ebb9e4f38b1c088d570c","itemId":"5302ea84794322066300015c","flip":0,"rot":0,"z":5,"y":29,"x":57,"pageNo":0},{"_id":"5570ebb9e4f38b1c088d570d","itemId":"5307d8f4fd8f21ce0a00019b","flip":0,"rot":0,"z":6,"y":11,"x":126,"pageNo":0},{"_id":"5570ebb9e4f38b1c088d570e","itemId":"54612b22c8a96e26571a709a","flip":0,"rot":0,"z":7,"y":38,"x":124,"pageNo":0},{"_id":"5570ebb9e4f38b1c088d570f","itemId":"53094ced7a56ca010a0004a3","flip":0,"rot":0,"z":8,"y":54,"x":92,"pageNo":0},{"_id":"5570ebb9e4f38b1c088d5710","itemId":"5355462b6686493e230008d3","flip":0,"rot":0,"z":9,"y":76,"x":10,"pageNo":0},{"_id":"5570ebb9e4f38b1c088d5711","itemId":"52f34d1e3841c87a3e00027d","flip":0,"rot":0,"z":10,"y":67,"x":48,"pageNo":0},{"_id":"5570ebb9e4f38b1c088d5712","itemId":"52fd430d8428e5267d0002c7","flip":0,"rot":0,"z":11,"y":76,"x":124,"pageNo":0},{"_id":"5570ebb9e4f38b1c088d5713","itemId":"5320fc8e0aa71d3d19000079","flip":0,"rot":0,"z":12,"y":76,"x":76,"pageNo":0},{"_id":"5570ebb9e4f38b1c088d5714","itemId":"55144097d41623110c389275","flip":0,"rot":0,"z":13,"y":101,"x":51,"pageNo":0},{"_id":"5570ebb9e4f38b1c088d5715","itemId":"54eafd8cac9390d6093111b1","flip":0,"rot":0,"z":14,"y":107,"x":79,"pageNo":0},{"_id":"5570ebb9e4f38b1c088d5716","itemId":"535a98266686493e23001015","flip":0,"rot":0,"z":15,"y":105,"x":105,"pageNo":0},{"_id":"5570ebb9e4f38b1c088d5717","itemId":"53742fbe34196aea3ba4a750","flip":0,"rot":0,"z":16,"y":114,"x":10,"pageNo":0},{"_id":"5570ebb9e4f38b1c088d5718","itemId":"5374303674a90a1b3c2efad3","flip":0,"rot":0,"z":17,"y":134,"x":48,"pageNo":0},{"_id":"5570ebb9e4f38b1c088d5719","itemId":"5366d2311a2c912b2c000888","flip":0,"rot":0,"z":18,"y":134,"x":88,"pageNo":0},{"_id":"5570ebde7fd8549f6d9cea0b","itemId":"534980ed21b7ddb13400010b","flip":0,"rot":0,"z":0,"y":19,"x":19,"pageNo":2},{"_id":"5570ebde7fd8549f6d9cea0c","itemId":"52e9c196d9749356330000d6","flip":0,"rot":0,"z":1,"y":10,"x":57,"pageNo":2},{"_id":"5570ebde7fd8549f6d9cea0d","itemId":"545b8d5572d60a563c47ae7b","flip":0,"rot":0,"z":2,"y":10,"x":86,"pageNo":2},{"_id":"5570ebde7fd8549f6d9cea0e","itemId":"54eb2402e0820cd70b0f2dd7","flip":0,"rot":0,"z":3,"y":10,"x":124,"pageNo":2},{"_id":"5570ebde7fd8549f6d9cea0f","itemId":"54eb4fa0669fd9d90bb72c10","flip":0,"rot":0,"z":4,"y":29,"x":124,"pageNo":2},{"_id":"5570ebde7fd8549f6d9cea10","itemId":"54eb4f89056488b213f6848f","flip":0,"rot":0,"z":5,"y":48,"x":124,"pageNo":2},{"_id":"5570ebde7fd8549f6d9cea11","itemId":"550a50c22271352e1a7d44d7","flip":0,"rot":0,"z":6,"y":38,"x":57,"pageNo":2},{"_id":"5570ebde7fd8549f6d9cea12","itemId":"543fe64fa3f1c4710cf8aaac","flip":0,"rot":0,"z":7,"y":25,"x":86,"pageNo":2},{"_id":"5570ebde7fd8549f6d9cea13","itemId":"54ef5b3fac3381393c3cbaa8","flip":0,"rot":0,"z":8,"y":48,"x":10,"pageNo":2},{"_id":"5570ebde7fd8549f6d9cea14","itemId":"531ce858fad6d9f02f00032d","flip":0,"rot":0,"z":9,"y":69,"x":32,"pageNo":2},{"_id":"5570ebde7fd8549f6d9cea15","itemId":"5498f6e6ee94480902a7fb0b","flip":0,"rot":0,"z":10,"y":67,"x":86,"pageNo":2},{"_id":"5570ebde7fd8549f6d9cea16","itemId":"51e460ea134794940a00000a","flip":0,"rot":0,"z":11,"y":86,"x":10,"pageNo":2},{"_id":"5570ebde7fd8549f6d9cea17","itemId":"53e3df9e9d9883b858b5fa7a","flip":0,"rot":0,"z":12,"y":67,"x":57,"pageNo":2},{"_id":"5570ebde7fd8549f6d9cea18","itemId":"54a555862c6535e0230d6a0b","flip":0,"rot":0,"z":13,"y":86,"x":114,"pageNo":2},{"_id":"5570ebde7fd8549f6d9cea19","itemId":"5496dd0ae0f9a6b468954fda","flip":0,"rot":0,"z":14,"y":114,"x":48,"pageNo":2},{"_id":"5570ebde7fd8549f6d9cea1a","itemId":"5302b526026406156b000129","flip":0,"rot":0,"z":15,"y":95,"x":86,"pageNo":2},{"_id":"5570ebde7fd8549f6d9cea1b","itemId":"52a490d1b70f30286800001c","flip":0,"rot":0,"z":16,"y":124,"x":97,"pageNo":2},{"_id":"55898e45f28b326b156f23ea","itemId":"54e92a4a6d7e72626d326155","flip":0,"rot":0,"z":0,"y":19,"x":19,"pageNo":1},{"_id":"55898e45f28b326b156f23eb","itemId":"53565285df6b0c465e000abf","flip":0,"rot":0,"z":1,"y":10,"x":67,"pageNo":1},{"_id":"55898e45f28b326b156f23ec","itemId":"54a9a727fe0a762727074e29","flip":0,"rot":0,"z":2,"y":10,"x":105,"pageNo":1},{"_id":"55898e45f28b326b156f23ed","itemId":"52ff3e5cb9cd12a42e0000d1","flip":0,"rot":0,"z":3,"y":29,"x":114,"pageNo":1},{"_id":"55898e45f28b326b156f23ee","itemId":"54ecc9290327de87264a7857","flip":0,"rot":0,"z":4,"y":48,"x":48,"pageNo":1},{"_id":"55898e45f28b326b156f23ef","itemId":"54e4f07b4f35bd0d320d5665","flip":0,"rot":0,"z":5,"y":48,"x":86,"pageNo":1},{"_id":"55898e45f28b326b156f23f0","itemId":"5404c0272173482d50e039c6","flip":0,"rot":0,"z":6,"y":76,"x":29,"pageNo":1},{"_id":"55898e45f28b326b156f23f1","itemId":"536a58857e5ed70379000005","flip":0,"rot":0,"z":7,"y":67,"x":105,"pageNo":1},{"_id":"55898e45f28b326b156f23f2","itemId":"543fac8477da5f6977571807","flip":0,"rot":0,"z":8,"y":86,"x":67,"pageNo":1},{"_id":"55898e45f28b326b156f23f3","itemId":"5370285cfac7f08b10000560","flip":0,"rot":0,"z":9,"y":105,"x":10,"pageNo":1},{"_id":"55898e45f28b326b156f23f4","itemId":"52ff29e5b9cd12a42e0000bc","flip":0,"rot":0,"z":10,"y":105,"x":114,"pageNo":1},{"_id":"55898e45f28b326b156f23f5","itemId":"53934aa50417c8741f741666","flip":0,"rot":0,"z":11,"y":119,"x":52,"pageNo":1},{"_id":"55898e45f28b326b156f23f6","itemId":"53a10784617f1ea72506da6e","flip":0,"rot":0,"z":12,"y":124,"x":95,"pageNo":1},{"_id":"55898e45f28b326b156f23f7","itemId":"54e9641fb6a1d74217a1c70e","flip":0,"rot":0,"z":13,"y":57,"x":10,"pageNo":1},{"_id":"558f326eabd245b15302f228","itemId":"53205e9cf5a877a6450000f7","flip":0,"rot":0,"z":0,"y":19,"x":19,"pageNo":3},{"_id":"558f326eabd245b15302f229","itemId":"53205eb66a1075a274000108","flip":0,"rot":0,"z":1,"y":16,"x":50,"pageNo":3},{"_id":"558f326eabd245b15302f22a","itemId":"532063dcf5a877a6450000fe","flip":0,"rot":0,"z":2,"y":19,"x":86,"pageNo":3},{"_id":"558f326eabd245b15302f22b","itemId":"5472c9dca0c1fa5817f144de","flip":0,"rot":0,"z":3,"y":10,"x":124,"pageNo":3},{"_id":"558f326eabd245b15302f22c","itemId":"52f0115e357c9ec124000012","flip":0,"rot":0,"z":4,"y":57,"x":38,"pageNo":3},{"_id":"558f326eabd245b15302f22d","itemId":"5417513c49031f1a45aec810","flip":0,"rot":0,"z":5,"y":57,"x":67,"pageNo":3},{"_id":"558f326eabd245b15302f22e","itemId":"53095ff77a56ca010a0004f9","flip":0,"rot":0,"z":6,"y":57,"x":95,"pageNo":3},{"_id":"558f326eabd245b15302f22f","itemId":"54a5556028ffe7fb7b691537","flip":0,"rot":0,"z":7,"y":57,"x":124,"pageNo":3},{"_id":"558f326eabd245b15302f230","itemId":"53085fafd9989a61420002b4","flip":0,"rot":0,"z":8,"y":95,"x":19,"pageNo":3},{"_id":"558f326eabd245b15302f231","itemId":"54e71edb5a6a7c1b124d7f64","flip":0,"rot":0,"z":9,"y":57,"x":10,"pageNo":3},{"_id":"558f326eabd245b15302f232","itemId":"54a1daf36b41bcb101e9d47d","flip":0,"rot":0,"z":10,"y":95,"x":114,"pageNo":3},{"_id":"558f326eabd245b15302f233","itemId":"53795ebf709a076801c35bb9","flip":0,"rot":0,"z":11,"y":95,"x":86,"pageNo":3},{"_id":"558f326eabd245b15302f234","itemId":"5374f0e19819e0a758e07363","flip":0,"rot":0,"z":12,"y":95,"x":57,"pageNo":3},{"_id":"558f326eabd245b15302f235","itemId":"52dddfa5ac974972560001c0","flip":0,"rot":0,"z":13,"y":121,"x":86,"pageNo":3},{"_id":"558f326eabd245b15302f236","itemId":"53c4e14e2487bf6f581f7432","flip":0,"rot":0,"z":14,"y":124,"x":57,"pageNo":3},{"_id":"5687052ae75577da119b4fbb","itemId":"54402707be2a81780e5e505b","flip":0,"rot":0,"z":0,"y":10,"x":10,"pageNo":4},{"_id":"5687052ae75577da119b4fbc","itemId":"544d812520ed3f1341677f26","flip":0,"rot":0,"z":1,"y":11,"x":39,"pageNo":4},{"_id":"5687052ae75577da119b4fbd","itemId":"53b4aa871477c5fb26d45f83","flip":0,"rot":0,"z":2,"y":12,"x":74,"pageNo":4},{"_id":"5687052ae75577da119b4fbe","itemId":"53657c037775df240900079c","flip":0,"rot":0,"z":3,"y":11,"x":111,"pageNo":4},{"_id":"5687052ae75577da119b4fbf","itemId":"5255f9d1c8169c5e50000055","flip":0,"rot":0,"z":4,"y":34,"x":9,"pageNo":4},{"_id":"5687052ae75577da119b4fc0","itemId":"550f93546cb6cd0624385c32","flip":0,"rot":0,"z":5,"y":40,"x":37,"pageNo":4},{"_id":"5687052ae75577da119b4fc1","itemId":"525755e67fdf36c141000027","flip":0,"rot":0,"z":6,"y":38,"x":71,"pageNo":4},{"_id":"5687052ae75577da119b4fc2","itemId":"5509953e7d99c454174f494b","flip":0,"rot":0,"z":7,"y":42,"x":106,"pageNo":4},{"_id":"5687052ae75577da119b4fc3","itemId":"53f10954771e733635278477","flip":0,"rot":0,"z":8,"y":67,"x":10,"pageNo":4},{"_id":"5687052ae75577da119b4fc4","itemId":"5586d3ce4e6ce69652beae16","flip":0,"rot":0,"z":9,"y":69,"x":43,"pageNo":4},{"_id":"5687052ae75577da119b4fc5","itemId":"55882d4daa55f0ae2b79462e","flip":0,"rot":0,"z":10,"y":67,"x":67,"pageNo":4}]}