{"isCreator":false,"contents":[{"_id":"55dcbf02c9d659453d277906","itemId":"55d222605329c2161610a67d","flip":0,"rot":0,"z":0,"y":3,"x":1,"pageNo":0},{"_id":"55dcbf02c9d659453d277907","itemId":"55d379634d28a85e380b8864","flip":0,"rot":0,"z":1,"y":4,"x":31,"pageNo":0},{"_id":"55dcbf02c9d659453d277908","itemId":"55d61ac81f0e95e459cc7091","flip":0,"rot":0,"z":2,"y":7,"x":53,"pageNo":0},{"_id":"55dcbf02c9d659453d277909","itemId":"55d6394bc6c462e0590ff1cf","flip":0,"rot":0,"z":3,"y":12,"x":81,"pageNo":0},{"_id":"55dcbf02c9d659453d27790a","itemId":"55d740ada89e448b6d92b636","flip":0,"rot":0,"z":4,"y":16,"x":115,"pageNo":0},{"_id":"55dcbf02c9d659453d27790b","itemId":"55d7470706afbfb23b1cb18b","flip":0,"rot":0,"z":5,"y":49,"x":1,"pageNo":0},{"_id":"55dcbf02c9d659453d27790c","itemId":"55d76b3360bc9f127156ed29","flip":0,"rot":0,"z":6,"y":45,"x":29,"pageNo":0},{"_id":"55dcbf02c9d659453d27790d","itemId":"55d7cd952d002d4773d13707","flip":0,"rot":0,"z":7,"y":48,"x":59,"pageNo":0},{"_id":"55dcbf02c9d659453d27790e","itemId":"55d9c051efe686a6019d1aa3","flip":0,"rot":0,"z":8,"y":55,"x":98,"pageNo":0},{"_id":"55dcbf02c9d659453d27790f","itemId":"55d9de726727d4267f854570","flip":0,"rot":0,"z":9,"y":73,"x":1,"pageNo":0},{"_id":"55dcbf02c9d659453d277910","itemId":"55da6c77cdef61c27fdd4c7f","flip":0,"rot":0,"z":10,"y":76,"x":33,"pageNo":0},{"_id":"55dcbf02c9d659453d277911","itemId":"55db292bbe88ab6a32d11877","flip":0,"rot":0,"z":11,"y":80,"x":66,"pageNo":0},{"_id":"55dcbf02c9d659453d277912","itemId":"55db2b7704fbff7128667abf","flip":0,"rot":0,"z":12,"y":82,"x":104,"pageNo":0},{"_id":"55ef4118ac8cb4c63ae1d4cd","itemId":"55db2d63b9d61e4c290726dc","flip":0,"rot":0,"z":0,"y":10,"x":6,"pageNo":1},{"_id":"55ef4118ac8cb4c63ae1d4ce","itemId":"55dc7973f38836c43d31b326","flip":0,"rot":0,"z":1,"y":12,"x":36,"pageNo":1},{"_id":"55ef4118ac8cb4c63ae1d4cf","itemId":"55dcb831de9e84433dc005ef","flip":0,"rot":0,"z":2,"y":13,"x":78,"pageNo":1},{"_id":"55ef4118ac8cb4c63ae1d4d0","itemId":"55dcbc28f2a193c23d427887","flip":0,"rot":0,"z":3,"y":14,"x":111,"pageNo":1},{"_id":"55ef4118ac8cb4c63ae1d4d1","itemId":"55dcbdb6f38836c43d31b495","flip":0,"rot":0,"z":4,"y":53,"x":7,"pageNo":1},{"_id":"55ef4118ac8cb4c63ae1d4d2","itemId":"55ec51ee6af1d5510f348348","flip":0,"rot":0,"z":5,"y":57,"x":56,"pageNo":1},{"_id":"55ef4118ac8cb4c63ae1d4d3","itemId":"55eef089aa996b933afb5834","flip":0,"rot":0,"z":6,"y":62,"x":115,"pageNo":1}]}