{"isCreator":false,"contents":[{"_id":"55de39ee81ec378a533f6232","itemId":"55de3678397682af519d220b","flip":0,"rot":0,"z":0,"y":2,"x":5,"pageNo":0},{"_id":"55de39ee81ec378a533f6233","itemId":"55de36b63548a7895384e953","flip":0,"rot":0,"z":1,"y":5,"x":23,"pageNo":0},{"_id":"55de39ee81ec378a533f6234","itemId":"55dcdd8e06a06c0343ebabe0","flip":0,"rot":0,"z":2,"y":3,"x":40,"pageNo":0},{"_id":"55de39ee81ec378a533f6235","itemId":"55de36fd2550cc9352130aef","flip":0,"rot":0,"z":3,"y":3,"x":58,"pageNo":0},{"_id":"55de39ee81ec378a533f6236","itemId":"55de36fd2550cc9352130aef","flip":0,"rot":0,"z":4,"y":3,"x":95,"pageNo":0},{"_id":"55de39ee81ec378a533f6237","itemId":"54f7996a0d1ae72b3942d6f3","flip":0,"rot":0,"z":5,"y":4,"x":114,"pageNo":0},{"_id":"55de39ee81ec378a533f6238","itemId":"54f6177fb8bc838e18f31d9b","flip":0,"rot":0,"z":6,"y":4,"x":132,"pageNo":0},{"_id":"55de39ee81ec378a533f6239","itemId":"55de381c5175c1b0514d9350","flip":0,"rot":0,"z":7,"y":0,"x":75,"pageNo":0},{"_id":"55de39ee81ec378a533f623a","itemId":"55de3907561894e03cd59bbc","flip":0,"rot":0,"z":8,"y":25,"x":3,"pageNo":0}]}