{"isCreator":false,"contents":[{"_id":"55ef027a472472e836e0c10a","itemId":"55eeeac35db6af6337aec189","flip":0,"rot":0,"z":0,"y":14,"x":14,"pageNo":0},{"_id":"55ef027a472472e836e0c10b","itemId":"55eee944d1427d913aa3c71c","flip":0,"rot":0,"z":1,"y":15,"x":75,"pageNo":0},{"_id":"55ef027a472472e836e0c10c","itemId":"55eca860f8a0596e107e0584","flip":0,"rot":0,"z":2,"y":20,"x":45,"pageNo":0},{"_id":"55ef027a472472e836e0c10d","itemId":"55ece1ebf8a0596e107e0702","flip":0,"rot":0,"z":3,"y":4,"x":45,"pageNo":0},{"_id":"55ef027a472472e836e0c10e","itemId":"55ece5eb6af1d5510f3487e4","flip":0,"rot":0,"z":4,"y":15,"x":107,"pageNo":0},{"_id":"55ef027a472472e836e0c10f","itemId":"55d7d06f23d7b04473f83773","flip":0,"rot":0,"z":5,"y":51,"x":98,"pageNo":0}]}