{"isCreator":false,"contents":[{"_id":"5622af0a96b9d5415c6ce43c","itemId":"559cdce7a1f8d4b349d500a6","flip":0,"rot":0,"z":0,"y":9,"x":9,"pageNo":0},{"_id":"5622af0a96b9d5415c6ce43d","itemId":"54491f5c2fb5c4512d58a47d","flip":0,"rot":0,"z":1,"y":12,"x":33,"pageNo":0},{"_id":"5622af0a96b9d5415c6ce43e","itemId":"5338cf1aa591fc147c00068d","flip":0,"rot":0,"z":2,"y":6,"x":57,"pageNo":0},{"_id":"5622af0a96b9d5415c6ce43f","itemId":"544a86c28e60dc2b763ea008","flip":0,"rot":0,"z":3,"y":7,"x":76,"pageNo":0},{"_id":"5622af0a96b9d5415c6ce440","itemId":"544a86c28e60dc2b763ea008","flip":0,"rot":0,"z":4,"y":7,"x":99,"pageNo":0},{"_id":"5622af0a96b9d5415c6ce441","itemId":"53e8295231fa22bc164fbe6c","flip":0,"rot":0,"z":5,"y":8,"x":122,"pageNo":0},{"_id":"5622af0a96b9d5415c6ce442","itemId":"546f533beb9928d3710d76a9","flip":0,"rot":0,"z":6,"y":30,"x":133,"pageNo":0},{"_id":"5622af0a96b9d5415c6ce443","itemId":"53e6013f4c2ffbda119e75db","flip":0,"rot":0,"z":7,"y":29,"x":109,"pageNo":0},{"_id":"5622af0a96b9d5415c6ce444","itemId":"53c688730397fe1235f06eda","flip":0,"rot":0,"z":8,"y":25,"x":90,"pageNo":0},{"_id":"5622af0a96b9d5415c6ce445","itemId":"53e3ec8beb15a0fb2e0412a9","flip":0,"rot":0,"z":9,"y":27,"x":71,"pageNo":0},{"_id":"5622af0a96b9d5415c6ce446","itemId":"53411d752e8837e75a000389","flip":0,"rot":0,"z":10,"y":26,"x":51,"pageNo":0},{"_id":"5622af0a96b9d5415c6ce447","itemId":"53e3db763e31a07f46f3d47d","flip":0,"rot":0,"z":11,"y":27,"x":29,"pageNo":0},{"_id":"5622af0a96b9d5415c6ce448","itemId":"53e3e30f9d9883b858b5fa84","flip":0,"rot":0,"z":12,"y":26,"x":6,"pageNo":0},{"_id":"5622af0a96b9d5415c6ce449","itemId":"55d6405a0190aabc5a07f45f","flip":0,"rot":0,"z":13,"y":51,"x":2,"pageNo":0},{"_id":"5622af0a96b9d5415c6ce44a","itemId":"55f77685de6f53791d054ce1","flip":0,"rot":0,"z":14,"y":54,"x":26,"pageNo":0},{"_id":"5622af0a96b9d5415c6ce44b","itemId":"5430a5a4ef2d0a25752df80b","flip":0,"rot":0,"z":15,"y":53,"x":47,"pageNo":0},{"_id":"5622af0a96b9d5415c6ce44c","itemId":"527b96372876450e63000071","flip":0,"rot":0,"z":16,"y":50,"x":69,"pageNo":0},{"_id":"5622af0a96b9d5415c6ce44d","itemId":"548375ccc6077cdd7463d061","flip":0,"rot":0,"z":17,"y":50,"x":87,"pageNo":0},{"_id":"5622af0a96b9d5415c6ce44e","itemId":"527b969c1326f6c07100005b","flip":0,"rot":0,"z":18,"y":51,"x":108,"pageNo":0},{"_id":"5622af0a96b9d5415c6ce44f","itemId":"52efa4b27a68bc4621000010","flip":0,"rot":0,"z":19,"y":54,"x":132,"pageNo":0},{"_id":"5622af0a96b9d5415c6ce450","itemId":"54c05d252d923dcb456242e7","flip":0,"rot":0,"z":20,"y":73,"x":4,"pageNo":0},{"_id":"5622af0a96b9d5415c6ce451","itemId":"5280287d1b1e89522d0001ad","flip":0,"rot":0,"z":21,"y":71,"x":28,"pageNo":0},{"_id":"5622af0a96b9d5415c6ce452","itemId":"527b94d7b434563e6900006f","flip":0,"rot":0,"z":22,"y":72,"x":50,"pageNo":0},{"_id":"5622af0a96b9d5415c6ce453","itemId":"54b6ab9de8248a8c1be0386a","flip":0,"rot":0,"z":23,"y":74,"x":70,"pageNo":0},{"_id":"5622af0a96b9d5415c6ce454","itemId":"54b6ab6df57842bc3e4cc23d","flip":0,"rot":0,"z":24,"y":72,"x":88,"pageNo":0},{"_id":"5622af0a96b9d5415c6ce455","itemId":"53b43fc1b4e092ca249958df","flip":0,"rot":0,"z":25,"y":73,"x":110,"pageNo":0},{"_id":"5622af0a96b9d5415c6ce456","itemId":"527b9712b434563e69000071","flip":0,"rot":0,"z":26,"y":74,"x":129,"pageNo":0},{"_id":"5622af0a96b9d5415c6ce457","itemId":"536a876aa4cd811b0400004c","flip":0,"rot":0,"z":27,"y":114,"x":11,"pageNo":0},{"_id":"5622af0a96b9d5415c6ce458","itemId":"536a85fa9a0d4ad427000049","flip":0,"rot":0,"z":28,"y":113,"x":37,"pageNo":0},{"_id":"5622af0a96b9d5415c6ce459","itemId":"542d41e25e721c800ec660d7","flip":0,"rot":0,"z":29,"y":98,"x":12,"pageNo":0},{"_id":"5622af0a96b9d5415c6ce45a","itemId":"542d46d4cd849f12296273d0","flip":0,"rot":0,"z":30,"y":99,"x":44,"pageNo":0},{"_id":"5622af0a96b9d5415c6ce45b","itemId":"54492d973b0a1b79126c6c2c","flip":0,"rot":0,"z":31,"y":115,"x":59,"pageNo":0},{"_id":"5622af0a96b9d5415c6ce45c","itemId":"536a8af8a4cd811b04000056","flip":0,"rot":0,"z":32,"y":97,"x":75,"pageNo":0},{"_id":"5622af0a96b9d5415c6ce45d","itemId":"53c9543a1cc8be6c0a3758a8","flip":0,"rot":0,"z":33,"y":94,"x":95,"pageNo":0},{"_id":"5622af0a96b9d5415c6ce45e","itemId":"549029436fa47df1637ad477","flip":0,"rot":0,"z":34,"y":97,"x":126,"pageNo":0}]}