{"isCreator":false,"contents":[{"_id":"5681eb43f40523211d9a8493","itemId":"5300a82f93532c7752000011","flip":0,"rot":0,"z":0,"y":29,"x":8,"pageNo":0},{"_id":"5681eb43f40523211d9a8494","itemId":"5300a9ec93532c7752000014","flip":0,"rot":0,"z":1,"y":8,"x":9,"pageNo":0},{"_id":"5681eb43f40523211d9a8495","itemId":"53e9348b736874c115a5d025","flip":0,"rot":0,"z":2,"y":28,"x":39,"pageNo":0},{"_id":"5681eb43f40523211d9a8496","itemId":"53e934aa307eac506fcc7077","flip":0,"rot":0,"z":3,"y":9,"x":38,"pageNo":0},{"_id":"5681eb43f40523211d9a8497","itemId":"54a5516339d4178c35be5e9a","flip":0,"rot":0,"z":4,"y":27,"x":69,"pageNo":0},{"_id":"5681eb43f40523211d9a8498","itemId":"54a6cd18c1e0428311c5eb2e","flip":0,"rot":0,"z":5,"y":29,"x":95,"pageNo":0},{"_id":"5681eb43f40523211d9a8499","itemId":"53aae5edd913f7eb372923e0","flip":0,"rot":0,"z":6,"y":30,"x":124,"pageNo":0},{"_id":"5681eb43f40523211d9a849a","itemId":"53aae30aa315469039574cf0","flip":0,"rot":0,"z":7,"y":10,"x":123,"pageNo":0},{"_id":"5681eb43f40523211d9a849b","itemId":"54d9b28eee62ebf8367019ee","flip":0,"rot":0,"z":8,"y":61,"x":11,"pageNo":0},{"_id":"5681eb43f40523211d9a849c","itemId":"5357409933d5a59e7f000ce9","flip":0,"rot":0,"z":9,"y":76,"x":38,"pageNo":0},{"_id":"5681eb43f40523211d9a849d","itemId":"532f2f3b4b351a1e680003ea","flip":0,"rot":0,"z":10,"y":76,"x":67,"pageNo":0},{"_id":"5681eb43f40523211d9a849e","itemId":"54ea31025ddbbfd7093b88da","flip":0,"rot":0,"z":11,"y":76,"x":94,"pageNo":0},{"_id":"5681eb43f40523211d9a849f","itemId":"54ea356e5ddbbfd7093b88f5","flip":0,"rot":0,"z":12,"y":56,"x":95,"pageNo":0},{"_id":"5681eb43f40523211d9a84a0","itemId":"52ce111fd0f1fe5f3e00008c","flip":0,"rot":0,"z":13,"y":74,"x":124,"pageNo":0},{"_id":"5681eb43f40523211d9a84a1","itemId":"52ce113c779c825d0400009e","flip":0,"rot":0,"z":14,"y":57,"x":121,"pageNo":0},{"_id":"5681eb43f40523211d9a84a2","itemId":"54ef6c7bddc622bd3d00a63a","flip":0,"rot":0,"z":15,"y":124,"x":38,"pageNo":0},{"_id":"5681eb43f40523211d9a84a3","itemId":"549753a1e3cc3bc97d9b82c9","flip":0,"rot":0,"z":16,"y":124,"x":68,"pageNo":0},{"_id":"5681eb43f40523211d9a84a4","itemId":"552070002cef120d084f2fd7","flip":0,"rot":0,"z":17,"y":124,"x":95,"pageNo":0},{"_id":"5681eb43f40523211d9a84a5","itemId":"54d636b4fe42297858c4a3e3","flip":0,"rot":0,"z":18,"y":105,"x":7,"pageNo":0},{"_id":"5681eb43f40523211d9a84a6","itemId":"54d6372b6ab3936e5430a575","flip":0,"rot":0,"z":19,"y":125,"x":6,"pageNo":0},{"_id":"5681eb640cf8b4a4139be4b2","itemId":"54f63b981f05e80f0c328f9f","flip":0,"rot":0,"z":0,"y":48,"x":10,"pageNo":1},{"_id":"5681eb640cf8b4a4139be4b3","itemId":"54f63ba5294d2a8c1812bfe9","flip":0,"rot":0,"z":1,"y":48,"x":29,"pageNo":1},{"_id":"5681eb640cf8b4a4139be4b4","itemId":"54f63b53294d2a8c1812bfdf","flip":0,"rot":0,"z":2,"y":10,"x":114,"pageNo":1},{"_id":"5681eb640cf8b4a4139be4b5","itemId":"555b76ee08de74c2421330ee","flip":0,"rot":0,"z":3,"y":48,"x":114,"pageNo":1},{"_id":"5681eb640cf8b4a4139be4b6","itemId":"555b76ee08de74c2421330ee","flip":0,"rot":0,"z":4,"y":67,"x":114,"pageNo":1},{"_id":"5681eb640cf8b4a4139be4b7","itemId":"54f63b5ca38b80110c9e77ca","flip":0,"rot":0,"z":5,"y":10,"x":95,"pageNo":1},{"_id":"5681eb640cf8b4a4139be4b8","itemId":"555b76dcbaf36ec042b7e9f3","flip":0,"rot":0,"z":6,"y":48,"x":95,"pageNo":1},{"_id":"5681eb640cf8b4a4139be4b9","itemId":"555b76dcbaf36ec042b7e9f3","flip":0,"rot":0,"z":7,"y":67,"x":98,"pageNo":1},{"_id":"5681eb640cf8b4a4139be4ba","itemId":"55ab14754fca677c5bdfb73d","flip":0,"rot":1,"z":8,"y":86,"x":10,"pageNo":1},{"_id":"5681eb640cf8b4a4139be4bb","itemId":"55ab14696f1f7ad871da1cda","flip":0,"rot":1,"z":9,"y":105,"x":10,"pageNo":1},{"_id":"5681eb640cf8b4a4139be4bc","itemId":"54eabed9bc4c03d10998ae48","flip":0,"rot":0,"z":10,"y":104,"x":40,"pageNo":1},{"_id":"5681eb640cf8b4a4139be4bd","itemId":"54eabf18dc2b4dd4091a45e2","flip":0,"rot":0,"z":11,"y":84,"x":38,"pageNo":1},{"_id":"5681eb640cf8b4a4139be4be","itemId":"546bb8384929422260eb7bdb","flip":0,"rot":0,"z":12,"y":106,"x":67,"pageNo":1},{"_id":"5681eb640cf8b4a4139be4bf","itemId":"546bb8c8908387a02374bc99","flip":0,"rot":0,"z":13,"y":83,"x":66,"pageNo":1},{"_id":"5681eb640cf8b4a4139be4c0","itemId":"5458ebb310f4ca041513bf2a","flip":0,"rot":0,"z":14,"y":124,"x":105,"pageNo":1},{"_id":"5687062d46919ee511df4e80","itemId":"52f7c5f4059b8c8130000322","flip":0,"rot":0,"z":0,"y":10,"x":10,"pageNo":2}]}