{"isCreator":false,"contents":[{"_id":"569a48a589cb03ac11329925","itemId":"569a4396761164320ec46fbb","flip":0,"rot":0,"z":0,"y":76,"x":1,"pageNo":0},{"_id":"569a48a589cb03ac11329926","itemId":"569a43ae62934f3d0ea1c518","flip":0,"rot":0,"z":1,"y":76,"x":19,"pageNo":0},{"_id":"569a48a589cb03ac11329927","itemId":"569a43e562934f3d0ea1c51b","flip":0,"rot":0,"z":2,"y":75,"x":36,"pageNo":0},{"_id":"569a48a589cb03ac11329928","itemId":"569a43e562934f3d0ea1c51b","flip":0,"rot":0,"z":3,"y":76,"x":95,"pageNo":0},{"_id":"569a48a589cb03ac11329929","itemId":"569a43ae62934f3d0ea1c518","flip":0,"rot":0,"z":4,"y":76,"x":76,"pageNo":0},{"_id":"569a48a589cb03ac1132992a","itemId":"569a440dcb59d33c0e38eafc","flip":0,"rot":0,"z":5,"y":76,"x":54,"pageNo":0},{"_id":"569a48a589cb03ac1132992b","itemId":"569a43e562934f3d0ea1c51b","flip":0,"rot":0,"z":6,"y":76,"x":62,"pageNo":0},{"_id":"569a48a589cb03ac1132992c","itemId":"569a440dcb59d33c0e38eafc","flip":0,"rot":0,"z":7,"y":76,"x":114,"pageNo":0},{"_id":"569a48a589cb03ac1132992d","itemId":"569a449fc4f844df118cb12f","flip":0,"rot":0,"z":8,"y":46,"x":1,"pageNo":0},{"_id":"569a48a589cb03ac1132992e","itemId":"569a44b75f3ceb390e9f956d","flip":0,"rot":0,"z":9,"y":28,"x":0,"pageNo":0},{"_id":"569a48a589cb03ac1132992f","itemId":"569a44e71fb678320ea31325","flip":0,"rot":0,"z":10,"y":12,"x":17,"pageNo":0},{"_id":"569a48a589cb03ac11329930","itemId":"569a44fc061a4be011a25cbb","flip":0,"rot":0,"z":11,"y":10,"x":0,"pageNo":0},{"_id":"569a48a589cb03ac11329931","itemId":"569a4525a11c7fd5115088ae","flip":0,"rot":0,"z":12,"y":1,"x":0,"pageNo":0},{"_id":"569a48a589cb03ac11329932","itemId":"569a4525a11c7fd5115088ae","flip":0,"rot":0,"z":13,"y":0,"x":19,"pageNo":0},{"_id":"569a48a589cb03ac11329933","itemId":"569a4525a11c7fd5115088ae","flip":0,"rot":0,"z":14,"y":0,"x":1,"pageNo":0},{"_id":"569a48a589cb03ac11329934","itemId":"569a4525a11c7fd5115088ae","flip":0,"rot":0,"z":15,"y":0,"x":38,"pageNo":0},{"_id":"569a48a589cb03ac11329935","itemId":"569a44e71fb678320ea31325","flip":0,"rot":1,"z":16,"y":12,"x":36,"pageNo":0},{"_id":"569a48a589cb03ac11329936","itemId":"569a44b75f3ceb390e9f956d","flip":0,"rot":0,"z":17,"y":11,"x":55,"pageNo":0},{"_id":"569a48a589cb03ac11329937","itemId":"569a449fc4f844df118cb12f","flip":0,"rot":0,"z":18,"y":30,"x":55,"pageNo":0},{"_id":"569a48a589cb03ac11329938","itemId":"569a4525a11c7fd5115088ae","flip":0,"rot":0,"z":19,"y":0,"x":56,"pageNo":0},{"_id":"569a48a589cb03ac11329939","itemId":"569a4525a11c7fd5115088ae","flip":0,"rot":0,"z":20,"y":0,"x":74,"pageNo":0},{"_id":"569a48a589cb03ac1132993a","itemId":"569a4525a11c7fd5115088ae","flip":0,"rot":0,"z":21,"y":0,"x":93,"pageNo":0},{"_id":"569a48a589cb03ac1132993b","itemId":"569a44fc061a4be011a25cbb","flip":0,"rot":0,"z":22,"y":0,"x":112,"pageNo":0},{"_id":"569a48a589cb03ac1132993c","itemId":"569a4525a11c7fd5115088ae","flip":0,"rot":1,"z":23,"y":0,"x":114,"pageNo":0},{"_id":"569a48a589cb03ac1132993d","itemId":"569a4525a11c7fd5115088ae","flip":0,"rot":1,"z":24,"y":18,"x":114,"pageNo":0},{"_id":"569a48a589cb03ac1132993e","itemId":"569a44b75f3ceb390e9f956d","flip":0,"rot":1,"z":25,"y":50,"x":114,"pageNo":0},{"_id":"569a48a589cb03ac1132993f","itemId":"569a4525a11c7fd5115088ae","flip":0,"rot":1,"z":26,"y":34,"x":114,"pageNo":0},{"_id":"569a48a589cb03ac11329940","itemId":"569a44fc061a4be011a25cbb","flip":0,"rot":0,"z":27,"y":31,"x":102,"pageNo":0},{"_id":"569a48a589cb03ac11329941","itemId":"569a44b75f3ceb390e9f956d","flip":0,"rot":1,"z":28,"y":38,"x":96,"pageNo":0},{"_id":"569a48a589cb03ac11329942","itemId":"569a44e71fb678320ea31325","flip":0,"rot":1,"z":29,"y":29,"x":80,"pageNo":0},{"_id":"569a48a589cb03ac11329943","itemId":"569a44fc061a4be011a25cbb","flip":0,"rot":0,"z":30,"y":21,"x":90,"pageNo":0},{"_id":"569a48a589cb03ac11329944","itemId":"569a44fc061a4be011a25cbb","flip":0,"rot":0,"z":31,"y":12,"x":102,"pageNo":0},{"_id":"569a48a589cb03ac11329945","itemId":"569a44fc061a4be011a25cbb","flip":0,"rot":0,"z":32,"y":13,"x":85,"pageNo":0},{"_id":"569a48a589cb03ac11329946","itemId":"569a44e71fb678320ea31325","flip":0,"rot":1,"z":33,"y":12,"x":69,"pageNo":0},{"_id":"569a48a589cb03ac11329947","itemId":"569a44fc061a4be011a25cbb","flip":0,"rot":0,"z":34,"y":5,"x":86,"pageNo":0},{"_id":"569a48a589cb03ac11329948","itemId":"569a4621a60e50d91144da78","flip":0,"rot":0,"z":35,"y":55,"x":26,"pageNo":0},{"_id":"569a48a589cb03ac11329949","itemId":"569a4722cb59d33c0e38eb20","flip":0,"rot":0,"z":36,"y":57,"x":87,"pageNo":0},{"_id":"569a48a589cb03ac1132994a","itemId":"569a4893bd6011db11de472e","flip":0,"rot":0,"z":37,"y":30,"x":63,"pageNo":0}]}