{"isCreator":false,"contents":[{"_id":"57e736a5e8a56fb00f262513","itemId":"57a2632723f75a910fe06275","flip":0,"rot":0,"z":0,"y":4,"x":100,"pageNo":0},{"_id":"57e736a5e8a56fb00f262514","itemId":"57a2630f914c3e2a13a87059","flip":0,"rot":0,"z":1,"y":4,"x":122,"pageNo":0},{"_id":"57e736a5e8a56fb00f262515","itemId":"57a264ccf8816317132be885","flip":0,"rot":0,"z":2,"y":17,"x":66,"pageNo":0},{"_id":"57e736a5e8a56fb00f262516","itemId":"57a1bc7fcade7006143abca4","flip":0,"rot":0,"z":3,"y":-18,"x":95,"pageNo":0},{"_id":"57e736a5e8a56fb00f262517","itemId":"570c4cc4ee5b4d780f56cfa0","flip":0,"rot":0,"z":4,"y":31,"x":32,"pageNo":0},{"_id":"57e736a5e8a56fb00f262518","itemId":"57a1b967cade7006143abca0","flip":0,"rot":0,"z":5,"y":36,"x":52,"pageNo":0},{"_id":"57e736a5e8a56fb00f262519","itemId":"57a4e89c8839802913e15085","flip":0,"rot":0,"z":6,"y":64,"x":4,"pageNo":0},{"_id":"57e736a5e8a56fb00f26251a","itemId":"5652891953b26d4019efd358","flip":0,"rot":0,"z":7,"y":64,"x":23,"pageNo":0},{"_id":"57e736a5e8a56fb00f26251b","itemId":"57a8f78d3e97f1051331682a","flip":0,"rot":0,"z":8,"y":53,"x":116,"pageNo":0},{"_id":"57e736a5e8a56fb00f26251c","itemId":"57a9126ecd862b0f1397199f","flip":0,"rot":0,"z":9,"y":59,"x":133,"pageNo":0},{"_id":"57e736a5e8a56fb00f26251d","itemId":"57a8f8409529340013bc4e30","flip":0,"rot":0,"z":10,"y":73,"x":85,"pageNo":0},{"_id":"57e736a5e8a56fb00f26251e","itemId":"57a2b45b7798141b136fad19","flip":0,"rot":0,"z":11,"y":64,"x":110,"pageNo":0},{"_id":"57e736a5e8a56fb00f26251f","itemId":"57a2b9bfe61c411114c1887d","flip":0,"rot":0,"z":12,"y":82,"x":56,"pageNo":0}]}