{"isCreator":false,"contents":[{"_id":"57f95460abddf44c13dd607f","itemId":"57a3ea874de8661913b232fc","flip":0,"rot":0,"z":0,"y":18,"x":9,"pageNo":0},{"_id":"57f95460abddf44c13dd6080","itemId":"57a9fd7291fb488d0f325f28","flip":0,"rot":0,"z":1,"y":56,"x":9,"pageNo":0},{"_id":"57f95460abddf44c13dd6081","itemId":"57aa00af4054732613931122","flip":0,"rot":0,"z":2,"y":94,"x":9,"pageNo":0},{"_id":"57f95460abddf44c13dd6082","itemId":"57a8f407add3762413f7efbd","flip":0,"rot":0,"z":3,"y":37,"x":57,"pageNo":0},{"_id":"57f95460abddf44c13dd6083","itemId":"57f0765ed551ffb90f10d41c","flip":0,"rot":0,"z":4,"y":37,"x":114,"pageNo":0},{"_id":"57f95460abddf44c13dd6084","itemId":"57f13830385b2ba90fb60910","flip":0,"rot":0,"z":5,"y":94,"x":57,"pageNo":0},{"_id":"57f95460abddf44c13dd6085","itemId":"57f04dd674a538e2127ee0cf","flip":0,"rot":0,"z":6,"y":94,"x":114,"pageNo":0}]}