{"isCreator":false,"contents":[{"_id":"57d0cfbec1ec8d2c13b460a8","itemId":"57cb587039a0e8930fd8e128","flip":0,"rot":0,"z":0,"y":55,"x":67,"pageNo":0},{"_id":"57d0d08ce7bdf7870f25394b","itemId":"57cb589f44b0423113d04ebb","flip":0,"rot":0,"z":0,"y":10,"x":10,"pageNo":1},{"_id":"57d0d08ce7bdf7870f25394c","itemId":"57cb56b928d2718d0f8ff77d","flip":0,"rot":0,"z":1,"y":9,"x":48,"pageNo":1},{"_id":"57d0d08ce7bdf7870f25394d","itemId":"57cb5659ebab1e271315f80d","flip":0,"rot":0,"z":2,"y":9,"x":86,"pageNo":1},{"_id":"57d0d08ce7bdf7870f25394e","itemId":"57cb562d2fe358211344d125","flip":0,"rot":0,"z":3,"y":48,"x":10,"pageNo":1},{"_id":"57d0d08ce7bdf7870f25394f","itemId":"57cb5606ba38013413d80b16","flip":0,"rot":0,"z":4,"y":48,"x":49,"pageNo":1},{"_id":"57d0d08ce7bdf7870f253950","itemId":"57cb55e2b38b548e0f6a6395","flip":0,"rot":0,"z":5,"y":47,"x":86,"pageNo":1},{"_id":"57d0d08ce7bdf7870f253951","itemId":"57cb55b7621d7c39134a03b8","flip":0,"rot":0,"z":6,"y":48,"x":124,"pageNo":1},{"_id":"57d0d08ce7bdf7870f253952","itemId":"57cb5567ba38013413d80af9","flip":0,"rot":0,"z":7,"y":85,"x":10,"pageNo":1},{"_id":"57d0d08ce7bdf7870f253953","itemId":"57cb54db28d2718d0f8ff777","flip":0,"rot":0,"z":8,"y":86,"x":49,"pageNo":1},{"_id":"57d0d08ce7bdf7870f253954","itemId":"57cb54ae39a0e8930fd8e103","flip":0,"rot":0,"z":9,"y":85,"x":85,"pageNo":1},{"_id":"57d0d08ce7bdf7870f253955","itemId":"57cb5488621d7c39134a0339","flip":0,"rot":0,"z":10,"y":85,"x":124,"pageNo":1},{"_id":"57d0d08ce7bdf7870f253956","itemId":"57cb536f6a35411c13b3282b","flip":0,"rot":0,"z":11,"y":113,"x":29,"pageNo":1},{"_id":"57d0d08ce7bdf7870f253957","itemId":"57cb529c2fe358211344d0d2","flip":0,"rot":0,"z":12,"y":114,"x":68,"pageNo":1},{"_id":"57d0d08ce7bdf7870f253958","itemId":"57cb516e2fe358211344d0c7","flip":0,"rot":0,"z":13,"y":112,"x":105,"pageNo":1},{"_id":"57d0d126fc0e2126134d2dcd","itemId":"57cb5090df30ca24132349cf","flip":0,"rot":0,"z":0,"y":9,"x":10,"pageNo":2},{"_id":"57d0d126fc0e2126134d2dce","itemId":"57ca463d806f052213bfead8","flip":0,"rot":0,"z":1,"y":9,"x":48,"pageNo":2},{"_id":"57d0d126fc0e2126134d2dcf","itemId":"57ca5a0a6767e03713c27cf1","flip":0,"rot":0,"z":2,"y":9,"x":86,"pageNo":2},{"_id":"57d0d126fc0e2126134d2dd0","itemId":"57cb5047621d7c39134a0302","flip":0,"rot":0,"z":3,"y":48,"x":10,"pageNo":2},{"_id":"57d0d126fc0e2126134d2dd1","itemId":"57cb501fdf30ca24132349cb","flip":0,"rot":0,"z":4,"y":48,"x":48,"pageNo":2},{"_id":"57d0d126fc0e2126134d2dd2","itemId":"57cb4fe97133da1d13b787d8","flip":0,"rot":0,"z":5,"y":47,"x":86,"pageNo":2},{"_id":"57d0d126fc0e2126134d2dd3","itemId":"57cb4fac9b8c2f890fb66c9d","flip":0,"rot":0,"z":6,"y":48,"x":123,"pageNo":2},{"_id":"57d0d126fc0e2126134d2dd4","itemId":"57cb4f5f40caa5930fbabda5","flip":0,"rot":0,"z":7,"y":86,"x":10,"pageNo":2},{"_id":"57d0d126fc0e2126134d2dd5","itemId":"57cb4f2b74d542840f18281e","flip":0,"rot":0,"z":8,"y":85,"x":47,"pageNo":2},{"_id":"57d0d126fc0e2126134d2dd6","itemId":"57cb4ee42fe358211344d0b8","flip":0,"rot":0,"z":9,"y":86,"x":86,"pageNo":2},{"_id":"57d0d126fc0e2126134d2dd7","itemId":"57cb4e7e3604632513a8c523","flip":0,"rot":0,"z":10,"y":85,"x":123,"pageNo":2},{"_id":"57d0d126fc0e2126134d2dd8","itemId":"57cb4e123604632513a8c51e","flip":0,"rot":0,"z":11,"y":112,"x":68,"pageNo":2},{"_id":"57d0d162a201952613648944","itemId":"57cb4d4644b0423113d04e26","flip":0,"rot":0,"z":0,"y":9,"x":9,"pageNo":3},{"_id":"57d0d162a201952613648945","itemId":"57cb4d4644b0423113d04e26","flip":0,"rot":0,"z":1,"y":9,"x":47,"pageNo":3},{"_id":"57d0d162a201952613648946","itemId":"57cb4cd144b0423113d04e20","flip":0,"rot":0,"z":2,"y":9,"x":86,"pageNo":3},{"_id":"57d0d162a201952613648947","itemId":"57cb4b41f9fca82013a0558d","flip":0,"rot":0,"z":3,"y":47,"x":10,"pageNo":3},{"_id":"57d0d162a201952613648948","itemId":"57cb4ae0b71cfa2a13441757","flip":0,"rot":0,"z":4,"y":47,"x":48,"pageNo":3},{"_id":"57d0d162a201952613648949","itemId":"57cb4c6674d542840f182800","flip":0,"rot":0,"z":5,"y":46,"x":87,"pageNo":3},{"_id":"57d0d162a20195261364894a","itemId":"57cb4a26b71cfa2a13441746","flip":0,"rot":0,"z":6,"y":46,"x":124,"pageNo":3},{"_id":"57d0d162a20195261364894b","itemId":"57cb4970446712261328fc64","flip":0,"rot":0,"z":7,"y":85,"x":10,"pageNo":3},{"_id":"57d0d388c1ec8d2c13b460cc","itemId":"57ca59b6bded142913f0c12a","flip":0,"rot":0,"z":0,"y":10,"x":10,"pageNo":4},{"_id":"57d0d388c1ec8d2c13b460cd","itemId":"57ca5933bded142913f0c128","flip":0,"rot":0,"z":1,"y":9,"x":49,"pageNo":4},{"_id":"57d0d388c1ec8d2c13b460ce","itemId":"57ca57d6c14da28f0fdae3ea","flip":0,"rot":0,"z":2,"y":9,"x":86,"pageNo":4},{"_id":"57d0d388c1ec8d2c13b460cf","itemId":"57ca588cbded142913f0c126","flip":0,"rot":0,"z":3,"y":48,"x":10,"pageNo":4},{"_id":"57d0d388c1ec8d2c13b460d0","itemId":"57ca565f6767e03713c27ce5","flip":0,"rot":0,"z":4,"y":48,"x":48,"pageNo":4},{"_id":"57d0d388c1ec8d2c13b460d1","itemId":"57ca5467016a132e137b43b1","flip":0,"rot":0,"z":5,"y":47,"x":85,"pageNo":4},{"_id":"57d0d388c1ec8d2c13b460d2","itemId":"57ca553d62d7633813b28185","flip":0,"rot":0,"z":6,"y":47,"x":123,"pageNo":4},{"_id":"57d0d388c1ec8d2c13b460d3","itemId":"57ca536c25ac3d2413bb1a67","flip":0,"rot":0,"z":7,"y":85,"x":10,"pageNo":4},{"_id":"57d0d388c1ec8d2c13b460d4","itemId":"57ca533562d7633813b28179","flip":0,"rot":0,"z":8,"y":85,"x":48,"pageNo":4},{"_id":"57d0d388c1ec8d2c13b460d5","itemId":"57ca5088219a310d1398d363","flip":0,"rot":0,"z":9,"y":85,"x":85,"pageNo":4},{"_id":"57d0d388c1ec8d2c13b460d6","itemId":"57ca50e9bded142913f0c0da","flip":0,"rot":0,"z":10,"y":85,"x":123,"pageNo":4},{"_id":"57d0d388c1ec8d2c13b460d7","itemId":"57ca5280e1e1b71f1396bfc9","flip":0,"rot":0,"z":11,"y":108,"x":105,"pageNo":4},{"_id":"57d0d388c1ec8d2c13b460d8","itemId":"57ca4c122a0eab940f612903","flip":0,"rot":0,"z":12,"y":109,"x":68,"pageNo":4},{"_id":"57d0d388c1ec8d2c13b460d9","itemId":"57ca4f27219a310d1398d35d","flip":0,"rot":0,"z":13,"y":108,"x":29,"pageNo":4}]}