{"isCreator":false,"contents":[{"_id":"57e9e4e4d6f742311390f83f","itemId":"57e9de29cdad06a40f2f8ad6","flip":0,"rot":0,"z":0,"y":3,"x":3,"pageNo":0},{"_id":"57e9e4e4d6f742311390f840","itemId":"57e9e49926c28b4913207f36","flip":0,"rot":0,"z":1,"y":11,"x":31,"pageNo":0},{"_id":"57e9e4e4d6f742311390f841","itemId":"57e71365fae7a3af0fadad0f","flip":0,"rot":0,"z":2,"y":8,"x":83,"pageNo":0},{"_id":"57e9e4e4d6f742311390f842","itemId":"57e6f1071d4012af0f7d5927","flip":0,"rot":0,"z":3,"y":48,"x":62,"pageNo":0},{"_id":"57e9e4e4d6f742311390f843","itemId":"57e6f604de3a742813e2ada4","flip":0,"rot":0,"z":4,"y":39,"x":106,"pageNo":0},{"_id":"57e9e4e4d6f742311390f844","itemId":"57e47356dbf3f23913095eba","flip":0,"rot":0,"z":5,"y":71,"x":94,"pageNo":0},{"_id":"57e9e4e4d6f742311390f845","itemId":"57e9c7b91a6f57c91503bc17","flip":0,"rot":0,"z":6,"y":81,"x":122,"pageNo":0},{"_id":"57e9e4e4d6f742311390f846","itemId":"5228e6e710446db621000005","flip":0,"rot":0,"z":7,"y":108,"x":48,"pageNo":0},{"_id":"57e9e4e4d6f742311390f847","itemId":"57df5c9027f1be3013024dd1","flip":0,"rot":0,"z":8,"y":22,"x":37,"pageNo":0},{"_id":"57e9e4e4d6f742311390f848","itemId":"575ff1f88ff3952713122825","flip":0,"rot":0,"z":9,"y":97,"x":22,"pageNo":0},{"_id":"57e9e4e4d6f742311390f849","itemId":"579fc41501d9db2d13d9bf09","flip":0,"rot":0,"z":10,"y":105,"x":90,"pageNo":0},{"_id":"57e9e4e4d6f742311390f84a","itemId":"579bb8b7dc0f302913f9270c","flip":0,"rot":0,"z":11,"y":71,"x":132,"pageNo":0}]}