{"isCreator":false,"contents":[{"_id":"57ec6da21167e6751352a7b3","itemId":"5228e6e710446db621000005","flip":0,"rot":0,"z":0,"y":17,"x":15,"pageNo":0},{"_id":"57ec6da21167e6751352a7b4","itemId":"57e9c7b91a6f57c91503bc17","flip":0,"rot":0,"z":1,"y":22,"x":41,"pageNo":0},{"_id":"57ec6da21167e6751352a7b5","itemId":"57e9c991e394c7ac0f4fd5a4","flip":0,"rot":0,"z":2,"y":16,"x":77,"pageNo":0},{"_id":"57ec6da21167e6751352a7b6","itemId":"568b13a4605beb6b153ea3d4","flip":0,"rot":0,"z":3,"y":60,"x":28,"pageNo":0},{"_id":"57ec6da21167e6751352a7b7","itemId":"524cb28b6bc6dd8d26000031","flip":0,"rot":0,"z":4,"y":50,"x":79,"pageNo":0},{"_id":"57ec6da21167e6751352a7b8","itemId":"56a81150a1c68615133bde06","flip":0,"rot":0,"z":5,"y":26,"x":117,"pageNo":0},{"_id":"57ec6da21167e6751352a7b9","itemId":"5649b22ad27f684d32d17fc0","flip":0,"rot":0,"z":6,"y":84,"x":114,"pageNo":0},{"_id":"57ec6da21167e6751352a7ba","itemId":"57a134e3fc20ad820f5d24c5","flip":0,"rot":0,"z":7,"y":88,"x":72,"pageNo":0},{"_id":"57ec6da21167e6751352a7bb","itemId":"56ff909ad28bcf760f56cca6","flip":0,"rot":0,"z":8,"y":100,"x":18,"pageNo":0},{"_id":"57ec6da21167e6751352a7bc","itemId":"57341792cedc1b21135350fb","flip":0,"rot":2,"z":9,"y":12,"x":102,"pageNo":0},{"_id":"57ec6da21167e6751352a7bd","itemId":"57b8b6fe7963688a0fefdd41","flip":0,"rot":0,"z":10,"y":7,"x":122,"pageNo":0},{"_id":"57ec6da21167e6751352a7be","itemId":"57defe43332f3a2f131246fd","flip":0,"rot":0,"z":11,"y":99,"x":51,"pageNo":0},{"_id":"57ec6da21167e6751352a7bf","itemId":"57def56b94b74fff12832d10","flip":0,"rot":0,"z":12,"y":32,"x":98,"pageNo":0},{"_id":"57ec6da21167e6751352a7c0","itemId":"57a2b8ab00ac8d0b14fb1b87","flip":0,"rot":0,"z":13,"y":107,"x":113,"pageNo":0},{"_id":"57ec6da21167e6751352a7c1","itemId":"55392080f5506b38670f5290","flip":0,"rot":0,"z":14,"y":6,"x":53,"pageNo":0},{"_id":"57ec6da21167e6751352a7c2","itemId":"55b15de1169581a73fb5e083","flip":0,"rot":0,"z":15,"y":84,"x":45,"pageNo":0},{"_id":"57ec6da21167e6751352a7c3","itemId":"57e9e3dff6b9b82c1306b88c","flip":0,"rot":0,"z":16,"y":36,"x":58,"pageNo":0}]}