{"isCreator":false,"contents":[{"_id":"583aacfe624da5761320d136","itemId":"58327a952662b0b70f9da000","flip":0,"rot":0,"z":0,"y":10,"x":38,"pageNo":2},{"_id":"583aacfe624da5761320d137","itemId":"58327a47a2b7096013749a7a","flip":0,"rot":0,"z":1,"y":10,"x":67,"pageNo":2},{"_id":"583aacfe624da5761320d138","itemId":"58327afd27cb5fc462c970c3","flip":0,"rot":0,"z":2,"y":10,"x":95,"pageNo":2},{"_id":"583aacfe624da5761320d139","itemId":"58327adb5e13a46c13b51cfc","flip":0,"rot":0,"z":3,"y":10,"x":10,"pageNo":2},{"_id":"583aacfe624da5761320d13a","itemId":"58340588c65b3f8b4f28fc96","flip":0,"rot":0,"z":4,"y":114,"x":10,"pageNo":2},{"_id":"583aacfe624da5761320d13b","itemId":"583405d31b7c3db60f844930","flip":0,"rot":0,"z":5,"y":114,"x":38,"pageNo":2},{"_id":"583aacfe624da5761320d13c","itemId":"583408f5b675f85313ea2e63","flip":0,"rot":0,"z":6,"y":114,"x":67,"pageNo":2},{"_id":"583aacfe624da5761320d13d","itemId":"583407a91b7c3db60f84493d","flip":0,"rot":0,"z":7,"y":114,"x":95,"pageNo":2},{"_id":"583aacfe624da5761320d13e","itemId":"58327cf8aa826fb90f7ff978","flip":0,"rot":0,"z":8,"y":86,"x":10,"pageNo":2},{"_id":"583aacfe624da5761320d13f","itemId":"583403ef52a8f7b00f914962","flip":0,"rot":0,"z":9,"y":86,"x":38,"pageNo":2},{"_id":"583aacfe624da5761320d140","itemId":"5834043cb675f85313ea2e27","flip":0,"rot":0,"z":10,"y":86,"x":67,"pageNo":2},{"_id":"583aacfe624da5761320d141","itemId":"5834046c87bdf28a4f2052cd","flip":0,"rot":0,"z":11,"y":86,"x":95,"pageNo":2},{"_id":"583aacfe624da5761320d142","itemId":"5834052c87bdf28a4f2052ce","flip":0,"rot":0,"z":12,"y":86,"x":124,"pageNo":2},{"_id":"583aacfe624da5761320d143","itemId":"5834066d8a1f0259137bb721","flip":0,"rot":0,"z":13,"y":57,"x":67,"pageNo":2},{"_id":"583aacfe624da5761320d144","itemId":"583aaca7801e27501441f185","flip":0,"rot":0,"z":14,"y":39,"x":9,"pageNo":2},{"_id":"583aacfe624da5761320d145","itemId":"583aacd0c75a506f1336d461","flip":0,"rot":0,"z":15,"y":39,"x":39,"pageNo":2},{"_id":"583aacfe624da5761320d146","itemId":"583aaceeb8d190e20f6ac407","flip":0,"rot":0,"z":16,"y":38,"x":68,"pageNo":2},{"_id":"583e7d6fbcb6448c1374da72","itemId":"583a9024903aaae00f2ad58d","flip":0,"rot":0,"z":0,"y":0,"x":67,"pageNo":3},{"_id":"583e7d6fbcb6448c1374da73","itemId":"583a8fe303e3e72b13c993ec","flip":0,"rot":0,"z":1,"y":19,"x":0,"pageNo":3},{"_id":"583e7d6fbcb6448c1374da74","itemId":"583dee9b6b2e9296136cf79b","flip":0,"rot":0,"z":2,"y":38,"x":0,"pageNo":3},{"_id":"584a8fbbecbd244013bc9a74","itemId":"581d678af9fab2b40f4cf3e2","flip":0,"rot":0,"z":0,"y":19,"x":19,"pageNo":0},{"_id":"584a8fbbecbd244013bc9a75","itemId":"581d6b2495e69e3f133d5ec7","flip":0,"rot":0,"z":1,"y":19,"x":57,"pageNo":0},{"_id":"584a8fbbecbd244013bc9a76","itemId":"581d6146b28b8075137118b6","flip":0,"rot":0,"z":2,"y":0,"x":76,"pageNo":0},{"_id":"584a8fbbecbd244013bc9a77","itemId":"581d5bbf33c8e7371380de42","flip":0,"rot":0,"z":3,"y":0,"x":95,"pageNo":0},{"_id":"584a8fbbecbd244013bc9a78","itemId":"581d685f0c88b44c13ed3f8e","flip":0,"rot":0,"z":4,"y":38,"x":0,"pageNo":0},{"_id":"584a8fbbecbd244013bc9a79","itemId":"581d681ad8100777139d5dda","flip":0,"rot":0,"z":5,"y":38,"x":19,"pageNo":0},{"_id":"584a8fbbecbd244013bc9a7a","itemId":"583256148d9decbc0fdc2ea2","flip":0,"rot":0,"z":6,"y":38,"x":38,"pageNo":0},{"_id":"584a8fbbecbd244013bc9a7b","itemId":"583255787aac6e2813c2890b","flip":0,"rot":0,"z":7,"y":57,"x":0,"pageNo":0},{"_id":"584a8fbbecbd244013bc9a7c","itemId":"58325598961bd7bd62d599df","flip":0,"rot":0,"z":8,"y":57,"x":19,"pageNo":0},{"_id":"584a8fbbecbd244013bc9a7d","itemId":"583255afde433817139e2cc4","flip":0,"rot":0,"z":9,"y":56,"x":36,"pageNo":0},{"_id":"584a8fbbecbd244013bc9a7e","itemId":"5832625727cb5fc462c96fcb","flip":0,"rot":1,"z":10,"y":0,"x":133,"pageNo":0},{"_id":"584a8fbbecbd244013bc9a7f","itemId":"581d73b6bcaa9831134559b4","flip":0,"rot":0,"z":11,"y":19,"x":0,"pageNo":0},{"_id":"584a8fbbecbd244013bc9a80","itemId":"58326faa2662b0b70f9d9fc5","flip":0,"rot":0,"z":12,"y":19,"x":95,"pageNo":0},{"_id":"584a8fbbecbd244013bc9a81","itemId":"58326e60a32b3cc362ac3799","flip":0,"rot":0,"z":13,"y":20,"x":80,"pageNo":0},{"_id":"584a8fbbecbd244013bc9a82","itemId":"583256a5c509c8bb0f6dd856","flip":0,"rot":0,"z":14,"y":0,"x":19,"pageNo":0},{"_id":"584a8fbbecbd244013bc9a83","itemId":"581d6bb9cfaddb2e13d40a95","flip":0,"rot":0,"z":15,"y":0,"x":57,"pageNo":0},{"_id":"584a8fbbecbd244013bc9a84","itemId":"581d73addae5423c137037c2","flip":0,"rot":0,"z":16,"y":19,"x":38,"pageNo":0},{"_id":"584a8fbbecbd244013bc9a85","itemId":"58327c656866c7b80fa06edb","flip":0,"rot":0,"z":17,"y":75,"x":2,"pageNo":0},{"_id":"584a8fbbecbd244013bc9a86","itemId":"58327c93a2b7096013749ab1","flip":0,"rot":0,"z":18,"y":76,"x":21,"pageNo":0},{"_id":"584a8fbbecbd244013bc9a87","itemId":"58325970ac1b9223135a4d2c","flip":0,"rot":0,"z":19,"y":114,"x":0,"pageNo":0},{"_id":"584a8fbbecbd244013bc9a88","itemId":"583259752d32a01d13bcc5ec","flip":0,"rot":0,"z":20,"y":114,"x":19,"pageNo":0},{"_id":"584a8fbbecbd244013bc9a89","itemId":"5832597a0e8b66b50f1360d9","flip":0,"rot":0,"z":21,"y":114,"x":38,"pageNo":0},{"_id":"584a8fbbecbd244013bc9a8a","itemId":"583268bc3270735313739085","flip":0,"rot":0,"z":22,"y":133,"x":0,"pageNo":0},{"_id":"584a8fbbecbd244013bc9a8b","itemId":"583269143c0ab9b90f7d80ea","flip":0,"rot":0,"z":23,"y":133,"x":19,"pageNo":0},{"_id":"584a8fbbecbd244013bc9a8c","itemId":"58326399add5604213f654ad","flip":0,"rot":0,"z":24,"y":133,"x":38,"pageNo":0},{"_id":"584a8fbbecbd244013bc9a8d","itemId":"58327bc1e8358db20f337b42","flip":0,"rot":0,"z":25,"y":133,"x":95,"pageNo":0},{"_id":"584a8fbbecbd244013bc9a8e","itemId":"5834001e52a8f7b00f914952","flip":0,"rot":0,"z":26,"y":133,"x":76,"pageNo":0},{"_id":"584a8fbbecbd244013bc9a8f","itemId":"583400269377832713369e0d","flip":0,"rot":0,"z":27,"y":133,"x":57,"pageNo":0},{"_id":"584a8fbbecbd244013bc9a90","itemId":"58326c6431d8955f137d5b5c","flip":0,"rot":0,"z":28,"y":114,"x":57,"pageNo":0},{"_id":"584a8fbbecbd244013bc9a91","itemId":"5832596927cb5fc462c96f5f","flip":0,"rot":0,"z":29,"y":114,"x":76,"pageNo":0},{"_id":"584a8fbbecbd244013bc9a92","itemId":"58326c698f2d6a5213f2dc2c","flip":0,"rot":0,"z":30,"y":114,"x":95,"pageNo":0},{"_id":"584a8fbbecbd244013bc9a93","itemId":"581d663c5daa0a3a13487b50","flip":0,"rot":1,"z":31,"y":76,"x":57,"pageNo":0},{"_id":"584a8fbbecbd244013bc9a94","itemId":"581d66364dd09c3b1372aaaa","flip":0,"rot":0,"z":32,"y":76,"x":38,"pageNo":0},{"_id":"584a8fbbecbd244013bc9a95","itemId":"58340f121b7c3db60f844948","flip":0,"rot":0,"z":33,"y":39,"x":98,"pageNo":0},{"_id":"584a8fbbecbd244013bc9a96","itemId":"58340f33dea2c22613f0963e","flip":0,"rot":0,"z":34,"y":38,"x":76,"pageNo":0},{"_id":"584a8fbbecbd244013bc9a97","itemId":"583254fade433817139e2cc1","flip":0,"rot":0,"z":35,"y":19,"x":133,"pageNo":0},{"_id":"584a8fbbecbd244013bc9a98","itemId":"583398c92235d1c10f78e86f","flip":0,"rot":0,"z":36,"y":114,"x":133,"pageNo":0},{"_id":"584a8fbbecbd244013bc9a99","itemId":"58326ba16092952a135b305f","flip":0,"rot":0,"z":37,"y":114,"x":114,"pageNo":0},{"_id":"584a8fbbecbd244013bc9a9a","itemId":"58340b8287bdf28a4f2052db","flip":0,"rot":3,"z":38,"y":57,"x":114,"pageNo":0},{"_id":"584a8fbbecbd244013bc9a9b","itemId":"583409c162cbe61313ade51d","flip":0,"rot":1,"z":39,"y":38,"x":114,"pageNo":0},{"_id":"584a8fbbecbd244013bc9a9c","itemId":"581d730b8ce92db80f791d2b","flip":0,"rot":0,"z":40,"y":0,"x":0,"pageNo":0},{"_id":"584a8fbbecbd244013bc9a9d","itemId":"581d71b3faf05c6913cd4cdb","flip":0,"rot":0,"z":41,"y":0,"x":38,"pageNo":0},{"_id":"584a8fbbecbd244013bc9a9e","itemId":"581d6015f535bfb20fdd8d9a","flip":0,"rot":1,"z":42,"y":0,"x":114,"pageNo":0},{"_id":"584a8fbbecbd244013bc9a9f","itemId":"581d60e0f535bfb20fdd8d9e","flip":0,"rot":0,"z":43,"y":19,"x":114,"pageNo":0},{"_id":"584a905b1e4d623913550422","itemId":"583401ef867516b70fccaa66","flip":0,"rot":0,"z":0,"y":38,"x":133,"pageNo":1},{"_id":"584a905b1e4d623913550423","itemId":"58340199207a83bd0fdaab20","flip":0,"rot":0,"z":1,"y":38,"x":114,"pageNo":1},{"_id":"584a905b1e4d623913550424","itemId":"5832ca0d3f3803c60fefe8ac","flip":0,"rot":0,"z":2,"y":19,"x":114,"pageNo":1},{"_id":"584a905b1e4d623913550425","itemId":"58325d5f163e92c20fcbc295","flip":0,"rot":0,"z":3,"y":0,"x":95,"pageNo":1},{"_id":"584a905b1e4d623913550426","itemId":"583259bfde433817139e2ce0","flip":0,"rot":0,"z":4,"y":38,"x":95,"pageNo":1},{"_id":"584a905b1e4d623913550427","itemId":"583259a72d32a01d13bcc5ee","flip":0,"rot":0,"z":5,"y":38,"x":76,"pageNo":1},{"_id":"584a905b1e4d623913550428","itemId":"58325ebb24ace848132f1f02","flip":0,"rot":0,"z":6,"y":57,"x":95,"pageNo":1},{"_id":"584a905b1e4d623913550429","itemId":"58325f0b1c4c7341138c1d87","flip":0,"rot":0,"z":7,"y":76,"x":114,"pageNo":1},{"_id":"584a905b1e4d62391355042a","itemId":"58325efcf5fc0bc00f46f3cd","flip":0,"rot":0,"z":8,"y":76,"x":95,"pageNo":1},{"_id":"584a905b1e4d62391355042b","itemId":"58325ece961bd7bd62d59a52","flip":0,"rot":0,"z":9,"y":76,"x":76,"pageNo":1},{"_id":"584a905b1e4d62391355042c","itemId":"58325e21b49de6ca623debeb","flip":0,"rot":0,"z":10,"y":114,"x":114,"pageNo":1},{"_id":"584a905b1e4d62391355042d","itemId":"58325e681c4c7341138c1d7d","flip":0,"rot":0,"z":11,"y":114,"x":95,"pageNo":1},{"_id":"584a905b1e4d62391355042e","itemId":"58325e35af31bb471314d072","flip":0,"rot":0,"z":12,"y":114,"x":76,"pageNo":1},{"_id":"584a905b1e4d62391355042f","itemId":"58325eacadd5604213f65456","flip":0,"rot":0,"z":13,"y":95,"x":95,"pageNo":1},{"_id":"584a905b1e4d623913550430","itemId":"583aa96fa29cbae20fe980b7","flip":0,"rot":1,"z":14,"y":19,"x":36,"pageNo":1},{"_id":"584a905b1e4d623913550431","itemId":"583aa943bb268548149f8f5d","flip":0,"rot":1,"z":15,"y":39,"x":36,"pageNo":1},{"_id":"584a905b1e4d623913550432","itemId":"583a972d40a733ad1318e2b0","flip":0,"rot":0,"z":16,"y":38,"x":0,"pageNo":1},{"_id":"584a905b1e4d623913550433","itemId":"583a9727fbb9647013220169","flip":0,"rot":0,"z":17,"y":38,"x":19,"pageNo":1},{"_id":"584a905b1e4d623913550434","itemId":"583a9bf47a65e26013effd25","flip":0,"rot":0,"z":18,"y":57,"x":0,"pageNo":1},{"_id":"584a905b1e4d623913550435","itemId":"583aab33c75a506f1336d45d","flip":0,"rot":0,"z":19,"y":-4,"x":21,"pageNo":1},{"_id":"584a905b1e4d623913550436","itemId":"58395651d4b8547513f6da8c","flip":0,"rot":0,"z":20,"y":19,"x":19,"pageNo":1},{"_id":"584a905b1e4d623913550437","itemId":"583ab15b9cf31adc0f493a7e","flip":0,"rot":0,"z":21,"y":56,"x":21,"pageNo":1},{"_id":"584a905b1e4d623913550438","itemId":"5832c9f23256ae3113a27cfa","flip":0,"rot":0,"z":22,"y":19,"x":76,"pageNo":1},{"_id":"584a905b1e4d623913550439","itemId":"5832498573c364bc0fd70c46","flip":0,"rot":0,"z":23,"y":19,"x":95,"pageNo":1}]}