{"isCreator":false,"contents":[{"_id":"5ac5b8dc4e1f5b0fb6436665","itemId":"586494c0c4850f4913457fbb","flip":0,"rot":0,"z":0,"y":4,"x":4,"pageNo":0},{"_id":"5ac5b8dc4e1f5b0fb6436666","itemId":"58645f68a53b6c4113a8f5c5","flip":0,"rot":0,"z":1,"y":5,"x":25,"pageNo":0},{"_id":"5ac5b8dc4e1f5b0fb6436667","itemId":"58649c85fde056e90fca44e1","flip":0,"rot":0,"z":2,"y":3,"x":45,"pageNo":0},{"_id":"5ac5b8dc4e1f5b0fb6436668","itemId":"5864b191956fbeac1360e915","flip":0,"rot":0,"z":3,"y":1,"x":61,"pageNo":0},{"_id":"5ac5b8dc4e1f5b0fb6436669","itemId":"5864320dc06e7be00f60e9a7","flip":0,"rot":0,"z":4,"y":4,"x":86,"pageNo":0},{"_id":"5ac5b8dc4e1f5b0fb643666a","itemId":"58642fb9e1e488dc0f2b5021","flip":0,"rot":0,"z":5,"y":5,"x":104,"pageNo":0},{"_id":"5ac5b8dc4e1f5b0fb643666b","itemId":"58642fa7956fbeac1360e2e3","flip":0,"rot":0,"z":6,"y":3,"x":126,"pageNo":0},{"_id":"5ac5b8dc4e1f5b0fb643666c","itemId":"586428f50f41ff96138bfa1b","flip":0,"rot":0,"z":7,"y":26,"x":5,"pageNo":0},{"_id":"5ac5b8dc4e1f5b0fb643666d","itemId":"58641fab13089ae80f9a68ae","flip":0,"rot":0,"z":8,"y":27,"x":27,"pageNo":0},{"_id":"5ac5b8dc4e1f5b0fb643666e","itemId":"58630bdf51ce7adf0f354df6","flip":0,"rot":0,"z":9,"y":27,"x":47,"pageNo":0},{"_id":"5ac5b8dc4e1f5b0fb643666f","itemId":"58659a3c9ba7c25b138f797a","flip":0,"rot":0,"z":10,"y":25,"x":63,"pageNo":0},{"_id":"5ac5b8dc4e1f5b0fb6436670","itemId":"589ab3c2acff9e74132daa36","flip":0,"rot":0,"z":11,"y":26,"x":77,"pageNo":0},{"_id":"5ac5b8dc4e1f5b0fb6436671","itemId":"58854829d32c76c713dadd5e","flip":0,"rot":0,"z":12,"y":26,"x":96,"pageNo":0},{"_id":"5ac5b8dc4e1f5b0fb6436672","itemId":"587aad5a768d489013c63eed","flip":0,"rot":0,"z":13,"y":50,"x":117,"pageNo":0},{"_id":"5ac5b8dc4e1f5b0fb6436673","itemId":"5875688c7ab4d85c13643373","flip":0,"rot":0,"z":14,"y":48,"x":98,"pageNo":0},{"_id":"5ac5b8dc4e1f5b0fb6436674","itemId":"587d23ad9aeff4df0fa4ec75","flip":0,"rot":0,"z":15,"y":41,"x":73,"pageNo":0},{"_id":"5ac5b8dc4e1f5b0fb6436675","itemId":"587d8712d36f39e30f0d1797","flip":0,"rot":0,"z":16,"y":48,"x":59,"pageNo":0},{"_id":"5ac5b8dc4e1f5b0fb6436676","itemId":"587d740dd27201a513f3e96a","flip":0,"rot":0,"z":17,"y":45,"x":41,"pageNo":0},{"_id":"5ac5b8dc4e1f5b0fb6436677","itemId":"587fe09bd7d02bdd0fc80367","flip":0,"rot":0,"z":18,"y":45,"x":24,"pageNo":0},{"_id":"5ac5b8dc4e1f5b0fb6436678","itemId":"5883bb8cd031e394130f6ed6","flip":0,"rot":0,"z":19,"y":47,"x":7,"pageNo":0},{"_id":"5ac5b8dc4e1f5b0fb6436679","itemId":"58715db903ced42314f4bf5c","flip":0,"rot":0,"z":20,"y":66,"x":25,"pageNo":0},{"_id":"5ac5b8dc4e1f5b0fb643667a","itemId":"587068ea53ded36e13cd0899","flip":0,"rot":0,"z":21,"y":71,"x":46,"pageNo":0},{"_id":"5ac5b8dc4e1f5b0fb643667b","itemId":"58706c447b97c0751331ba4a","flip":0,"rot":0,"z":22,"y":68,"x":66,"pageNo":0},{"_id":"5ac5b8dc4e1f5b0fb643667c","itemId":"5871239b03ced42314f4bca2","flip":0,"rot":0,"z":23,"y":67,"x":84,"pageNo":0},{"_id":"5ac5b8dc4e1f5b0fb643667d","itemId":"58704387860523db0f8f8c59","flip":0,"rot":0,"z":24,"y":67,"x":99,"pageNo":0},{"_id":"5ac5b8dc4e1f5b0fb643667e","itemId":"5870570a7a7d5bd80f8c9df6","flip":0,"rot":0,"z":25,"y":65,"x":112,"pageNo":0},{"_id":"5ac5b8dc4e1f5b0fb643667f","itemId":"58841ae40b6ee94a13a06d9c","flip":0,"rot":0,"z":26,"y":70,"x":136,"pageNo":0},{"_id":"5ac5b8dc4e1f5b0fb6436680","itemId":"586f080a2178517c13eb5e6f","flip":0,"rot":0,"z":27,"y":91,"x":2,"pageNo":0},{"_id":"5ac5b8dc4e1f5b0fb6436681","itemId":"5862a7b051d8872114861a7e","flip":0,"rot":0,"z":28,"y":90,"x":21,"pageNo":0},{"_id":"5ac5b8dc4e1f5b0fb6436682","itemId":"5862b49c23568d9f13581a63","flip":0,"rot":0,"z":29,"y":90,"x":49,"pageNo":0},{"_id":"5ac5b8dc4e1f5b0fb6436683","itemId":"5862b68fd5a77b4e13f02328","flip":0,"rot":0,"z":30,"y":87,"x":62,"pageNo":0},{"_id":"5ac5b8dc4e1f5b0fb6436684","itemId":"5868956e86f9c80b149eafe3","flip":0,"rot":0,"z":31,"y":88,"x":83,"pageNo":0},{"_id":"5ac5b8dc4e1f5b0fb6436685","itemId":"5865c2c8c92af06b13ba5740","flip":0,"rot":0,"z":32,"y":90,"x":102,"pageNo":0},{"_id":"5ac5b8dc4e1f5b0fb6436686","itemId":"58657a4a2ce4fe4d13fd82ee","flip":0,"rot":0,"z":33,"y":90,"x":122,"pageNo":0},{"_id":"5ac5b8dc4e1f5b0fb6436687","itemId":"5864960ec4850f4913457fbf","flip":0,"rot":0,"z":34,"y":89,"x":136,"pageNo":0},{"_id":"5ac5b8dc4e1f5b0fb6436688","itemId":"5861f4b1b769da9213c54e8b","flip":0,"rot":0,"z":35,"y":113,"x":2,"pageNo":0},{"_id":"5ac5b8dc4e1f5b0fb6436689","itemId":"5861e3440eb65ae40fc1580c","flip":0,"rot":0,"z":36,"y":112,"x":19,"pageNo":0},{"_id":"5ac5b8dc4e1f5b0fb643668a","itemId":"58607fd977294fea0f4046cb","flip":0,"rot":0,"z":37,"y":112,"x":35,"pageNo":0},{"_id":"5ac5b8dc4e1f5b0fb643668b","itemId":"584a23f48079c0dc0fcf74ce","flip":0,"rot":0,"z":38,"y":111,"x":54,"pageNo":0},{"_id":"5ac5b8dc4e1f5b0fb643668c","itemId":"5848c327f9e9b0e10ff9bd68","flip":0,"rot":0,"z":39,"y":111,"x":73,"pageNo":0},{"_id":"5ac5b8dc4e1f5b0fb643668d","itemId":"5867475f791f1b6c13497da5","flip":0,"rot":0,"z":40,"y":108,"x":84,"pageNo":0},{"_id":"5ac5b8dc4e1f5b0fb643668e","itemId":"5867461c53da74731311b5cc","flip":0,"rot":0,"z":41,"y":111,"x":105,"pageNo":0},{"_id":"5ac5b8dc4e1f5b0fb643668f","itemId":"586c45fb785041ad13295269","flip":0,"rot":0,"z":42,"y":110,"x":133,"pageNo":0},{"_id":"5ac5b8dc4e1f5b0fb6436690","itemId":"57aa950923fcb027131163f7","flip":0,"rot":0,"z":43,"y":65,"x":-5,"pageNo":0},{"_id":"5ac5b8dc4e1f5b0fb6436691","itemId":"5883d9f9ecd9188a1337817d","flip":0,"rot":0,"z":44,"y":26,"x":127,"pageNo":0},{"_id":"5ac5b8dc4e1f5b0fb6436692","itemId":"5884187b116e354313288e8c","flip":0,"rot":0,"z":45,"y":28,"x":113,"pageNo":0}]}