{"isCreator":false,"contents":[{"_id":"5871c91e4cc07a44136d1122","itemId":"55e3387c51fb338e0b5a63e1","flip":0,"rot":0,"z":0,"y":11,"x":15,"pageNo":0},{"_id":"5871c91e4cc07a44136d1123","itemId":"55c0a2fb67741f0e6a6a8500","flip":0,"rot":0,"z":1,"y":13,"x":49,"pageNo":0},{"_id":"5871c91e4cc07a44136d1124","itemId":"559ec6fe06eb364827a0b9c5","flip":0,"rot":0,"z":2,"y":50,"x":16,"pageNo":0},{"_id":"5871c91e4cc07a44136d1125","itemId":"5588fa3cf3dd90b22b0ed1b5","flip":0,"rot":0,"z":3,"y":52,"x":58,"pageNo":0},{"_id":"5871c91e4cc07a44136d1126","itemId":"55886a731ee465461d947a32","flip":0,"rot":0,"z":4,"y":27,"x":83,"pageNo":0},{"_id":"5871c91e4cc07a44136d1127","itemId":"556a476988951a4579fbd0c7","flip":0,"rot":0,"z":5,"y":20,"x":125,"pageNo":0}]}