{"isCreator":false,"contents":[{"_id":"5913639c97f9970e1677d9c9","itemId":"588cd626ca649b921443b697","flip":0,"rot":0,"z":0,"y":95,"x":133,"pageNo":0},{"_id":"5913639c97f9970e1677d9ca","itemId":"588cd7ffca649b921443b6b0","flip":0,"rot":0,"z":1,"y":95,"x":105,"pageNo":0},{"_id":"5913639c97f9970e1677d9cb","itemId":"588cdc9aca649b921443b6dc","flip":0,"rot":0,"z":2,"y":76,"x":105,"pageNo":0},{"_id":"5913639c97f9970e1677d9cc","itemId":"588cda69c9050299144dd2dc","flip":0,"rot":0,"z":3,"y":76,"x":133,"pageNo":0},{"_id":"5913639c97f9970e1677d9cd","itemId":"588cdefacdbfd4e50fb4e07b","flip":0,"rot":0,"z":4,"y":57,"x":76,"pageNo":0},{"_id":"5913639c97f9970e1677d9ce","itemId":"588ce0e547f7257e13dd659d","flip":0,"rot":0,"z":5,"y":10,"x":0,"pageNo":0},{"_id":"5913639c97f9970e1677d9cf","itemId":"588ce0ab3a1bad6d13e3e197","flip":0,"rot":0,"z":6,"y":19,"x":0,"pageNo":0},{"_id":"5913639c97f9970e1677d9d0","itemId":"588ce1814438f9de0f6f00aa","flip":0,"rot":0,"z":7,"y":48,"x":0,"pageNo":0},{"_id":"5913639c97f9970e1677d9d1","itemId":"588ce132ca649b921443b726","flip":0,"rot":0,"z":8,"y":30,"x":1,"pageNo":0},{"_id":"5913639c97f9970e1677d9d2","itemId":"588ce6ebc987a45313c08db6","flip":0,"rot":0,"z":9,"y":10,"x":19,"pageNo":0},{"_id":"5913639c97f9970e1677d9d3","itemId":"588ce76e8cb0d0591300b3a8","flip":0,"rot":0,"z":10,"y":10,"x":48,"pageNo":0},{"_id":"5913639c97f9970e1677d9d4","itemId":"588ce4d4067771df0f79cdbf","flip":0,"rot":0,"z":11,"y":105,"x":67,"pageNo":0},{"_id":"5913639c97f9970e1677d9d5","itemId":"588cd70b16d907e60ffac67c","flip":0,"rot":0,"z":12,"y":95,"x":76,"pageNo":0},{"_id":"5913639c97f9970e1677d9d6","itemId":"588cde6b50456a6c13cbacf9","flip":0,"rot":0,"z":13,"y":76,"x":76,"pageNo":0},{"_id":"5913639c97f9970e1677d9d7","itemId":"588cf94a4db2b773139cceb3","flip":0,"rot":0,"z":14,"y":57,"x":133,"pageNo":0},{"_id":"5913639c97f9970e1677d9d8","itemId":"588d8a44a8dcf968138e5150","flip":0,"rot":0,"z":15,"y":55,"x":104,"pageNo":0},{"_id":"5913639c97f9970e1677d9d9","itemId":"588d89ed8f8c727513b8f9f1","flip":0,"rot":0,"z":16,"y":38,"x":133,"pageNo":0},{"_id":"5913639c97f9970e1677d9da","itemId":"58e90c0c1d277b6413a6334c","flip":0,"rot":0,"z":17,"y":34,"x":77,"pageNo":0},{"_id":"5913639c97f9970e1677d9db","itemId":"58fc142fbfedc09013d63dcc","flip":0,"rot":0,"z":18,"y":35,"x":104,"pageNo":0},{"_id":"5913639c97f9970e1677d9dc","itemId":"588cdfddc9050299144dd305","flip":0,"rot":1,"z":19,"y":0,"x":0,"pageNo":0},{"_id":"5913639c97f9970e1677d9dd","itemId":"588cffe3865e1ce50fe5d584","flip":0,"rot":0,"z":20,"y":114,"x":0,"pageNo":0},{"_id":"5a40340081013ece13ec0563","itemId":"588ce4d4067771df0f79cdbf","flip":0,"rot":0,"z":0,"y":105,"x":67,"pageNo":1},{"_id":"5a40340081013ece13ec0564","itemId":"588ce76e8cb0d0591300b3a8","flip":0,"rot":0,"z":1,"y":10,"x":48,"pageNo":1},{"_id":"5a40340081013ece13ec0565","itemId":"588ce132ca649b921443b726","flip":0,"rot":0,"z":2,"y":25,"x":0,"pageNo":1},{"_id":"5a40340081013ece13ec0566","itemId":"588ce0e547f7257e13dd659d","flip":0,"rot":0,"z":3,"y":10,"x":2,"pageNo":1},{"_id":"5a40340081013ece13ec0567","itemId":"588ce0ab3a1bad6d13e3e197","flip":0,"rot":0,"z":4,"y":19,"x":-1,"pageNo":1},{"_id":"5a40340081013ece13ec0568","itemId":"588ce1814438f9de0f6f00aa","flip":0,"rot":0,"z":5,"y":43,"x":3,"pageNo":1},{"_id":"5a40340081013ece13ec0569","itemId":"588cffe3865e1ce50fe5d584","flip":0,"rot":0,"z":6,"y":114,"x":0,"pageNo":1},{"_id":"5a40340081013ece13ec056a","itemId":"5a4018b97ca39f7913569f9b","flip":0,"rot":0,"z":7,"y":38,"x":76,"pageNo":1},{"_id":"5a40340081013ece13ec056b","itemId":"5a4016f21d4d24d313ac9c18","flip":0,"rot":0,"z":8,"y":38,"x":133,"pageNo":1},{"_id":"5a40340081013ece13ec056c","itemId":"5a401a1b7ca822d913e0358d","flip":0,"rot":0,"z":9,"y":57,"x":76,"pageNo":1},{"_id":"5a40340081013ece13ec056d","itemId":"5a4018cd17937f7313347c28","flip":0,"rot":0,"z":10,"y":38,"x":105,"pageNo":1},{"_id":"5a40340081013ece13ec056e","itemId":"5a401c43f9fe8af20f3a7186","flip":0,"rot":0,"z":11,"y":57,"x":105,"pageNo":1},{"_id":"5a40340081013ece13ec056f","itemId":"588cdfddc9050299144dd305","flip":1,"rot":3,"z":12,"y":0,"x":0,"pageNo":1},{"_id":"5a40340081013ece13ec0570","itemId":"588ce6ebc987a45313c08db6","flip":0,"rot":0,"z":13,"y":10,"x":19,"pageNo":1},{"_id":"608c4c24e2bcd2052407d595","itemId":"588cf4b3227f01d80fa4922b","flip":0,"rot":0,"z":0,"y":57,"x":67,"pageNo":2}]}