{"isCreator":false,"contents":[{"_id":"596f68c6c44414fa0f7d73f5","itemId":"57a91b23add3762413f7f15f","flip":0,"rot":0,"z":0,"y":0,"x":96,"pageNo":0},{"_id":"596f68c6c44414fa0f7d73f6","itemId":"57d42fa9039d112713b60003","flip":0,"rot":0,"z":1,"y":19,"x":114,"pageNo":0},{"_id":"596f68c6c44414fa0f7d73f7","itemId":"575a7bc684eb42211314ba3c","flip":0,"rot":0,"z":2,"y":38,"x":114,"pageNo":0},{"_id":"596f68c6c44414fa0f7d73f8","itemId":"57a8f6b30805a2900f1eebdb","flip":0,"rot":0,"z":3,"y":19,"x":95,"pageNo":0},{"_id":"596f68c6c44414fa0f7d73f9","itemId":"57a93ebefa11b18c0fd8c6fa","flip":0,"rot":0,"z":4,"y":38,"x":95,"pageNo":0},{"_id":"596f68c6c44414fa0f7d73fa","itemId":"57b8bd08b93a631c13a563eb","flip":0,"rot":0,"z":5,"y":57,"x":95,"pageNo":0},{"_id":"596f68c6c44414fa0f7d73fb","itemId":"58604b760bf1c07513dc3c2c","flip":0,"rot":0,"z":6,"y":67,"x":114,"pageNo":0},{"_id":"596f68c6c44414fa0f7d73fc","itemId":"585f3b91767662721397960d","flip":0,"rot":0,"z":7,"y":0,"x":114,"pageNo":0},{"_id":"596f68c6c44414fa0f7d73fd","itemId":"5891eff4ce3fe39813ee03dd","flip":0,"rot":0,"z":8,"y":77,"x":117,"pageNo":0},{"_id":"596f68c6c44414fa0f7d73fe","itemId":"588ce4d4067771df0f79cdbf","flip":0,"rot":0,"z":9,"y":106,"x":68,"pageNo":0},{"_id":"596f68c6c44414fa0f7d73ff","itemId":"58afcd44fa46e6ce1336ba6e","flip":0,"rot":0,"z":10,"y":85,"x":95,"pageNo":0},{"_id":"596f68c6c44414fa0f7d7400","itemId":"583c6934b2d699e70fe2023f","flip":0,"rot":0,"z":11,"y":0,"x":76,"pageNo":0},{"_id":"596f68c6c44414fa0f7d7401","itemId":"580307362f4602191335916c","flip":0,"rot":0,"z":12,"y":23,"x":73,"pageNo":0},{"_id":"596f68c6c44414fa0f7d7402","itemId":"57925ee732159a2f131dce60","flip":0,"rot":0,"z":13,"y":45,"x":71,"pageNo":0},{"_id":"596f68c6c44414fa0f7d7403","itemId":"57925d697ca9d42513a0f9a3","flip":0,"rot":0,"z":14,"y":71,"x":67,"pageNo":0},{"_id":"596f68c6c44414fa0f7d7404","itemId":"57925bae1bdefe3413784ac3","flip":0,"rot":0,"z":15,"y":88,"x":71,"pageNo":0},{"_id":"596f68c6c44414fa0f7d7405","itemId":"57925a251bdefe3413784ab8","flip":0,"rot":0,"z":16,"y":46,"x":47,"pageNo":0},{"_id":"596f68c6c44414fa0f7d7406","itemId":"579256ad9b55b9890f17c64e","flip":0,"rot":0,"z":17,"y":66,"x":49,"pageNo":0},{"_id":"596f68c6c44414fa0f7d7407","itemId":"5792456d08192e850fe8daef","flip":0,"rot":0,"z":18,"y":86,"x":48,"pageNo":0},{"_id":"596f68c6c44414fa0f7d7408","itemId":"57923ef868be941b13dfd769","flip":0,"rot":0,"z":19,"y":86,"x":25,"pageNo":0},{"_id":"596f68c6c44414fa0f7d7409","itemId":"57923ea3d32767840f176aa7","flip":0,"rot":0,"z":20,"y":67,"x":30,"pageNo":0},{"_id":"596f68c6c44414fa0f7d740a","itemId":"55cad45c34e98d1b13abbbba","flip":0,"rot":0,"z":21,"y":7,"x":49,"pageNo":0},{"_id":"596f68c6c44414fa0f7d740b","itemId":"54662088fe3dc99656b0acf3","flip":0,"rot":0,"z":22,"y":29,"x":48,"pageNo":0},{"_id":"596f68c6c44414fa0f7d740c","itemId":"5792436d56588b271310a03e","flip":0,"rot":0,"z":23,"y":48,"x":29,"pageNo":0}]}