{"isCreator":false,"contents":[{"_id":"588d2424bff0304a13dbb7e1","itemId":"588d2270b2d2aa7a13dd52c5","flip":0,"rot":0,"z":0,"y":10,"x":67,"pageNo":0},{"_id":"588d2424bff0304a13dbb7e2","itemId":"588d22e1bff0304a13dbb7d9","flip":0,"rot":0,"z":1,"y":21,"x":65,"pageNo":0},{"_id":"588d2424bff0304a13dbb7e3","itemId":"588d23d9bff0304a13dbb7dd","flip":0,"rot":0,"z":2,"y":29,"x":76,"pageNo":0},{"_id":"588d2424bff0304a13dbb7e4","itemId":"588ce4d4067771df0f79cdbf","flip":0,"rot":0,"z":3,"y":105,"x":67,"pageNo":0}]}