{"isCreator":false,"contents":[{"_id":"588e33599aa131801371f04a","itemId":"588d6d6147f7257e13dd6e9e","flip":0,"rot":0,"z":0,"y":-4,"x":73,"pageNo":0},{"_id":"588e33599aa131801371f04b","itemId":"588d6d6147f7257e13dd6e9e","flip":0,"rot":0,"z":1,"y":-4,"x":114,"pageNo":0},{"_id":"588e33599aa131801371f04c","itemId":"588ce6ebc987a45313c08db6","flip":0,"rot":0,"z":2,"y":10,"x":3,"pageNo":0},{"_id":"588e33599aa131801371f04d","itemId":"588d6d6147f7257e13dd6e9e","flip":0,"rot":0,"z":3,"y":-4,"x":20,"pageNo":0},{"_id":"588e33599aa131801371f04e","itemId":"588ce76e8cb0d0591300b3a8","flip":0,"rot":0,"z":4,"y":4,"x":27,"pageNo":0},{"_id":"588e33599aa131801371f04f","itemId":"588ce4d4067771df0f79cdbf","flip":0,"rot":0,"z":5,"y":119,"x":68,"pageNo":0},{"_id":"588e33599aa131801371f050","itemId":"588cd2aaf31dcd7d13322f1d","flip":0,"rot":0,"z":6,"y":23,"x":105,"pageNo":0},{"_id":"588e33599aa131801371f051","itemId":"588d027313c325d70fc410dd","flip":0,"rot":0,"z":7,"y":23,"x":92,"pageNo":0},{"_id":"588e33599aa131801371f052","itemId":"588e331db57cb874136fdb76","flip":0,"rot":0,"z":8,"y":28,"x":31,"pageNo":0},{"_id":"588e33599aa131801371f053","itemId":"588d73a3c43634ea0f6499d1","flip":0,"rot":0,"z":9,"y":26,"x":8,"pageNo":0}]}