{"isCreator":false,"contents":[{"_id":"588d805deb228b6f132316db","itemId":"588d6d6147f7257e13dd6e9e","flip":0,"rot":0,"z":0,"y":-5,"x":70,"pageNo":0},{"_id":"588d805deb228b6f132316dc","itemId":"588d6d6147f7257e13dd6e9e","flip":0,"rot":0,"z":1,"y":-5,"x":114,"pageNo":0},{"_id":"588d805deb228b6f132316dd","itemId":"588ce4d4067771df0f79cdbf","flip":0,"rot":0,"z":2,"y":104,"x":68,"pageNo":0},{"_id":"588d805deb228b6f132316de","itemId":"5520b28c6e0e1b0b0885ad4b","flip":0,"rot":0,"z":3,"y":49,"x":26,"pageNo":0},{"_id":"588d805deb228b6f132316df","itemId":"5504ef3147b0ea8f5f68d3ff","flip":0,"rot":0,"z":4,"y":48,"x":67,"pageNo":0},{"_id":"588d805deb228b6f132316e0","itemId":"54f7d323fb593b501d2a7e54","flip":0,"rot":0,"z":5,"y":50,"x":89,"pageNo":0},{"_id":"588d805deb228b6f132316e1","itemId":"54e426e5198e79917110ea3e","flip":0,"rot":0,"z":6,"y":50,"x":113,"pageNo":0},{"_id":"588d805deb228b6f132316e2","itemId":"54cc262a924ef7f3160607e2","flip":0,"rot":0,"z":7,"y":71,"x":8,"pageNo":0},{"_id":"588d805deb228b6f132316e3","itemId":"54b5792f21106ba30db3ec98","flip":0,"rot":0,"z":8,"y":70,"x":28,"pageNo":0},{"_id":"588d805deb228b6f132316e4","itemId":"54b3c91387ea99306e676ca6","flip":0,"rot":0,"z":9,"y":69,"x":51,"pageNo":0},{"_id":"588d805deb228b6f132316e5","itemId":"54a7837128ffe7fb7b691cdd","flip":0,"rot":0,"z":10,"y":69,"x":115,"pageNo":0},{"_id":"588d805deb228b6f132316e6","itemId":"5477f4f5d1098f2237ab7fdb","flip":0,"rot":0,"z":11,"y":92,"x":31,"pageNo":0},{"_id":"588d805deb228b6f132316e7","itemId":"542ef453132d57064a9a3e62","flip":0,"rot":0,"z":12,"y":92,"x":52,"pageNo":0},{"_id":"588d805deb228b6f132316e8","itemId":"5411f6a3c9ab288436c68df9","flip":0,"rot":0,"z":13,"y":92,"x":75,"pageNo":0},{"_id":"588d805deb228b6f132316e9","itemId":"53eb9f388534266f180e0fd2","flip":0,"rot":0,"z":14,"y":90,"x":100,"pageNo":0},{"_id":"588d805deb228b6f132316ea","itemId":"53d903c72a6f59b32b0b2190","flip":0,"rot":0,"z":15,"y":91,"x":119,"pageNo":0},{"_id":"588d805deb228b6f132316eb","itemId":"588ce76e8cb0d0591300b3a8","flip":0,"rot":0,"z":16,"y":5,"x":25,"pageNo":0},{"_id":"588d805deb228b6f132316ec","itemId":"588ce6ebc987a45313c08db6","flip":0,"rot":0,"z":17,"y":9,"x":-1,"pageNo":0},{"_id":"588d805deb228b6f132316ed","itemId":"588d6d6147f7257e13dd6e9e","flip":0,"rot":0,"z":18,"y":-5,"x":19,"pageNo":0},{"_id":"588d805deb228b6f132316ee","itemId":"588d7df8b2daf84a13901f4a","flip":0,"rot":0,"z":19,"y":-20,"x":57,"pageNo":0},{"_id":"588d805deb228b6f132316ef","itemId":"5726963522e0eb8a0fdfe247","flip":0,"rot":0,"z":20,"y":29,"x":24,"pageNo":0},{"_id":"588d805deb228b6f132316f0","itemId":"54b2972713fdb55446ed7bc9","flip":0,"rot":0,"z":21,"y":28,"x":5,"pageNo":0},{"_id":"588d805deb228b6f132316f1","itemId":"581c62315be6836513bb0f59","flip":0,"rot":0,"z":22,"y":51,"x":5,"pageNo":0},{"_id":"588d805deb228b6f132316f2","itemId":"54871fe5505fccaf59dea29c","flip":0,"rot":0,"z":23,"y":29,"x":68,"pageNo":0},{"_id":"588d805deb228b6f132316f3","itemId":"566e21e4763d8d4b1662d3ea","flip":0,"rot":0,"z":24,"y":96,"x":7,"pageNo":0},{"_id":"588d805deb228b6f132316f4","itemId":"54b2968f0eae9dc73bea7165","flip":0,"rot":0,"z":25,"y":28,"x":89,"pageNo":0},{"_id":"588d805deb228b6f132316f5","itemId":"5678777b3d1d6048236f452f","flip":0,"rot":0,"z":26,"y":30,"x":112,"pageNo":0},{"_id":"588d805deb228b6f132316f6","itemId":"566c3f6302c0595b4b3d7955","flip":0,"rot":0,"z":27,"y":72,"x":74,"pageNo":0},{"_id":"588d805deb228b6f132316f7","itemId":"550608dade7c46d3092052c9","flip":0,"rot":0,"z":28,"y":72,"x":94,"pageNo":0},{"_id":"588d805deb228b6f132316f8","itemId":"54ca9ade16e42aad75e71574","flip":0,"rot":0,"z":29,"y":26,"x":45,"pageNo":0},{"_id":"588d805deb228b6f132316f9","itemId":"588d6bd347f7257e13dd6e93","flip":0,"rot":0,"z":30,"y":-5,"x":131,"pageNo":0},{"_id":"588d805deb228b6f132316fa","itemId":"557f24c23227a5cd485477b8","flip":0,"rot":0,"z":31,"y":49,"x":46,"pageNo":0},{"_id":"588e75c76427697413e5d6a4","itemId":"54d4aef79fe55f302edd4d8b","flip":0,"rot":0,"z":0,"y":6,"x":6,"pageNo":1},{"_id":"588e75c76427697413e5d6a5","itemId":"55b3aefd265207555eb1a084","flip":0,"rot":0,"z":1,"y":6,"x":27,"pageNo":1},{"_id":"588e75c76427697413e5d6a6","itemId":"55b3a8cd5a61064f5eba19e7","flip":0,"rot":0,"z":2,"y":6,"x":48,"pageNo":1},{"_id":"588e75c76427697413e5d6a7","itemId":"55b280b85202d13f5a36e52a","flip":0,"rot":0,"z":3,"y":6,"x":69,"pageNo":1},{"_id":"588e75c76427697413e5d6a8","itemId":"55b3abe7265207555eb1a063","flip":0,"rot":0,"z":4,"y":6,"x":89,"pageNo":1},{"_id":"588e75c76427697413e5d6a9","itemId":"55b3a8ff0dd3106218f59734","flip":0,"rot":0,"z":5,"y":6,"x":110,"pageNo":1},{"_id":"588e75c76427697413e5d6aa","itemId":"55b3add59ad42b4e63b832b7","flip":0,"rot":0,"z":6,"y":28,"x":6,"pageNo":1},{"_id":"588e75c76427697413e5d6ab","itemId":"55b3ae690dd3106218f59752","flip":0,"rot":0,"z":7,"y":28,"x":27,"pageNo":1},{"_id":"588e75c76427697413e5d6ac","itemId":"55b3ae715a99c5d252d8f045","flip":0,"rot":0,"z":8,"y":28,"x":48,"pageNo":1},{"_id":"588e75c76427697413e5d6ad","itemId":"55b184c59f9aa6a33f18d4af","flip":0,"rot":0,"z":9,"y":28,"x":69,"pageNo":1},{"_id":"588e75c76427697413e5d6ae","itemId":"55b3ae7a5a61064f5eba1a04","flip":0,"rot":0,"z":10,"y":28,"x":89,"pageNo":1},{"_id":"588e75c76427697413e5d6af","itemId":"55b3ad489ad42b4e63b832b3","flip":0,"rot":0,"z":11,"y":28,"x":111,"pageNo":1},{"_id":"588e75c76427697413e5d6b0","itemId":"55b2979180ef79f43aabf5cc","flip":0,"rot":0,"z":12,"y":53,"x":6,"pageNo":1},{"_id":"588e75c76427697413e5d6b1","itemId":"55b3ae1b1db706515e1bee55","flip":0,"rot":0,"z":13,"y":53,"x":28,"pageNo":1},{"_id":"588e75c76427697413e5d6b2","itemId":"57011a3cbc28bc1f13d2a111","flip":0,"rot":0,"z":14,"y":53,"x":50,"pageNo":1},{"_id":"588e75c76427697413e5d6b3","itemId":"55932a4c6168cd7b679313e7","flip":0,"rot":0,"z":15,"y":53,"x":72,"pageNo":1},{"_id":"588e75c76427697413e5d6b4","itemId":"56536f2f9786f9e74cff133f","flip":0,"rot":0,"z":16,"y":54,"x":96,"pageNo":1},{"_id":"588e75c76427697413e5d6b5","itemId":"566860babd99330c2e318a09","flip":0,"rot":0,"z":17,"y":58,"x":117,"pageNo":1},{"_id":"588e75c76427697413e5d6b6","itemId":"588ce3bd3a1bad6d13e3e1c2","flip":0,"rot":0,"z":18,"y":72,"x":4,"pageNo":1},{"_id":"588e75c76427697413e5d6b7","itemId":"588cffe3865e1ce50fe5d584","flip":0,"rot":0,"z":19,"y":73,"x":22,"pageNo":1},{"_id":"588e75c76427697413e5d6b8","itemId":"588ce4d4067771df0f79cdbf","flip":0,"rot":0,"z":20,"y":104,"x":68,"pageNo":1},{"_id":"588e75c76427697413e5d6b9","itemId":"56a3c043fba6140a1360ff7b","flip":0,"rot":0,"z":21,"y":74,"x":38,"pageNo":1},{"_id":"588e75c76427697413e5d6ba","itemId":"57b9ec62033f7b33136e47e5","flip":0,"rot":0,"z":22,"y":71,"x":54,"pageNo":1},{"_id":"588e75c76427697413e5d6bb","itemId":"5726a79546a24e7e0f1aa457","flip":0,"rot":0,"z":23,"y":71,"x":75,"pageNo":1},{"_id":"588e75c76427697413e5d6bc","itemId":"56bf326d3e3fe5780fe05ab9","flip":0,"rot":0,"z":24,"y":78,"x":101,"pageNo":1},{"_id":"588e75c76427697413e5d6bd","itemId":"56af0ec97dacec7b0fc70f5b","flip":0,"rot":0,"z":25,"y":76,"x":120,"pageNo":1},{"_id":"588e75c76427697413e5d6be","itemId":"567439a626a975434cdbc0aa","flip":0,"rot":0,"z":26,"y":93,"x":6,"pageNo":1},{"_id":"588e75c76427697413e5d6bf","itemId":"53eb9f388534266f180e0fd2","flip":0,"rot":0,"z":27,"y":90,"x":29,"pageNo":1},{"_id":"588e75c76427697413e5d6c0","itemId":"54047ec2a8ae726f4b84fcaf","flip":0,"rot":0,"z":28,"y":93,"x":50,"pageNo":1},{"_id":"588e75c76427697413e5d6c1","itemId":"542a2a011b65581f4b95d23f","flip":0,"rot":0,"z":29,"y":92,"x":74,"pageNo":1},{"_id":"588e78d9ee7f5edf0f8f8431","itemId":"56226c5a21e52d465c74c239","flip":0,"rot":0,"z":0,"y":3,"x":8,"pageNo":2},{"_id":"588e78d9ee7f5edf0f8f8432","itemId":"556fb3f5d5f4c3262723704d","flip":0,"rot":0,"z":1,"y":3,"x":27,"pageNo":2},{"_id":"588e78d9ee7f5edf0f8f8433","itemId":"556ca930fcdb7cae168106b6","flip":0,"rot":0,"z":2,"y":3,"x":48,"pageNo":2},{"_id":"588e78d9ee7f5edf0f8f8434","itemId":"5502f80a9b2b712d4cd4b4e6","flip":0,"rot":0,"z":3,"y":3,"x":70,"pageNo":2},{"_id":"588e78d9ee7f5edf0f8f8435","itemId":"54cc262a924ef7f3160607e2","flip":0,"rot":0,"z":4,"y":4,"x":89,"pageNo":2},{"_id":"588e78d9ee7f5edf0f8f8436","itemId":"546dee4f2dd3831e58ff38c1","flip":0,"rot":0,"z":5,"y":25,"x":8,"pageNo":2},{"_id":"588e78d9ee7f5edf0f8f8437","itemId":"546a9e07365cba015d89d2a9","flip":0,"rot":0,"z":6,"y":26,"x":33,"pageNo":2},{"_id":"588e78d9ee7f5edf0f8f8438","itemId":"5468365be5dbacb059fc51f8","flip":0,"rot":0,"z":7,"y":25,"x":54,"pageNo":2},{"_id":"588e78d9ee7f5edf0f8f8439","itemId":"540e3dcd35caeb7160a1ec7b","flip":0,"rot":0,"z":8,"y":25,"x":75,"pageNo":2},{"_id":"588e78d9ee7f5edf0f8f843a","itemId":"544686bd18c3bb344d71dd56","flip":0,"rot":0,"z":9,"y":22,"x":94,"pageNo":2},{"_id":"588e78d9ee7f5edf0f8f843b","itemId":"53a0a527617f1ea72506d983","flip":0,"rot":0,"z":10,"y":24,"x":115,"pageNo":2},{"_id":"588e78d9ee7f5edf0f8f843c","itemId":"5391d6a97bdf676502f92bea","flip":0,"rot":0,"z":11,"y":47,"x":8,"pageNo":2},{"_id":"588e78d9ee7f5edf0f8f843d","itemId":"55801d92394cd5180f55f9de","flip":0,"rot":0,"z":12,"y":47,"x":33,"pageNo":2},{"_id":"588e78d9ee7f5edf0f8f843e","itemId":"55a7e0510b6ad1054d45999c","flip":0,"rot":0,"z":13,"y":48,"x":59,"pageNo":2},{"_id":"588e78d9ee7f5edf0f8f843f","itemId":"55ae64d84d2f22ec22e183d2","flip":0,"rot":0,"z":14,"y":48,"x":84,"pageNo":2},{"_id":"588e78d9ee7f5edf0f8f8440","itemId":"5580160b4c58858a36e27ee1","flip":0,"rot":0,"z":15,"y":50,"x":105,"pageNo":2}]}