{"isCreator":false,"contents":[{"_id":"588d077650456a6c13cbafe0","itemId":"588d045b50456a6c13cbafa0","flip":0,"rot":0,"z":0,"y":1,"x":48,"pageNo":0},{"_id":"588d077650456a6c13cbafe1","itemId":"588d045b50456a6c13cbafa0","flip":0,"rot":0,"z":1,"y":1,"x":86,"pageNo":0},{"_id":"588d077650456a6c13cbafe2","itemId":"588d045b50456a6c13cbafa0","flip":0,"rot":0,"z":2,"y":0,"x":124,"pageNo":0},{"_id":"588d077650456a6c13cbafe3","itemId":"588d045b50456a6c13cbafa0","flip":0,"rot":0,"z":3,"y":0,"x":10,"pageNo":0},{"_id":"588d077650456a6c13cbafe4","itemId":"588cf4b3227f01d80fa4922b","flip":0,"rot":0,"z":4,"y":57,"x":67,"pageNo":0},{"_id":"588d077650456a6c13cbafe5","itemId":"588d051d0a07ab7d138c89cc","flip":0,"rot":0,"z":5,"y":-1,"x":130,"pageNo":0},{"_id":"588d077650456a6c13cbafe6","itemId":"588ce4d4067771df0f79cdbf","flip":0,"rot":0,"z":6,"y":105,"x":67,"pageNo":0}]}