{"isCreator":false,"contents":[{"_id":"58eaf65652764ae313619a1c","itemId":"544a87103b921bdb1af3df9f","flip":0,"rot":0,"z":0,"y":22,"x":10,"pageNo":0},{"_id":"58eaf65652764ae313619a1d","itemId":"544a86ee6f2d959719943446","flip":0,"rot":0,"z":1,"y":21,"x":25,"pageNo":0},{"_id":"58eaf65652764ae313619a1e","itemId":"544a86dc45f148cf5f91a4d6","flip":0,"rot":0,"z":2,"y":17,"x":43,"pageNo":0},{"_id":"58eaf65652764ae313619a1f","itemId":"544a86c28e60dc2b763ea008","flip":0,"rot":0,"z":3,"y":21,"x":63,"pageNo":0},{"_id":"58eaf65652764ae313619a20","itemId":"544a86b06f2d95971994343f","flip":0,"rot":0,"z":4,"y":22,"x":83,"pageNo":0},{"_id":"58eaf65652764ae313619a21","itemId":"544a8699c8a83c9619768673","flip":0,"rot":0,"z":5,"y":16,"x":101,"pageNo":0},{"_id":"58eaf65652764ae313619a22","itemId":"54492e959330077b12215000","flip":0,"rot":0,"z":6,"y":36,"x":9,"pageNo":0},{"_id":"58eaf65652764ae313619a23","itemId":"54492d973b0a1b79126c6c2c","flip":0,"rot":0,"z":7,"y":39,"x":20,"pageNo":0},{"_id":"58eaf65652764ae313619a24","itemId":"54492d408f9a9d7157d205d6","flip":0,"rot":0,"z":8,"y":38,"x":28,"pageNo":0},{"_id":"58eaf65652764ae313619a25","itemId":"54492ba383cdf93111edfa92","flip":0,"rot":0,"z":9,"y":38,"x":38,"pageNo":0},{"_id":"58eaf65652764ae313619a26","itemId":"54492c6d3b0a1b79126c6c29","flip":0,"rot":0,"z":10,"y":38,"x":47,"pageNo":0},{"_id":"58eaf65652764ae313619a27","itemId":"54492b3383cdf93111edfa90","flip":0,"rot":0,"z":11,"y":38,"x":57,"pageNo":0},{"_id":"58eaf65652764ae313619a28","itemId":"5339ea7f6c67045921000051","flip":0,"rot":0,"z":12,"y":37,"x":67,"pageNo":0},{"_id":"58eaf65652764ae313619a29","itemId":"5339ea4e6c6704592100004f","flip":0,"rot":0,"z":13,"y":40,"x":82,"pageNo":0},{"_id":"58eaf65652764ae313619a2a","itemId":"588d6d6147f7257e13dd6e9e","flip":0,"rot":0,"z":14,"y":-9,"x":19,"pageNo":0},{"_id":"58eaf65652764ae313619a2b","itemId":"588d6d6147f7257e13dd6e9e","flip":0,"rot":0,"z":15,"y":-5,"x":67,"pageNo":0},{"_id":"58eaf65652764ae313619a2c","itemId":"588d6d6147f7257e13dd6e9e","flip":0,"rot":0,"z":16,"y":-9,"x":114,"pageNo":0},{"_id":"58eaf65652764ae313619a2d","itemId":"588ce4d4067771df0f79cdbf","flip":0,"rot":0,"z":17,"y":105,"x":66,"pageNo":0},{"_id":"58eaf65652764ae313619a2e","itemId":"588d6bd347f7257e13dd6e93","flip":0,"rot":0,"z":18,"y":-9,"x":114,"pageNo":0},{"_id":"58eaf65652764ae313619a2f","itemId":"588e331db57cb874136fdb76","flip":0,"rot":0,"z":19,"y":86,"x":124,"pageNo":0},{"_id":"58eaf65652764ae313619a30","itemId":"544a79a378b7be2d76c9dea5","flip":0,"rot":0,"z":20,"y":19,"x":124,"pageNo":0},{"_id":"58eaf65652764ae313619a31","itemId":"589644095b54636713d2eb07","flip":0,"rot":0,"z":21,"y":40,"x":106,"pageNo":0},{"_id":"58eaf678c7ad63ef0f64dc6d","itemId":"57cbd9c719e978940fab969a","flip":0,"rot":0,"z":0,"y":0,"x":0,"pageNo":3},{"_id":"58eaf678c7ad63ef0f64dc6e","itemId":"5743afaf51377d820fea2f69","flip":0,"rot":0,"z":1,"y":0,"x":19,"pageNo":3},{"_id":"58eaf678c7ad63ef0f64dc6f","itemId":"55c37ddfaad24d4e0d9a131c","flip":0,"rot":0,"z":2,"y":1,"x":34,"pageNo":3},{"_id":"58eaf678c7ad63ef0f64dc70","itemId":"55052e2247b0ea8f5f68d6a0","flip":0,"rot":0,"z":3,"y":2,"x":57,"pageNo":3},{"_id":"58eaf678c7ad63ef0f64dc71","itemId":"54d6a336ab2eaa7c58224cc3","flip":0,"rot":0,"z":4,"y":3,"x":69,"pageNo":3},{"_id":"58eaf678c7ad63ef0f64dc72","itemId":"53e4f0960ea7933a577263a1","flip":0,"rot":0,"z":5,"y":-1,"x":76,"pageNo":3},{"_id":"58eaf678c7ad63ef0f64dc73","itemId":"53e3eba43e31a07f46f3d4a7","flip":0,"rot":0,"z":6,"y":0,"x":95,"pageNo":3},{"_id":"58eaf678c7ad63ef0f64dc74","itemId":"53e3eb919d9883b858b5fa9c","flip":0,"rot":0,"z":7,"y":-1,"x":105,"pageNo":3},{"_id":"58eaf678c7ad63ef0f64dc75","itemId":"53e3eb6a9d9883b858b5fa9a","flip":0,"rot":0,"z":8,"y":1,"x":114,"pageNo":3},{"_id":"58eaf678c7ad63ef0f64dc76","itemId":"53e3eb4c9d9883b858b5fa99","flip":0,"rot":0,"z":9,"y":0,"x":124,"pageNo":3},{"_id":"58eaf678c7ad63ef0f64dc77","itemId":"53e3eb419d9883b858b5fa98","flip":0,"rot":0,"z":10,"y":-1,"x":133,"pageNo":3},{"_id":"58eaf678c7ad63ef0f64dc78","itemId":"53e3ea433e31a07f46f3d4a5","flip":0,"rot":0,"z":11,"y":11,"x":97,"pageNo":3},{"_id":"58eaf678c7ad63ef0f64dc79","itemId":"53e3ea35eb15a0fb2e0412a0","flip":0,"rot":0,"z":12,"y":9,"x":105,"pageNo":3},{"_id":"58eaf678c7ad63ef0f64dc7a","itemId":"53e3ea27eb15a0fb2e04129f","flip":0,"rot":0,"z":13,"y":10,"x":114,"pageNo":3},{"_id":"58eaf678c7ad63ef0f64dc7b","itemId":"53e3e9ed3e31a07f46f3d4a4","flip":0,"rot":0,"z":14,"y":11,"x":122,"pageNo":3},{"_id":"58eaf678c7ad63ef0f64dc7c","itemId":"53e3e9113e31a07f46f3d4a2","flip":0,"rot":0,"z":15,"y":11,"x":133,"pageNo":3},{"_id":"58eaf678c7ad63ef0f64dc7d","itemId":"53e3e8da9d9883b858b5fa95","flip":0,"rot":0,"z":16,"y":16,"x":97,"pageNo":3},{"_id":"58eaf678c7ad63ef0f64dc7e","itemId":"53e3e186eb15a0fb2e041291","flip":0,"rot":0,"z":17,"y":21,"x":105,"pageNo":3},{"_id":"58eaf678c7ad63ef0f64dc7f","itemId":"53e3e17b3e31a07f46f3d48a","flip":0,"rot":0,"z":18,"y":20,"x":116,"pageNo":3},{"_id":"58eaf678c7ad63ef0f64dc80","itemId":"53e3e1483e31a07f46f3d488","flip":0,"rot":0,"z":19,"y":20,"x":132,"pageNo":3},{"_id":"58eaf678c7ad63ef0f64dc81","itemId":"53e3e15b5c0466185230e173","flip":0,"rot":0,"z":20,"y":29,"x":95,"pageNo":3},{"_id":"58eaf678c7ad63ef0f64dc82","itemId":"53a2e1dd60f9675d509663ac","flip":0,"rot":0,"z":21,"y":17,"x":4,"pageNo":3},{"_id":"58eaf678c7ad63ef0f64dc83","itemId":"53e3e16d3e31a07f46f3d489","flip":0,"rot":0,"z":22,"y":19,"x":124,"pageNo":3},{"_id":"58eaf678c7ad63ef0f64dc84","itemId":"588e331db57cb874136fdb76","flip":0,"rot":0,"z":23,"y":83,"x":125,"pageNo":3},{"_id":"58eaf678c7ad63ef0f64dc85","itemId":"589c6ceaaee20b9213f92a8a","flip":0,"rot":0,"z":24,"y":17,"x":13,"pageNo":3},{"_id":"58eaf70eb1439d8a13128b04","itemId":"561a514ba38145e43435c139","flip":0,"rot":0,"z":0,"y":6,"x":6,"pageNo":6},{"_id":"58eaf70eb1439d8a13128b05","itemId":"569234d3c30848d94228dc90","flip":0,"rot":0,"z":1,"y":11,"x":22,"pageNo":6},{"_id":"58eaf70eb1439d8a13128b06","itemId":"569a40b3abf119370e3c2478","flip":0,"rot":0,"z":2,"y":9,"x":36,"pageNo":6},{"_id":"58eaf70eb1439d8a13128b07","itemId":"569a3ff87b0b0de5129dab4e","flip":0,"rot":0,"z":3,"y":9,"x":49,"pageNo":6},{"_id":"58eaf70eb1439d8a13128b08","itemId":"5835e46c1a4fd26813f8ccfd","flip":0,"rot":0,"z":4,"y":7,"x":62,"pageNo":6},{"_id":"58eaf70eb1439d8a13128b09","itemId":"5858d79cf84c3d4c133c6264","flip":0,"rot":0,"z":5,"y":5,"x":76,"pageNo":6},{"_id":"58eaf70eb1439d8a13128b0a","itemId":"58496e61dfb217e50fe66f5d","flip":0,"rot":0,"z":6,"y":7,"x":89,"pageNo":6},{"_id":"58eaf70eb1439d8a13128b0b","itemId":"569a3f8689fc92330e51ecce","flip":0,"rot":0,"z":7,"y":7,"x":96,"pageNo":6},{"_id":"58eaf70eb1439d8a13128b0c","itemId":"569a4621a60e50d91144da78","flip":0,"rot":0,"z":8,"y":7,"x":108,"pageNo":6},{"_id":"58eaf70eb1439d8a13128b0d","itemId":"55bd9062de52ba993a80e2cc","flip":0,"rot":0,"z":9,"y":21,"x":10,"pageNo":6},{"_id":"58eaf70eb1439d8a13128b0e","itemId":"55d5da0c29bee3d9574039d1","flip":0,"rot":0,"z":10,"y":19,"x":22,"pageNo":6},{"_id":"58eaf70eb1439d8a13128b0f","itemId":"54ee2c8079e2371157fa5de5","flip":0,"rot":0,"z":11,"y":20,"x":38,"pageNo":6},{"_id":"58eaf70eb1439d8a13128b10","itemId":"54d6a3006ab3936e5430abab","flip":0,"rot":0,"z":12,"y":25,"x":55,"pageNo":6},{"_id":"58eaf70eb1439d8a13128b11","itemId":"54ad92c180203eee5962d992","flip":0,"rot":0,"z":13,"y":23,"x":75,"pageNo":6},{"_id":"58eaf70eb1439d8a13128b12","itemId":"54af5d388a052afe0d15cbec","flip":0,"rot":0,"z":14,"y":26,"x":90,"pageNo":6},{"_id":"58eaf70eb1439d8a13128b13","itemId":"549029436fa47df1637ad477","flip":0,"rot":0,"z":15,"y":23,"x":107,"pageNo":6},{"_id":"58eaf70eb1439d8a13128b14","itemId":"53bde51679794942204e66dc","flip":0,"rot":0,"z":16,"y":20,"x":120,"pageNo":6},{"_id":"58eaf70eb1439d8a13128b15","itemId":"5864d2912060a95d13145aa3","flip":0,"rot":0,"z":17,"y":6,"x":125,"pageNo":6},{"_id":"58eaf70eb1439d8a13128b16","itemId":"58496e61dfb217e50fe66f5d","flip":0,"rot":0,"z":18,"y":37,"x":8,"pageNo":6},{"_id":"58eaf70eb1439d8a13128b17","itemId":"57b6b0ec68fac98f0f3e7f3a","flip":0,"rot":0,"z":19,"y":40,"x":20,"pageNo":6},{"_id":"58eaf70eb1439d8a13128b18","itemId":"57b6a8318830c22313953e10","flip":0,"rot":0,"z":20,"y":37,"x":29,"pageNo":6},{"_id":"58eaf70eb1439d8a13128b19","itemId":"57b6a5426b28682813c3b4fb","flip":0,"rot":0,"z":21,"y":48,"x":48,"pageNo":6},{"_id":"58eaf71827355a7b134b85e7","itemId":"54316f219a6341107844bd97","flip":0,"rot":0,"z":0,"y":7,"x":7,"pageNo":5},{"_id":"58eaf71827355a7b134b85e8","itemId":"54308a9d9a6341107844bb74","flip":0,"rot":0,"z":1,"y":11,"x":30,"pageNo":5},{"_id":"58eaf71827355a7b134b85e9","itemId":"543061c878d4ab4f0c27dccf","flip":0,"rot":0,"z":2,"y":8,"x":46,"pageNo":5},{"_id":"58eaf71827355a7b134b85ea","itemId":"542ea19e480f0f8a356803b4","flip":0,"rot":0,"z":3,"y":9,"x":64,"pageNo":5},{"_id":"58eaf71827355a7b134b85eb","itemId":"542e9ca64ef5621d47628423","flip":0,"rot":0,"z":4,"y":11,"x":84,"pageNo":5},{"_id":"58eaf71827355a7b134b85ec","itemId":"542dc23f026af0790b0e4957","flip":0,"rot":0,"z":5,"y":11,"x":108,"pageNo":5},{"_id":"58eaf71827355a7b134b85ed","itemId":"542dc154cd849f1229627509","flip":0,"rot":0,"z":6,"y":9,"x":122,"pageNo":5},{"_id":"58eaf71827355a7b134b85ee","itemId":"542dbfe87591acef456de8f4","flip":0,"rot":0,"z":7,"y":25,"x":12,"pageNo":5},{"_id":"58eaf71827355a7b134b85ef","itemId":"542d46d4cd849f12296273d0","flip":0,"rot":0,"z":8,"y":28,"x":20,"pageNo":5},{"_id":"58eaf71827355a7b134b85f0","itemId":"542d45f6026af0790b0e485f","flip":0,"rot":0,"z":9,"y":28,"x":37,"pageNo":5},{"_id":"58eaf71827355a7b134b85f1","itemId":"542d457e026af0790b0e485d","flip":0,"rot":0,"z":10,"y":29,"x":46,"pageNo":5},{"_id":"58eaf71827355a7b134b85f2","itemId":"542d43b9026af0790b0e485b","flip":0,"rot":0,"z":11,"y":27,"x":68,"pageNo":5},{"_id":"58eaf71827355a7b134b85f3","itemId":"542d431b026af0790b0e485a","flip":0,"rot":0,"z":12,"y":28,"x":82,"pageNo":5},{"_id":"58eaf71827355a7b134b85f4","itemId":"542d41e25e721c800ec660d7","flip":0,"rot":0,"z":13,"y":25,"x":100,"pageNo":5},{"_id":"58eaf71827355a7b134b85f5","itemId":"542d411d5e721c800ec660d5","flip":0,"rot":0,"z":14,"y":28,"x":127,"pageNo":5},{"_id":"58eaf71827355a7b134b85f6","itemId":"542c44c9cd849f1229627242","flip":0,"rot":0,"z":15,"y":40,"x":11,"pageNo":5},{"_id":"58eaf71827355a7b134b85f7","itemId":"57b6f4c339a4d822140b2f29","flip":0,"rot":0,"z":16,"y":38,"x":126,"pageNo":5},{"_id":"58eaf71827355a7b134b85f8","itemId":"57bde9e08fd992950fa9285a","flip":0,"rot":0,"z":17,"y":46,"x":102,"pageNo":5},{"_id":"58eaf71827355a7b134b85f9","itemId":"5832d8fcd2a43f461340732c","flip":0,"rot":0,"z":18,"y":43,"x":85,"pageNo":5},{"_id":"58eaf71827355a7b134b85fa","itemId":"54a6c4b12c6535e0230d6fdf","flip":0,"rot":0,"z":19,"y":45,"x":71,"pageNo":5},{"_id":"58eaf71827355a7b134b85fb","itemId":"57b6fed7c1f6522b130b0109","flip":0,"rot":0,"z":20,"y":48,"x":43,"pageNo":5},{"_id":"58eaf71827355a7b134b85fc","itemId":"57a898d66989fe0f13e19dca","flip":0,"rot":0,"z":21,"y":95,"x":124,"pageNo":5},{"_id":"58eaf73ffb9c0af60f78c597","itemId":"53411cd42e8837e75a000388","flip":0,"rot":0,"z":0,"y":6,"x":6,"pageNo":2},{"_id":"58eaf73ffb9c0af60f78c598","itemId":"53411d752e8837e75a000389","flip":0,"rot":0,"z":1,"y":8,"x":18,"pageNo":2},{"_id":"58eaf73ffb9c0af60f78c599","itemId":"5343ca61b1d1655853000008","flip":0,"rot":0,"z":2,"y":13,"x":28,"pageNo":2},{"_id":"58eaf73ffb9c0af60f78c59a","itemId":"5343ca368eede72309000009","flip":0,"rot":0,"z":3,"y":8,"x":35,"pageNo":2},{"_id":"58eaf73ffb9c0af60f78c59b","itemId":"5343ca17716aa58731000009","flip":0,"rot":0,"z":4,"y":9,"x":47,"pageNo":2},{"_id":"58eaf73ffb9c0af60f78c59c","itemId":"5343cdf48eede7230900000e","flip":0,"rot":0,"z":5,"y":11,"x":56,"pageNo":2},{"_id":"58eaf73ffb9c0af60f78c59d","itemId":"53e3e4ca3e31a07f46f3d49c","flip":0,"rot":0,"z":6,"y":10,"x":66,"pageNo":2},{"_id":"58eaf73ffb9c0af60f78c59e","itemId":"53e3e4ae9d9883b858b5fa8a","flip":0,"rot":0,"z":7,"y":9,"x":74,"pageNo":2},{"_id":"58eaf73ffb9c0af60f78c59f","itemId":"5832be6b36a35a4f1393a0b7","flip":0,"rot":0,"z":8,"y":10,"x":104,"pageNo":2},{"_id":"58eaf73ffb9c0af60f78c5a0","itemId":"57fb06ef2a4764161382470e","flip":0,"rot":0,"z":9,"y":4,"x":113,"pageNo":2},{"_id":"58eaf73ffb9c0af60f78c5a1","itemId":"569a4893bd6011db11de472e","flip":0,"rot":0,"z":10,"y":29,"x":9,"pageNo":2},{"_id":"58eaf73ffb9c0af60f78c5a2","itemId":"564d4c53e13637896d8ee672","flip":0,"rot":0,"z":11,"y":31,"x":21,"pageNo":2},{"_id":"58eaf73ffb9c0af60f78c5a3","itemId":"567127b735ae87531a1c7909","flip":0,"rot":0,"z":12,"y":25,"x":30,"pageNo":2},{"_id":"58eaf73ffb9c0af60f78c5a4","itemId":"564d4c03a42877a2742cac54","flip":0,"rot":0,"z":13,"y":29,"x":38,"pageNo":2},{"_id":"58eaf73ffb9c0af60f78c5a5","itemId":"564d4ba160efee8f6d19267d","flip":0,"rot":0,"z":14,"y":29,"x":47,"pageNo":2},{"_id":"58eaf73ffb9c0af60f78c5a6","itemId":"564d4b33f748908e6ddf0cef","flip":0,"rot":0,"z":15,"y":29,"x":57,"pageNo":2},{"_id":"58eaf73ffb9c0af60f78c5a7","itemId":"5631efa7ad9d699d13909127","flip":0,"rot":0,"z":16,"y":30,"x":66,"pageNo":2},{"_id":"58eaf73ffb9c0af60f78c5a8","itemId":"55e31626af7575be0c80e60f","flip":0,"rot":0,"z":17,"y":32,"x":79,"pageNo":2},{"_id":"58eaf73ffb9c0af60f78c5a9","itemId":"55d06711289543a52ce751bd","flip":0,"rot":0,"z":18,"y":26,"x":90,"pageNo":2},{"_id":"58eaf73ffb9c0af60f78c5aa","itemId":"55aa60a384488a2361cebaf4","flip":0,"rot":0,"z":19,"y":48,"x":8,"pageNo":2},{"_id":"58eaf73ffb9c0af60f78c5ab","itemId":"55aa60308469ec1f619770bf","flip":0,"rot":0,"z":20,"y":48,"x":19,"pageNo":2},{"_id":"58eaf73ffb9c0af60f78c5ac","itemId":"55aa5f76b8aeec216168ccf2","flip":0,"rot":0,"z":21,"y":47,"x":26,"pageNo":2},{"_id":"58eaf73ffb9c0af60f78c5ad","itemId":"55aa5ebb8469ec1f619770ba","flip":0,"rot":0,"z":22,"y":48,"x":37,"pageNo":2},{"_id":"58eaf73ffb9c0af60f78c5ae","itemId":"55aa5e51e76b8d4715a331ed","flip":0,"rot":0,"z":23,"y":49,"x":48,"pageNo":2},{"_id":"58eaf73ffb9c0af60f78c5af","itemId":"55aa5db684488a2361cebaed","flip":0,"rot":0,"z":24,"y":48,"x":57,"pageNo":2},{"_id":"58eaf73ffb9c0af60f78c5b0","itemId":"559cdc062fdac9c50eb4fb73","flip":0,"rot":0,"z":25,"y":29,"x":95,"pageNo":2},{"_id":"58eaf73ffb9c0af60f78c5b1","itemId":"54e9a3cf88a98715038c7843","flip":0,"rot":0,"z":26,"y":19,"x":114,"pageNo":2},{"_id":"58eaf73ffb9c0af60f78c5b2","itemId":"54a1ca2e1f66d3ce0b00c706","flip":0,"rot":0,"z":27,"y":0,"x":133,"pageNo":2},{"_id":"58eaf73ffb9c0af60f78c5b3","itemId":"549204d1db816ee2051828f7","flip":0,"rot":0,"z":28,"y":25,"x":129,"pageNo":2},{"_id":"58eaf73ffb9c0af60f78c5b4","itemId":"546e4b92b20fccc6601fbcd8","flip":0,"rot":0,"z":29,"y":48,"x":67,"pageNo":2},{"_id":"58eaf73ffb9c0af60f78c5b5","itemId":"546a47d6452d38ff5ca122e2","flip":0,"rot":0,"z":30,"y":48,"x":76,"pageNo":2},{"_id":"58eaf73ffb9c0af60f78c5b6","itemId":"5468fec8452d38ff5ca11ec9","flip":0,"rot":0,"z":31,"y":48,"x":85,"pageNo":2},{"_id":"58eaf73ffb9c0af60f78c5b7","itemId":"5468feafde20a5fb5cd350c9","flip":0,"rot":0,"z":32,"y":46,"x":93,"pageNo":2},{"_id":"58eaf73ffb9c0af60f78c5b8","itemId":"544e75ab2ca88df71145421a","flip":0,"rot":0,"z":33,"y":47,"x":101,"pageNo":2},{"_id":"58eaf73ffb9c0af60f78c5b9","itemId":"544c16e616fbd6183db20b05","flip":0,"rot":0,"z":34,"y":48,"x":114,"pageNo":2},{"_id":"58eaf73ffb9c0af60f78c5ba","itemId":"5447f9285053419d054e5c8b","flip":0,"rot":0,"z":35,"y":44,"x":126,"pageNo":2},{"_id":"58eaf73ffb9c0af60f78c5bb","itemId":"53e6013f4c2ffbda119e75db","flip":0,"rot":0,"z":36,"y":59,"x":10,"pageNo":2},{"_id":"58eaf73ffb9c0af60f78c5bc","itemId":"53e3f52e3e31a07f46f3d4b8","flip":0,"rot":0,"z":37,"y":56,"x":21,"pageNo":2},{"_id":"58eaf73ffb9c0af60f78c5bd","itemId":"53e3ebf33e31a07f46f3d4a9","flip":0,"rot":0,"z":38,"y":57,"x":28,"pageNo":2},{"_id":"58eaf73ffb9c0af60f78c5be","itemId":"53e3eae8eb15a0fb2e0412a2","flip":0,"rot":0,"z":39,"y":59,"x":47,"pageNo":2},{"_id":"58eaf73ffb9c0af60f78c5bf","itemId":"53e3eafc5c0466185230e181","flip":0,"rot":0,"z":40,"y":58,"x":55,"pageNo":2},{"_id":"58eaf73ffb9c0af60f78c5c0","itemId":"53e3eb12eb15a0fb2e0412a3","flip":0,"rot":0,"z":41,"y":56,"x":68,"pageNo":2},{"_id":"58eaf73ffb9c0af60f78c5c1","itemId":"53e3e8685c0466185230e17f","flip":0,"rot":0,"z":42,"y":57,"x":75,"pageNo":2},{"_id":"58eaf73ffb9c0af60f78c5c2","itemId":"53e3e8425c0466185230e17e","flip":0,"rot":0,"z":43,"y":57,"x":86,"pageNo":2},{"_id":"58eaf73ffb9c0af60f78c5c3","itemId":"53e3e7f0eb15a0fb2e04129d","flip":0,"rot":0,"z":44,"y":60,"x":98,"pageNo":2},{"_id":"58eaf73ffb9c0af60f78c5c4","itemId":"53e3e38b3e31a07f46f3d497","flip":0,"rot":0,"z":45,"y":59,"x":105,"pageNo":2},{"_id":"58eaf73ffb9c0af60f78c5c5","itemId":"53e3e30f9d9883b858b5fa84","flip":0,"rot":0,"z":46,"y":58,"x":115,"pageNo":2},{"_id":"58eaf73ffb9c0af60f78c5c6","itemId":"53e3e2e1eb15a0fb2e041294","flip":0,"rot":0,"z":47,"y":61,"x":122,"pageNo":2},{"_id":"58eaf73ffb9c0af60f78c5c7","itemId":"53e3e2655c0466185230e174","flip":0,"rot":0,"z":48,"y":57,"x":133,"pageNo":2},{"_id":"58eaf73ffb9c0af60f78c5c8","itemId":"53e3dba73e31a07f46f3d47e","flip":0,"rot":0,"z":49,"y":76,"x":9,"pageNo":2},{"_id":"58eaf73ffb9c0af60f78c5c9","itemId":"53e3db3c9d9883b858b5fa72","flip":0,"rot":0,"z":50,"y":76,"x":19,"pageNo":2},{"_id":"58eaf73ffb9c0af60f78c5ca","itemId":"53e3db763e31a07f46f3d47d","flip":0,"rot":0,"z":51,"y":75,"x":28,"pageNo":2},{"_id":"58eaf73ffb9c0af60f78c5cb","itemId":"53e3dafceb15a0fb2e041283","flip":0,"rot":0,"z":52,"y":75,"x":37,"pageNo":2},{"_id":"58eaf73ffb9c0af60f78c5cc","itemId":"533b08bb6c67045921000289","flip":0,"rot":0,"z":53,"y":77,"x":46,"pageNo":2},{"_id":"58eaf73ffb9c0af60f78c5cd","itemId":"533b0d686c67045921000297","flip":0,"rot":0,"z":54,"y":78,"x":58,"pageNo":2},{"_id":"58eaf73ffb9c0af60f78c5ce","itemId":"533b08896c67045921000287","flip":0,"rot":0,"z":55,"y":78,"x":65,"pageNo":2},{"_id":"58eaf73ffb9c0af60f78c5cf","itemId":"5338a2674664348368000622","flip":0,"rot":0,"z":56,"y":77,"x":78,"pageNo":2},{"_id":"58eaf73ffb9c0af60f78c5d0","itemId":"534f1e48df6b0c465e00007b","flip":0,"rot":0,"z":57,"y":76,"x":87,"pageNo":2},{"_id":"58eaf73ffb9c0af60f78c5d1","itemId":"53e3e7a39d9883b858b5fa91","flip":0,"rot":0,"z":58,"y":8,"x":84,"pageNo":2},{"_id":"58eaf73ffb9c0af60f78c5d2","itemId":"5863e52299e308eb0f06b021","flip":0,"rot":0,"z":59,"y":67,"x":95,"pageNo":2},{"_id":"58eaf73ffb9c0af60f78c5d3","itemId":"588e331db57cb874136fdb76","flip":0,"rot":0,"z":60,"y":86,"x":124,"pageNo":2},{"_id":"58eaf73ffb9c0af60f78c5d4","itemId":"53e3ec8beb15a0fb2e0412a9","flip":0,"rot":0,"z":61,"y":56,"x":38,"pageNo":2},{"_id":"58eaf73ffb9c0af60f78c5d5","itemId":"54e7fea1097fc5070c52a24a","flip":0,"rot":0,"z":62,"y":29,"x":105,"pageNo":2},{"_id":"58eaf73ffb9c0af60f78c5d6","itemId":"587307071458f87313fc044f","flip":0,"rot":0,"z":63,"y":95,"x":0,"pageNo":2},{"_id":"58eaf73ffb9c0af60f78c5d7","itemId":"57b36a6591c26c2613d193c9","flip":0,"rot":0,"z":64,"y":3,"x":94,"pageNo":2},{"_id":"58eaf73ffb9c0af60f78c5d8","itemId":"5793d8b99ba1c124137a8ce3","flip":0,"rot":0,"z":65,"y":97,"x":14,"pageNo":2},{"_id":"58eaf7c49c5a6bdd13f33b29","itemId":"546f53c7cc84a4ce68bf0743","flip":0,"rot":0,"z":0,"y":8,"x":7,"pageNo":1},{"_id":"58eaf7c49c5a6bdd13f33b2a","itemId":"53e8295231fa22bc164fbe6c","flip":0,"rot":0,"z":1,"y":10,"x":28,"pageNo":1},{"_id":"58eaf7c49c5a6bdd13f33b2b","itemId":"53e3f0bb9d9883b858b5faa6","flip":0,"rot":0,"z":2,"y":9,"x":51,"pageNo":1},{"_id":"58eaf7c49c5a6bdd13f33b2c","itemId":"53e3f01d9d9883b858b5faa5","flip":0,"rot":0,"z":3,"y":10,"x":66,"pageNo":1},{"_id":"58eaf7c49c5a6bdd13f33b2d","itemId":"53e3ef5c9d9883b858b5faa4","flip":0,"rot":0,"z":4,"y":6,"x":80,"pageNo":1},{"_id":"58eaf7c49c5a6bdd13f33b2e","itemId":"53e3ef51eb15a0fb2e0412af","flip":0,"rot":0,"z":5,"y":7,"x":86,"pageNo":1},{"_id":"58eaf7c49c5a6bdd13f33b2f","itemId":"53e3ef28eb15a0fb2e0412ae","flip":0,"rot":0,"z":6,"y":11,"x":98,"pageNo":1},{"_id":"58eaf7c49c5a6bdd13f33b30","itemId":"536a876aa4cd811b0400004c","flip":0,"rot":0,"z":7,"y":10,"x":104,"pageNo":1},{"_id":"58eaf7c49c5a6bdd13f33b31","itemId":"54fca5dc2a1f0eaf0cc00438","flip":0,"rot":0,"z":8,"y":10,"x":114,"pageNo":1},{"_id":"58eaf7c49c5a6bdd13f33b32","itemId":"53389ef84664348368000615","flip":0,"rot":0,"z":9,"y":14,"x":127,"pageNo":1},{"_id":"58eaf7c49c5a6bdd13f33b33","itemId":"537a4947709a076801c35cde","flip":0,"rot":0,"z":10,"y":26,"x":12,"pageNo":1},{"_id":"58eaf7c49c5a6bdd13f33b34","itemId":"57f2a6c253168f631382878e","flip":0,"rot":0,"z":11,"y":29,"x":28,"pageNo":1},{"_id":"58eaf7c49c5a6bdd13f33b35","itemId":"56d360f9706bec1a13ded236","flip":0,"rot":0,"z":12,"y":29,"x":38,"pageNo":1},{"_id":"58eaf7c49c5a6bdd13f33b36","itemId":"569a4722cb59d33c0e38eb20","flip":0,"rot":0,"z":13,"y":29,"x":54,"pageNo":1},{"_id":"58eaf7c49c5a6bdd13f33b37","itemId":"569a4621a60e50d91144da78","flip":0,"rot":0,"z":14,"y":26,"x":73,"pageNo":1},{"_id":"58eaf7c49c5a6bdd13f33b38","itemId":"564d4d5b10eeaa6a3e95cc1d","flip":0,"rot":0,"z":15,"y":32,"x":94,"pageNo":1},{"_id":"58eaf7c49c5a6bdd13f33b39","itemId":"564d4eaebcc41ae65a36449f","flip":0,"rot":0,"z":16,"y":29,"x":112,"pageNo":1},{"_id":"58eaf7c49c5a6bdd13f33b3a","itemId":"564d49e1f748908e6ddf0ce4","flip":0,"rot":0,"z":17,"y":42,"x":8,"pageNo":1},{"_id":"58eaf7c49c5a6bdd13f33b3b","itemId":"564d47e3e13637896d8ee65f","flip":0,"rot":0,"z":18,"y":38,"x":28,"pageNo":1},{"_id":"58eaf7c49c5a6bdd13f33b3c","itemId":"564ca7e410eeaa6a3e95c520","flip":0,"rot":0,"z":19,"y":38,"x":48,"pageNo":1},{"_id":"58eaf7c49c5a6bdd13f33b3d","itemId":"5606d64ef6ff4a07132a85e0","flip":0,"rot":0,"z":20,"y":42,"x":62,"pageNo":1},{"_id":"58eaf7c49c5a6bdd13f33b3e","itemId":"559cdbbada8975904674f6ae","flip":0,"rot":0,"z":21,"y":42,"x":88,"pageNo":1},{"_id":"58eaf7c49c5a6bdd13f33b3f","itemId":"559cdce7a1f8d4b349d500a6","flip":0,"rot":0,"z":22,"y":36,"x":103,"pageNo":1},{"_id":"58eaf7c49c5a6bdd13f33b40","itemId":"559cdafd814dee8c46aa8f2a","flip":0,"rot":0,"z":23,"y":42,"x":125,"pageNo":1},{"_id":"58eaf7c49c5a6bdd13f33b41","itemId":"559cd930814dee8c46aa8f24","flip":0,"rot":0,"z":24,"y":48,"x":9,"pageNo":1},{"_id":"58eaf7c49c5a6bdd13f33b42","itemId":"559cd9c69a5e54d73f26697c","flip":0,"rot":0,"z":25,"y":48,"x":26,"pageNo":1},{"_id":"58eaf7c49c5a6bdd13f33b43","itemId":"5501045b59c426be28745198","flip":0,"rot":0,"z":26,"y":48,"x":47,"pageNo":1},{"_id":"58eaf7c49c5a6bdd13f33b44","itemId":"54ee4803c449269759d443f9","flip":0,"rot":0,"z":27,"y":50,"x":71,"pageNo":1},{"_id":"58eaf7c49c5a6bdd13f33b45","itemId":"54e675784427b4650467b99d","flip":0,"rot":0,"z":28,"y":49,"x":84,"pageNo":1},{"_id":"58eaf7c49c5a6bdd13f33b46","itemId":"54e674b44767114d70074ee3","flip":0,"rot":0,"z":29,"y":52,"x":105,"pageNo":1},{"_id":"58eaf7c49c5a6bdd13f33b47","itemId":"54d6a3006ab3936e5430abab","flip":0,"rot":0,"z":30,"y":51,"x":118,"pageNo":1},{"_id":"58eaf7c49c5a6bdd13f33b48","itemId":"546e4ddc442b1a7a043bfc48","flip":0,"rot":0,"z":31,"y":60,"x":9,"pageNo":1},{"_id":"58eaf7c49c5a6bdd13f33b49","itemId":"546e43ea5af9f7ca60b5c9b4","flip":0,"rot":0,"z":32,"y":60,"x":20,"pageNo":1},{"_id":"58eaf7c49c5a6bdd13f33b4a","itemId":"53c99a7bc2e69f4b531e3ffc","flip":0,"rot":0,"z":33,"y":57,"x":28,"pageNo":1},{"_id":"58eaf7c49c5a6bdd13f33b4b","itemId":"53acc4c097fd4d8f649b2f6c","flip":0,"rot":0,"z":34,"y":57,"x":47,"pageNo":1},{"_id":"58eaf7c49c5a6bdd13f33b4c","itemId":"5377aa056167af213345dec7","flip":0,"rot":0,"z":35,"y":57,"x":57,"pageNo":1},{"_id":"58eaf7c49c5a6bdd13f33b4d","itemId":"537790d0639f690602388925","flip":0,"rot":0,"z":36,"y":55,"x":71,"pageNo":1},{"_id":"58eaf7c49c5a6bdd13f33b4e","itemId":"5377b7c06167af213345dee1","flip":0,"rot":0,"z":37,"y":61,"x":86,"pageNo":1},{"_id":"58eaf7c49c5a6bdd13f33b4f","itemId":"53778fc1a64302d3012bdce0","flip":0,"rot":0,"z":38,"y":60,"x":102,"pageNo":1},{"_id":"58eaf7c49c5a6bdd13f33b50","itemId":"53778e83709a076801c35923","flip":0,"rot":0,"z":39,"y":59,"x":121,"pageNo":1},{"_id":"58eaf7c49c5a6bdd13f33b51","itemId":"53389ef84664348368000615","flip":0,"rot":0,"z":40,"y":73,"x":8,"pageNo":1},{"_id":"58eaf7c49c5a6bdd13f33b52","itemId":"5338cf1aa591fc147c00068d","flip":0,"rot":0,"z":41,"y":76,"x":17,"pageNo":1},{"_id":"58eaf7c49c5a6bdd13f33b53","itemId":"5495f0988bb55857023daf9f","flip":0,"rot":0,"z":42,"y":76,"x":34,"pageNo":1},{"_id":"58eaf7c49c5a6bdd13f33b54","itemId":"546e43f2a74b2f540ad905fa","flip":0,"rot":0,"z":43,"y":76,"x":57,"pageNo":1},{"_id":"58eaf7c49c5a6bdd13f33b55","itemId":"5491e27db8aa255541225025","flip":0,"rot":0,"z":44,"y":73,"x":70,"pageNo":1},{"_id":"58eaf7c49c5a6bdd13f33b56","itemId":"54718425a288030b0fe678c9","flip":0,"rot":0,"z":45,"y":81,"x":88,"pageNo":1},{"_id":"58eaf7c49c5a6bdd13f33b57","itemId":"588e331db57cb874136fdb76","flip":0,"rot":0,"z":46,"y":86,"x":124,"pageNo":1},{"_id":"58eaf7c49c5a6bdd13f33b58","itemId":"58afb0ad322dbd6713ba0a94","flip":0,"rot":0,"z":47,"y":91,"x":5,"pageNo":1},{"_id":"58eaf7c49c5a6bdd13f33b59","itemId":"5895f56cb12c2ee00fe8189d","flip":0,"rot":0,"z":48,"y":95,"x":32,"pageNo":1},{"_id":"58eaf7c49c5a6bdd13f33b5a","itemId":"56d360f9706bec1a13ded236","flip":0,"rot":0,"z":49,"y":95,"x":38,"pageNo":1},{"_id":"58eaf7d7c916498b138f6f0e","itemId":"587e7d7c69df606c13a1810f","flip":0,"rot":0,"z":0,"y":6,"x":3,"pageNo":4},{"_id":"58eaf7d7c916498b138f6f0f","itemId":"58697ebcd8dbcbb513b8117c","flip":0,"rot":0,"z":1,"y":7,"x":15,"pageNo":4},{"_id":"58eaf7d7c916498b138f6f10","itemId":"5842db40b04c7b7c13f75771","flip":0,"rot":0,"z":2,"y":15,"x":32,"pageNo":4},{"_id":"58eaf7d7c916498b138f6f11","itemId":"583152daa7a9012913fb40eb","flip":0,"rot":0,"z":3,"y":10,"x":38,"pageNo":4},{"_id":"58eaf7d7c916498b138f6f12","itemId":"57c912a0d639a8960f0346e0","flip":0,"rot":0,"z":4,"y":11,"x":58,"pageNo":4},{"_id":"58eaf7d7c916498b138f6f13","itemId":"57c90ec40f377b26132fcf09","flip":0,"rot":0,"z":5,"y":12,"x":76,"pageNo":4},{"_id":"58eaf7d7c916498b138f6f14","itemId":"57c90d48e0e33c281373d831","flip":0,"rot":0,"z":6,"y":14,"x":92,"pageNo":4},{"_id":"58eaf7d7c916498b138f6f15","itemId":"567a4a1b8396c0263e093de8","flip":0,"rot":0,"z":7,"y":10,"x":114,"pageNo":4},{"_id":"58eaf7d7c916498b138f6f16","itemId":"553d4f18f43a071b08890779","flip":0,"rot":0,"z":8,"y":31,"x":2,"pageNo":4},{"_id":"58eaf7d7c916498b138f6f17","itemId":"54d17c1a1b41351c33319737","flip":0,"rot":0,"z":9,"y":32,"x":29,"pageNo":4},{"_id":"58eaf7d7c916498b138f6f18","itemId":"54b6ab9de8248a8c1be0386a","flip":0,"rot":0,"z":10,"y":32,"x":42,"pageNo":4},{"_id":"58eaf7d7c916498b138f6f19","itemId":"54b6aac5004b6a2223aa048a","flip":0,"rot":0,"z":11,"y":29,"x":49,"pageNo":4},{"_id":"58eaf7d7c916498b138f6f1a","itemId":"54a1ec287ee490ad018056a9","flip":0,"rot":0,"z":12,"y":32,"x":55,"pageNo":4},{"_id":"58eaf7d7c916498b138f6f1b","itemId":"54a1ea3d6b41bcb101e9d535","flip":0,"rot":0,"z":13,"y":28,"x":65,"pageNo":4},{"_id":"58eaf7d7c916498b138f6f1c","itemId":"54a1e9f4888c7ffa0c16200b","flip":0,"rot":0,"z":14,"y":27,"x":77,"pageNo":4},{"_id":"58eaf7d7c916498b138f6f1d","itemId":"54a1e9638d401b4e1f3d3ddd","flip":0,"rot":0,"z":15,"y":28,"x":86,"pageNo":4},{"_id":"58eaf7d7c916498b138f6f1e","itemId":"54a1e5d26b41bcb101e9d521","flip":0,"rot":0,"z":16,"y":29,"x":99,"pageNo":4},{"_id":"58eaf7d7c916498b138f6f1f","itemId":"54a1e5bcb4a9139077dd275b","flip":0,"rot":0,"z":17,"y":28,"x":105,"pageNo":4},{"_id":"58eaf7d7c916498b138f6f20","itemId":"54a1dca56b41bcb101e9d486","flip":0,"rot":0,"z":18,"y":28,"x":115,"pageNo":4},{"_id":"58eaf7d7c916498b138f6f21","itemId":"54a1db7b7f24f0f40c031022","flip":0,"rot":0,"z":19,"y":27,"x":123,"pageNo":4},{"_id":"58eaf7d7c916498b138f6f22","itemId":"54a1db290000684c1f1af6a0","flip":0,"rot":0,"z":20,"y":28,"x":131,"pageNo":4},{"_id":"58eaf7d7c916498b138f6f23","itemId":"54a1daf4b5b3d28e77dd782f","flip":0,"rot":0,"z":21,"y":38,"x":66,"pageNo":4},{"_id":"58eaf7d7c916498b138f6f24","itemId":"54a1dacac35056b30197846e","flip":0,"rot":0,"z":22,"y":39,"x":75,"pageNo":4},{"_id":"58eaf7d7c916498b138f6f25","itemId":"54a1da95888c7ffa0c161f51","flip":0,"rot":0,"z":23,"y":38,"x":85,"pageNo":4},{"_id":"58eaf7d7c916498b138f6f26","itemId":"543c33cd0b39b01d4eb7ab92","flip":0,"rot":0,"z":24,"y":62,"x":55,"pageNo":4},{"_id":"58eaf7d7c916498b138f6f27","itemId":"53e3e71c5c0466185230e17b","flip":0,"rot":0,"z":25,"y":64,"x":130,"pageNo":4},{"_id":"58eaf7d7c916498b138f6f28","itemId":"53e3e6f93e31a07f46f3d49d","flip":0,"rot":0,"z":26,"y":67,"x":139,"pageNo":4},{"_id":"58eaf7d7c916498b138f6f29","itemId":"53e3e6729d9883b858b5fa8e","flip":0,"rot":0,"z":27,"y":78,"x":135,"pageNo":4},{"_id":"58eaf7d7c916498b138f6f2a","itemId":"53e3e64feb15a0fb2e04129b","flip":0,"rot":0,"z":28,"y":74,"x":139,"pageNo":4},{"_id":"58eaf7d7c916498b138f6f2b","itemId":"53e3e5f99d9883b858b5fa8c","flip":0,"rot":0,"z":29,"y":81,"x":133,"pageNo":4},{"_id":"58eaf7d7c916498b138f6f2c","itemId":"53c3197c2487bf6f581f7263","flip":0,"rot":0,"z":30,"y":77,"x":124,"pageNo":4},{"_id":"58eaf7d7c916498b138f6f2d","itemId":"53c317d36fd8ffc84cc8fe1d","flip":0,"rot":0,"z":31,"y":89,"x":123,"pageNo":4},{"_id":"58eaf7d7c916498b138f6f2e","itemId":"53c2db866fd8ffc84cc8fd92","flip":0,"rot":0,"z":32,"y":73,"x":112,"pageNo":4},{"_id":"58eaf7d7c916498b138f6f2f","itemId":"53b43fc1b4e092ca249958df","flip":0,"rot":0,"z":33,"y":86,"x":110,"pageNo":4},{"_id":"58eaf7d7c916498b138f6f30","itemId":"5356cace33d5a59e7f000c27","flip":0,"rot":0,"z":34,"y":76,"x":59,"pageNo":4},{"_id":"58eaf7d7c916498b138f6f31","itemId":"5356c660df6b0c465e000b4a","flip":0,"rot":0,"z":35,"y":86,"x":57,"pageNo":4},{"_id":"58eaf7d7c916498b138f6f32","itemId":"53441b189df589805a000018","flip":0,"rot":0,"z":36,"y":74,"x":21,"pageNo":4},{"_id":"58eaf7d7c916498b138f6f33","itemId":"54e4da7d53ed51b5027ce0de","flip":0,"rot":0,"z":37,"y":97,"x":98,"pageNo":4},{"_id":"58eaf7d7c916498b138f6f34","itemId":"54e46e73caaaa43564e96e13","flip":0,"rot":0,"z":38,"y":97,"x":104,"pageNo":4},{"_id":"58eaf7d7c916498b138f6f35","itemId":"54e46de8fa2de3c306d73165","flip":0,"rot":0,"z":39,"y":95,"x":112,"pageNo":4},{"_id":"58eaf7d7c916498b138f6f36","itemId":"54a2d0dff879718a7734f007","flip":0,"rot":0,"z":40,"y":86,"x":28,"pageNo":4},{"_id":"58eaf7d7c916498b138f6f37","itemId":"54f81457f703232f390affa9","flip":0,"rot":0,"z":41,"y":38,"x":0,"pageNo":4},{"_id":"58eaf7d7c916498b138f6f38","itemId":"5345bc600770c3157800001f","flip":0,"rot":0,"z":42,"y":38,"x":19,"pageNo":4},{"_id":"58eaf7d7c916498b138f6f39","itemId":"5842db40b04c7b7c13f75771","flip":0,"rot":0,"z":43,"y":48,"x":57,"pageNo":4},{"_id":"58eaf7d7c916498b138f6f3a","itemId":"537e6d04639f69060238918f","flip":0,"rot":0,"z":44,"y":57,"x":0,"pageNo":4},{"_id":"58eaf7d7c916498b138f6f3b","itemId":"5474d52eda0891d72559f760","flip":0,"rot":0,"z":45,"y":48,"x":95,"pageNo":4},{"_id":"58eaf7d7c916498b138f6f3c","itemId":"5430a5a4ef2d0a25752df80b","flip":0,"rot":0,"z":46,"y":57,"x":19,"pageNo":4},{"_id":"58eaf7d7c916498b138f6f3d","itemId":"53e3edeb5c0466185230e186","flip":0,"rot":0,"z":47,"y":67,"x":29,"pageNo":4},{"_id":"58eaf7d7c916498b138f6f3e","itemId":"537d536b6167af213345e679","flip":0,"rot":0,"z":48,"y":57,"x":38,"pageNo":4},{"_id":"58eaf7d7c916498b138f6f3f","itemId":"58224e628764afbd0fde9227","flip":0,"rot":0,"z":49,"y":48,"x":38,"pageNo":4},{"_id":"58eaf7d7c916498b138f6f40","itemId":"57e5b9191ceb0bf41291b9f5","flip":0,"rot":0,"z":50,"y":76,"x":0,"pageNo":4},{"_id":"58eaf7d7c916498b138f6f41","itemId":"53e3ee9e5c0466185230e188","flip":0,"rot":0,"z":51,"y":67,"x":19,"pageNo":4},{"_id":"58eaf7d7c916498b138f6f42","itemId":"57e5deed138644a1131a104f","flip":0,"rot":0,"z":52,"y":95,"x":0,"pageNo":4},{"_id":"58eaf7d7c916498b138f6f43","itemId":"5755431a4026082613f02f47","flip":0,"rot":0,"z":53,"y":57,"x":95,"pageNo":4},{"_id":"58eaf7d7c916498b138f6f44","itemId":"54a0c11ce09d5d0502b9419a","flip":0,"rot":0,"z":54,"y":95,"x":19,"pageNo":4},{"_id":"58eaf7d7c916498b138f6f45","itemId":"583152daa7a9012913fb40eb","flip":0,"rot":0,"z":55,"y":48,"x":76,"pageNo":4},{"_id":"58eaf7d7c916498b138f6f46","itemId":"54317a9aef2d0a25752df9f4","flip":0,"rot":0,"z":56,"y":105,"x":133,"pageNo":4},{"_id":"58eaf7d7c916498b138f6f47","itemId":"53779937639f690602388939","flip":0,"rot":0,"z":57,"y":95,"x":124,"pageNo":4},{"_id":"58eaf7d7c916498b138f6f48","itemId":"546fe9c05d8020746df0688a","flip":0,"rot":0,"z":58,"y":105,"x":0,"pageNo":4},{"_id":"58eaf7d7c916498b138f6f49","itemId":"58a3557bcd96f96c134aeab8","flip":0,"rot":0,"z":59,"y":76,"x":38,"pageNo":4},{"_id":"58eaf7d7c916498b138f6f4a","itemId":"548d2ec892828732188d5ef3","flip":0,"rot":0,"z":60,"y":57,"x":57,"pageNo":4},{"_id":"58eaf7d7c916498b138f6f4b","itemId":"549da4ed1051ad7b05e214ce","flip":0,"rot":0,"z":61,"y":48,"x":114,"pageNo":4},{"_id":"58eaf7d7c916498b138f6f4c","itemId":"54930b869d2add5e541c77d1","flip":0,"rot":0,"z":62,"y":48,"x":133,"pageNo":4},{"_id":"58eaf7d7c916498b138f6f4d","itemId":"57bb555c7cdf780214279a70","flip":0,"rot":0,"z":63,"y":86,"x":38,"pageNo":4},{"_id":"58eaf7d7c916498b138f6f4e","itemId":"56d69525950ffea95f6854b2","flip":0,"rot":0,"z":64,"y":69,"x":75,"pageNo":4}]}