{"isCreator":false,"contents":[{"_id":"5ec05f3dc6082478488249e8","itemId":"588d6d6147f7257e13dd6e9e","flip":0,"rot":0,"z":0,"y":-8,"x":19,"pageNo":0},{"_id":"5ec05f3dc6082478488249e9","itemId":"588d6d6147f7257e13dd6e9e","flip":0,"rot":0,"z":1,"y":-8,"x":72,"pageNo":0},{"_id":"5ec05f3dc6082478488249ea","itemId":"588d6d6147f7257e13dd6e9e","flip":0,"rot":0,"z":2,"y":-8,"x":114,"pageNo":0},{"_id":"5ec05f3dc6082478488249eb","itemId":"588d6bd347f7257e13dd6e93","flip":0,"rot":0,"z":3,"y":-9,"x":119,"pageNo":0},{"_id":"5ec05f3dc6082478488249ec","itemId":"588ce4d4067771df0f79cdbf","flip":0,"rot":0,"z":4,"y":100,"x":70,"pageNo":0},{"_id":"5ec05f3dc6082478488249ed","itemId":"588e3f98b57cb874136fdce9","flip":0,"rot":0,"z":5,"y":27,"x":0,"pageNo":0},{"_id":"5ec05f3dc6082478488249ee","itemId":"588cf4b3227f01d80fa4922b","flip":0,"rot":0,"z":6,"y":23,"x":36,"pageNo":0},{"_id":"5ec05f3dc6082478488249ef","itemId":"5918c8039fd3227b13bf9e9a","flip":0,"rot":0,"z":7,"y":19,"x":14,"pageNo":0}]}