{"isCreator":false,"contents":[{"_id":"589eb559e863d5e50fd5628d","itemId":"529fb0929682a6bf6900008b","flip":0,"rot":0,"z":0,"y":49,"x":88,"pageNo":0},{"_id":"589eb559e863d5e50fd5628e","itemId":"54d41c05798a8f032ad153d0","flip":0,"rot":0,"z":1,"y":48,"x":102,"pageNo":0},{"_id":"589eb559e863d5e50fd5628f","itemId":"5521a0e5f2b7b106084a7ba2","flip":0,"rot":0,"z":2,"y":42,"x":126,"pageNo":0},{"_id":"589eb559e863d5e50fd56290","itemId":"54fb69bf31e71ad309371046","flip":0,"rot":0,"z":3,"y":64,"x":89,"pageNo":0},{"_id":"589eb559e863d5e50fd56291","itemId":"54fb27e531e71ad309370d52","flip":0,"rot":0,"z":4,"y":64,"x":111,"pageNo":0},{"_id":"589eb559e863d5e50fd56292","itemId":"54e8b77636b9776e7b789ef7","flip":0,"rot":0,"z":5,"y":65,"x":136,"pageNo":0},{"_id":"589eb559e863d5e50fd56293","itemId":"55299f9ab93b8d1e0ab320f5","flip":0,"rot":0,"z":6,"y":79,"x":131,"pageNo":0},{"_id":"589eb559e863d5e50fd56294","itemId":"55187888f9aebf8e0f1b6418","flip":0,"rot":0,"z":7,"y":5,"x":5,"pageNo":0},{"_id":"589eb559e863d5e50fd56295","itemId":"55172f6adcadd8900f9e0cee","flip":0,"rot":0,"z":8,"y":3,"x":30,"pageNo":0},{"_id":"589eb559e863d5e50fd56296","itemId":"5517ef95493c686025a04fae","flip":0,"rot":0,"z":9,"y":1,"x":52,"pageNo":0},{"_id":"589eb559e863d5e50fd56297","itemId":"5518742f012a958c0f0c05e8","flip":0,"rot":0,"z":10,"y":-1,"x":75,"pageNo":0},{"_id":"589eb559e863d5e50fd56298","itemId":"552ae7a9c9ddf5773f63f6b2","flip":0,"rot":0,"z":11,"y":1,"x":99,"pageNo":0},{"_id":"589eb559e863d5e50fd56299","itemId":"5517ef18f9d70e5e257e9807","flip":0,"rot":0,"z":12,"y":1,"x":124,"pageNo":0},{"_id":"589eb559e863d5e50fd5629a","itemId":"551810e457bf0e2a21d48e6d","flip":0,"rot":0,"z":13,"y":30,"x":4,"pageNo":0},{"_id":"589eb559e863d5e50fd5629b","itemId":"552aeadccd8c1a713f157503","flip":0,"rot":0,"z":14,"y":45,"x":0,"pageNo":0},{"_id":"589eb559e863d5e50fd5629c","itemId":"552ae7a9c9ddf5773f63f6b2","flip":0,"rot":0,"z":15,"y":75,"x":6,"pageNo":0},{"_id":"589eb559e863d5e50fd5629d","itemId":"5518831d012a958c0f0c073a","flip":0,"rot":0,"z":16,"y":20,"x":27,"pageNo":0},{"_id":"589eb559e863d5e50fd5629e","itemId":"52f182f63e18b98d39000014","flip":0,"rot":0,"z":17,"y":29,"x":48,"pageNo":0},{"_id":"589eb559e863d5e50fd5629f","itemId":"5305075a4e5ab4d91b000160","flip":0,"rot":0,"z":18,"y":28,"x":71,"pageNo":0},{"_id":"589eb559e863d5e50fd562a0","itemId":"52f284538a95e6bf2d000118","flip":0,"rot":0,"z":19,"y":24,"x":98,"pageNo":0},{"_id":"589eb559e863d5e50fd562a1","itemId":"530a630124d6fda66700063c","flip":0,"rot":0,"z":20,"y":23,"x":86,"pageNo":0},{"_id":"589eb559e863d5e50fd562a2","itemId":"5338fd26a591fc147c000708","flip":0,"rot":0,"z":21,"y":24,"x":142,"pageNo":0},{"_id":"589eb559e863d5e50fd562a3","itemId":"52f295548a95e6bf2d000133","flip":0,"rot":0,"z":22,"y":25,"x":118,"pageNo":0},{"_id":"589eb559e863d5e50fd562a4","itemId":"54ac8ed73fc903883bbdbf48","flip":0,"rot":0,"z":23,"y":52,"x":54,"pageNo":0},{"_id":"589eb559e863d5e50fd562a5","itemId":"5348085f0a4a97b379000023","flip":0,"rot":0,"z":24,"y":46,"x":72,"pageNo":0},{"_id":"589eb559e863d5e50fd562a6","itemId":"54efa03bf99428c33d93500a","flip":0,"rot":0,"z":25,"y":67,"x":73,"pageNo":0},{"_id":"589eb559e863d5e50fd562a7","itemId":"54e8af68cbc087f81b4b780d","flip":0,"rot":0,"z":26,"y":88,"x":82,"pageNo":0},{"_id":"589eb559e863d5e50fd562a8","itemId":"54b4289cab16c09016495fbd","flip":0,"rot":0,"z":27,"y":114,"x":19,"pageNo":0},{"_id":"589eb559e863d5e50fd562a9","itemId":"533c6f62cb67d7890400011a","flip":0,"rot":0,"z":28,"y":48,"x":37,"pageNo":0},{"_id":"589eb559e863d5e50fd562aa","itemId":"5339b436203366837e00001b","flip":0,"rot":0,"z":29,"y":65,"x":37,"pageNo":0},{"_id":"589eb559e863d5e50fd562ab","itemId":"54e8b5f94ee445fc1be845f3","flip":0,"rot":0,"z":30,"y":66,"x":51,"pageNo":0},{"_id":"589eb559e863d5e50fd562ac","itemId":"533907fb466434836800073b","flip":0,"rot":0,"z":31,"y":80,"x":51,"pageNo":0},{"_id":"589eb559e863d5e50fd562ad","itemId":"545a3a4f5e078c382e93a841","flip":0,"rot":0,"z":32,"y":87,"x":34,"pageNo":0},{"_id":"589eb559e863d5e50fd562ae","itemId":"54c58fb13df419f155769d45","flip":0,"rot":0,"z":33,"y":84,"x":48,"pageNo":0},{"_id":"589eb559e863d5e50fd562af","itemId":"5477dbf627c630c7538d99a6","flip":0,"rot":0,"z":34,"y":108,"x":37,"pageNo":0},{"_id":"589eb559e863d5e50fd562b0","itemId":"54a4454277f255ff7bde9a8e","flip":0,"rot":0,"z":35,"y":75,"x":57,"pageNo":0},{"_id":"589eb559e863d5e50fd562b1","itemId":"533903c6a591fc147c000710","flip":0,"rot":0,"z":36,"y":79,"x":91,"pageNo":0},{"_id":"589eb559e863d5e50fd562b2","itemId":"54a30db3888c7ffa0c1625a3","flip":0,"rot":0,"z":37,"y":83,"x":106,"pageNo":0},{"_id":"589eb559e863d5e50fd562b3","itemId":"5598322a1b02b1410a3702fb","flip":0,"rot":0,"z":38,"y":90,"x":3,"pageNo":0},{"_id":"589eb559e863d5e50fd562b4","itemId":"54a311c76b41bcb101e9da33","flip":0,"rot":0,"z":39,"y":96,"x":92,"pageNo":0},{"_id":"589eb559e863d5e50fd562b5","itemId":"54a30d648d401b4e1f3d430c","flip":0,"rot":0,"z":40,"y":93,"x":107,"pageNo":0},{"_id":"589eb559e863d5e50fd562b6","itemId":"53e4ebde0ea7933a57726393","flip":0,"rot":0,"z":41,"y":96,"x":116,"pageNo":0}]}