{"isCreator":false,"contents":[{"_id":"58f945f1d5c6b69513c28208","itemId":"588d85b3e138d13e133bd3dd","flip":0,"rot":0,"z":0,"y":5,"x":4,"pageNo":0},{"_id":"58f945f1d5c6b69513c28209","itemId":"588d84903a1bad6d13e3ec2c","flip":0,"rot":0,"z":1,"y":28,"x":3,"pageNo":0},{"_id":"58f945f1d5c6b69513c2820a","itemId":"588d84b10c622ee80fc0aff6","flip":0,"rot":0,"z":2,"y":50,"x":3,"pageNo":0},{"_id":"58f945f1d5c6b69513c2820b","itemId":"588d84cdeb228b6f13231706","flip":0,"rot":0,"z":3,"y":72,"x":3,"pageNo":0},{"_id":"58f945f1d5c6b69513c2820c","itemId":"588d8505e138d13e133bd3da","flip":0,"rot":0,"z":4,"y":95,"x":4,"pageNo":0},{"_id":"58f945f1d5c6b69513c2820d","itemId":"588d8372ee6eda4b13127a4c","flip":0,"rot":0,"z":5,"y":5,"x":27,"pageNo":0},{"_id":"58f945f1d5c6b69513c2820e","itemId":"589f74038e80f36013d6c65e","flip":0,"rot":0,"z":6,"y":49,"x":50,"pageNo":0},{"_id":"58f945f1d5c6b69513c2820f","itemId":"588d8468838878e70f1c8eda","flip":0,"rot":0,"z":7,"y":27,"x":27,"pageNo":0},{"_id":"58f945f1d5c6b69513c28210","itemId":"5895513c8e99ce8513b04b71","flip":0,"rot":0,"z":8,"y":49,"x":27,"pageNo":0},{"_id":"58f945f1d5c6b69513c28211","itemId":"589552458c1f775713bb6b3c","flip":0,"rot":0,"z":9,"y":72,"x":27,"pageNo":0},{"_id":"58f945f1d5c6b69513c28212","itemId":"589552d61e4c487813edbef3","flip":0,"rot":0,"z":10,"y":95,"x":27,"pageNo":0},{"_id":"58f945f1d5c6b69513c28213","itemId":"589554138e99ce8513b04b83","flip":0,"rot":0,"z":11,"y":5,"x":50,"pageNo":0},{"_id":"58f945f1d5c6b69513c28214","itemId":"5895590502e010e20fb905b2","flip":0,"rot":0,"z":12,"y":27,"x":50,"pageNo":0},{"_id":"58f945f1d5c6b69513c28215","itemId":"589f775acec5df7b13332322","flip":0,"rot":0,"z":13,"y":72,"x":50,"pageNo":0}]}