{"isCreator":false,"contents":[{"_id":"5a94ccf3e2c106e914d855b5","itemId":"5898bf965192ff7614c73d25","flip":0,"rot":0,"z":0,"y":23,"x":44,"pageNo":0},{"_id":"5a94ccf3e2c106e914d855b6","itemId":"5898c3e4206ddc6a14abf983","flip":0,"rot":0,"z":1,"y":23,"x":5,"pageNo":0},{"_id":"5a94ccf3e2c106e914d855b7","itemId":"5898bf35489a8d7213369d45","flip":0,"rot":0,"z":2,"y":23,"x":24,"pageNo":0},{"_id":"5a94ccf3e2c106e914d855b8","itemId":"5898c1884228cb6e13648110","flip":0,"rot":0,"z":3,"y":22,"x":62,"pageNo":0},{"_id":"5a94ccf3e2c106e914d855b9","itemId":"5898c288211abd6c1362a4f8","flip":0,"rot":0,"z":4,"y":22,"x":81,"pageNo":0},{"_id":"5a94ccf3e2c106e914d855ba","itemId":"5898c2de606f3eea0f553de2","flip":0,"rot":0,"z":5,"y":22,"x":100,"pageNo":0},{"_id":"5a94ccf3e2c106e914d855bb","itemId":"5897aefc1ab7f00a14b72382","flip":0,"rot":0,"z":6,"y":22,"x":119,"pageNo":0},{"_id":"5a94ccf3e2c106e914d855bc","itemId":"58ec7164e7c3c50e15605cc1","flip":0,"rot":0,"z":7,"y":-1,"x":20,"pageNo":0},{"_id":"5a94ccf3e2c106e914d855bd","itemId":"58f920eaa81ad08a138a7576","flip":0,"rot":0,"z":8,"y":6,"x":38,"pageNo":0},{"_id":"5a94ccf3e2c106e914d855be","itemId":"58e347672a1583ae131f72ee","flip":0,"rot":0,"z":9,"y":2,"x":59,"pageNo":0},{"_id":"5a94ccf3e2c106e914d855bf","itemId":"58e347bbb8eaf19913046fad","flip":0,"rot":0,"z":10,"y":3,"x":77,"pageNo":0},{"_id":"5a94ccf3e2c106e914d855c0","itemId":"58e78800f13eff7413be5d0d","flip":0,"rot":0,"z":11,"y":2,"x":96,"pageNo":0},{"_id":"5a94ccf3e2c106e914d855c1","itemId":"5853855adc77826913d625b4","flip":0,"rot":0,"z":12,"y":2,"x":114,"pageNo":0},{"_id":"5a94ccf3e2c106e914d855c2","itemId":"5854272dc15df56513e675d7","flip":0,"rot":0,"z":13,"y":4,"x":132,"pageNo":0},{"_id":"5a94ccf3e2c106e914d855c3","itemId":"58cc4bb8c03d9c6513da2628","flip":0,"rot":0,"z":14,"y":26,"x":136,"pageNo":0},{"_id":"5a94ccf3e2c106e914d855c4","itemId":"58cd2c26cc0146a7139f55f6","flip":0,"rot":0,"z":15,"y":42,"x":3,"pageNo":0},{"_id":"5a94ccf3e2c106e914d855c5","itemId":"55b1045835fa5be74ba087ec","flip":0,"rot":0,"z":16,"y":61,"x":4,"pageNo":0},{"_id":"5a94ccf3e2c106e914d855c6","itemId":"58f27d239133f3551486ad5d","flip":0,"rot":0,"z":17,"y":100,"x":5,"pageNo":0},{"_id":"5a94ccf3e2c106e914d855c7","itemId":"57bbdb3120610622134fd194","flip":0,"rot":0,"z":18,"y":78,"x":4,"pageNo":0},{"_id":"5a94ccf3e2c106e914d855c8","itemId":"58f8497e7eae6208140f9bd9","flip":0,"rot":0,"z":19,"y":120,"x":5,"pageNo":0},{"_id":"5a94ccf3e2c106e914d855c9","itemId":"5886c196fbde6c6b13848d2d","flip":0,"rot":0,"z":20,"y":40,"x":80,"pageNo":0},{"_id":"5a94ccf3e2c106e914d855ca","itemId":"5886c17ab3a60d7213469397","flip":0,"rot":0,"z":21,"y":41,"x":61,"pageNo":0},{"_id":"5a94ccf3e2c106e914d855cb","itemId":"5886c1bbb3a60d7213469398","flip":0,"rot":0,"z":22,"y":41,"x":43,"pageNo":0},{"_id":"5a94ccf3e2c106e914d855cc","itemId":"5886c0e49786e77613447d8a","flip":0,"rot":0,"z":23,"y":41,"x":24,"pageNo":0},{"_id":"5a94ccf3e2c106e914d855cd","itemId":"5886c1fb7663f08214880414","flip":0,"rot":0,"z":24,"y":41,"x":99,"pageNo":0},{"_id":"5a94ccf3e2c106e914d855ce","itemId":"58fd6180f15accfc13a12888","flip":0,"rot":0,"z":25,"y":79,"x":23,"pageNo":0},{"_id":"5a94ccf3e2c106e914d855cf","itemId":"58e197f1cd225b701379e5c0","flip":0,"rot":0,"z":26,"y":61,"x":24,"pageNo":0},{"_id":"5a94ccf3e2c106e914d855d0","itemId":"590587032b0c8541139e4fa7","flip":0,"rot":0,"z":27,"y":97,"x":23,"pageNo":0},{"_id":"5a94ccf3e2c106e914d855d1","itemId":"58e340f8c178cb9c13452e4e","flip":0,"rot":0,"z":28,"y":1,"x":4,"pageNo":0},{"_id":"5a94ccf3e2c106e914d855d2","itemId":"58fc4961fab1e0a6141b524c","flip":0,"rot":0,"z":29,"y":117,"x":23,"pageNo":0},{"_id":"5a94ccf3e2c106e914d855d3","itemId":"5906cf0d1f9bb10310b89036","flip":0,"rot":0,"z":30,"y":115,"x":43,"pageNo":0},{"_id":"5a94ccf3e2c106e914d855d4","itemId":"5906cea0a985ff09155fd0be","flip":0,"rot":0,"z":31,"y":115,"x":61,"pageNo":0},{"_id":"5a94ccf3e2c106e914d855d5","itemId":"5920d7e3fe16088d139c6bd8","flip":0,"rot":0,"z":32,"y":114,"x":79,"pageNo":0},{"_id":"5a94ccf3e2c106e914d855d6","itemId":"54e91b346ffa6c2a1d77aa02","flip":0,"rot":0,"z":33,"y":62,"x":43,"pageNo":0},{"_id":"5a94ccf3e2c106e914d855d7","itemId":"54e915496ffa6c2a1d77a9d3","flip":0,"rot":0,"z":34,"y":60,"x":60,"pageNo":0},{"_id":"5a94ccf3e2c106e914d855d8","itemId":"54e916f5b3f490927cd25525","flip":0,"rot":0,"z":35,"y":63,"x":81,"pageNo":0},{"_id":"5a94ccf3e2c106e914d855d9","itemId":"52d48cab8d84b8d935000038","flip":0,"rot":0,"z":36,"y":81,"x":34,"pageNo":0},{"_id":"5a94ccf3e2c106e914d855da","itemId":"590368308d29ef071021e026","flip":0,"rot":0,"z":37,"y":40,"x":114,"pageNo":0},{"_id":"5a94ccf3e2c106e914d855db","itemId":"59034f5090d5548b13c8c22a","flip":0,"rot":0,"z":38,"y":40,"x":133,"pageNo":0},{"_id":"5a94ccf3e2c106e914d855dc","itemId":"572f8aa04ee15b1d13073a51","flip":0,"rot":0,"z":39,"y":78,"x":60,"pageNo":0},{"_id":"5a94ccf3e2c106e914d855dd","itemId":"573d2f5d42bbe818132645f9","flip":0,"rot":0,"z":40,"y":81,"x":82,"pageNo":0},{"_id":"5a94ccf3e2c106e914d855de","itemId":"55395b20b9832afc7ea7e83e","flip":0,"rot":0,"z":41,"y":100,"x":45,"pageNo":0},{"_id":"5a94ccf3e2c106e914d855df","itemId":"553959e291cf6ab70f1dd317","flip":0,"rot":0,"z":42,"y":100,"x":64,"pageNo":0},{"_id":"5a94ccf3e2c106e914d855e0","itemId":"55395b50b9832afc7ea7e842","flip":0,"rot":0,"z":43,"y":60,"x":138,"pageNo":0},{"_id":"5a94ccf3e2c106e914d855e1","itemId":"55395add4693a15e10466a7e","flip":0,"rot":0,"z":44,"y":60,"x":100,"pageNo":0},{"_id":"5a94ccf3e2c106e914d855e2","itemId":"55395aa8d6a5a13267c6e6e2","flip":0,"rot":0,"z":45,"y":60,"x":119,"pageNo":0},{"_id":"5a94ccf3e2c106e914d855e3","itemId":"598ce422c9588b91132a9ac1","flip":0,"rot":0,"z":46,"y":77,"x":41,"pageNo":0}]}