{"isCreator":false,"contents":[{"_id":"59382c91faf4ab99139e49f3","itemId":"58fcccf2400903b813f4dac4","flip":0,"rot":0,"z":0,"y":116,"x":5,"pageNo":0},{"_id":"59382c91faf4ab99139e49f4","itemId":"59319c0f1befe47313c40ac0","flip":0,"rot":0,"z":1,"y":38,"x":26,"pageNo":0},{"_id":"59382c91faf4ab99139e49f5","itemId":"59319ec57482a48813777516","flip":0,"rot":0,"z":2,"y":38,"x":47,"pageNo":0},{"_id":"59382c91faf4ab99139e49f6","itemId":"59319f0461c9097b136ab427","flip":0,"rot":0,"z":3,"y":39,"x":67,"pageNo":0},{"_id":"59382c91faf4ab99139e49f7","itemId":"5931a21488bca3fa14f4feb8","flip":0,"rot":0,"z":4,"y":35,"x":86,"pageNo":0},{"_id":"59382c91faf4ab99139e49f8","itemId":"58fa9714d95c826f135d8c87","flip":0,"rot":0,"z":5,"y":9,"x":11,"pageNo":0},{"_id":"59382c91faf4ab99139e49f9","itemId":"58fa97712ce98e7b132025ad","flip":0,"rot":0,"z":6,"y":10,"x":49,"pageNo":0},{"_id":"59382c91faf4ab99139e49fa","itemId":"58fa9748d95c826f135d8c89","flip":0,"rot":0,"z":7,"y":10,"x":29,"pageNo":0},{"_id":"59382c91faf4ab99139e49fb","itemId":"58fa97955c308bfc0f2bcc16","flip":0,"rot":0,"z":8,"y":9,"x":67,"pageNo":0},{"_id":"59382c91faf4ab99139e49fc","itemId":"58fa97ae43af34fd0f913dfd","flip":0,"rot":0,"z":9,"y":10,"x":87,"pageNo":0},{"_id":"59382c91faf4ab99139e49fd","itemId":"58fa97da3c2db67c13b1d074","flip":0,"rot":0,"z":10,"y":10,"x":105,"pageNo":0},{"_id":"59382c91faf4ab99139e49fe","itemId":"58fb6cab7729124e130b8307","flip":0,"rot":0,"z":11,"y":10,"x":121,"pageNo":0},{"_id":"59382c91faf4ab99139e49ff","itemId":"59319618e89990671331eb7d","flip":0,"rot":0,"z":12,"y":34,"x":10,"pageNo":0},{"_id":"59382c91faf4ab99139e4a00","itemId":"5936bc845075f21214577f30","flip":0,"rot":0,"z":13,"y":39,"x":124,"pageNo":0},{"_id":"59382c91faf4ab99139e4a01","itemId":"593827ebc231b3a5137b5370","flip":0,"rot":0,"z":14,"y":63,"x":5,"pageNo":0},{"_id":"59382c91faf4ab99139e4a02","itemId":"5938297562d11c8d13bdb01e","flip":0,"rot":0,"z":15,"y":69,"x":31,"pageNo":0},{"_id":"59382c91faf4ab99139e4a03","itemId":"593829ef0ad43f80139038f5","flip":0,"rot":0,"z":16,"y":38,"x":105,"pageNo":0}]}