{"isCreator":false,"contents":[{"_id":"5978f9b4cdc1397313d46bf7","itemId":"58fcfa907aab34f0139758f9","flip":0,"rot":0,"z":0,"y":30,"x":29,"pageNo":0},{"_id":"5978f9b4cdc1397313d46bf8","itemId":"5838745c8fc7514a139e8dc1","flip":0,"rot":0,"z":1,"y":9,"x":126,"pageNo":0},{"_id":"5978f9b4cdc1397313d46bf9","itemId":"583afd9d3b0eba6714058864","flip":0,"rot":0,"z":2,"y":10,"x":105,"pageNo":0},{"_id":"5978f9b4cdc1397313d46bfa","itemId":"58d7bed92f63bf611575e103","flip":0,"rot":0,"z":3,"y":9,"x":87,"pageNo":0},{"_id":"5978f9b4cdc1397313d46bfb","itemId":"58d7bf447a33868313daebfd","flip":0,"rot":0,"z":4,"y":10,"x":67,"pageNo":0},{"_id":"5978f9b4cdc1397313d46bfc","itemId":"58b391088edf104a1378880d","flip":0,"rot":0,"z":5,"y":10,"x":48,"pageNo":0},{"_id":"5978f9b4cdc1397313d46bfd","itemId":"58cd3840d3f381fc0f4d33fe","flip":0,"rot":0,"z":6,"y":10,"x":29,"pageNo":0},{"_id":"5978f9b4cdc1397313d46bfe","itemId":"58fcaf659092e3b813db96fd","flip":0,"rot":0,"z":7,"y":10,"x":10,"pageNo":0},{"_id":"5978f9b4cdc1397313d46bff","itemId":"58fcfd5af5f2d875149d109e","flip":0,"rot":0,"z":8,"y":29,"x":10,"pageNo":0},{"_id":"5978f9b4cdc1397313d46c00","itemId":"59060e081dee3c601371eed1","flip":0,"rot":0,"z":9,"y":31,"x":52,"pageNo":0},{"_id":"5978f9b4cdc1397313d46c01","itemId":"58fe72b9bd5f047413e56729","flip":0,"rot":0,"z":10,"y":29,"x":76,"pageNo":0},{"_id":"5978f9b4cdc1397313d46c02","itemId":"593d8ac32082477b13637bec","flip":0,"rot":0,"z":11,"y":46,"x":89,"pageNo":0},{"_id":"5978f9b4cdc1397313d46c03","itemId":"58fe6f56848bb47813d16d06","flip":0,"rot":0,"z":12,"y":29,"x":95,"pageNo":0},{"_id":"5978f9b4cdc1397313d46c04","itemId":"593db0e60b56a57113b80a20","flip":0,"rot":0,"z":13,"y":48,"x":105,"pageNo":0},{"_id":"5978f9b4cdc1397313d46c05","itemId":"592b353ab347cf3c138b1c23","flip":0,"rot":0,"z":14,"y":48,"x":26,"pageNo":0},{"_id":"5978f9b4cdc1397313d46c06","itemId":"58f93358a1760dfa0f33e683","flip":0,"rot":0,"z":15,"y":114,"x":-9,"pageNo":0},{"_id":"5978f9b4cdc1397313d46c07","itemId":"5953fb8ccde5fb98461b0a46","flip":0,"rot":0,"z":16,"y":29,"x":114,"pageNo":0},{"_id":"5978f9b4cdc1397313d46c08","itemId":"59720f93160b9872169804cc","flip":0,"rot":0,"z":17,"y":78,"x":64,"pageNo":0},{"_id":"5978f9b4cdc1397313d46c09","itemId":"592ef9a621f28efa0f9ea7b4","flip":0,"rot":0,"z":18,"y":95,"x":19,"pageNo":0},{"_id":"5978f9b4cdc1397313d46c0a","itemId":"592c7503e8119fec0f38c977","flip":0,"rot":0,"z":19,"y":95,"x":38,"pageNo":0},{"_id":"5978f9b4cdc1397313d46c0b","itemId":"5915f8671b13329a13e1f91b","flip":0,"rot":0,"z":20,"y":95,"x":76,"pageNo":0},{"_id":"5978f9b4cdc1397313d46c0c","itemId":"5920b49fd4c358a313b3c114","flip":0,"rot":0,"z":21,"y":95,"x":95,"pageNo":0},{"_id":"5978f9b4cdc1397313d46c0d","itemId":"593c53f7a31efd44140b0d9e","flip":0,"rot":0,"z":22,"y":114,"x":19,"pageNo":0},{"_id":"5978f9b4cdc1397313d46c0e","itemId":"593c555274f359f80f5b18b1","flip":0,"rot":0,"z":23,"y":114,"x":38,"pageNo":0},{"_id":"5978f9b4cdc1397313d46c0f","itemId":"593d60ab478de7a2132ea4e7","flip":0,"rot":0,"z":24,"y":48,"x":10,"pageNo":0},{"_id":"5978f9b4cdc1397313d46c10","itemId":"592b39a15c009b8813bdea59","flip":0,"rot":0,"z":25,"y":111,"x":58,"pageNo":0},{"_id":"5978f9b4cdc1397313d46c11","itemId":"59442be9699311f60fff0949","flip":0,"rot":0,"z":26,"y":48,"x":48,"pageNo":0},{"_id":"5978f9b4cdc1397313d46c12","itemId":"5968f71fb8f1a66e13d5f52f","flip":0,"rot":0,"z":27,"y":114,"x":86,"pageNo":0},{"_id":"5978f9b4cdc1397313d46c13","itemId":"5915f6281b13329a13e1f903","flip":0,"rot":0,"z":28,"y":95,"x":57,"pageNo":0},{"_id":"5978f9b4cdc1397313d46c14","itemId":"5963a3dc0eca9ee24392cdcb","flip":0,"rot":0,"z":29,"y":95,"x":114,"pageNo":0},{"_id":"5978f9b4cdc1397313d46c15","itemId":"595f999c2a9d1e8513441f16","flip":0,"rot":0,"z":30,"y":48,"x":67,"pageNo":0}]}