{"isCreator":false,"contents":[{"_id":"5918cbaf67f3d8bb13c61a63","itemId":"58354aa215d8a0391366bc79","flip":0,"rot":0,"z":0,"y":29,"x":124,"pageNo":1},{"_id":"5918cbaf67f3d8bb13c61a64","itemId":"5833b4f55577a4ba0f5f8fd2","flip":0,"rot":0,"z":1,"y":57,"x":29,"pageNo":1},{"_id":"5918cbaf67f3d8bb13c61a65","itemId":"5830e96b05ece4bd0fef1d38","flip":0,"rot":0,"z":2,"y":57,"x":48,"pageNo":1},{"_id":"5918cbaf67f3d8bb13c61a66","itemId":"5830dbbb5d89a9b90f7c34d5","flip":0,"rot":0,"z":3,"y":57,"x":67,"pageNo":1},{"_id":"5918cbaf67f3d8bb13c61a67","itemId":"582f9b3cc32cf28013453f7f","flip":0,"rot":0,"z":4,"y":57,"x":86,"pageNo":1},{"_id":"5918cbaf67f3d8bb13c61a68","itemId":"582f98ab694f2b3513734d94","flip":0,"rot":0,"z":5,"y":57,"x":105,"pageNo":1},{"_id":"5918cbaf67f3d8bb13c61a69","itemId":"582a7d02fc4fee55133d3faa","flip":0,"rot":0,"z":6,"y":57,"x":10,"pageNo":1},{"_id":"5918cbaf67f3d8bb13c61a6a","itemId":"580aad796dd12d3015df96d2","flip":0,"rot":0,"z":7,"y":0,"x":19,"pageNo":1},{"_id":"5918cbaf67f3d8bb13c61a6b","itemId":"5886b22fcfeac9e40febdf64","flip":0,"rot":0,"z":8,"y":0,"x":38,"pageNo":1},{"_id":"5918cbaf67f3d8bb13c61a6c","itemId":"588684416470e3cc139536a6","flip":0,"rot":0,"z":9,"y":0,"x":57,"pageNo":1},{"_id":"5918cbaf67f3d8bb13c61a6d","itemId":"587de33ae8a386a6138f077a","flip":0,"rot":0,"z":10,"y":0,"x":0,"pageNo":1},{"_id":"5918cbaf67f3d8bb13c61a6e","itemId":"588ab9b7c6f3636f13a0e897","flip":0,"rot":0,"z":11,"y":0,"x":76,"pageNo":1},{"_id":"5918cbaf67f3d8bb13c61a6f","itemId":"588926e0dfca88481348d115","flip":0,"rot":0,"z":12,"y":-9,"x":95,"pageNo":1},{"_id":"5918cbaf67f3d8bb13c61a70","itemId":"58440c367dfe8675139f06fa","flip":0,"rot":0,"z":13,"y":19,"x":95,"pageNo":1},{"_id":"5918cbaf67f3d8bb13c61a71","itemId":"577723c61333ad8c0f894e75","flip":0,"rot":0,"z":14,"y":19,"x":67,"pageNo":1},{"_id":"5918cbaf67f3d8bb13c61a72","itemId":"570e585a34b2081113aed1ea","flip":0,"rot":0,"z":15,"y":19,"x":38,"pageNo":1},{"_id":"5918cbaf67f3d8bb13c61a73","itemId":"588a7dd970d749bc138a0a46","flip":0,"rot":0,"z":16,"y":86,"x":38,"pageNo":1},{"_id":"5918cbaf67f3d8bb13c61a74","itemId":"588a7debb2994154131f85ae","flip":0,"rot":0,"z":17,"y":86,"x":29,"pageNo":1},{"_id":"5918cbaf67f3d8bb13c61a75","itemId":"56d3a00c81de662a1315ac5c","flip":0,"rot":0,"z":18,"y":86,"x":0,"pageNo":1},{"_id":"5918cbaf67f3d8bb13c61a76","itemId":"58851dee8d99f9de0f399d56","flip":0,"rot":0,"z":19,"y":86,"x":10,"pageNo":1},{"_id":"5918cbaf67f3d8bb13c61a77","itemId":"56bee0435388fb16138a2b31","flip":0,"rot":0,"z":20,"y":-9,"x":114,"pageNo":1},{"_id":"5918cbaf67f3d8bb13c61a78","itemId":"56bee08aa609fa740f00b340","flip":0,"rot":0,"z":21,"y":0,"x":114,"pageNo":1},{"_id":"5918cbaf67f3d8bb13c61a79","itemId":"562fc5b19f8d03db764d06db","flip":0,"rot":0,"z":22,"y":95,"x":0,"pageNo":1},{"_id":"5918cbaf67f3d8bb13c61a7a","itemId":"58685bbe25774fe50fd8a9e3","flip":0,"rot":0,"z":23,"y":48,"x":-9,"pageNo":1},{"_id":"5918cbaf67f3d8bb13c61a7b","itemId":"56dbc7ee21566d770f939103","flip":0,"rot":0,"z":24,"y":86,"x":105,"pageNo":1},{"_id":"5918cbaf67f3d8bb13c61a7c","itemId":"54de6dd13827a1397656b5b9","flip":0,"rot":0,"z":25,"y":86,"x":57,"pageNo":1},{"_id":"5918cbaf67f3d8bb13c61a7d","itemId":"5563b3bc436a0f632f2885a1","flip":0,"rot":0,"z":26,"y":38,"x":86,"pageNo":1},{"_id":"5918cbaf67f3d8bb13c61a7e","itemId":"553bf9f5c6d8972d14d18684","flip":0,"rot":0,"z":27,"y":48,"x":57,"pageNo":1},{"_id":"5918cbaf67f3d8bb13c61a7f","itemId":"54aaec1089abb72c04791a4a","flip":0,"rot":0,"z":28,"y":76,"x":86,"pageNo":1},{"_id":"5918cbaf67f3d8bb13c61a80","itemId":"5361b6a47775df24090003e3","flip":0,"rot":0,"z":29,"y":19,"x":19,"pageNo":1},{"_id":"5918cbaf67f3d8bb13c61a81","itemId":"57968477c0045c2d13a8a549","flip":0,"rot":0,"z":30,"y":29,"x":29,"pageNo":1},{"_id":"5918cbaf67f3d8bb13c61a82","itemId":"535c5f855283d85434001290","flip":0,"rot":0,"z":31,"y":95,"x":38,"pageNo":1},{"_id":"5918cbaf67f3d8bb13c61a83","itemId":"5468fb2feb8d1ad86f8d1b78","flip":0,"rot":0,"z":32,"y":48,"x":133,"pageNo":1},{"_id":"5918d0c8dc6f9c8213c0c119","itemId":"574b58196660c0241317c5bd","flip":0,"rot":0,"z":0,"y":22,"x":19,"pageNo":6},{"_id":"5918d0c8dc6f9c8213c0c11a","itemId":"573f5d48dfe8d72e13535b59","flip":0,"rot":0,"z":1,"y":15,"x":59,"pageNo":6},{"_id":"5918d0c8dc6f9c8213c0c11b","itemId":"57374d0851e4b7331377ad6f","flip":0,"rot":0,"z":2,"y":38,"x":86,"pageNo":6},{"_id":"5918d0c8dc6f9c8213c0c11c","itemId":"5730aaefda5979f31287686a","flip":0,"rot":0,"z":3,"y":19,"x":105,"pageNo":6},{"_id":"5918d0c8dc6f9c8213c0c11d","itemId":"5727ccf61617a17e0f857c77","flip":0,"rot":0,"z":4,"y":76,"x":10,"pageNo":6},{"_id":"5918d0c8dc6f9c8213c0c11e","itemId":"56eceb43db06d522136b6229","flip":0,"rot":0,"z":5,"y":85,"x":47,"pageNo":6},{"_id":"5918d0c8dc6f9c8213c0c11f","itemId":"565b1504938a1068421d96e0","flip":0,"rot":0,"z":6,"y":95,"x":105,"pageNo":6},{"_id":"5918d0c8dc6f9c8213c0c120","itemId":"56eb626471ec5d2a13ea913c","flip":0,"rot":0,"z":7,"y":114,"x":67,"pageNo":6},{"_id":"5918d0c8dc6f9c8213c0c121","itemId":"56c916ac29eeb224131b3910","flip":0,"rot":0,"z":8,"y":114,"x":10,"pageNo":6},{"_id":"5918d131cd20eaf60f656e5a","itemId":"569bf6ec662439340e95575c","flip":0,"rot":0,"z":0,"y":12,"x":11,"pageNo":8},{"_id":"5918d131cd20eaf60f656e5b","itemId":"56928877ada8b02e45f2798a","flip":0,"rot":0,"z":1,"y":76,"x":19,"pageNo":8},{"_id":"5918d131cd20eaf60f656e5c","itemId":"568ef9bc86b0ef621036c79e","flip":0,"rot":0,"z":2,"y":19,"x":38,"pageNo":8},{"_id":"5918d131cd20eaf60f656e5d","itemId":"568767cef51e7a2b3ed46747","flip":0,"rot":0,"z":3,"y":0,"x":76,"pageNo":8},{"_id":"5918d131cd20eaf60f656e5e","itemId":"567a1f95af6ed5201dcc11da","flip":0,"rot":0,"z":4,"y":18,"x":85,"pageNo":8},{"_id":"5918d131cd20eaf60f656e5f","itemId":"566bc175b2a39bf8467eea92","flip":0,"rot":0,"z":5,"y":44,"x":102,"pageNo":8},{"_id":"5918d131cd20eaf60f656e60","itemId":"565b64879764798276a2d4d0","flip":0,"rot":0,"z":6,"y":105,"x":19,"pageNo":8},{"_id":"5918d131cd20eaf60f656e61","itemId":"5644210d0b207f887575989f","flip":0,"rot":0,"z":7,"y":67,"x":76,"pageNo":8},{"_id":"5918d131cd20eaf60f656e62","itemId":"56300c2e4fffda807c0d3698","flip":0,"rot":0,"z":8,"y":107,"x":82,"pageNo":8},{"_id":"5918d131cd20eaf60f656e63","itemId":"562de43e790a1b615a85809e","flip":0,"rot":0,"z":9,"y":95,"x":114,"pageNo":8},{"_id":"5918d131cd20eaf60f656e64","itemId":"560166ef9a1a74183dbf5d9d","flip":0,"rot":0,"z":10,"y":75,"x":69,"pageNo":8},{"_id":"5918d131cd20eaf60f656e65","itemId":"55fe2331ec7051e52c736b46","flip":0,"rot":0,"z":11,"y":29,"x":129,"pageNo":8},{"_id":"5918d131cd20eaf60f656e66","itemId":"55e38670e258bb880b297809","flip":0,"rot":0,"z":12,"y":41,"x":64,"pageNo":8},{"_id":"5918d131cd20eaf60f656e67","itemId":"55e10db3fa15e0e777e31b30","flip":0,"rot":0,"z":13,"y":49,"x":133,"pageNo":8},{"_id":"5918d131cd20eaf60f656e68","itemId":"55d023a1c9c0851e509f9f81","flip":0,"rot":0,"z":14,"y":95,"x":67,"pageNo":8},{"_id":"5918d13ecd20eaf60f656e69","itemId":"586c5b93f6d0633813c43ed9","flip":0,"rot":0,"z":0,"y":76,"x":19,"pageNo":4},{"_id":"5918d13ecd20eaf60f656e6a","itemId":"584479eae7f868e20f0b6743","flip":0,"rot":0,"z":1,"y":25,"x":66,"pageNo":4},{"_id":"5918d13ecd20eaf60f656e6b","itemId":"583a925f5624e3b413b0a12b","flip":0,"rot":0,"z":2,"y":29,"x":95,"pageNo":4},{"_id":"5918d13ecd20eaf60f656e6c","itemId":"57ae2a2257729a4714b9c584","flip":0,"rot":0,"z":3,"y":57,"x":67,"pageNo":4},{"_id":"5918d13ecd20eaf60f656e6d","itemId":"57ab59755eea342e13d623f1","flip":0,"rot":0,"z":4,"y":66,"x":109,"pageNo":4},{"_id":"5918d13ecd20eaf60f656e6e","itemId":"5765732a6d921e271353531a","flip":0,"rot":0,"z":5,"y":105,"x":57,"pageNo":4},{"_id":"5918d13ecd20eaf60f656e6f","itemId":"574ed3b1ac9f76311386d104","flip":0,"rot":0,"z":6,"y":107,"x":19,"pageNo":4},{"_id":"5918d13ecd20eaf60f656e70","itemId":"55b514deeb44ce9a5bde6548","flip":0,"rot":0,"z":7,"y":95,"x":114,"pageNo":4},{"_id":"5918d1507a82c302109c6894","itemId":"571f51067f221e810f7ad4c8","flip":0,"rot":0,"z":0,"y":7,"x":5,"pageNo":7},{"_id":"5918d1507a82c302109c6895","itemId":"56f49aaf20df1326138d7f55","flip":0,"rot":0,"z":1,"y":13,"x":35,"pageNo":7},{"_id":"5918d1507a82c302109c6896","itemId":"56f403152664f11c132d2530","flip":0,"rot":0,"z":2,"y":9,"x":56,"pageNo":7},{"_id":"5918d1507a82c302109c6897","itemId":"56f402f7a1d05017139f4d10","flip":0,"rot":0,"z":3,"y":13,"x":79,"pageNo":7},{"_id":"5918d1507a82c302109c6898","itemId":"5756358060fc44790fcc7741","flip":0,"rot":0,"z":4,"y":9,"x":94,"pageNo":7},{"_id":"5918d1507a82c302109c6899","itemId":"56d56ad48592956d0f649b10","flip":0,"rot":0,"z":5,"y":74,"x":26,"pageNo":7},{"_id":"5918d1507a82c302109c689a","itemId":"56c03bfe6b2781211343318f","flip":0,"rot":0,"z":6,"y":46,"x":93,"pageNo":7},{"_id":"5918d1507a82c302109c689b","itemId":"56afafe11c0c3a690f5a3fe3","flip":0,"rot":0,"z":7,"y":83,"x":72,"pageNo":7},{"_id":"5918d1507a82c302109c689c","itemId":"56b051f36745252e1303d9ee","flip":0,"rot":0,"z":8,"y":86,"x":105,"pageNo":7},{"_id":"5918d1507a82c302109c689d","itemId":"56a2da83333697720ff4fd9c","flip":0,"rot":0,"z":9,"y":37,"x":17,"pageNo":7},{"_id":"5918d1507a82c302109c689e","itemId":"569eccaaa74d76db1117aaf0","flip":0,"rot":0,"z":10,"y":86,"x":38,"pageNo":7},{"_id":"5918d1507a82c302109c689f","itemId":"55a837a5f0535f1c4c77eff8","flip":0,"rot":0,"z":11,"y":114,"x":10,"pageNo":7},{"_id":"5918d1507a82c302109c68a0","itemId":"557c7fcac71f02f623673340","flip":0,"rot":0,"z":12,"y":47,"x":125,"pageNo":7},{"_id":"5918d1507a82c302109c68a1","itemId":"5592fa3bbd69683b0a58fd2d","flip":0,"rot":0,"z":13,"y":105,"x":0,"pageNo":7},{"_id":"5918d1bd7a82c302109c68aa","itemId":"55c85e9a575c92044f8a7426","flip":0,"rot":0,"z":0,"y":10,"x":10,"pageNo":9},{"_id":"5918d1bd7a82c302109c68ab","itemId":"55603e6b79abd0a508ba9d10","flip":0,"rot":0,"z":1,"y":19,"x":48,"pageNo":9},{"_id":"5918d1bd7a82c302109c68ac","itemId":"55603ccccf7ae2612fe7e61f","flip":0,"rot":0,"z":2,"y":19,"x":67,"pageNo":9},{"_id":"5918d1bd7a82c302109c68ad","itemId":"556038a55c5fc8a308df34a5","flip":0,"rot":0,"z":3,"y":19,"x":86,"pageNo":9},{"_id":"5918d1bd7a82c302109c68ae","itemId":"554ab21dec30062d4410e5ae","flip":0,"rot":0,"z":4,"y":48,"x":29,"pageNo":9},{"_id":"5918d1bd7a82c302109c68af","itemId":"5546f50045f7dfcf20133e54","flip":0,"rot":0,"z":5,"y":105,"x":86,"pageNo":9},{"_id":"5918d1bd7a82c302109c68b0","itemId":"554652ab5cb547cb20da0098","flip":0,"rot":0,"z":6,"y":86,"x":19,"pageNo":9},{"_id":"5918d1bd7a82c302109c68b1","itemId":"5546351f15f1052407bf6580","flip":0,"rot":0,"z":7,"y":48,"x":121,"pageNo":9},{"_id":"5918d1bd7a82c302109c68b2","itemId":"551a915eade5c14d4603d353","flip":0,"rot":0,"z":8,"y":48,"x":0,"pageNo":9},{"_id":"5918d1cbcd20eaf60f656e82","itemId":"5531241b6badab0a080507b9","flip":0,"rot":0,"z":0,"y":105,"x":95,"pageNo":11},{"_id":"5918d1cbcd20eaf60f656e83","itemId":"552e7ad56e1a6e2c4d4a5ba9","flip":0,"rot":0,"z":1,"y":16,"x":105,"pageNo":11},{"_id":"5918d1cbcd20eaf60f656e84","itemId":"552d2528c67c8eb349f63ca9","flip":0,"rot":0,"z":2,"y":105,"x":38,"pageNo":11},{"_id":"5918d1cbcd20eaf60f656e85","itemId":"552c4d9f5dc62ba2461512d1","flip":0,"rot":0,"z":3,"y":13,"x":73,"pageNo":11},{"_id":"5918d1cbcd20eaf60f656e86","itemId":"5528d8b9e33203080835967a","flip":0,"rot":0,"z":4,"y":22,"x":75,"pageNo":11},{"_id":"5918d1cbcd20eaf60f656e87","itemId":"55202ae3eca3fa652bf66cc5","flip":0,"rot":0,"z":5,"y":57,"x":38,"pageNo":11},{"_id":"5918d1cbcd20eaf60f656e88","itemId":"55173a44012a958c0f0bf492","flip":0,"rot":0,"z":6,"y":10,"x":19,"pageNo":11},{"_id":"5918d250bcfa675e131716d2","itemId":"55125799633e7bde20248643","flip":0,"rot":0,"z":0,"y":26,"x":17,"pageNo":13},{"_id":"5918d250bcfa675e131716d3","itemId":"5508f937800d677b11fbbffd","flip":0,"rot":0,"z":1,"y":10,"x":76,"pageNo":13},{"_id":"5918d250bcfa675e131716d4","itemId":"5509c4a8d4c42535195b7f04","flip":0,"rot":0,"z":2,"y":57,"x":19,"pageNo":13},{"_id":"5918d250bcfa675e131716d5","itemId":"550a42814301126d1a560fd0","flip":0,"rot":0,"z":3,"y":57,"x":76,"pageNo":13},{"_id":"5918d250bcfa675e131716d6","itemId":"54fb080b31e71ad309370b20","flip":0,"rot":0,"z":4,"y":91,"x":16,"pageNo":13},{"_id":"5918d250bcfa675e131716d7","itemId":"54f8caa792464e9024d19979","flip":0,"rot":0,"z":5,"y":91,"x":72,"pageNo":13},{"_id":"5918d250bcfa675e131716d8","itemId":"54f8a257dc0f3e766e019cbd","flip":0,"rot":0,"z":6,"y":47,"x":121,"pageNo":13},{"_id":"5918d250bcfa675e131716d9","itemId":"54f722da99779c4141461e27","flip":0,"rot":0,"z":7,"y":91,"x":121,"pageNo":13},{"_id":"5918d250bcfa675e131716da","itemId":"54f4f77f2fc8f19c3ae25159","flip":0,"rot":0,"z":8,"y":67,"x":48,"pageNo":13},{"_id":"5918d255bcfa675e131716db","itemId":"5850ec7d9c2933e10f432bcd","flip":0,"rot":0,"z":0,"y":10,"x":10,"pageNo":5},{"_id":"5918d255bcfa675e131716dc","itemId":"5833962bbcb161bb0f70d1ea","flip":0,"rot":0,"z":1,"y":0,"x":38,"pageNo":5},{"_id":"5918d255bcfa675e131716dd","itemId":"5831053af1530132134c44d1","flip":0,"rot":0,"z":2,"y":0,"x":67,"pageNo":5},{"_id":"5918d255bcfa675e131716de","itemId":"5829230fb8e22bb30fc8e945","flip":0,"rot":0,"z":3,"y":0,"x":105,"pageNo":5},{"_id":"5918d255bcfa675e131716df","itemId":"58154e1fb2f0aa3a133a7b2b","flip":0,"rot":0,"z":4,"y":48,"x":10,"pageNo":5},{"_id":"5918d255bcfa675e131716e0","itemId":"580c236001de5d2313412c0e","flip":0,"rot":0,"z":5,"y":19,"x":38,"pageNo":5},{"_id":"5918d255bcfa675e131716e1","itemId":"57f29e74b6d3af64133f897a","flip":0,"rot":0,"z":6,"y":48,"x":67,"pageNo":5},{"_id":"5918d255bcfa675e131716e2","itemId":"57e32e09aa6ae3aa0fed02f2","flip":0,"rot":0,"z":7,"y":38,"x":105,"pageNo":5},{"_id":"5918d255bcfa675e131716e3","itemId":"57d8a5eb31bef9fc125cbb8b","flip":0,"rot":0,"z":8,"y":69,"x":105,"pageNo":5},{"_id":"5918d255bcfa675e131716e4","itemId":"57d2ff35e81b6b1c1398ab05","flip":0,"rot":0,"z":9,"y":35,"x":33,"pageNo":5},{"_id":"5918d255bcfa675e131716e5","itemId":"57be1e01a7cf3d26133752c2","flip":0,"rot":0,"z":10,"y":67,"x":19,"pageNo":5},{"_id":"5918d255bcfa675e131716e6","itemId":"57b9e58101eb26231321e048","flip":0,"rot":0,"z":11,"y":76,"x":67,"pageNo":5},{"_id":"5918d255bcfa675e131716e7","itemId":"57b9b29f3a9f4d2413092ccf","flip":0,"rot":0,"z":12,"y":76,"x":114,"pageNo":5},{"_id":"5918d255bcfa675e131716e8","itemId":"57ab59755eea342e13d623f1","flip":0,"rot":0,"z":13,"y":86,"x":19,"pageNo":5},{"_id":"5918d255bcfa675e131716e9","itemId":"57868154898ad52913a335ae","flip":0,"rot":0,"z":14,"y":105,"x":86,"pageNo":5},{"_id":"5918d255bcfa675e131716ea","itemId":"57868118845bd51c13c45003","flip":0,"rot":0,"z":15,"y":97,"x":97,"pageNo":5},{"_id":"5918d255bcfa675e131716eb","itemId":"5833175150b468ba0f45bab1","flip":0,"rot":0,"z":16,"y":105,"x":105,"pageNo":5},{"_id":"5918d255bcfa675e131716ec","itemId":"54f0072f37cfbdd82c34b76c","flip":0,"rot":0,"z":17,"y":34,"x":131,"pageNo":5},{"_id":"5918d26b7a82c302109c68f8","itemId":"553f82f455b3be12210820a1","flip":0,"rot":0,"z":0,"y":31,"x":45,"pageNo":10},{"_id":"5918d26b7a82c302109c68f9","itemId":"553506ba8de630a85c7e3ce5","flip":0,"rot":0,"z":1,"y":86,"x":10,"pageNo":10},{"_id":"5918d26b7a82c302109c68fa","itemId":"5534fdb29f2628620462fcfd","flip":0,"rot":0,"z":2,"y":105,"x":105,"pageNo":10},{"_id":"5918d26b7a82c302109c68fb","itemId":"553133d250c59a1008d91eef","flip":0,"rot":0,"z":3,"y":58,"x":7,"pageNo":10},{"_id":"5918d26b7a82c302109c68fc","itemId":"551930e1bc35620f08d1fa56","flip":0,"rot":0,"z":4,"y":105,"x":48,"pageNo":10},{"_id":"5918d26b7a82c302109c68fd","itemId":"54ec8fae410eb1451736eca8","flip":0,"rot":0,"z":5,"y":18,"x":105,"pageNo":10},{"_id":"5918d2ba93b4a657130b95e4","itemId":"55173598453c5d9608d3cf01","flip":0,"rot":0,"z":0,"y":29,"x":38,"pageNo":12},{"_id":"5918d2ba93b4a657130b95e5","itemId":"54ebdb66d57d80ab1d782035","flip":0,"rot":0,"z":1,"y":86,"x":114,"pageNo":12},{"_id":"5918d2ba93b4a657130b95e6","itemId":"54ce49211e648b5f24fde12d","flip":0,"rot":0,"z":2,"y":105,"x":9,"pageNo":12},{"_id":"5918d36b67f3d8bb13c61c49","itemId":"542760fad4665a7052554bac","flip":0,"rot":0,"z":0,"y":2,"x":78,"pageNo":19},{"_id":"5918d36b67f3d8bb13c61c4a","itemId":"54287b2a025a126075945ddc","flip":0,"rot":0,"z":1,"y":15,"x":104,"pageNo":19},{"_id":"5918d36b67f3d8bb13c61c4b","itemId":"5422106038c75be06668adab","flip":0,"rot":0,"z":2,"y":3,"x":24,"pageNo":19},{"_id":"5918d36b67f3d8bb13c61c4c","itemId":"5409c7f34bb0d8a2424408d3","flip":0,"rot":0,"z":3,"y":29,"x":10,"pageNo":19},{"_id":"5918d36b67f3d8bb13c61c4d","itemId":"53efe3b27de06feb621ff8fa","flip":0,"rot":0,"z":4,"y":29,"x":36,"pageNo":19},{"_id":"5918d36b67f3d8bb13c61c4e","itemId":"53ee16a356212c8038a9c9f5","flip":0,"rot":0,"z":5,"y":29,"x":67,"pageNo":19},{"_id":"5918d36b67f3d8bb13c61c4f","itemId":"53ea92a87a690c5f4b86d8ce","flip":0,"rot":0,"z":6,"y":76,"x":114,"pageNo":19},{"_id":"5918d3c6dc6f9c8213c0c149","itemId":"58ed51a572317490138a9c70","flip":0,"rot":0,"z":0,"y":14,"x":15,"pageNo":20},{"_id":"5918d3c6dc6f9c8213c0c14a","itemId":"58eac39d65eebea81320d280","flip":0,"rot":0,"z":1,"y":10,"x":43,"pageNo":20},{"_id":"5918d3c6dc6f9c8213c0c14b","itemId":"58e5685b59beb9f70fe390c0","flip":0,"rot":0,"z":2,"y":12,"x":75,"pageNo":20},{"_id":"5918d3c6dc6f9c8213c0c14c","itemId":"58dc623153fbd1461418ad52","flip":0,"rot":0,"z":3,"y":10,"x":95,"pageNo":20},{"_id":"5918d3c6dc6f9c8213c0c14d","itemId":"58e2fa3a31a79f7b13486ec3","flip":0,"rot":0,"z":4,"y":19,"x":114,"pageNo":20},{"_id":"5918d3c6dc6f9c8213c0c14e","itemId":"58d97d7c1a9ca4f50f7a6dc0","flip":0,"rot":0,"z":5,"y":39,"x":61,"pageNo":20},{"_id":"5918d3c6dc6f9c8213c0c14f","itemId":"58b818a50197d5091427fa77","flip":0,"rot":0,"z":6,"y":56,"x":89,"pageNo":20},{"_id":"5918d3c6dc6f9c8213c0c150","itemId":"58bb1e6f9dcf070110304683","flip":0,"rot":0,"z":7,"y":65,"x":115,"pageNo":20},{"_id":"5918d3c6dc6f9c8213c0c151","itemId":"58b3311b46eb3c821398cfd5","flip":0,"rot":0,"z":8,"y":50,"x":29,"pageNo":20},{"_id":"5918d3c6dc6f9c8213c0c152","itemId":"58b2d8256f59a7a513790c19","flip":0,"rot":0,"z":9,"y":70,"x":56,"pageNo":20},{"_id":"5918d3c6dc6f9c8213c0c153","itemId":"58b21394e280f30f15e586ea","flip":0,"rot":0,"z":10,"y":78,"x":34,"pageNo":20},{"_id":"5918d3c6dc6f9c8213c0c154","itemId":"58b0b0a054b4af9613fa25c2","flip":0,"rot":0,"z":11,"y":35,"x":9,"pageNo":20},{"_id":"5918d3c6dc6f9c8213c0c155","itemId":"58b01d89afd4b46f13defad3","flip":0,"rot":0,"z":12,"y":81,"x":7,"pageNo":20},{"_id":"5918d3c6dc6f9c8213c0c156","itemId":"58af4ac8ed7e02cb138f73af","flip":0,"rot":0,"z":13,"y":93,"x":94,"pageNo":20},{"_id":"5918d3c6dc6f9c8213c0c157","itemId":"58aa24cf9795d7e60f982fe9","flip":0,"rot":0,"z":14,"y":101,"x":77,"pageNo":20},{"_id":"5918d3c6dc6f9c8213c0c158","itemId":"58a47469d91d31e80f26808c","flip":0,"rot":0,"z":15,"y":112,"x":55,"pageNo":20},{"_id":"5918d3c6dc6f9c8213c0c159","itemId":"58a299ed278e25391328d591","flip":0,"rot":0,"z":16,"y":107,"x":18,"pageNo":20},{"_id":"5918d41767f3d8bb13c61c9b","itemId":"58a2ef0d2b9dc25813a1e1af","flip":0,"rot":0,"z":0,"y":-6,"x":128,"pageNo":21},{"_id":"5918d41767f3d8bb13c61c9c","itemId":"58a0ebc05e46b59d134dba6a","flip":0,"rot":0,"z":1,"y":19,"x":124,"pageNo":21},{"_id":"5918d41767f3d8bb13c61c9d","itemId":"589c9ed12d7f10d613dbb9be","flip":0,"rot":0,"z":2,"y":21,"x":100,"pageNo":21},{"_id":"5918d41767f3d8bb13c61c9e","itemId":"589569e71d7513de0f777b29","flip":0,"rot":0,"z":3,"y":19,"x":86,"pageNo":21},{"_id":"5918d41767f3d8bb13c61c9f","itemId":"58939181fe8be56114b83165","flip":0,"rot":0,"z":4,"y":19,"x":76,"pageNo":21},{"_id":"5918d41767f3d8bb13c61ca0","itemId":"5891e568b4827480139fe911","flip":0,"rot":0,"z":5,"y":19,"x":57,"pageNo":21},{"_id":"5918d41767f3d8bb13c61ca1","itemId":"588e9611fd7d3cdd0f61ba39","flip":0,"rot":0,"z":6,"y":22,"x":22,"pageNo":21},{"_id":"5918d41767f3d8bb13c61ca2","itemId":"588fe0a6f469606c134aaca6","flip":0,"rot":0,"z":7,"y":19,"x":38,"pageNo":21},{"_id":"5918d41767f3d8bb13c61ca3","itemId":"588e94e137a1af7f13b12dc4","flip":0,"rot":0,"z":8,"y":19,"x":0,"pageNo":21},{"_id":"5918d41767f3d8bb13c61ca4","itemId":"5890b92d8d12cae50fc3333e","flip":0,"rot":0,"z":9,"y":38,"x":124,"pageNo":21},{"_id":"5918d41767f3d8bb13c61ca5","itemId":"588cc0c8c5f5f8e50f143f58","flip":0,"rot":0,"z":10,"y":50,"x":115,"pageNo":21},{"_id":"5918d41767f3d8bb13c61ca6","itemId":"588b21069cea98e90fcca359","flip":0,"rot":0,"z":11,"y":72,"x":134,"pageNo":21},{"_id":"5918d41767f3d8bb13c61ca7","itemId":"5886a2219786e77613447c26","flip":0,"rot":0,"z":12,"y":81,"x":110,"pageNo":21},{"_id":"5918d41767f3d8bb13c61ca8","itemId":"587d23ad9aeff4df0fa4ec75","flip":0,"rot":0,"z":13,"y":81,"x":97,"pageNo":21},{"_id":"5918d41767f3d8bb13c61ca9","itemId":"587cef2376240a9f137781a6","flip":0,"rot":0,"z":14,"y":66,"x":99,"pageNo":21},{"_id":"5918d41767f3d8bb13c61caa","itemId":"58659789207a56e70f9d0779","flip":0,"rot":0,"z":15,"y":67,"x":67,"pageNo":21},{"_id":"5918d41767f3d8bb13c61cab","itemId":"588013acaa06708c13f1f355","flip":0,"rot":0,"z":16,"y":49,"x":90,"pageNo":21},{"_id":"5918d41767f3d8bb13c61cac","itemId":"58642d526b4c51e30fd0407a","flip":0,"rot":0,"z":17,"y":96,"x":80,"pageNo":21},{"_id":"5918d41767f3d8bb13c61cad","itemId":"5864f300b90fb8eb0f73cfa6","flip":0,"rot":0,"z":18,"y":48,"x":57,"pageNo":21},{"_id":"5918d41767f3d8bb13c61cae","itemId":"586301d0dea2881b14285954","flip":0,"rot":0,"z":19,"y":83,"x":56,"pageNo":21},{"_id":"5918d41767f3d8bb13c61caf","itemId":"585dd9989a77b2cb135c6609","flip":0,"rot":0,"z":20,"y":71,"x":38,"pageNo":21},{"_id":"5918d41767f3d8bb13c61cb0","itemId":"585c9521c7406d4e13b16997","flip":0,"rot":0,"z":21,"y":48,"x":19,"pageNo":21},{"_id":"5918d41767f3d8bb13c61cb1","itemId":"58490dd7c153307e1399f339","flip":0,"rot":0,"z":22,"y":48,"x":38,"pageNo":21},{"_id":"5918d41767f3d8bb13c61cb2","itemId":"584c015d5f8d61db0f8dc429","flip":0,"rot":0,"z":23,"y":105,"x":29,"pageNo":21},{"_id":"5918d41767f3d8bb13c61cb3","itemId":"5843b0699e0726db0f418524","flip":0,"rot":0,"z":24,"y":105,"x":57,"pageNo":21},{"_id":"5918d41767f3d8bb13c61cb4","itemId":"584370d28347d29413ea1acf","flip":0,"rot":0,"z":25,"y":79,"x":13,"pageNo":21},{"_id":"5918d41767f3d8bb13c61cb5","itemId":"584ce72391748cde131eadfa","flip":0,"rot":0,"z":26,"y":105,"x":115,"pageNo":21},{"_id":"5918d41767f3d8bb13c61cb6","itemId":"58418af789ce4eeb0f5acc50","flip":0,"rot":0,"z":27,"y":108,"x":13,"pageNo":21},{"_id":"5918d44867f3d8bb13c61cb7","itemId":"583f4f175baa702913e86c26","flip":0,"rot":0,"z":0,"y":11,"x":10,"pageNo":22},{"_id":"5918d44867f3d8bb13c61cb8","itemId":"583f1e7bb0f6588113871efe","flip":0,"rot":0,"z":1,"y":14,"x":34,"pageNo":22},{"_id":"5918d44867f3d8bb13c61cb9","itemId":"58386795124a2c6e134be6c6","flip":0,"rot":0,"z":2,"y":10,"x":65,"pageNo":22},{"_id":"5918d44867f3d8bb13c61cba","itemId":"58378297e33c37e90f353be1","flip":0,"rot":0,"z":3,"y":14,"x":103,"pageNo":22},{"_id":"5918d44867f3d8bb13c61cbb","itemId":"58361281d78729e10fdc2f09","flip":0,"rot":0,"z":4,"y":17,"x":124,"pageNo":22},{"_id":"5918d44867f3d8bb13c61cbc","itemId":"5831e0ac06a205ba0fe9a038","flip":0,"rot":0,"z":5,"y":37,"x":12,"pageNo":22},{"_id":"5918d44867f3d8bb13c61cbd","itemId":"5828a782415ea14d131ddf9f","flip":0,"rot":0,"z":6,"y":44,"x":36,"pageNo":22},{"_id":"5918d44867f3d8bb13c61cbe","itemId":"5828257b6344e033130b6fe6","flip":0,"rot":0,"z":7,"y":54,"x":72,"pageNo":22},{"_id":"5918d44867f3d8bb13c61cbf","itemId":"5826974ac6d49ec60f3ae90f","flip":0,"rot":0,"z":8,"y":54,"x":101,"pageNo":22},{"_id":"5918d44867f3d8bb13c61cc0","itemId":"5822a2a4c8cff15b13b6f75b","flip":0,"rot":0,"z":9,"y":56,"x":130,"pageNo":22},{"_id":"5918d44867f3d8bb13c61cc1","itemId":"5821628d9394f9bf0ff73d6c","flip":0,"rot":0,"z":10,"y":83,"x":8,"pageNo":22},{"_id":"5918d44867f3d8bb13c61cc2","itemId":"581bd52aaa7c083513b57183","flip":0,"rot":0,"z":11,"y":84,"x":34,"pageNo":22},{"_id":"5918d44867f3d8bb13c61cc3","itemId":"581d4e392b971440134dc6b5","flip":0,"rot":0,"z":12,"y":88,"x":59,"pageNo":22},{"_id":"5918d44867f3d8bb13c61cc4","itemId":"581f48ab433d806413e85e76","flip":0,"rot":0,"z":13,"y":89,"x":81,"pageNo":22},{"_id":"5918d44867f3d8bb13c61cc5","itemId":"580ad8839f85c0a80f4d9d8e","flip":0,"rot":0,"z":14,"y":91,"x":118,"pageNo":22},{"_id":"5918d44867f3d8bb13c61cc6","itemId":"5805180b1b7fd04713864f6a","flip":0,"rot":0,"z":15,"y":92,"x":133,"pageNo":22},{"_id":"5918d535dc6f9c8213c0c179","itemId":"576cb1d30fe34e7e0f1a221c","flip":0,"rot":0,"z":0,"y":15,"x":5,"pageNo":28},{"_id":"5918d535dc6f9c8213c0c17a","itemId":"576c03132dfb52141354a8f2","flip":0,"rot":0,"z":1,"y":17,"x":41,"pageNo":28},{"_id":"5918d535dc6f9c8213c0c17b","itemId":"576be3c210d4f77e0f7aa64a","flip":0,"rot":0,"z":2,"y":26,"x":69,"pageNo":28},{"_id":"5918d535dc6f9c8213c0c17c","itemId":"5764280650c13d1a1359c6dc","flip":0,"rot":0,"z":3,"y":30,"x":97,"pageNo":28},{"_id":"5918d535dc6f9c8213c0c17d","itemId":"5761e3b5db96a60c13b4b8bf","flip":0,"rot":0,"z":4,"y":39,"x":9,"pageNo":28},{"_id":"5918d535dc6f9c8213c0c17e","itemId":"575e9235b7864e221374c7e7","flip":0,"rot":0,"z":5,"y":24,"x":135,"pageNo":28},{"_id":"5918d535dc6f9c8213c0c17f","itemId":"575a97bca8cfa4800f8270f9","flip":0,"rot":0,"z":6,"y":0,"x":108,"pageNo":28},{"_id":"5918d535dc6f9c8213c0c180","itemId":"575740e12bbc1620135c14a8","flip":0,"rot":0,"z":7,"y":3,"x":79,"pageNo":28},{"_id":"5918d535dc6f9c8213c0c181","itemId":"575a89c764963a1c133c4e50","flip":0,"rot":0,"z":8,"y":0,"x":48,"pageNo":28},{"_id":"5918d535dc6f9c8213c0c182","itemId":"57565b0a0b782616137420a8","flip":0,"rot":0,"z":9,"y":56,"x":42,"pageNo":28},{"_id":"5918d535dc6f9c8213c0c183","itemId":"575538e81f6052730fcd3b42","flip":0,"rot":0,"z":10,"y":62,"x":71,"pageNo":28},{"_id":"5918d535dc6f9c8213c0c184","itemId":"5752f0ebc75faf7f0f878d53","flip":0,"rot":0,"z":11,"y":72,"x":103,"pageNo":28},{"_id":"5918d535dc6f9c8213c0c185","itemId":"574dcb8cee746e1c136f62fc","flip":0,"rot":0,"z":12,"y":61,"x":141,"pageNo":28},{"_id":"5918d535dc6f9c8213c0c186","itemId":"574db7cb184763ab1438b3d0","flip":0,"rot":0,"z":13,"y":82,"x":11,"pageNo":28},{"_id":"5918d535dc6f9c8213c0c187","itemId":"574da06a29fdf9730fc92683","flip":0,"rot":0,"z":14,"y":96,"x":42,"pageNo":28},{"_id":"5918d535dc6f9c8213c0c188","itemId":"574d6e8ad60b4443136f4b23","flip":0,"rot":0,"z":15,"y":102,"x":69,"pageNo":28},{"_id":"5918d535dc6f9c8213c0c189","itemId":"574c89c27653cd1e13f4e4df","flip":0,"rot":0,"z":16,"y":104,"x":104,"pageNo":28},{"_id":"5918d535dc6f9c8213c0c18a","itemId":"5748e0b93358847c0ff9ccee","flip":0,"rot":0,"z":17,"y":48,"x":114,"pageNo":28},{"_id":"5918d55b29e334891305fa06","itemId":"57447f9ea52e15730fcdc196","flip":0,"rot":0,"z":0,"y":17,"x":14,"pageNo":29},{"_id":"5918d55b29e334891305fa07","itemId":"5743102e949da43f13ea6e15","flip":0,"rot":0,"z":1,"y":23,"x":32,"pageNo":29},{"_id":"5918d55b29e334891305fa08","itemId":"574137108f8b09850f4ede7b","flip":0,"rot":0,"z":2,"y":22,"x":59,"pageNo":29},{"_id":"5918d55b29e334891305fa09","itemId":"57412fe66640252013c333de","flip":0,"rot":0,"z":3,"y":10,"x":76,"pageNo":29},{"_id":"5918d55b29e334891305fa0a","itemId":"57403b0ed5922003132754f6","flip":0,"rot":0,"z":4,"y":17,"x":99,"pageNo":29},{"_id":"5918d55b29e334891305fa0b","itemId":"573bd36f286d4033138c610d","flip":0,"rot":0,"z":5,"y":23,"x":120,"pageNo":29},{"_id":"5918d55b29e334891305fa0c","itemId":"573b8ade248c75760f06f9bf","flip":0,"rot":0,"z":6,"y":53,"x":127,"pageNo":29},{"_id":"5918d55b29e334891305fa0d","itemId":"5737a9d53177eb3313d3e4c0","flip":0,"rot":0,"z":7,"y":57,"x":105,"pageNo":29},{"_id":"5918d55b29e334891305fa0e","itemId":"5738e441930e5e00145db07a","flip":0,"rot":0,"z":8,"y":52,"x":81,"pageNo":29},{"_id":"5918d55b29e334891305fa0f","itemId":"572ffc307b031314131200a2","flip":0,"rot":0,"z":9,"y":50,"x":70,"pageNo":29},{"_id":"5918d55b29e334891305fa10","itemId":"572f3947b2ab82740f249666","flip":0,"rot":0,"z":10,"y":61,"x":41,"pageNo":29},{"_id":"5918d55b29e334891305fa11","itemId":"572e98e121a6221f134a8efb","flip":0,"rot":0,"z":11,"y":59,"x":21,"pageNo":29},{"_id":"5918d55b29e334891305fa12","itemId":"572e0de5b3019d2a13c0840e","flip":0,"rot":0,"z":12,"y":90,"x":8,"pageNo":29},{"_id":"5918d55b29e334891305fa13","itemId":"572ba429ea62ce1c1388ee67","flip":0,"rot":0,"z":13,"y":92,"x":41,"pageNo":29},{"_id":"5918d55b29e334891305fa14","itemId":"572a3796e282882b13761ad8","flip":0,"rot":0,"z":14,"y":99,"x":63,"pageNo":29},{"_id":"5918d5657a82c302109c6936","itemId":"5728868992ef172713a7c834","flip":0,"rot":0,"z":0,"y":11,"x":6,"pageNo":30},{"_id":"5918d5657a82c302109c6937","itemId":"5713c4007b1eb52913223dba","flip":0,"rot":0,"z":1,"y":8,"x":33,"pageNo":30},{"_id":"5918d5657a82c302109c6938","itemId":"57124ab9881b903d137954e3","flip":0,"rot":0,"z":2,"y":10,"x":48,"pageNo":30},{"_id":"5918d5657a82c302109c6939","itemId":"5710986dad66182c1364b94e","flip":0,"rot":0,"z":3,"y":12,"x":76,"pageNo":30},{"_id":"5918d5657a82c302109c693a","itemId":"56fff88408e42222135eef05","flip":0,"rot":0,"z":4,"y":12,"x":100,"pageNo":30},{"_id":"5918d59667f3d8bb13c61d33","itemId":"56f9877038608e1d1370ae30","flip":0,"rot":0,"z":0,"y":4,"x":5,"pageNo":31},{"_id":"5918d59667f3d8bb13c61d34","itemId":"56f6d0a59a69807b0f23270e","flip":0,"rot":0,"z":1,"y":-1,"x":36,"pageNo":31},{"_id":"5918d59667f3d8bb13c61d35","itemId":"56f5552804571a03133f4ae3","flip":0,"rot":0,"z":2,"y":2,"x":65,"pageNo":31},{"_id":"5918d59667f3d8bb13c61d36","itemId":"56f3233f13169b1e13c996ff","flip":0,"rot":0,"z":3,"y":4,"x":87,"pageNo":31},{"_id":"5918d59667f3d8bb13c61d37","itemId":"56f2b9609fe9e81813ce02c7","flip":0,"rot":0,"z":4,"y":0,"x":95,"pageNo":31},{"_id":"5918d59667f3d8bb13c61d38","itemId":"56f0926456a4b63b13881646","flip":0,"rot":0,"z":5,"y":0,"x":114,"pageNo":31},{"_id":"5918d59667f3d8bb13c61d39","itemId":"56e5dd08df04cec713b4c985","flip":0,"rot":0,"z":6,"y":33,"x":119,"pageNo":31},{"_id":"5918d59667f3d8bb13c61d3a","itemId":"56eb1f88159306271325513d","flip":0,"rot":0,"z":7,"y":36,"x":106,"pageNo":31},{"_id":"5918d59667f3d8bb13c61d3b","itemId":"56f1481317518215135ccd47","flip":0,"rot":0,"z":8,"y":31,"x":88,"pageNo":31},{"_id":"5918d59667f3d8bb13c61d3c","itemId":"56e4d9b7296fc10813b96921","flip":0,"rot":0,"z":9,"y":35,"x":66,"pageNo":31},{"_id":"5918d59667f3d8bb13c61d3d","itemId":"56e49a106ff68e1a13dfeb29","flip":0,"rot":0,"z":10,"y":38,"x":42,"pageNo":31},{"_id":"5918d59667f3d8bb13c61d3e","itemId":"56e34487cf7f6f5266e7eb78","flip":0,"rot":0,"z":11,"y":28,"x":19,"pageNo":31},{"_id":"5918d59667f3d8bb13c61d3f","itemId":"56e182e4ec0d2cf2138a6d5f","flip":0,"rot":0,"z":12,"y":64,"x":20,"pageNo":31},{"_id":"5918d59667f3d8bb13c61d40","itemId":"56e0c693d0376e22139a5eac","flip":0,"rot":0,"z":13,"y":57,"x":48,"pageNo":31},{"_id":"5918d59667f3d8bb13c61d41","itemId":"56de4b1b33c7272013c4d8d8","flip":0,"rot":0,"z":14,"y":57,"x":76,"pageNo":31},{"_id":"5918d59667f3d8bb13c61d42","itemId":"56de4640c8b71c710f64f88c","flip":0,"rot":0,"z":15,"y":70,"x":97,"pageNo":31},{"_id":"5918d59667f3d8bb13c61d43","itemId":"56dbb30f216c876e0fed6054","flip":0,"rot":0,"z":16,"y":67,"x":114,"pageNo":31},{"_id":"5918d59667f3d8bb13c61d44","itemId":"56db0ddbd3bf882713375890","flip":0,"rot":0,"z":17,"y":98,"x":119,"pageNo":31},{"_id":"5918d59667f3d8bb13c61d45","itemId":"56cf85776dfd24780f3cab46","flip":0,"rot":0,"z":18,"y":95,"x":99,"pageNo":31},{"_id":"5918d59667f3d8bb13c61d46","itemId":"56ce2c7d7d220d6a0f36de2c","flip":0,"rot":0,"z":19,"y":96,"x":81,"pageNo":31},{"_id":"5918d5cd67f3d8bb13c61d4a","itemId":"56c60b41db6a652c13bfc3cf","flip":0,"rot":0,"z":0,"y":0,"x":-9,"pageNo":32},{"_id":"5918d5cd67f3d8bb13c61d4b","itemId":"56c5120beb99a8586e89372f","flip":0,"rot":0,"z":1,"y":0,"x":19,"pageNo":32},{"_id":"5918d5cd67f3d8bb13c61d4c","itemId":"56c3a1f010a571770ff3c4aa","flip":0,"rot":0,"z":2,"y":0,"x":48,"pageNo":32},{"_id":"5918d5cd67f3d8bb13c61d4d","itemId":"56c2445f047855710fa874e8","flip":0,"rot":0,"z":3,"y":0,"x":76,"pageNo":32},{"_id":"5918d5cd67f3d8bb13c61d4e","itemId":"56bfe631b7ecd7760f6241cb","flip":0,"rot":0,"z":4,"y":0,"x":95,"pageNo":32},{"_id":"5918d5cd67f3d8bb13c61d4f","itemId":"56bfc39a1c53fc710f2f2b3a","flip":0,"rot":0,"z":5,"y":38,"x":105,"pageNo":32},{"_id":"5918d5cd67f3d8bb13c61d50","itemId":"56bbda4f55aa23670f063a5d","flip":0,"rot":0,"z":6,"y":0,"x":114,"pageNo":32},{"_id":"5918d5cd67f3d8bb13c61d51","itemId":"56bbd8ff2bc650710f0a5aa3","flip":0,"rot":0,"z":7,"y":38,"x":86,"pageNo":32},{"_id":"5918d5cd67f3d8bb13c61d52","itemId":"56b92d8736a0851c1363709c","flip":0,"rot":0,"z":8,"y":38,"x":76,"pageNo":32},{"_id":"5918d5cd67f3d8bb13c61d53","itemId":"56b7a4e7dce1da6e0fcf2403","flip":0,"rot":0,"z":9,"y":38,"x":124,"pageNo":32},{"_id":"5918d5cd67f3d8bb13c61d54","itemId":"56b7948ce51398ed13a0fa0d","flip":0,"rot":0,"z":10,"y":41,"x":55,"pageNo":32},{"_id":"5918d5cd67f3d8bb13c61d55","itemId":"56b2500aa154bc6f0ffe1b8e","flip":0,"rot":0,"z":11,"y":38,"x":38,"pageNo":32},{"_id":"5918d5cd67f3d8bb13c61d56","itemId":"56b24fd525dcfebd65dcf90d","flip":0,"rot":0,"z":12,"y":38,"x":10,"pageNo":32},{"_id":"5918d5cd67f3d8bb13c61d57","itemId":"56ae65b75e21930a136e32ff","flip":0,"rot":0,"z":13,"y":52,"x":0,"pageNo":32},{"_id":"5918d5cd67f3d8bb13c61d58","itemId":"56ad4ab8dc504fe57707e4db","flip":0,"rot":0,"z":14,"y":67,"x":0,"pageNo":32},{"_id":"5918d5cd67f3d8bb13c61d59","itemId":"56ac0400548f7c3413d524b1","flip":0,"rot":0,"z":15,"y":74,"x":31,"pageNo":32},{"_id":"5918d5cd67f3d8bb13c61d5a","itemId":"56a4837cbd90077e0fc425f1","flip":0,"rot":0,"z":16,"y":76,"x":38,"pageNo":32},{"_id":"5918d5cd67f3d8bb13c61d5b","itemId":"56a461221cb42dcc0aed1d34","flip":0,"rot":0,"z":17,"y":74,"x":61,"pageNo":32},{"_id":"5918d5cd67f3d8bb13c61d5c","itemId":"56a2edd7e50bdd740f360767","flip":0,"rot":0,"z":18,"y":82,"x":77,"pageNo":32},{"_id":"5918d5cd67f3d8bb13c61d5d","itemId":"569d27ccb46509cb11a90046","flip":0,"rot":0,"z":19,"y":88,"x":98,"pageNo":32},{"_id":"5918d5cd67f3d8bb13c61d5e","itemId":"569be9ea84364b370e575d5e","flip":0,"rot":0,"z":20,"y":73,"x":125,"pageNo":32},{"_id":"5918d5cd67f3d8bb13c61d5f","itemId":"569b351384498a2d0e720358","flip":0,"rot":0,"z":21,"y":65,"x":89,"pageNo":32},{"_id":"5918d5cd67f3d8bb13c61d60","itemId":"569a8f4a555c163e0ecb04ad","flip":0,"rot":0,"z":22,"y":64,"x":69,"pageNo":32},{"_id":"5918d5e867f3d8bb13c61d7c","itemId":"5699bcf3b2d0dcd411f372a5","flip":0,"rot":0,"z":0,"y":13,"x":16,"pageNo":33},{"_id":"5918d5e867f3d8bb13c61d7d","itemId":"5692e34a74af22a84a012857","flip":0,"rot":0,"z":1,"y":14,"x":46,"pageNo":33},{"_id":"5918d5e867f3d8bb13c61d7e","itemId":"568d845fc3945b6710ffaaf5","flip":0,"rot":0,"z":2,"y":12,"x":72,"pageNo":33},{"_id":"5918d5e867f3d8bb13c61d7f","itemId":"568ab761f03d6b1b1df4b3f8","flip":0,"rot":0,"z":3,"y":13,"x":109,"pageNo":33},{"_id":"5918d5e867f3d8bb13c61d80","itemId":"56846f6867b39b946ae89d32","flip":0,"rot":0,"z":4,"y":49,"x":114,"pageNo":33},{"_id":"5918d5e867f3d8bb13c61d81","itemId":"567bc2a065f97970159c1a0f","flip":0,"rot":0,"z":5,"y":45,"x":90,"pageNo":33},{"_id":"5918d5e867f3d8bb13c61d82","itemId":"5674ace144539f524c6892b2","flip":0,"rot":0,"z":6,"y":45,"x":71,"pageNo":33},{"_id":"5918d5e867f3d8bb13c61d83","itemId":"566dc99dab906e5a5f18fccc","flip":0,"rot":0,"z":7,"y":49,"x":39,"pageNo":33},{"_id":"5918d5e867f3d8bb13c61d84","itemId":"566dc0a91f4476cb076d68ef","flip":0,"rot":0,"z":8,"y":55,"x":18,"pageNo":33},{"_id":"5918d5e867f3d8bb13c61d85","itemId":"566686e1f3818ddf123c2224","flip":0,"rot":0,"z":9,"y":95,"x":19,"pageNo":33},{"_id":"5918d5e867f3d8bb13c61d86","itemId":"566609b74831c4f411be3d11","flip":0,"rot":0,"z":10,"y":96,"x":43,"pageNo":33},{"_id":"5918d5e867f3d8bb13c61d87","itemId":"56632b6a613f7a204bf18a12","flip":0,"rot":0,"z":11,"y":96,"x":64,"pageNo":33},{"_id":"5918d5e867f3d8bb13c61d88","itemId":"5660c5715e0034d775924d9e","flip":0,"rot":0,"z":12,"y":98,"x":91,"pageNo":33},{"_id":"5918d5e867f3d8bb13c61d89","itemId":"565a7216aca19c11737c99cd","flip":0,"rot":0,"z":13,"y":99,"x":117,"pageNo":33},{"_id":"5918d6247a82c302109c696c","itemId":"565b7f33ea105dd9077a8f49","flip":0,"rot":0,"z":0,"y":14,"x":9,"pageNo":34},{"_id":"5918d6247a82c302109c696d","itemId":"5657601ed873bfe273d53e18","flip":0,"rot":0,"z":1,"y":9,"x":30,"pageNo":34},{"_id":"5918d6247a82c302109c696e","itemId":"5654e5b0c7ea3d2e59b08ee5","flip":0,"rot":0,"z":2,"y":11,"x":50,"pageNo":34},{"_id":"5918d6247a82c302109c696f","itemId":"565128a41155b2e60f086723","flip":0,"rot":0,"z":3,"y":13,"x":71,"pageNo":34},{"_id":"5918d6247a82c302109c6970","itemId":"5650c9821155b2e60f0861b8","flip":0,"rot":0,"z":4,"y":10,"x":91,"pageNo":34},{"_id":"5918d6247a82c302109c6971","itemId":"564e507cde52b55f03672d21","flip":0,"rot":0,"z":5,"y":11,"x":119,"pageNo":34},{"_id":"5918d6247a82c302109c6972","itemId":"564266f94180678d649e0cbb","flip":0,"rot":0,"z":6,"y":40,"x":11,"pageNo":34},{"_id":"5918d6247a82c302109c6973","itemId":"563df7228b21847e09fa7f82","flip":0,"rot":0,"z":7,"y":40,"x":28,"pageNo":34},{"_id":"5918d6247a82c302109c6974","itemId":"563d392ab245f4bb2705dc9c","flip":0,"rot":0,"z":8,"y":36,"x":52,"pageNo":34},{"_id":"5918d6247a82c302109c6975","itemId":"563cd27823d203b027110850","flip":0,"rot":0,"z":9,"y":41,"x":71,"pageNo":34},{"_id":"5918d6247a82c302109c6976","itemId":"5626f1c2ae3238554b0b68ad","flip":0,"rot":0,"z":10,"y":38,"x":95,"pageNo":34},{"_id":"5918d6247a82c302109c6977","itemId":"5622edbf9c80ba9f4f31c756","flip":0,"rot":0,"z":11,"y":40,"x":116,"pageNo":34},{"_id":"5918d6247a82c302109c6978","itemId":"56229b283c03071251df5a4a","flip":0,"rot":0,"z":12,"y":79,"x":122,"pageNo":34},{"_id":"5918d6247a82c302109c6979","itemId":"56226f2d6e691e994fd8dae9","flip":0,"rot":0,"z":13,"y":80,"x":97,"pageNo":34},{"_id":"5918d6247a82c302109c697a","itemId":"561defe0d8d2557f4989aeca","flip":0,"rot":0,"z":14,"y":79,"x":74,"pageNo":34},{"_id":"5918d6247a82c302109c697b","itemId":"56198b289b98a38958e98f2b","flip":0,"rot":0,"z":15,"y":76,"x":48,"pageNo":34},{"_id":"5918d6247a82c302109c697c","itemId":"560e00cbb401294b1b01f2dd","flip":0,"rot":0,"z":16,"y":76,"x":38,"pageNo":34},{"_id":"5918d6247a82c302109c697d","itemId":"560814fc5526caab4125e0f6","flip":0,"rot":0,"z":17,"y":76,"x":10,"pageNo":34},{"_id":"5918d6247a82c302109c697e","itemId":"55e9b69d3ecfa3b661f4e15c","flip":0,"rot":0,"z":18,"y":108,"x":13,"pageNo":34},{"_id":"5918d6247a82c302109c697f","itemId":"55e5b6baa1ab157030bd4930","flip":0,"rot":0,"z":19,"y":95,"x":38,"pageNo":34},{"_id":"5918d6247a82c302109c6980","itemId":"55e4ae4c6dce16c8311a3663","flip":0,"rot":0,"z":20,"y":105,"x":57,"pageNo":34},{"_id":"5918d6247a82c302109c6981","itemId":"55e3c36868fba08a0b796876","flip":0,"rot":0,"z":21,"y":108,"x":84,"pageNo":34},{"_id":"5918d6247a82c302109c6982","itemId":"55e2c8c651fb338e0b5a626e","flip":0,"rot":0,"z":22,"y":112,"x":106,"pageNo":34},{"_id":"5918d64c83abfefc0f5a92b3","itemId":"55e2485c68fba08a0b795e11","flip":0,"rot":0,"z":0,"y":8,"x":21,"pageNo":35},{"_id":"5918d64c83abfefc0f5a92b4","itemId":"55e2254768fba08a0b795c55","flip":0,"rot":0,"z":1,"y":13,"x":34,"pageNo":35},{"_id":"5918d64c83abfefc0f5a92b5","itemId":"55e20ffee258bb880b296c1c","flip":0,"rot":0,"z":2,"y":11,"x":71,"pageNo":35},{"_id":"5918d64c83abfefc0f5a92b6","itemId":"55e1e71ce258bb880b296946","flip":0,"rot":0,"z":3,"y":13,"x":104,"pageNo":35},{"_id":"5918d64c83abfefc0f5a92b7","itemId":"55e1a37d65bf0e8308a022e1","flip":0,"rot":0,"z":4,"y":33,"x":112,"pageNo":35},{"_id":"5918d64c83abfefc0f5a92b8","itemId":"55e0e5b5c62edca43814be36","flip":0,"rot":0,"z":5,"y":55,"x":81,"pageNo":35},{"_id":"5918d64c83abfefc0f5a92b9","itemId":"55dfaf6957f98d686a699cfa","flip":0,"rot":0,"z":6,"y":61,"x":61,"pageNo":35},{"_id":"5918d64c83abfefc0f5a92ba","itemId":"55df28372ff13889623045f9","flip":0,"rot":0,"z":7,"y":57,"x":37,"pageNo":35},{"_id":"5918d64c83abfefc0f5a92bb","itemId":"55dc2a0c11e156823a6e08a6","flip":0,"rot":0,"z":8,"y":60,"x":21,"pageNo":35},{"_id":"5918d64c83abfefc0f5a92bc","itemId":"55da8388efe686a6019d21cb","flip":0,"rot":0,"z":9,"y":60,"x":115,"pageNo":35},{"_id":"5918d64c83abfefc0f5a92bd","itemId":"55d9635de4f034a801bb4961","flip":0,"rot":0,"z":10,"y":84,"x":17,"pageNo":35},{"_id":"5918d64c83abfefc0f5a92be","itemId":"55d642991f0e95e459cc724d","flip":0,"rot":0,"z":11,"y":95,"x":56,"pageNo":35},{"_id":"5918d64c83abfefc0f5a92bf","itemId":"55d5a69721b0770f56e257f9","flip":0,"rot":0,"z":12,"y":95,"x":76,"pageNo":35},{"_id":"5918d64c83abfefc0f5a92c0","itemId":"55ca24e62adbd46d77b3cddb","flip":0,"rot":0,"z":13,"y":95,"x":95,"pageNo":35},{"_id":"5918d64c83abfefc0f5a92c1","itemId":"55cae06ae90ae46b776c8e1e","flip":0,"rot":0,"z":14,"y":95,"x":114,"pageNo":35},{"_id":"5918d69193b4a657130b969f","itemId":"55ca24d7c1e65a5d7669b20f","flip":0,"rot":0,"z":0,"y":4,"x":4,"pageNo":36},{"_id":"5918d69193b4a657130b96a0","itemId":"55ca249f9e0fb41f13374881","flip":0,"rot":0,"z":1,"y":2,"x":23,"pageNo":36},{"_id":"5918d69193b4a657130b96a1","itemId":"55ca10b40440a85e76052be6","flip":0,"rot":0,"z":2,"y":0,"x":48,"pageNo":36},{"_id":"5918d69193b4a657130b96a2","itemId":"55c9b39670cb72d562d0f26c","flip":0,"rot":0,"z":3,"y":3,"x":67,"pageNo":36},{"_id":"5918d69193b4a657130b96a3","itemId":"55c741fae42dfb574a2db25b","flip":0,"rot":0,"z":4,"y":4,"x":90,"pageNo":36},{"_id":"5918d69193b4a657130b96a4","itemId":"55bf7036e645f9b360df9d2d","flip":0,"rot":0,"z":5,"y":0,"x":105,"pageNo":36},{"_id":"5918d69193b4a657130b96a5","itemId":"55bc1142830824801c53ade4","flip":0,"rot":0,"z":6,"y":0,"x":124,"pageNo":36},{"_id":"5918d69193b4a657130b96a6","itemId":"55b969eb434d32b624d16970","flip":0,"rot":0,"z":7,"y":30,"x":-3,"pageNo":36},{"_id":"5918d69193b4a657130b96a7","itemId":"55b75f3ca5f69006061003d0","flip":0,"rot":0,"z":8,"y":29,"x":10,"pageNo":36},{"_id":"5918d69193b4a657130b96a8","itemId":"55b74ee966946c7e13164d4a","flip":0,"rot":0,"z":9,"y":32,"x":39,"pageNo":36},{"_id":"5918d69193b4a657130b96a9","itemId":"55b5442a9be4529e5b20c5c4","flip":0,"rot":0,"z":10,"y":29,"x":57,"pageNo":36},{"_id":"5918d69193b4a657130b96aa","itemId":"55b3e1421ad04e5e18829cb6","flip":0,"rot":0,"z":11,"y":29,"x":76,"pageNo":36},{"_id":"5918d69193b4a657130b96ab","itemId":"55af7fe76c2c0c5933662571","flip":0,"rot":0,"z":12,"y":29,"x":95,"pageNo":36},{"_id":"5918d69193b4a657130b96ac","itemId":"55ac305107421e124deb5449","flip":0,"rot":0,"z":13,"y":29,"x":124,"pageNo":36},{"_id":"5918d69193b4a657130b96ad","itemId":"55aa9726e76b8d4715a333d8","flip":0,"rot":0,"z":14,"y":58,"x":-2,"pageNo":36},{"_id":"5918d69193b4a657130b96ae","itemId":"55a88e1c497a9dd44298e302","flip":0,"rot":0,"z":15,"y":57,"x":19,"pageNo":36},{"_id":"5918d69193b4a657130b96af","itemId":"55a86249305034d64285ad0c","flip":0,"rot":0,"z":16,"y":57,"x":50,"pageNo":36},{"_id":"5918d69193b4a657130b96b0","itemId":"55a6d0e1fd3c90c96be481a1","flip":0,"rot":0,"z":17,"y":57,"x":86,"pageNo":36},{"_id":"5918d69193b4a657130b96b1","itemId":"55a4eece80f616b01953dba7","flip":0,"rot":0,"z":18,"y":57,"x":114,"pageNo":36},{"_id":"5918d69193b4a657130b96b2","itemId":"55a2d2cc8e5db0cb178fbb79","flip":0,"rot":0,"z":19,"y":57,"x":133,"pageNo":36},{"_id":"5918d69193b4a657130b96b3","itemId":"55a2ae9c470f00507d622504","flip":0,"rot":0,"z":20,"y":86,"x":0,"pageNo":36},{"_id":"5918d69193b4a657130b96b4","itemId":"559ef9be9a6c9a335240990d","flip":0,"rot":0,"z":21,"y":86,"x":19,"pageNo":36},{"_id":"5918d6dddc6f9c8213c0c1b6","itemId":"5599ccf47786544f19be1db1","flip":0,"rot":0,"z":0,"y":0,"x":0,"pageNo":37},{"_id":"5918d6dddc6f9c8213c0c1b7","itemId":"5596d220cbc6b14d194f4f17","flip":0,"rot":0,"z":1,"y":10,"x":19,"pageNo":37},{"_id":"5918d6dddc6f9c8213c0c1b8","itemId":"558d43ce2fd09b271d7bfd2b","flip":0,"rot":0,"z":2,"y":0,"x":38,"pageNo":37},{"_id":"5918d6dddc6f9c8213c0c1b9","itemId":"5581fafc4ef50a5d3e331ae4","flip":0,"rot":0,"z":3,"y":4,"x":71,"pageNo":37},{"_id":"5918d6dddc6f9c8213c0c1ba","itemId":"5581ef163fd0804b555e2f81","flip":0,"rot":0,"z":4,"y":0,"x":95,"pageNo":37},{"_id":"5918d6dddc6f9c8213c0c1bb","itemId":"557c8fa11b402f247dc4870e","flip":0,"rot":0,"z":5,"y":29,"x":0,"pageNo":37},{"_id":"5918d6dddc6f9c8213c0c1bc","itemId":"55780570759ea2461d7cd983","flip":0,"rot":0,"z":6,"y":25,"x":23,"pageNo":37},{"_id":"5918d6dddc6f9c8213c0c1bd","itemId":"5574a5197d24d8a56d927bd8","flip":0,"rot":0,"z":7,"y":29,"x":38,"pageNo":37},{"_id":"5918d6dddc6f9c8213c0c1be","itemId":"557303a135a1db5112455403","flip":0,"rot":0,"z":8,"y":38,"x":57,"pageNo":37},{"_id":"5918d6dddc6f9c8213c0c1bf","itemId":"556cefabfa8baac4159cc84b","flip":0,"rot":0,"z":9,"y":57,"x":0,"pageNo":37},{"_id":"5918d6dddc6f9c8213c0c1c0","itemId":"556bb5fc56ca6104581e4b08","flip":0,"rot":0,"z":10,"y":29,"x":76,"pageNo":37},{"_id":"5918d6dddc6f9c8213c0c1c1","itemId":"5569d9147b5d1f140888d720","flip":0,"rot":0,"z":11,"y":38,"x":95,"pageNo":37},{"_id":"5918d6dddc6f9c8213c0c1c2","itemId":"556937dc8b21044379577cc3","flip":0,"rot":0,"z":12,"y":38,"x":114,"pageNo":37},{"_id":"5918d6dddc6f9c8213c0c1c3","itemId":"556668fc2b132c8a696dc2b5","flip":0,"rot":0,"z":13,"y":29,"x":133,"pageNo":37},{"_id":"5918d6dddc6f9c8213c0c1c4","itemId":"555953bb9d354be05382a148","flip":0,"rot":0,"z":14,"y":57,"x":10,"pageNo":37},{"_id":"5918d6dddc6f9c8213c0c1c5","itemId":"5555191df909bb5947054266","flip":0,"rot":0,"z":15,"y":57,"x":29,"pageNo":37},{"_id":"5918d6dddc6f9c8213c0c1c6","itemId":"5553d033330df6541c9c4cbe","flip":0,"rot":0,"z":16,"y":57,"x":48,"pageNo":37},{"_id":"5918d6dddc6f9c8213c0c1c7","itemId":"5550f71415584913085a9e5a","flip":0,"rot":0,"z":17,"y":67,"x":76,"pageNo":37},{"_id":"5918d6dddc6f9c8213c0c1c8","itemId":"554fb7980d4464da36cdc879","flip":0,"rot":0,"z":18,"y":67,"x":95,"pageNo":37},{"_id":"5918d6dddc6f9c8213c0c1c9","itemId":"554d07e20d4464da36cdbf05","flip":0,"rot":0,"z":19,"y":70,"x":117,"pageNo":37},{"_id":"5918d6dddc6f9c8213c0c1ca","itemId":"554a2054224698f80eec3bb7","flip":0,"rot":0,"z":20,"y":88,"x":3,"pageNo":37},{"_id":"5918d6dddc6f9c8213c0c1cb","itemId":"55438e7c5366754d1a179b76","flip":0,"rot":0,"z":21,"y":96,"x":32,"pageNo":37},{"_id":"5918d6dddc6f9c8213c0c1cc","itemId":"553c9a148ca694f603bd59f1","flip":0,"rot":0,"z":22,"y":95,"x":43,"pageNo":37},{"_id":"5918d6dddc6f9c8213c0c1cd","itemId":"553eb3cfbfa1e3d972980d4d","flip":0,"rot":0,"z":23,"y":99,"x":78,"pageNo":37},{"_id":"5918d70529e334891305fa1c","itemId":"5539ee5c9bf3735c10ab0cb3","flip":0,"rot":0,"z":0,"y":10,"x":10,"pageNo":38},{"_id":"5918d70529e334891305fa1d","itemId":"552ed82ad274ad27765370f4","flip":0,"rot":0,"z":1,"y":12,"x":29,"pageNo":38},{"_id":"5918d70529e334891305fa1e","itemId":"552d513ecfef0e1f711fb85f","flip":0,"rot":0,"z":2,"y":13,"x":56,"pageNo":38},{"_id":"5918d70529e334891305fa1f","itemId":"552b0edfd5e62d753f00a292","flip":0,"rot":0,"z":3,"y":14,"x":86,"pageNo":38},{"_id":"5918d70529e334891305fa20","itemId":"552a2f65d5e62d753f009afe","flip":0,"rot":0,"z":4,"y":13,"x":113,"pageNo":38},{"_id":"5918d70529e334891305fa21","itemId":"552a15f4d5e62d753f009a62","flip":0,"rot":0,"z":5,"y":46,"x":7,"pageNo":38},{"_id":"5918d70529e334891305fa22","itemId":"5525d98ffd2fb361483fcf38","flip":0,"rot":0,"z":6,"y":50,"x":38,"pageNo":38},{"_id":"5918d70529e334891305fa23","itemId":"5525c7ab4ba2bc0c08c2d6e7","flip":0,"rot":0,"z":7,"y":54,"x":60,"pageNo":38},{"_id":"5918d70529e334891305fa24","itemId":"5524097fab0f5a3e0c353b2c","flip":0,"rot":0,"z":8,"y":48,"x":76,"pageNo":38},{"_id":"5918d70529e334891305fa25","itemId":"551fef1deca3fa652bf66977","flip":0,"rot":0,"z":9,"y":57,"x":105,"pageNo":38},{"_id":"5918d70529e334891305fa26","itemId":"551f613f2d85aa4f3aebc736","flip":0,"rot":0,"z":10,"y":59,"x":127,"pageNo":38},{"_id":"5918d70529e334891305fa27","itemId":"551bd345bbab461308689e88","flip":0,"rot":0,"z":11,"y":78,"x":10,"pageNo":38},{"_id":"5918d70529e334891305fa28","itemId":"551b9f13bbab461308689dc9","flip":0,"rot":0,"z":12,"y":80,"x":29,"pageNo":38},{"_id":"5918d70529e334891305fa29","itemId":"5518f964067556920f2c89de","flip":0,"rot":0,"z":13,"y":78,"x":58,"pageNo":38},{"_id":"5918d70529e334891305fa2a","itemId":"55178cef157ab22621887782","flip":0,"rot":0,"z":14,"y":80,"x":83,"pageNo":38},{"_id":"5918d70529e334891305fa2b","itemId":"5512c4a5602c317f0cb00ba2","flip":0,"rot":0,"z":15,"y":85,"x":114,"pageNo":38},{"_id":"5918d70529e334891305fa2c","itemId":"551118fbda762d1608cb1edb","flip":0,"rot":0,"z":16,"y":95,"x":128,"pageNo":38},{"_id":"5918d70529e334891305fa2d","itemId":"550cb0f1516b3d9912aa4b2d","flip":0,"rot":0,"z":17,"y":106,"x":9,"pageNo":38},{"_id":"5918d70529e334891305fa2e","itemId":"550e41047aa9b89b12ef41e6","flip":0,"rot":0,"z":18,"y":105,"x":38,"pageNo":38},{"_id":"5918d70529e334891305fa2f","itemId":"5505bf6adfb3d2d009edbd04","flip":0,"rot":0,"z":19,"y":105,"x":58,"pageNo":38},{"_id":"5918d73e93b4a657130b9724","itemId":"54ffa74660aeac4128127315","flip":0,"rot":0,"z":0,"y":5,"x":8,"pageNo":39},{"_id":"5918d73e93b4a657130b9725","itemId":"54fd07a5baf3a3b10cf9a5cb","flip":0,"rot":0,"z":1,"y":19,"x":43,"pageNo":39},{"_id":"5918d73e93b4a657130b9726","itemId":"54f90044dba8039a70262383","flip":0,"rot":0,"z":2,"y":10,"x":67,"pageNo":39},{"_id":"5918d73e93b4a657130b9727","itemId":"54f8cfe93b4e0a726e2b05d7","flip":0,"rot":0,"z":3,"y":20,"x":92,"pageNo":39},{"_id":"5918d73e93b4a657130b9728","itemId":"54f71476fea2d09b13cd31e3","flip":0,"rot":0,"z":4,"y":10,"x":105,"pageNo":39},{"_id":"5918d73e93b4a657130b9729","itemId":"54f502b5576a1ba23a1ec8bb","flip":0,"rot":0,"z":5,"y":42,"x":13,"pageNo":39},{"_id":"5918d73e93b4a657130b972a","itemId":"54f657ba294d2a8c1812c1cd","flip":0,"rot":0,"z":6,"y":38,"x":29,"pageNo":39},{"_id":"5918d73e93b4a657130b972b","itemId":"54f39cba3535e5733c89ee7a","flip":0,"rot":0,"z":7,"y":38,"x":57,"pageNo":39},{"_id":"5918d73e93b4a657130b972c","itemId":"54f293bef2ca766d3cea3430","flip":0,"rot":0,"z":8,"y":38,"x":76,"pageNo":39},{"_id":"5918d73e93b4a657130b972d","itemId":"54f281fcb3894c103456c6ed","flip":0,"rot":0,"z":9,"y":40,"x":104,"pageNo":39},{"_id":"5918d73e93b4a657130b972e","itemId":"54f1a7b5eacd731434eb523c","flip":0,"rot":0,"z":10,"y":73,"x":13,"pageNo":39},{"_id":"5918d73e93b4a657130b972f","itemId":"54efc38ee8452ee02f849541","flip":0,"rot":0,"z":11,"y":67,"x":29,"pageNo":39},{"_id":"5918d73e93b4a657130b9730","itemId":"54ee840271061eaa2673b3dc","flip":0,"rot":0,"z":12,"y":67,"x":57,"pageNo":39},{"_id":"5918d73e93b4a657130b9731","itemId":"54ebd6172ac306a71dd729a2","flip":0,"rot":0,"z":13,"y":67,"x":86,"pageNo":39},{"_id":"5918d73e93b4a657130b9732","itemId":"54e5ea347c533003109cb7de","flip":0,"rot":0,"z":14,"y":67,"x":105,"pageNo":39},{"_id":"5918d73e93b4a657130b9733","itemId":"54e18a33e33832b16bbabfbe","flip":0,"rot":0,"z":15,"y":107,"x":8,"pageNo":39},{"_id":"5918d73e93b4a657130b9734","itemId":"54e10b563827a1397656efc1","flip":0,"rot":0,"z":16,"y":110,"x":38,"pageNo":39},{"_id":"5918d73e93b4a657130b9735","itemId":"54de26a824b6bbeb53651b90","flip":0,"rot":0,"z":17,"y":104,"x":63,"pageNo":39},{"_id":"5918d73e93b4a657130b9736","itemId":"54d91a7cb36fb4d967cc4d71","flip":0,"rot":0,"z":18,"y":106,"x":98,"pageNo":39},{"_id":"5918d77b7a82c302109c6996","itemId":"54ba52bca981ed832920842f","flip":0,"rot":0,"z":0,"y":7,"x":16,"pageNo":41},{"_id":"5918d77b7a82c302109c6997","itemId":"54b276d60eae9dc73bea6fd7","flip":0,"rot":0,"z":1,"y":14,"x":55,"pageNo":41},{"_id":"5918d77b7a82c302109c6998","itemId":"54ba1ff2c85e7b9a3e6f1600","flip":0,"rot":0,"z":2,"y":10,"x":95,"pageNo":41},{"_id":"5918d77b7a82c302109c6999","itemId":"54b273674c25170e6a037806","flip":0,"rot":0,"z":3,"y":48,"x":19,"pageNo":41},{"_id":"5918d77b7a82c302109c699a","itemId":"54b26c1a42e6e195104b9dae","flip":0,"rot":0,"z":4,"y":48,"x":48,"pageNo":41},{"_id":"5918d77b7a82c302109c699b","itemId":"54a5d5adc96c278a35aca75d","flip":0,"rot":0,"z":5,"y":39,"x":108,"pageNo":41},{"_id":"591a7aa64b0ac35a13d02ecb","itemId":"547267166744f9fe0e9af5d7","flip":0,"rot":0,"z":0,"y":29,"x":10,"pageNo":18},{"_id":"591a7aa64b0ac35a13d02ecc","itemId":"545e1f05ced76a6a450c9520","flip":0,"rot":0,"z":1,"y":25,"x":47,"pageNo":18},{"_id":"591a7aa64b0ac35a13d02ecd","itemId":"544db76fecd63b160ff1e451","flip":0,"rot":0,"z":2,"y":62,"x":72,"pageNo":18},{"_id":"591a7aa64b0ac35a13d02ece","itemId":"543b125656233e7416c8d7ad","flip":0,"rot":0,"z":3,"y":95,"x":57,"pageNo":18},{"_id":"591a7aa64b0ac35a13d02ecf","itemId":"54540317feb7247b37afbc34","flip":0,"rot":0,"z":4,"y":95,"x":105,"pageNo":18},{"_id":"592b87c48d49e1c616e2325a","itemId":"57de178e63a4bd8e13896ad0","flip":0,"rot":0,"z":0,"y":0,"x":0,"pageNo":2},{"_id":"592b87c48d49e1c616e2325b","itemId":"57df5c9027f1be3013024dd1","flip":0,"rot":0,"z":1,"y":0,"x":29,"pageNo":2},{"_id":"592b87c48d49e1c616e2325c","itemId":"57dde2fcc38ce6b40f9436d3","flip":0,"rot":0,"z":2,"y":0,"x":48,"pageNo":2},{"_id":"592b87c48d49e1c616e2325d","itemId":"587abcc3276480e30fa7d28f","flip":0,"rot":0,"z":3,"y":0,"x":67,"pageNo":2},{"_id":"592b87c48d49e1c616e2325e","itemId":"589ffe11a668c78b133add9c","flip":0,"rot":0,"z":4,"y":0,"x":76,"pageNo":2},{"_id":"592b87c48d49e1c616e2325f","itemId":"58a0f12bb6f93e1814362927","flip":0,"rot":0,"z":5,"y":19,"x":-9,"pageNo":2},{"_id":"592b87c48d49e1c616e23260","itemId":"58ab117de11cdcf80f61c37a","flip":0,"rot":0,"z":6,"y":0,"x":105,"pageNo":2},{"_id":"592b87c48d49e1c616e23261","itemId":"57ce51a1eb13024e6320cacd","flip":0,"rot":0,"z":7,"y":19,"x":10,"pageNo":2},{"_id":"592b87c48d49e1c616e23262","itemId":"57d58f851dbfcfa10fa8e03c","flip":0,"rot":0,"z":8,"y":19,"x":29,"pageNo":2},{"_id":"592b87c48d49e1c616e23263","itemId":"57868468e91cb11713d8558c","flip":0,"rot":0,"z":9,"y":0,"x":48,"pageNo":2},{"_id":"592b87c48d49e1c616e23264","itemId":"5685a1cb30a42d896a97f3a6","flip":0,"rot":0,"z":10,"y":19,"x":57,"pageNo":2},{"_id":"592b87c48d49e1c616e23265","itemId":"56859eeb65f97970159c4847","flip":0,"rot":0,"z":11,"y":19,"x":76,"pageNo":2},{"_id":"592b87c48d49e1c616e23266","itemId":"56331da42f0a155e17d099fd","flip":0,"rot":0,"z":12,"y":19,"x":95,"pageNo":2},{"_id":"592b87c48d49e1c616e23267","itemId":"5653b2368885f5273306068c","flip":0,"rot":0,"z":13,"y":19,"x":114,"pageNo":2},{"_id":"592b87c48d49e1c616e23268","itemId":"55f9f4b1e396a9772b63624f","flip":0,"rot":0,"z":14,"y":38,"x":0,"pageNo":2},{"_id":"592b87c48d49e1c616e23269","itemId":"58446fb22d984d44131f64c2","flip":0,"rot":0,"z":15,"y":38,"x":29,"pageNo":2},{"_id":"592b87c48d49e1c616e2326a","itemId":"55d944fae4f034a801bb48a3","flip":0,"rot":0,"z":16,"y":38,"x":48,"pageNo":2},{"_id":"592b87c48d49e1c616e2326b","itemId":"55c97346bc06aca65b788323","flip":0,"rot":0,"z":17,"y":38,"x":67,"pageNo":2},{"_id":"592b87c48d49e1c616e2326c","itemId":"55a0f65d81f548fa67b5ad71","flip":0,"rot":0,"z":18,"y":38,"x":86,"pageNo":2},{"_id":"592b87c48d49e1c616e2326d","itemId":"5544bc521a953ec42d35b6d7","flip":0,"rot":0,"z":19,"y":0,"x":114,"pageNo":2},{"_id":"592b87c48d49e1c616e2326e","itemId":"546c9c7bb1b1992a7066db25","flip":0,"rot":0,"z":20,"y":76,"x":76,"pageNo":2},{"_id":"592b87c48d49e1c616e2326f","itemId":"538a711d72bf05b96b3363e7","flip":0,"rot":0,"z":21,"y":105,"x":86,"pageNo":2},{"_id":"592b87c48d49e1c616e23270","itemId":"562b4d0faadf543d12821b15","flip":0,"rot":0,"z":22,"y":38,"x":114,"pageNo":2},{"_id":"592b87c48d49e1c616e23271","itemId":"54d7d6b3ac30b47a583d4f95","flip":0,"rot":0,"z":23,"y":86,"x":114,"pageNo":2},{"_id":"592b896866df38f00f94465a","itemId":"5509c93d29443ff9183c707d","flip":0,"rot":0,"z":0,"y":48,"x":95,"pageNo":15},{"_id":"592b896866df38f00f94465b","itemId":"5504f19757c64dd850b92e34","flip":0,"rot":0,"z":1,"y":38,"x":19,"pageNo":15},{"_id":"592b896866df38f00f94465c","itemId":"55034617cb65116059748a1c","flip":0,"rot":0,"z":2,"y":81,"x":127,"pageNo":15},{"_id":"592b896866df38f00f94465d","itemId":"54f8c4ca15e765746ec0ad2a","flip":0,"rot":0,"z":3,"y":77,"x":12,"pageNo":15},{"_id":"592b896866df38f00f94465e","itemId":"5503556736e5a2141ca3b090","flip":0,"rot":0,"z":4,"y":95,"x":48,"pageNo":15},{"_id":"592b896866df38f00f94465f","itemId":"54b1f92b6dfbde096a8cc435","flip":0,"rot":0,"z":5,"y":124,"x":10,"pageNo":15},{"_id":"592b896866df38f00f944660","itemId":"54ea206c18ab52d50952907e","flip":0,"rot":0,"z":6,"y":86,"x":95,"pageNo":15},{"_id":"5a40043f7d02de9e1302e78d","itemId":"55167eaeae6dfe2b214e3d50","flip":0,"rot":0,"z":0,"y":21,"x":16,"pageNo":14},{"_id":"5a40043f7d02de9e1302e78e","itemId":"54df803fd1e9f7e753a2fefc","flip":0,"rot":0,"z":1,"y":73,"x":112,"pageNo":14},{"_id":"5a40043f7d02de9e1302e78f","itemId":"59f7fa56927b60f70f5b9f81","flip":0,"rot":0,"z":2,"y":71,"x":28,"pageNo":14},{"_id":"5a40043f7d02de9e1302e790","itemId":"59f4e72c5dea9f8713dbcb7e","flip":0,"rot":0,"z":3,"y":74,"x":78,"pageNo":14},{"_id":"5a4004a4ca39b989134ff94d","itemId":"54b98092328271cf27717092","flip":0,"rot":0,"z":0,"y":98,"x":13,"pageNo":17},{"_id":"5a4004a4ca39b989134ff94e","itemId":"54cb91b82ec58378778ad7c5","flip":0,"rot":0,"z":1,"y":20,"x":56,"pageNo":17},{"_id":"5a4004a4ca39b989134ff94f","itemId":"54c9c20f3102bf6110001fe7","flip":0,"rot":0,"z":2,"y":86,"x":111,"pageNo":17},{"_id":"5a4004a4ca39b989134ff950","itemId":"54c990189aba66040d0806f1","flip":0,"rot":0,"z":3,"y":86,"x":57,"pageNo":17},{"_id":"5a4004a4ca39b989134ff951","itemId":"54a5ec63c7f8e69035b98adb","flip":0,"rot":0,"z":4,"y":48,"x":57,"pageNo":17},{"_id":"5a4004f9c739afed0f0d15f7","itemId":"54d6367b83e5329b43c2d530","flip":0,"rot":0,"z":0,"y":14,"x":12,"pageNo":40},{"_id":"5a4004f9c739afed0f0d15f8","itemId":"54d374b9c198e08c4718d1f3","flip":0,"rot":0,"z":1,"y":14,"x":29,"pageNo":40},{"_id":"5a4004f9c739afed0f0d15f9","itemId":"54cfb5cdb66ff559243b1cf1","flip":0,"rot":0,"z":2,"y":12,"x":60,"pageNo":40},{"_id":"5a4004f9c739afed0f0d15fa","itemId":"54cfb4561e648b5f24fded0a","flip":0,"rot":0,"z":3,"y":13,"x":85,"pageNo":40},{"_id":"5a4004f9c739afed0f0d15fb","itemId":"54ce81ed11de2c5d2497da47","flip":0,"rot":0,"z":4,"y":42,"x":3,"pageNo":40},{"_id":"5a4004f9c739afed0f0d15fc","itemId":"54cdd8ac468063421cbb90dc","flip":0,"rot":0,"z":5,"y":47,"x":28,"pageNo":40},{"_id":"5a4004f9c739afed0f0d15fd","itemId":"54cd91623350eb441c85906c","flip":0,"rot":0,"z":6,"y":50,"x":54,"pageNo":40},{"_id":"5a4004f9c739afed0f0d15fe","itemId":"54c9a266aef65eed441f8a6f","flip":0,"rot":0,"z":7,"y":47,"x":87,"pageNo":40},{"_id":"5a4004f9c739afed0f0d15ff","itemId":"54c7077ab60078977eafa655","flip":0,"rot":0,"z":8,"y":79,"x":2,"pageNo":40},{"_id":"5a4004f9c739afed0f0d1600","itemId":"54c7011d839aba9b7e1787b6","flip":0,"rot":0,"z":9,"y":78,"x":31,"pageNo":40},{"_id":"5a4004f9c739afed0f0d1601","itemId":"54c7010e39d067207dbbd684","flip":0,"rot":0,"z":10,"y":77,"x":59,"pageNo":40},{"_id":"5a4004f9c739afed0f0d1602","itemId":"54c7007eff7ccb385eec5a23","flip":0,"rot":0,"z":11,"y":76,"x":84,"pageNo":40},{"_id":"5a4004f9c739afed0f0d1603","itemId":"54c1df1b3c2247fc5a1f0435","flip":0,"rot":0,"z":12,"y":77,"x":119,"pageNo":40},{"_id":"5a4004f9c739afed0f0d1604","itemId":"54c1b9441f7472890280ad52","flip":0,"rot":0,"z":13,"y":105,"x":114,"pageNo":40},{"_id":"5a400580c739afed0f0d1608","itemId":"59e653204a3abff40f17510a","flip":0,"rot":0,"z":0,"y":94,"x":18,"pageNo":42},{"_id":"5a400580c739afed0f0d1609","itemId":"59d29f3c2b05009013a5219e","flip":0,"rot":0,"z":1,"y":32,"x":63,"pageNo":42},{"_id":"5a400580c739afed0f0d160a","itemId":"59cd49582170fffb0f67c241","flip":0,"rot":0,"z":2,"y":29,"x":86,"pageNo":42},{"_id":"5a400580c739afed0f0d160b","itemId":"59cbb9deb021e88313f29685","flip":0,"rot":0,"z":3,"y":29,"x":105,"pageNo":42},{"_id":"5a400580c739afed0f0d160c","itemId":"5969a7844a57479613a3b964","flip":0,"rot":0,"z":4,"y":90,"x":73,"pageNo":42},{"_id":"5a400580c739afed0f0d160d","itemId":"59666329f58207ea0f001fcf","flip":0,"rot":0,"z":5,"y":76,"x":38,"pageNo":42},{"_id":"5a400580c739afed0f0d160e","itemId":"59627db5f5bd85f40f384b34","flip":0,"rot":0,"z":6,"y":105,"x":86,"pageNo":42},{"_id":"5a400580c739afed0f0d160f","itemId":"595f3b298ee180fa0f01eb2e","flip":0,"rot":0,"z":7,"y":86,"x":105,"pageNo":42},{"_id":"5a40058323ed43ab1314ca3b","itemId":"5941e80bba2ad27b13d5af73","flip":0,"rot":0,"z":0,"y":76,"x":67,"pageNo":43},{"_id":"5a4005cb6d316be513a0b551","itemId":"591eb00122c36ffc0f73ed4d","flip":0,"rot":0,"z":0,"y":31,"x":26,"pageNo":44},{"_id":"5a4005e36d316be513a0b553","itemId":"59f63fa99af4b666137a19d8","flip":0,"rot":0,"z":0,"y":26,"x":11,"pageNo":45},{"_id":"5a4005e36d316be513a0b554","itemId":"59ad93272645688813ec1db3","flip":0,"rot":0,"z":1,"y":22,"x":41,"pageNo":45},{"_id":"5a4005e36d316be513a0b555","itemId":"59a62a6cb7b837b513847915","flip":0,"rot":0,"z":2,"y":61,"x":64,"pageNo":45},{"_id":"5a4005e36d316be513a0b556","itemId":"5940b3ccb3fdd79b131768c5","flip":0,"rot":0,"z":3,"y":49,"x":83,"pageNo":45},{"_id":"5a4005e36d316be513a0b557","itemId":"5971fd2e160b987216980419","flip":0,"rot":0,"z":4,"y":61,"x":48,"pageNo":45},{"_id":"5a4005e36d316be513a0b558","itemId":"5924dac9daa202b3137f4ac5","flip":0,"rot":0,"z":5,"y":38,"x":108,"pageNo":45},{"_id":"5a4005e36d316be513a0b559","itemId":"58dd9a0d3a22dbb713ad6787","flip":0,"rot":0,"z":6,"y":28,"x":74,"pageNo":45},{"_id":"5a4009df1fbed5ee0fdc5804","itemId":"54dd40647a16e05047d90c97","flip":0,"rot":0,"z":0,"y":20,"x":20,"pageNo":16},{"_id":"5a4009df1fbed5ee0fdc5805","itemId":"54d27896d9e7a76e2c960da5","flip":0,"rot":0,"z":1,"y":11,"x":51,"pageNo":16},{"_id":"5a4009df1fbed5ee0fdc5806","itemId":"54ceaa311c29fd5b24b32be9","flip":0,"rot":0,"z":2,"y":7,"x":91,"pageNo":16},{"_id":"5a4009df1fbed5ee0fdc5807","itemId":"54c02d8b1f7472890280a3c0","flip":0,"rot":0,"z":3,"y":29,"x":105,"pageNo":16},{"_id":"5a4009df1fbed5ee0fdc5808","itemId":"54b589309affb41c10ef98bd","flip":0,"rot":0,"z":4,"y":33,"x":80,"pageNo":16},{"_id":"5a4009df1fbed5ee0fdc5809","itemId":"54a90b3fc7f8e69035b99961","flip":0,"rot":0,"z":5,"y":77,"x":37,"pageNo":16},{"_id":"5a4009df1fbed5ee0fdc580a","itemId":"5a3efed01974af6113577d9b","flip":0,"rot":0,"z":6,"y":76,"x":86,"pageNo":16},{"_id":"5a4009df1fbed5ee0fdc580b","itemId":"5a3eff35a886385e13266d08","flip":0,"rot":0,"z":7,"y":76,"x":105,"pageNo":16},{"_id":"5a4009df1fbed5ee0fdc580c","itemId":"5a3eff4e5f8ce7f70f019978","flip":0,"rot":0,"z":8,"y":81,"x":121,"pageNo":16},{"_id":"5a400a4dca39b989134ff9ac","itemId":"57a35ed4fdde552213c57ed9","flip":0,"rot":0,"z":0,"y":11,"x":7,"pageNo":26},{"_id":"5a400a4dca39b989134ff9ad","itemId":"57a2668422c33f0c14c80dd0","flip":0,"rot":0,"z":1,"y":17,"x":47,"pageNo":26},{"_id":"5a400a4dca39b989134ff9ae","itemId":"57a510d2dff2ef860f7bf501","flip":0,"rot":0,"z":2,"y":13,"x":79,"pageNo":26},{"_id":"5a400a4dca39b989134ff9af","itemId":"579e432ecfd7b61c1366e2de","flip":0,"rot":0,"z":3,"y":14,"x":97,"pageNo":26},{"_id":"5a400a4dca39b989134ff9b0","itemId":"579d8b5282d4e827130d95b9","flip":0,"rot":0,"z":4,"y":10,"x":114,"pageNo":26},{"_id":"5a400a4dca39b989134ff9b1","itemId":"579d87487dab4426134f7374","flip":0,"rot":0,"z":5,"y":46,"x":15,"pageNo":26},{"_id":"5a400a4dca39b989134ff9b2","itemId":"579cc7d11ec0c37f0fa7f493","flip":0,"rot":0,"z":6,"y":48,"x":38,"pageNo":26},{"_id":"5a400a4dca39b989134ff9b3","itemId":"579b6841e4f3812b13627997","flip":0,"rot":0,"z":7,"y":57,"x":76,"pageNo":26},{"_id":"5a400a4dca39b989134ff9b4","itemId":"579a87ddd837f41213340ff3","flip":0,"rot":0,"z":8,"y":48,"x":95,"pageNo":26},{"_id":"5a400a4dca39b989134ff9b5","itemId":"579985da73a82e3213377f02","flip":0,"rot":0,"z":9,"y":51,"x":121,"pageNo":26},{"_id":"5a400a4dca39b989134ff9b6","itemId":"5798f0af624b1b1b136ae00e","flip":0,"rot":0,"z":10,"y":77,"x":20,"pageNo":26},{"_id":"5a400a4dca39b989134ff9b7","itemId":"57983ff0a1114a730f9f5151","flip":0,"rot":0,"z":11,"y":76,"x":29,"pageNo":26},{"_id":"5a400a4dca39b989134ff9b8","itemId":"57976dda79eedb820fc20fde","flip":0,"rot":0,"z":12,"y":79,"x":59,"pageNo":26},{"_id":"5a400a4dca39b989134ff9b9","itemId":"57967b20b8b60c2b1376a2bd","flip":0,"rot":0,"z":13,"y":76,"x":76,"pageNo":26},{"_id":"5a400a4dca39b989134ff9ba","itemId":"5792acebc15c897e0f658984","flip":0,"rot":0,"z":14,"y":76,"x":95,"pageNo":26},{"_id":"5a400a4dca39b989134ff9bb","itemId":"578a0a8cd208d17e0f453277","flip":0,"rot":0,"z":15,"y":76,"x":124,"pageNo":26},{"_id":"5a400a4dca39b989134ff9bc","itemId":"57886fca48c9852a13a17411","flip":0,"rot":0,"z":16,"y":105,"x":0,"pageNo":26},{"_id":"5a400a4dca39b989134ff9bd","itemId":"5a00b0dde6b97e95134a2f5f","flip":0,"rot":0,"z":17,"y":105,"x":19,"pageNo":26},{"_id":"5a400a4dca39b989134ff9be","itemId":"59fe2694a24b447813e89491","flip":0,"rot":0,"z":18,"y":105,"x":38,"pageNo":26},{"_id":"5a400a4dca39b989134ff9bf","itemId":"59ffba7182676c9a13e8b49d","flip":0,"rot":0,"z":19,"y":105,"x":57,"pageNo":26},{"_id":"5a400a4dca39b989134ff9c0","itemId":"59f7ab255409030049e8d60d","flip":0,"rot":0,"z":20,"y":105,"x":76,"pageNo":26},{"_id":"5a400a4dca39b989134ff9c1","itemId":"59f75b652b8811fa0fc6335d","flip":0,"rot":0,"z":21,"y":105,"x":95,"pageNo":26},{"_id":"5a400ae992e08fdf132e08c9","itemId":"57e5c481c9f1ec9e55e52360","flip":0,"rot":0,"z":0,"y":4,"x":6,"pageNo":24},{"_id":"5a400ae992e08fdf132e08ca","itemId":"57e49e4557c5d24a13a7627b","flip":0,"rot":0,"z":1,"y":14,"x":91,"pageNo":24},{"_id":"5a400ae992e08fdf132e08cb","itemId":"57e45a0fcfc8503b13855731","flip":0,"rot":0,"z":2,"y":45,"x":67,"pageNo":24},{"_id":"5a400ae992e08fdf132e08cc","itemId":"57e451642ae77434136692d3","flip":0,"rot":0,"z":3,"y":38,"x":86,"pageNo":24},{"_id":"5a400ae992e08fdf132e08cd","itemId":"57e33fafaac01aa30f1cc982","flip":0,"rot":0,"z":4,"y":47,"x":49,"pageNo":24},{"_id":"5a400ae992e08fdf132e08ce","itemId":"57d9c524953af921130bce95","flip":0,"rot":0,"z":5,"y":37,"x":29,"pageNo":24},{"_id":"5a400ae992e08fdf132e08cf","itemId":"57d8878868e9103f133b8e4f","flip":0,"rot":0,"z":6,"y":21,"x":113,"pageNo":24},{"_id":"5a400ae992e08fdf132e08d0","itemId":"57d362e1e3e9aa3c14308db5","flip":0,"rot":0,"z":7,"y":34,"x":2,"pageNo":24},{"_id":"5a400ae992e08fdf132e08d1","itemId":"57cab71abd4a11f813b43a66","flip":0,"rot":0,"z":8,"y":50,"x":118,"pageNo":24},{"_id":"5a400ae992e08fdf132e08d2","itemId":"57c4da9c466a1513135f8797","flip":0,"rot":0,"z":9,"y":76,"x":107,"pageNo":24},{"_id":"5a400ae992e08fdf132e08d3","itemId":"57c34c9f5b0fcd2f14404fbb","flip":0,"rot":0,"z":10,"y":82,"x":87,"pageNo":24},{"_id":"5a400ae992e08fdf132e08d4","itemId":"57c59e052958c439139e6443","flip":0,"rot":0,"z":11,"y":79,"x":56,"pageNo":24},{"_id":"5a400ae992e08fdf132e08d5","itemId":"57c34849766bd92b13d6bcd0","flip":0,"rot":0,"z":12,"y":82,"x":34,"pageNo":24},{"_id":"5a400ae992e08fdf132e08d6","itemId":"57be044cf095a38e0f28fb7b","flip":0,"rot":0,"z":13,"y":89,"x":19,"pageNo":24},{"_id":"5a400ae992e08fdf132e08d7","itemId":"57b7ab6286303d0e13a34230","flip":0,"rot":0,"z":14,"y":84,"x":6,"pageNo":24},{"_id":"5a400ae992e08fdf132e08d8","itemId":"57e4a1ab59c2213f13a00034","flip":0,"rot":0,"z":15,"y":0,"x":19,"pageNo":24},{"_id":"5a400ae992e08fdf132e08d9","itemId":"57e48f3f11c4dca90f8414f7","flip":0,"rot":0,"z":16,"y":10,"x":38,"pageNo":24},{"_id":"5a400b0bc739afed0f0d1639","itemId":"588d6d6147f7257e13dd6e9e","flip":0,"rot":0,"z":0,"y":-9,"x":19,"pageNo":0},{"_id":"5a400b0bc739afed0f0d163a","itemId":"588d6d6147f7257e13dd6e9e","flip":0,"rot":0,"z":1,"y":-9,"x":76,"pageNo":0},{"_id":"5a400b0bc739afed0f0d163b","itemId":"588d6d6147f7257e13dd6e9e","flip":0,"rot":0,"z":2,"y":-9,"x":114,"pageNo":0},{"_id":"5a400b0bc739afed0f0d163c","itemId":"588d6bd347f7257e13dd6e93","flip":0,"rot":0,"z":3,"y":-9,"x":105,"pageNo":0},{"_id":"5a400b0bc739afed0f0d163d","itemId":"588ce4d4067771df0f79cdbf","flip":0,"rot":0,"z":4,"y":95,"x":67,"pageNo":0},{"_id":"5a400b0bc739afed0f0d163e","itemId":"58a12d8a528c47111443da28","flip":0,"rot":0,"z":5,"y":38,"x":0,"pageNo":0},{"_id":"5a400b0bc739afed0f0d163f","itemId":"58a0baa1528c47111443d426","flip":0,"rot":0,"z":6,"y":38,"x":38,"pageNo":0},{"_id":"5a400b0bc739afed0f0d1640","itemId":"58a0b9f66c3dcc7713a8c448","flip":0,"rot":0,"z":7,"y":38,"x":57,"pageNo":0},{"_id":"5a400b0bc739afed0f0d1641","itemId":"589f78558e80f36013d6c6c3","flip":0,"rot":0,"z":8,"y":57,"x":0,"pageNo":0},{"_id":"5a400b0bc739afed0f0d1642","itemId":"589f499699b55ea3134f0941","flip":0,"rot":0,"z":9,"y":57,"x":19,"pageNo":0},{"_id":"5a400b0bc739afed0f0d1643","itemId":"589e73daf09a58671345c190","flip":0,"rot":0,"z":10,"y":57,"x":38,"pageNo":0},{"_id":"5a400b0bc739afed0f0d1644","itemId":"589e73a44c1306eb13da6ce0","flip":0,"rot":0,"z":11,"y":57,"x":67,"pageNo":0},{"_id":"5a400b0bc739afed0f0d1645","itemId":"589e6cbb01bab460139f361b","flip":0,"rot":0,"z":12,"y":76,"x":0,"pageNo":0},{"_id":"5a400b0bc739afed0f0d1646","itemId":"589e581a816a6e7f138c6872","flip":0,"rot":0,"z":13,"y":76,"x":19,"pageNo":0},{"_id":"5a400b0bc739afed0f0d1647","itemId":"589e38846c15614113960657","flip":0,"rot":0,"z":14,"y":67,"x":29,"pageNo":0},{"_id":"5a400b0bc739afed0f0d1648","itemId":"589dc071dc7d33e20f4dbc44","flip":0,"rot":0,"z":15,"y":67,"x":38,"pageNo":0},{"_id":"5a400b0bc739afed0f0d1649","itemId":"589d94a02685d5ad133d9762","flip":0,"rot":0,"z":16,"y":67,"x":67,"pageNo":0},{"_id":"5a400b0bc739afed0f0d164a","itemId":"588e59236c533b87136623cb","flip":0,"rot":0,"z":17,"y":76,"x":86,"pageNo":0},{"_id":"5a400b0bc739afed0f0d164b","itemId":"588e2d23396e227813079a00","flip":0,"rot":0,"z":18,"y":67,"x":95,"pageNo":0},{"_id":"5a400b0bc739afed0f0d164c","itemId":"588d5c8391b653db0fc58ace","flip":0,"rot":0,"z":19,"y":95,"x":0,"pageNo":0},{"_id":"5a400b0bc739afed0f0d164d","itemId":"57ffc246ccdc0b4f13447b71","flip":0,"rot":0,"z":20,"y":10,"x":0,"pageNo":0},{"_id":"5a400b0bc739afed0f0d164e","itemId":"58a0bb20cd16ba57141915e9","flip":0,"rot":0,"z":21,"y":29,"x":19,"pageNo":0},{"_id":"5a400b0bc739afed0f0d164f","itemId":"58c326668d538bf00fd34923","flip":0,"rot":0,"z":22,"y":19,"x":0,"pageNo":0},{"_id":"5a400b0bc739afed0f0d1650","itemId":"58cf5d6e921454be13c0de64","flip":0,"rot":0,"z":23,"y":19,"x":29,"pageNo":0},{"_id":"5a400b0bc739afed0f0d1651","itemId":"58a084371317f6e10f270f8a","flip":0,"rot":0,"z":24,"y":10,"x":76,"pageNo":0},{"_id":"5a400b0bc739afed0f0d1652","itemId":"58ce7b86921454be13c0d543","flip":0,"rot":0,"z":25,"y":19,"x":48,"pageNo":0},{"_id":"5a400b0bc739afed0f0d1653","itemId":"58ead09a32cfe27d1348ce06","flip":0,"rot":0,"z":26,"y":10,"x":10,"pageNo":0},{"_id":"5a400b6323ed43ab1314ca70","itemId":"57ef4b1c1beaccdd14294420","flip":0,"rot":0,"z":0,"y":53,"x":28,"pageNo":23},{"_id":"5a400b6323ed43ab1314ca71","itemId":"57e5c59780c4aa0513faf43e","flip":0,"rot":0,"z":1,"y":80,"x":7,"pageNo":23},{"_id":"5a400b6323ed43ab1314ca72","itemId":"5807fc63c9bcd43e13065709","flip":0,"rot":0,"z":2,"y":0,"x":0,"pageNo":23},{"_id":"5a400b6323ed43ab1314ca73","itemId":"58042c7ba9d0492413b0cedc","flip":0,"rot":0,"z":3,"y":10,"x":29,"pageNo":23},{"_id":"5a400b6323ed43ab1314ca74","itemId":"5803f90155ab334113f5ff5e","flip":0,"rot":0,"z":4,"y":10,"x":48,"pageNo":23},{"_id":"5a400b6323ed43ab1314ca75","itemId":"57f56e5dba83aab60f44843e","flip":0,"rot":0,"z":5,"y":10,"x":67,"pageNo":23},{"_id":"5a400b6323ed43ab1314ca76","itemId":"57f1883c6216a30313258efa","flip":0,"rot":0,"z":6,"y":10,"x":86,"pageNo":23},{"_id":"5a400b6323ed43ab1314ca77","itemId":"57f06660cf7d7f45131154c3","flip":0,"rot":0,"z":7,"y":57,"x":10,"pageNo":23},{"_id":"5a400b6323ed43ab1314ca78","itemId":"57ef23bce7824524137ea0b7","flip":0,"rot":0,"z":8,"y":57,"x":38,"pageNo":23},{"_id":"5a400b6323ed43ab1314ca79","itemId":"57edc0267c406e5f13235c0c","flip":0,"rot":0,"z":9,"y":57,"x":57,"pageNo":23},{"_id":"5a400b6323ed43ab1314ca7a","itemId":"57e72ed003f77c34146d1351","flip":0,"rot":0,"z":10,"y":67,"x":86,"pageNo":23},{"_id":"5a400b6323ed43ab1314ca7b","itemId":"57eadebef7bc6d3513ba007a","flip":0,"rot":0,"z":11,"y":57,"x":95,"pageNo":23},{"_id":"5a400b6323ed43ab1314ca7c","itemId":"57e7ce8612e5d4b10f3f0ab9","flip":0,"rot":0,"z":12,"y":86,"x":29,"pageNo":23},{"_id":"5a400b6323ed43ab1314ca7d","itemId":"5a1e5b30ab10ca04106ef942","flip":0,"rot":0,"z":13,"y":95,"x":57,"pageNo":23},{"_id":"5a400b6323ed43ab1314ca7e","itemId":"5a3fc9133b9cc5f90fc0a355","flip":0,"rot":0,"z":14,"y":95,"x":76,"pageNo":23},{"_id":"5a400b6323ed43ab1314ca7f","itemId":"597631f1c018857813cb4bd4","flip":0,"rot":0,"z":15,"y":86,"x":95,"pageNo":23},{"_id":"5a400b6323ed43ab1314ca80","itemId":"59567b939cb2b174131ee443","flip":0,"rot":0,"z":16,"y":10,"x":114,"pageNo":23},{"_id":"5a400b6323ed43ab1314ca81","itemId":"595c0c430646746f13249bf9","flip":0,"rot":0,"z":17,"y":94,"x":115,"pageNo":23},{"_id":"5a400b6b23ed43ab1314ca82","itemId":"57b776591101063113dd2182","flip":0,"rot":0,"z":0,"y":13,"x":14,"pageNo":25},{"_id":"5a400b6b23ed43ab1314ca83","itemId":"57b70a82e0a214970f628496","flip":0,"rot":0,"z":1,"y":16,"x":48,"pageNo":25},{"_id":"5a400b6b23ed43ab1314ca84","itemId":"57b272de6fb92428136c3c97","flip":0,"rot":0,"z":2,"y":14,"x":70,"pageNo":25},{"_id":"5a400b6b23ed43ab1314ca85","itemId":"57b20e96747ae106137e6c97","flip":0,"rot":0,"z":3,"y":16,"x":95,"pageNo":25},{"_id":"5a400b6b23ed43ab1314ca86","itemId":"57b0ded6d58bad950fa08d51","flip":0,"rot":0,"z":4,"y":16,"x":112,"pageNo":25},{"_id":"5a400b6b23ed43ab1314ca87","itemId":"57ac2305ba401a321302c112","flip":0,"rot":0,"z":5,"y":95,"x":14,"pageNo":25},{"_id":"5a400b6b23ed43ab1314ca88","itemId":"57aace664bca5e1013201a8b","flip":0,"rot":0,"z":6,"y":95,"x":37,"pageNo":25},{"_id":"5a400b6b23ed43ab1314ca89","itemId":"57a9e6644054732613931094","flip":0,"rot":0,"z":7,"y":95,"x":57,"pageNo":25},{"_id":"5a400b6b23ed43ab1314ca8a","itemId":"57a3c78ae628438c0ff69fc5","flip":0,"rot":0,"z":8,"y":105,"x":86,"pageNo":25},{"_id":"5a400b6b23ed43ab1314ca8b","itemId":"57ac2f4db70abd2c13f848da","flip":0,"rot":0,"z":9,"y":48,"x":105,"pageNo":25},{"_id":"5a400b6b23ed43ab1314ca8c","itemId":"57accf5480054826138fc0b4","flip":0,"rot":0,"z":10,"y":48,"x":86,"pageNo":25},{"_id":"5a400b6b23ed43ab1314ca8d","itemId":"57ad127a11fffbe3130b328d","flip":0,"rot":0,"z":11,"y":57,"x":67,"pageNo":25},{"_id":"5a400b6b23ed43ab1314ca8e","itemId":"57af80a1f53fc4890fbba81b","flip":0,"rot":0,"z":12,"y":48,"x":48,"pageNo":25},{"_id":"5a400b6b23ed43ab1314ca8f","itemId":"5a0c69741b36fb8013d9fc24","flip":0,"rot":0,"z":13,"y":51,"x":8,"pageNo":25},{"_id":"5a400b6b23ed43ab1314ca90","itemId":"5a0c696932f119861346b2d8","flip":0,"rot":0,"z":14,"y":48,"x":29,"pageNo":25},{"_id":"5a400b6b23ed43ab1314ca91","itemId":"59510de80f28f16013ae33c3","flip":0,"rot":0,"z":15,"y":83,"x":100,"pageNo":25},{"_id":"5a400b6b23ed43ab1314ca92","itemId":"59510d82689fec9e144cc2ed","flip":0,"rot":0,"z":16,"y":86,"x":114,"pageNo":25},{"_id":"5a400b887acc0f7d13d56d1f","itemId":"578780681fb85f1f138d614b","flip":0,"rot":0,"z":0,"y":0,"x":0,"pageNo":27},{"_id":"5a400b887acc0f7d13d56d20","itemId":"578681090cd0418b0f3b2fd4","flip":0,"rot":0,"z":1,"y":0,"x":19,"pageNo":27},{"_id":"5a400b887acc0f7d13d56d21","itemId":"578658873cfe1e2b130230fe","flip":0,"rot":0,"z":2,"y":0,"x":29,"pageNo":27},{"_id":"5a400b887acc0f7d13d56d22","itemId":"578565fe2909f32313fcf585","flip":0,"rot":0,"z":3,"y":0,"x":48,"pageNo":27},{"_id":"5a400b887acc0f7d13d56d23","itemId":"577e971ec21deb1c133600a3","flip":0,"rot":0,"z":4,"y":0,"x":67,"pageNo":27},{"_id":"5a400b887acc0f7d13d56d24","itemId":"577d9d8f85e2472e13db3947","flip":0,"rot":0,"z":5,"y":0,"x":76,"pageNo":27},{"_id":"5a400b887acc0f7d13d56d25","itemId":"577dc91408537528135fe727","flip":0,"rot":0,"z":6,"y":10,"x":86,"pageNo":27},{"_id":"5a400b887acc0f7d13d56d26","itemId":"577d78ade903513313d4e3c9","flip":0,"rot":0,"z":7,"y":0,"x":105,"pageNo":27},{"_id":"5a400b887acc0f7d13d56d27","itemId":"577890ae1f71952d13590ef9","flip":0,"rot":0,"z":8,"y":0,"x":114,"pageNo":27},{"_id":"5a400b887acc0f7d13d56d28","itemId":"5779858b0ccf161b138ca943","flip":0,"rot":0,"z":9,"y":19,"x":0,"pageNo":27},{"_id":"5a400b887acc0f7d13d56d29","itemId":"57747b443dc8620f13568bee","flip":0,"rot":0,"z":10,"y":19,"x":105,"pageNo":27},{"_id":"5a400b887acc0f7d13d56d2a","itemId":"576ec6422355842c1325e462","flip":0,"rot":0,"z":11,"y":19,"x":67,"pageNo":27},{"_id":"5a400b887acc0f7d13d56d2b","itemId":"576de9fb11a6f53014f93dde","flip":0,"rot":0,"z":12,"y":29,"x":86,"pageNo":27},{"_id":"5a400b887acc0f7d13d56d2c","itemId":"57791d8781687307134020fb","flip":0,"rot":0,"z":13,"y":29,"x":124,"pageNo":27},{"_id":"5a400b887acc0f7d13d56d2d","itemId":"577d775f613e6916136aad57","flip":0,"rot":0,"z":14,"y":29,"x":19,"pageNo":27},{"_id":"5a400b887acc0f7d13d56d2e","itemId":"577c3cc63871891113196d1c","flip":0,"rot":0,"z":15,"y":19,"x":38,"pageNo":27},{"_id":"5a400b887acc0f7d13d56d2f","itemId":"5771a0ad6aec15840f1a1489","flip":0,"rot":0,"z":16,"y":57,"x":0,"pageNo":27},{"_id":"5a400b887acc0f7d13d56d30","itemId":"576ddb42a4ea9920134145cf","flip":0,"rot":0,"z":17,"y":67,"x":10,"pageNo":27},{"_id":"5a400b887acc0f7d13d56d31","itemId":"576cf3823779bc860f3d361f","flip":0,"rot":0,"z":18,"y":57,"x":29,"pageNo":27},{"_id":"5a400b887acc0f7d13d56d32","itemId":"59ced36fe6971cf30fca8541","flip":0,"rot":0,"z":19,"y":57,"x":57,"pageNo":27},{"_id":"5a400b887acc0f7d13d56d33","itemId":"59ced464d34c8188138c6bc4","flip":0,"rot":0,"z":20,"y":67,"x":48,"pageNo":27},{"_id":"5a400b887acc0f7d13d56d34","itemId":"576dee0cfca6a016137467a9","flip":0,"rot":0,"z":21,"y":29,"x":48,"pageNo":27},{"_id":"5a400b887acc0f7d13d56d35","itemId":"59c08a838e17a17513b42491","flip":0,"rot":0,"z":22,"y":76,"x":67,"pageNo":27},{"_id":"5a400b887acc0f7d13d56d36","itemId":"59b57d280ffd5b8614da11c9","flip":0,"rot":0,"z":23,"y":57,"x":86,"pageNo":27},{"_id":"5a400b887acc0f7d13d56d37","itemId":"59930d5dd8d6359e13db269d","flip":0,"rot":0,"z":24,"y":67,"x":105,"pageNo":27},{"_id":"5a400b887acc0f7d13d56d38","itemId":"59ab81f558e2ff4d13ee9e35","flip":0,"rot":0,"z":25,"y":76,"x":95,"pageNo":27},{"_id":"5a400b887acc0f7d13d56d39","itemId":"593d966acf2f1ef20f0f2aea","flip":0,"rot":0,"z":26,"y":109,"x":7,"pageNo":27},{"_id":"5a400b887acc0f7d13d56d3a","itemId":"59447aa53a03e26013f59116","flip":0,"rot":0,"z":27,"y":105,"x":29,"pageNo":27},{"_id":"5a400b887acc0f7d13d56d3b","itemId":"5944550a6e23936e13fa1024","flip":0,"rot":0,"z":28,"y":105,"x":48,"pageNo":27},{"_id":"5a400b887acc0f7d13d56d3c","itemId":"5927618739f00df20fa51cb5","flip":0,"rot":0,"z":29,"y":105,"x":67,"pageNo":27},{"_id":"5a400b887acc0f7d13d56d3d","itemId":"5926974d6282928c1487a8ca","flip":0,"rot":0,"z":30,"y":105,"x":76,"pageNo":27},{"_id":"5a400d343d6ce7a8133746b1","itemId":"588a7513c01bade00f08b2ff","flip":0,"rot":0,"z":0,"y":0,"x":0,"pageNo":3},{"_id":"5a400d343d6ce7a8133746b2","itemId":"588ea324e002f63d217118a7","flip":0,"rot":0,"z":1,"y":0,"x":19,"pageNo":3},{"_id":"5a400d343d6ce7a8133746b3","itemId":"58904b79bbe1ce7713a64d7f","flip":0,"rot":0,"z":2,"y":19,"x":38,"pageNo":3},{"_id":"5a400d343d6ce7a8133746b4","itemId":"5894e032b60504da0f18c3cf","flip":0,"rot":0,"z":3,"y":0,"x":76,"pageNo":3},{"_id":"5a400d343d6ce7a8133746b5","itemId":"589f67f0e927fd7313986f8a","flip":0,"rot":0,"z":4,"y":37,"x":47,"pageNo":3},{"_id":"5a400d343d6ce7a8133746b6","itemId":"58a060b8662d556313f282fa","flip":0,"rot":0,"z":5,"y":29,"x":38,"pageNo":3},{"_id":"5a400d343d6ce7a8133746b7","itemId":"588974a4d77c248413db21dd","flip":0,"rot":0,"z":6,"y":19,"x":19,"pageNo":3},{"_id":"5a400d343d6ce7a8133746b8","itemId":"58a7bdebec1fdd6a139b1bd2","flip":0,"rot":0,"z":7,"y":10,"x":114,"pageNo":3},{"_id":"5a400d343d6ce7a8133746b9","itemId":"58abfa5404a71e8e13f58d6c","flip":0,"rot":0,"z":8,"y":58,"x":6,"pageNo":3},{"_id":"5a400d343d6ce7a8133746ba","itemId":"58abf7478b16138813616332","flip":0,"rot":0,"z":9,"y":57,"x":29,"pageNo":3},{"_id":"5a400d343d6ce7a8133746bb","itemId":"58e907d6a1ae79f60f102285","flip":0,"rot":0,"z":10,"y":48,"x":38,"pageNo":3},{"_id":"5a400d343d6ce7a8133746bc","itemId":"58daecb1d437f0f80f67e4c5","flip":0,"rot":0,"z":11,"y":21,"x":2,"pageNo":3},{"_id":"5a400d343d6ce7a8133746bd","itemId":"58a17e612be6e2df0f785f23","flip":0,"rot":0,"z":12,"y":57,"x":84,"pageNo":3},{"_id":"5a400d343d6ce7a8133746be","itemId":"58867eab920dea82133da26b","flip":0,"rot":0,"z":13,"y":0,"x":114,"pageNo":3},{"_id":"5a400d343d6ce7a8133746bf","itemId":"587eab819e38971e144fc3d4","flip":0,"rot":0,"z":14,"y":48,"x":133,"pageNo":3},{"_id":"5a400d343d6ce7a8133746c0","itemId":"58879998033e4877131d3f05","flip":0,"rot":0,"z":15,"y":86,"x":105,"pageNo":3},{"_id":"5a400d343d6ce7a8133746c1","itemId":"587d755f36c1823713173ebb","flip":0,"rot":0,"z":16,"y":76,"x":10,"pageNo":3},{"_id":"5a400d343d6ce7a8133746c2","itemId":"58798b5f5abc340f1324880c","flip":0,"rot":0,"z":17,"y":76,"x":67,"pageNo":3},{"_id":"5a400d343d6ce7a8133746c3","itemId":"586952a734c5d0bc13d7236c","flip":0,"rot":0,"z":18,"y":76,"x":38,"pageNo":3},{"_id":"5a400d343d6ce7a8133746c4","itemId":"5866c43b79fc01e20f0601fa","flip":0,"rot":0,"z":19,"y":76,"x":86,"pageNo":3},{"_id":"5a400d343d6ce7a8133746c5","itemId":"585bd60e6e59cf4d13a218cf","flip":0,"rot":0,"z":20,"y":105,"x":133,"pageNo":3},{"_id":"5a400d343d6ce7a8133746c6","itemId":"584d6b972cabe242134019d5","flip":0,"rot":0,"z":21,"y":95,"x":38,"pageNo":3},{"_id":"5a400d343d6ce7a8133746c7","itemId":"57febf509ac276a70f420573","flip":0,"rot":0,"z":22,"y":105,"x":0,"pageNo":3},{"_id":"5a400d343d6ce7a8133746c8","itemId":"585cb082faa5ced90f13bf87","flip":0,"rot":0,"z":23,"y":114,"x":114,"pageNo":3},{"_id":"5a400d343d6ce7a8133746c9","itemId":"57d56eb85f222ea70f5b4bb4","flip":0,"rot":0,"z":24,"y":102,"x":94,"pageNo":3},{"_id":"5a400d343d6ce7a8133746ca","itemId":"589f7e0ca3065e6f131411e6","flip":0,"rot":0,"z":25,"y":29,"x":86,"pageNo":3},{"_id":"5e7941e7a779db05f729927a","itemId":"5aacf301f1d97c0fc38757bf","flip":0,"rot":0,"z":0,"y":40,"x":114,"pageNo":46}]}