{"isCreator":false,"contents":[{"_id":"6209169b7adba605b7ab7686","itemId":"5a7db87570267a4913ef3663","flip":0,"rot":0,"z":0,"y":4,"x":3,"pageNo":0},{"_id":"6209169b7adba605b7ab7687","itemId":"5a7dab8826bf8e5513bcccfd","flip":0,"rot":0,"z":1,"y":6,"x":24,"pageNo":0},{"_id":"6209169b7adba605b7ab7688","itemId":"5a7dadf3b6935354133e43ff","flip":0,"rot":0,"z":2,"y":5,"x":43,"pageNo":0},{"_id":"6209169b7adba605b7ab7689","itemId":"5a7e1e58140736b50f39bb79","flip":0,"rot":0,"z":3,"y":3,"x":60,"pageNo":0},{"_id":"6209169b7adba605b7ab768a","itemId":"5a7db697dbc8a8b7133ee7b6","flip":0,"rot":0,"z":4,"y":5,"x":81,"pageNo":0},{"_id":"6209169b7adba605b7ab768b","itemId":"5a7dcad69b2f70481310048b","flip":0,"rot":0,"z":5,"y":4,"x":99,"pageNo":0},{"_id":"6209169b7adba605b7ab768c","itemId":"5a7db87570267a4913ef3663","flip":0,"rot":0,"z":6,"y":4,"x":136,"pageNo":0},{"_id":"6209169b7adba605b7ab768d","itemId":"5a7db87570267a4913ef3663","flip":0,"rot":0,"z":7,"y":118,"x":135,"pageNo":0},{"_id":"6209169b7adba605b7ab768e","itemId":"5a7db87570267a4913ef3663","flip":0,"rot":0,"z":8,"y":118,"x":3,"pageNo":0},{"_id":"6209169b7adba605b7ab768f","itemId":"5a7dcad69b2f70481310048b","flip":0,"rot":0,"z":9,"y":100,"x":4,"pageNo":0},{"_id":"6209169b7adba605b7ab7690","itemId":"5a8440b3898b894a142e7530","flip":0,"rot":0,"z":10,"y":99,"x":62,"pageNo":0},{"_id":"6209169b7adba605b7ab7691","itemId":"5a7ece00fded417a133cbea8","flip":0,"rot":0,"z":11,"y":118,"x":42,"pageNo":0},{"_id":"6209169b7adba605b7ab7692","itemId":"5a7ee312d050765413dc12b9","flip":0,"rot":0,"z":12,"y":117,"x":58,"pageNo":0},{"_id":"6209169b7adba605b7ab7693","itemId":"5a843ccb4bc522671407019a","flip":0,"rot":0,"z":13,"y":119,"x":81,"pageNo":0},{"_id":"6209169b7adba605b7ab7694","itemId":"5a7db0e5f8e9a5b10f0a1245","flip":0,"rot":0,"z":14,"y":118,"x":99,"pageNo":0},{"_id":"6209169b7adba605b7ab7695","itemId":"5a843ba9bcf5ed5a13542ac7","flip":0,"rot":0,"z":15,"y":101,"x":137,"pageNo":0},{"_id":"6209169b7adba605b7ab7696","itemId":"5a7dab8826bf8e5513bcccfd","flip":0,"rot":0,"z":16,"y":120,"x":119,"pageNo":0},{"_id":"6209169b7adba605b7ab7697","itemId":"5a8449ef51cd4c4d1327cacc","flip":0,"rot":0,"z":17,"y":23,"x":4,"pageNo":0},{"_id":"6209169b7adba605b7ab7698","itemId":"5a7ecf62cbb7087413f8f651","flip":0,"rot":0,"z":18,"y":42,"x":99,"pageNo":0},{"_id":"6209169b7adba605b7ab7699","itemId":"5a7e1e0bcd7c11561396309b","flip":0,"rot":0,"z":19,"y":78,"x":22,"pageNo":0},{"_id":"6209169b7adba605b7ab769a","itemId":"5a7ed821fee5375913b07977","flip":0,"rot":0,"z":20,"y":60,"x":23,"pageNo":0},{"_id":"6209169b7adba605b7ab769b","itemId":"5a7dc88bd2fe484813fa9886","flip":0,"rot":0,"z":21,"y":25,"x":62,"pageNo":0},{"_id":"6209169b7adba605b7ab769c","itemId":"5a7ecd7d4af0f253131e7be2","flip":0,"rot":0,"z":22,"y":17,"x":95,"pageNo":0},{"_id":"6209169b7adba605b7ab769d","itemId":"5a7e1ff84bebea40134c1c78","flip":0,"rot":0,"z":23,"y":59,"x":113,"pageNo":0},{"_id":"6209169b7adba605b7ab769e","itemId":"5a7dadf3b6935354133e43ff","flip":0,"rot":0,"z":24,"y":43,"x":119,"pageNo":0},{"_id":"6209169b7adba605b7ab769f","itemId":"5a7db37c6ddc5a78133cb3b0","flip":0,"rot":0,"z":25,"y":24,"x":81,"pageNo":0},{"_id":"6209169b7adba605b7ab76a0","itemId":"5a843d64186940af10818a7a","flip":0,"rot":0,"z":26,"y":24,"x":138,"pageNo":0},{"_id":"6209169b7adba605b7ab76a1","itemId":"5a7ee2ae2214135313dc4bd3","flip":0,"rot":0,"z":27,"y":4,"x":117,"pageNo":0},{"_id":"6209169b7adba605b7ab76a2","itemId":"5a843de0be6fcb6114fd3ab1","flip":0,"rot":0,"z":28,"y":81,"x":137,"pageNo":0},{"_id":"6209169b7adba605b7ab76a3","itemId":"5a844e4e829ceab30f822209","flip":0,"rot":0,"z":29,"y":80,"x":3,"pageNo":0},{"_id":"6209169b7adba605b7ab76a4","itemId":"5a844302f326626e14d033b5","flip":0,"rot":0,"z":30,"y":43,"x":138,"pageNo":0},{"_id":"6209169b7adba605b7ab76a5","itemId":"5a7dbda3b6935354133e44b8","flip":0,"rot":0,"z":31,"y":38,"x":63,"pageNo":0},{"_id":"6209169b7adba605b7ab76a6","itemId":"5a7e1cf1ee96118d13932133","flip":0,"rot":0,"z":32,"y":41,"x":82,"pageNo":0},{"_id":"6209169b7adba605b7ab76a7","itemId":"5a843b49e939f85f134c40bd","flip":0,"rot":0,"z":33,"y":22,"x":41,"pageNo":0},{"_id":"6209169b7adba605b7ab76a8","itemId":"5a7ed7827d30ff6e1302b2ad","flip":0,"rot":0,"z":34,"y":43,"x":42,"pageNo":0},{"_id":"6209169b7adba605b7ab76a9","itemId":"5a845bffceab94875bd3ad97","flip":0,"rot":0,"z":35,"y":23,"x":23,"pageNo":0},{"_id":"6209169b7adba605b7ab76aa","itemId":"5a844854baf6268b5b254381","flip":0,"rot":0,"z":36,"y":118,"x":22,"pageNo":0},{"_id":"6209169b7adba605b7ab76ab","itemId":"5a7ed98bd613aa4d1359deae","flip":0,"rot":0,"z":37,"y":23,"x":118,"pageNo":0},{"_id":"6209169b7adba605b7ab76ac","itemId":"5a7da98e1f28d43d13590db3","flip":0,"rot":0,"z":38,"y":63,"x":81,"pageNo":0},{"_id":"6209169b7adba605b7ab76ad","itemId":"5a7da9f10db1864d13590add","flip":0,"rot":0,"z":39,"y":62,"x":62,"pageNo":0},{"_id":"6209169b7adba605b7ab76ae","itemId":"5a7dc353b6935354133e44dd","flip":0,"rot":0,"z":40,"y":25,"x":-7,"pageNo":0},{"_id":"6209169b7adba605b7ab76af","itemId":"5a7ed26edfcd70b10f8ba7f5","flip":0,"rot":0,"z":41,"y":44,"x":23,"pageNo":0},{"_id":"6209169b7adba605b7ab76b0","itemId":"5a7db54bb6935354133e4440","flip":0,"rot":0,"z":42,"y":62,"x":138,"pageNo":0},{"_id":"6209169b7adba605b7ab76b1","itemId":"5a7edcf34af0f253131e7ccd","flip":0,"rot":0,"z":43,"y":80,"x":41,"pageNo":0},{"_id":"6209169b7adba605b7ab76b2","itemId":"5a8444c6186940af10818b44","flip":0,"rot":0,"z":44,"y":64,"x":43,"pageNo":0},{"_id":"6209169b7adba605b7ab76b3","itemId":"5a843c852169085713544bcb","flip":0,"rot":0,"z":45,"y":102,"x":119,"pageNo":0},{"_id":"6209169b7adba605b7ab76b4","itemId":"5a843f70bfec383d140c2fd6","flip":0,"rot":0,"z":46,"y":102,"x":100,"pageNo":0},{"_id":"6209169b7adba605b7ab76b5","itemId":"5a7ed0d1fded417a133cbedd","flip":0,"rot":0,"z":47,"y":62,"x":5,"pageNo":0},{"_id":"6209169b7adba605b7ab76b6","itemId":"5a7db59fe24018aa13f5cb63","flip":0,"rot":0,"z":48,"y":62,"x":99,"pageNo":0},{"_id":"6209169b7adba605b7ab76b7","itemId":"5a8443edbfec383d140c3013","flip":0,"rot":0,"z":49,"y":100,"x":22,"pageNo":0},{"_id":"6209169b7adba605b7ab76b8","itemId":"5a844786186940af10818b98","flip":0,"rot":0,"z":50,"y":99,"x":42,"pageNo":0},{"_id":"6209169b7adba605b7ab76b9","itemId":"5a7e1bc097f464af0f558dd8","flip":0,"rot":0,"z":51,"y":81,"x":118,"pageNo":0},{"_id":"6209169b7adba605b7ab76ba","itemId":"5a845128ebd0744113314ecb","flip":0,"rot":0,"z":52,"y":98,"x":77,"pageNo":0},{"_id":"6209169b7adba605b7ab76bb","itemId":"5a844d92748600a213f0bbd2","flip":0,"rot":0,"z":53,"y":80,"x":77,"pageNo":0},{"_id":"6209169b7adba605b7ab76bc","itemId":"5a7edac2d597304d1359220e","flip":0,"rot":0,"z":54,"y":83,"x":98,"pageNo":0},{"_id":"6209169b7adba605b7ab76bd","itemId":"5a7ed501dfcd70b10f8ba819","flip":0,"rot":0,"z":55,"y":90,"x":54,"pageNo":0}]}