{"isCreator":false,"contents":[{"_id":"5b4249bdf0718a5b6b4da5a3","itemId":"5ac8ce76c18e590fb91d4c36","flip":0,"rot":0,"z":0,"y":14,"x":10,"pageNo":3},{"_id":"5b4249bdf0718a5b6b4da5a4","itemId":"5ac8ce76c18e590fb91d4c36","flip":0,"rot":0,"z":1,"y":11,"x":35,"pageNo":3},{"_id":"5b4249bdf0718a5b6b4da5a5","itemId":"5ac8ce76c18e590fb91d4c36","flip":0,"rot":0,"z":2,"y":11,"x":64,"pageNo":3},{"_id":"5b4249bdf0718a5b6b4da5a6","itemId":"5ac8ce76c18e590fb91d4c36","flip":0,"rot":0,"z":3,"y":11,"x":95,"pageNo":3},{"_id":"5b4249bdf0718a5b6b4da5a7","itemId":"5ac8ce76c18e590fb91d4c36","flip":0,"rot":0,"z":4,"y":10,"x":122,"pageNo":3},{"_id":"5b4249bdf0718a5b6b4da5a8","itemId":"5ac8cfe96fa1df0fbf3fc831","flip":0,"rot":0,"z":5,"y":126,"x":10,"pageNo":3},{"_id":"5b4249bdf0718a5b6b4da5a9","itemId":"5ac8ce76c18e590fb91d4c36","flip":0,"rot":0,"z":6,"y":38,"x":12,"pageNo":3},{"_id":"5b4249bdf0718a5b6b4da5aa","itemId":"5ac8ce76c18e590fb91d4c36","flip":0,"rot":0,"z":7,"y":39,"x":36,"pageNo":3},{"_id":"5b4249bdf0718a5b6b4da5ab","itemId":"5ac8ce76c18e590fb91d4c36","flip":0,"rot":0,"z":8,"y":38,"x":68,"pageNo":3},{"_id":"5b4249bdf0718a5b6b4da5ac","itemId":"5ac8ce76c18e590fb91d4c36","flip":0,"rot":0,"z":9,"y":40,"x":97,"pageNo":3},{"_id":"5b4249bdf0718a5b6b4da5ad","itemId":"5ac8ce76c18e590fb91d4c36","flip":0,"rot":0,"z":10,"y":38,"x":122,"pageNo":3},{"_id":"5b4249bdf0718a5b6b4da5ae","itemId":"5ac8ce76c18e590fb91d4c36","flip":0,"rot":0,"z":11,"y":68,"x":9,"pageNo":3},{"_id":"5b4249bdf0718a5b6b4da5af","itemId":"5ac8ce76c18e590fb91d4c36","flip":0,"rot":0,"z":12,"y":98,"x":10,"pageNo":3},{"_id":"5b4249bdf0718a5b6b4da5b0","itemId":"5ac8ce76c18e590fb91d4c36","flip":0,"rot":0,"z":13,"y":64,"x":37,"pageNo":3},{"_id":"5b4249bdf0718a5b6b4da5b1","itemId":"5ac8ce76c18e590fb91d4c36","flip":0,"rot":0,"z":14,"y":95,"x":38,"pageNo":3},{"_id":"5b4249bdf0718a5b6b4da5b2","itemId":"5ac8ce76c18e590fb91d4c36","flip":0,"rot":0,"z":15,"y":70,"x":70,"pageNo":3},{"_id":"5b4249bdf0718a5b6b4da5b3","itemId":"5ac8ce76c18e590fb91d4c36","flip":0,"rot":0,"z":16,"y":66,"x":97,"pageNo":3},{"_id":"5b4249bdf0718a5b6b4da5b4","itemId":"5ac8ce76c18e590fb91d4c36","flip":0,"rot":0,"z":17,"y":67,"x":124,"pageNo":3},{"_id":"5b4249bdf0718a5b6b4da5b5","itemId":"5ac8ce76c18e590fb91d4c36","flip":0,"rot":0,"z":18,"y":96,"x":65,"pageNo":3},{"_id":"5b4249bdf0718a5b6b4da5b6","itemId":"5ac8ce76c18e590fb91d4c36","flip":0,"rot":0,"z":19,"y":93,"x":99,"pageNo":3},{"_id":"5b4249bdf0718a5b6b4da5b7","itemId":"5ac8ce76c18e590fb91d4c36","flip":0,"rot":0,"z":20,"y":97,"x":124,"pageNo":3},{"_id":"5b4249bdf0718a5b6b4da5b8","itemId":"5abbaaf0d136690fbce29873","flip":0,"rot":0,"z":21,"y":95,"x":123,"pageNo":3},{"_id":"5b4249bdf0718a5b6b4da5b9","itemId":"5ab7aeaabb71bd1357907b8e","flip":0,"rot":0,"z":22,"y":67,"x":123,"pageNo":3},{"_id":"5b4249bdf0718a5b6b4da5ba","itemId":"5ab7bc29371a9713460f6fc4","flip":0,"rot":0,"z":23,"y":38,"x":123,"pageNo":3},{"_id":"5b4249bdf0718a5b6b4da5bb","itemId":"5ab7bd01371a9713460f6fce","flip":0,"rot":0,"z":24,"y":10,"x":123,"pageNo":3},{"_id":"5b4249bdf0718a5b6b4da5bc","itemId":"5ac8ea672f9b520fc7f12a46","flip":0,"rot":0,"z":25,"y":95,"x":95,"pageNo":3},{"_id":"5b4249bdf0718a5b6b4da5bd","itemId":"5ac80a7621acaa0fbdb98c5f","flip":0,"rot":0,"z":26,"y":38,"x":10,"pageNo":3},{"_id":"5b4249bdf0718a5b6b4da5be","itemId":"5abf97c89baeeb1341b01ebb","flip":0,"rot":0,"z":27,"y":66,"x":68,"pageNo":3},{"_id":"5b4249bdf0718a5b6b4da5bf","itemId":"59237c4de207b87d13ff22f5","flip":0,"rot":0,"z":28,"y":41,"x":68,"pageNo":3},{"_id":"5b4249bdf0718a5b6b4da5c0","itemId":"5ac8c545a4a3a40fc09136c4","flip":0,"rot":0,"z":29,"y":95,"x":9,"pageNo":3},{"_id":"5b4249bdf0718a5b6b4da5c1","itemId":"5ac7af3a68190a0fc2b2fc4d","flip":0,"rot":0,"z":30,"y":66,"x":9,"pageNo":3},{"_id":"5b4249bdf0718a5b6b4da5c2","itemId":"5ad7ef0b32942d28f03f62ab","flip":0,"rot":0,"z":31,"y":9,"x":67,"pageNo":3},{"_id":"5b4249bdf0718a5b6b4da5c3","itemId":"5ac8f7c7cf0cc60fc35f0d80","flip":0,"rot":0,"z":32,"y":9,"x":9,"pageNo":3},{"_id":"5b4249bdf0718a5b6b4da5c4","itemId":"5af66816cdc7bc7cd3e9a9a1","flip":0,"rot":0,"z":33,"y":67,"x":95,"pageNo":3},{"_id":"5b4249bdf0718a5b6b4da5c5","itemId":"5a8dae0d1e5917b00f9ef37f","flip":0,"rot":0,"z":34,"y":38,"x":38,"pageNo":3},{"_id":"5b4249bdf0718a5b6b4da5c6","itemId":"5a4f78909b3ae5b10f6893da","flip":0,"rot":0,"z":35,"y":10,"x":38,"pageNo":3},{"_id":"5b4249bdf0718a5b6b4da5c7","itemId":"597ce08a2669de8913789dff","flip":0,"rot":0,"z":36,"y":69,"x":40,"pageNo":3},{"_id":"5b4249bdf0718a5b6b4da5c8","itemId":"5a84cd2107bd5f8e61f55ea8","flip":0,"rot":0,"z":37,"y":97,"x":36,"pageNo":3},{"_id":"5b4249bdf0718a5b6b4da5c9","itemId":"5ac8dcffc40a46137a3661ab","flip":0,"rot":0,"z":38,"y":38,"x":95,"pageNo":3},{"_id":"5b4249bdf0718a5b6b4da5ca","itemId":"55e57ec9a2ca64ef41d20bf8","flip":0,"rot":0,"z":39,"y":9,"x":99,"pageNo":3},{"_id":"5b4249bdf0718a5b6b4da5cb","itemId":"5b01d2845e3ffc719cdc8648","flip":0,"rot":0,"z":40,"y":124,"x":95,"pageNo":3},{"_id":"5b4249bdf0718a5b6b4da5cc","itemId":"5ac8ce76c18e590fb91d4c36","flip":0,"rot":0,"z":41,"y":124,"x":38,"pageNo":3},{"_id":"5b4249bdf0718a5b6b4da5cd","itemId":"54b30740ea7500326e18d303","flip":0,"rot":0,"z":42,"y":124,"x":38,"pageNo":3},{"_id":"5b4249bdf0718a5b6b4da5ce","itemId":"5b3059038f334071799d5f72","flip":0,"rot":0,"z":43,"y":97,"x":71,"pageNo":3},{"_id":"5d90c7012e6f9d7fda60c5d4","itemId":"5ac8cdfb2abbf213618456cf","flip":0,"rot":0,"z":0,"y":57,"x":48,"pageNo":2},{"_id":"5d90c7012e6f9d7fda60c5d5","itemId":"5ac8cdd0c18e590fb91d4c35","flip":0,"rot":0,"z":1,"y":86,"x":67,"pageNo":2},{"_id":"5d90c7012e6f9d7fda60c5d6","itemId":"5ac8ce76c18e590fb91d4c36","flip":0,"rot":1,"z":2,"y":76,"x":104,"pageNo":2},{"_id":"5d90c7012e6f9d7fda60c5d7","itemId":"5ac8ce76c18e590fb91d4c36","flip":0,"rot":0,"z":3,"y":48,"x":95,"pageNo":2},{"_id":"5d90c7012e6f9d7fda60c5d8","itemId":"5ac8ce76c18e590fb91d4c36","flip":0,"rot":1,"z":4,"y":37,"x":66,"pageNo":2},{"_id":"5d90c7012e6f9d7fda60c5d9","itemId":"5ac8ce76c18e590fb91d4c36","flip":0,"rot":1,"z":5,"y":48,"x":38,"pageNo":2},{"_id":"5d90c7012e6f9d7fda60c5da","itemId":"5ac8ce76c18e590fb91d4c36","flip":0,"rot":0,"z":6,"y":76,"x":28,"pageNo":2},{"_id":"5d90c7012e6f9d7fda60c5db","itemId":"5ac8ce76c18e590fb91d4c36","flip":0,"rot":1,"z":7,"y":104,"x":41,"pageNo":2},{"_id":"5d90c7012e6f9d7fda60c5dc","itemId":"5ac8ce76c18e590fb91d4c36","flip":0,"rot":2,"z":8,"y":117,"x":71,"pageNo":2},{"_id":"5d90c7012e6f9d7fda60c5dd","itemId":"5ac8ce76c18e590fb91d4c36","flip":0,"rot":1,"z":9,"y":104,"x":95,"pageNo":2},{"_id":"5d90c7012e6f9d7fda60c5de","itemId":"5ac8d28be8fc760fbf0fd432","flip":0,"rot":0,"z":10,"y":10,"x":65,"pageNo":2},{"_id":"5d90c7012e6f9d7fda60c5df","itemId":"5ac8d28be8fc760fbf0fd432","flip":0,"rot":0,"z":11,"y":10,"x":48,"pageNo":2},{"_id":"5d90c7012e6f9d7fda60c5e0","itemId":"5ac8d28be8fc760fbf0fd432","flip":0,"rot":0,"z":12,"y":11,"x":88,"pageNo":2},{"_id":"5d90c7012e6f9d7fda60c5e1","itemId":"5ac8d28be8fc760fbf0fd432","flip":0,"rot":0,"z":13,"y":12,"x":91,"pageNo":2},{"_id":"5d90c7012e6f9d7fda60c5e2","itemId":"5ac8d28be8fc760fbf0fd432","flip":0,"rot":0,"z":14,"y":9,"x":39,"pageNo":2},{"_id":"5d90c7012e6f9d7fda60c5e3","itemId":"5ac8ce76c18e590fb91d4c36","flip":0,"rot":0,"z":15,"y":12,"x":31,"pageNo":2},{"_id":"5d90c7012e6f9d7fda60c5e4","itemId":"5ac8ce76c18e590fb91d4c36","flip":0,"rot":0,"z":16,"y":10,"x":105,"pageNo":2},{"_id":"5d90c7012e6f9d7fda60c5e5","itemId":"5ac8cfe96fa1df0fbf3fc831","flip":0,"rot":0,"z":17,"y":126,"x":7,"pageNo":2},{"_id":"5d90c7012e6f9d7fda60c5e6","itemId":"5ac8d3b1b29d0e0fb2c65736","flip":0,"rot":0,"z":18,"y":135,"x":104,"pageNo":2},{"_id":"5d90c7012e6f9d7fda60c5e7","itemId":"5ac922d1db4be8137cc7318e","flip":0,"rot":0,"z":19,"y":105,"x":133,"pageNo":2},{"_id":"5d90c7012e6f9d7fda60c5e8","itemId":"5ac91cc72eaede1376c93f4e","flip":0,"rot":0,"z":20,"y":38,"x":67,"pageNo":2},{"_id":"5d90c7012e6f9d7fda60c5e9","itemId":"5ac90ef7b45ce50fb7ebfab9","flip":0,"rot":0,"z":21,"y":114,"x":67,"pageNo":2},{"_id":"5d90c7012e6f9d7fda60c5ea","itemId":"5acb24df393ad90fb4a28ec8","flip":0,"rot":0,"z":22,"y":73,"x":106,"pageNo":2},{"_id":"5d90c7012e6f9d7fda60c5eb","itemId":"5543c69584c3ef2e0be0c5c9","flip":0,"rot":0,"z":23,"y":106,"x":95,"pageNo":2},{"_id":"5d90c7012e6f9d7fda60c5ec","itemId":"5b48a34efae4b77a4a4e0f7f","flip":0,"rot":0,"z":24,"y":103,"x":42,"pageNo":2},{"_id":"5d90c7012e6f9d7fda60c5ed","itemId":"5ac88863e16bc40fba33d285","flip":0,"rot":0,"z":25,"y":76,"x":30,"pageNo":2},{"_id":"5d90c7012e6f9d7fda60c5ee","itemId":"5b94cb12337b533800dc89a1","flip":0,"rot":0,"z":26,"y":77,"x":64,"pageNo":2},{"_id":"5d90c7012e6f9d7fda60c5ef","itemId":"5b8595f7e04d56648ea7a6dc","flip":0,"rot":0,"z":27,"y":38,"x":124,"pageNo":2},{"_id":"5d90c7012e6f9d7fda60c5f0","itemId":"5d573264d794ae15e73d4c4f","flip":0,"rot":0,"z":28,"y":6,"x":68,"pageNo":2},{"_id":"5d90c7012e6f9d7fda60c5f1","itemId":"5ad3cbbce542831c52ab2472","flip":0,"rot":0,"z":29,"y":48,"x":38,"pageNo":2},{"_id":"5d90c7012e6f9d7fda60c5f2","itemId":"59d4e7c25e5063f10fcb87ce","flip":0,"rot":0,"z":30,"y":50,"x":97,"pageNo":2},{"_id":"5d97c4c17187ab7fdfd5ae73","itemId":"5ac8ce76c18e590fb91d4c36","flip":0,"rot":1,"z":0,"y":105,"x":38,"pageNo":0},{"_id":"5d97c4c17187ab7fdfd5ae74","itemId":"5ac8ce76c18e590fb91d4c36","flip":0,"rot":1,"z":1,"y":105,"x":95,"pageNo":0},{"_id":"5d97c4c17187ab7fdfd5ae75","itemId":"5ac8ce76c18e590fb91d4c36","flip":0,"rot":0,"z":2,"y":114,"x":66,"pageNo":0},{"_id":"5d97c4c17187ab7fdfd5ae76","itemId":"5ac8ce76c18e590fb91d4c36","flip":0,"rot":1,"z":3,"y":76,"x":104,"pageNo":0},{"_id":"5d97c4c17187ab7fdfd5ae77","itemId":"5ac8ce76c18e590fb91d4c36","flip":0,"rot":1,"z":4,"y":48,"x":95,"pageNo":0},{"_id":"5d97c4c17187ab7fdfd5ae78","itemId":"5ac8ce76c18e590fb91d4c36","flip":0,"rot":1,"z":5,"y":48,"x":38,"pageNo":0},{"_id":"5d97c4c17187ab7fdfd5ae79","itemId":"5ac8ce76c18e590fb91d4c36","flip":0,"rot":1,"z":6,"y":76,"x":28,"pageNo":0},{"_id":"5d97c4c17187ab7fdfd5ae7a","itemId":"5ac8ce76c18e590fb91d4c36","flip":0,"rot":0,"z":7,"y":12,"x":12,"pageNo":0},{"_id":"5d97c4c17187ab7fdfd5ae7b","itemId":"5ac8d28be8fc760fbf0fd432","flip":0,"rot":0,"z":8,"y":12,"x":15,"pageNo":0},{"_id":"5d97c4c17187ab7fdfd5ae7c","itemId":"5ac8d28be8fc760fbf0fd432","flip":0,"rot":0,"z":9,"y":10,"x":34,"pageNo":0},{"_id":"5d97c4c17187ab7fdfd5ae7d","itemId":"5ac8d28be8fc760fbf0fd432","flip":0,"rot":0,"z":10,"y":10,"x":57,"pageNo":0},{"_id":"5d97c4c17187ab7fdfd5ae7e","itemId":"5ac8ce76c18e590fb91d4c36","flip":0,"rot":0,"z":11,"y":9,"x":127,"pageNo":0},{"_id":"5d97c4c17187ab7fdfd5ae7f","itemId":"5ac8d28be8fc760fbf0fd432","flip":0,"rot":0,"z":12,"y":10,"x":85,"pageNo":0},{"_id":"5d97c4c17187ab7fdfd5ae80","itemId":"5ac8ce76c18e590fb91d4c36","flip":0,"rot":0,"z":13,"y":10,"x":95,"pageNo":0},{"_id":"5d97c4c17187ab7fdfd5ae81","itemId":"5ac8d3b1b29d0e0fb2c65736","flip":0,"rot":0,"z":14,"y":133,"x":105,"pageNo":0},{"_id":"5d97c4c17187ab7fdfd5ae82","itemId":"5ac922d1db4be8137cc7318e","flip":0,"rot":0,"z":15,"y":105,"x":133,"pageNo":0},{"_id":"5d97c4c17187ab7fdfd5ae83","itemId":"5ac8ce76c18e590fb91d4c36","flip":0,"rot":0,"z":16,"y":38,"x":67,"pageNo":0},{"_id":"5d97c4c17187ab7fdfd5ae84","itemId":"5ac8d28be8fc760fbf0fd432","flip":0,"rot":0,"z":17,"y":10,"x":76,"pageNo":0},{"_id":"5d97c4c17187ab7fdfd5ae85","itemId":"5b8595f7e04d56648ea7a6dc","flip":0,"rot":0,"z":18,"y":38,"x":124,"pageNo":0},{"_id":"5d97c4c17187ab7fdfd5ae86","itemId":"5ac8cdd0c18e590fb91d4c35","flip":0,"rot":0,"z":19,"y":86,"x":67,"pageNo":0},{"_id":"5d97c4c17187ab7fdfd5ae87","itemId":"5ac8cdfb2abbf213618456cf","flip":0,"rot":0,"z":20,"y":57,"x":48,"pageNo":0},{"_id":"5d97c4c17187ab7fdfd5ae88","itemId":"5ac1fb6f54a6af0fb7fbac50","flip":0,"rot":0,"z":21,"y":38,"x":67,"pageNo":0},{"_id":"5d97c4c17187ab7fdfd5ae89","itemId":"5527234fec506c1e5d26fcea","flip":0,"rot":0,"z":22,"y":48,"x":95,"pageNo":0},{"_id":"5d97c4c17187ab7fdfd5ae8a","itemId":"55d94952d440ec691156c033","flip":0,"rot":0,"z":23,"y":114,"x":67,"pageNo":0},{"_id":"5d97c4c17187ab7fdfd5ae8b","itemId":"5ac6fe5d34aada0fb3478e5c","flip":0,"rot":0,"z":24,"y":105,"x":38,"pageNo":0},{"_id":"5d97c4c17187ab7fdfd5ae8c","itemId":"5ac588a5de67180fc1e411ae","flip":0,"rot":0,"z":25,"y":76,"x":29,"pageNo":0},{"_id":"5d97c4c17187ab7fdfd5ae8d","itemId":"5bba4606436f1466a48df26e","flip":0,"rot":0,"z":26,"y":6,"x":54,"pageNo":0},{"_id":"5d97c4c17187ab7fdfd5ae8e","itemId":"5c689c511684b2052ce126c2","flip":0,"rot":3,"z":27,"y":76,"x":105,"pageNo":0},{"_id":"5d97c4c17187ab7fdfd5ae8f","itemId":"5c245b21d584a46e37d80dbd","flip":0,"rot":0,"z":28,"y":72,"x":63,"pageNo":0},{"_id":"5d97c4c17187ab7fdfd5ae90","itemId":"54be63aa6db599ef44e3c6a1","flip":0,"rot":0,"z":29,"y":48,"x":38,"pageNo":0},{"_id":"5d97c4c17187ab7fdfd5ae91","itemId":"5ac8cfe96fa1df0fbf3fc831","flip":0,"rot":0,"z":30,"y":121,"x":9,"pageNo":0},{"_id":"5d97c4c17187ab7fdfd5ae92","itemId":"5d90c61833ba5d7fce52e745","flip":0,"rot":0,"z":31,"y":107,"x":96,"pageNo":0},{"_id":"5d97c4c17187ab7fdfd5ae93","itemId":"5acba85da62f3a0fb97b80de","flip":0,"rot":0,"z":32,"y":12,"x":127,"pageNo":0},{"_id":"5db482771eb9df060809af12","itemId":"5ac8ce76c18e590fb91d4c36","flip":0,"rot":0,"z":0,"y":9,"x":12,"pageNo":4},{"_id":"5db482771eb9df060809af13","itemId":"5ac8ce76c18e590fb91d4c36","flip":0,"rot":0,"z":1,"y":9,"x":95,"pageNo":4},{"_id":"5db482771eb9df060809af14","itemId":"5ac8ce76c18e590fb91d4c36","flip":0,"rot":0,"z":2,"y":38,"x":95,"pageNo":4},{"_id":"5db482771eb9df060809af15","itemId":"5ac8ce76c18e590fb91d4c36","flip":0,"rot":0,"z":3,"y":39,"x":67,"pageNo":4},{"_id":"5db482771eb9df060809af16","itemId":"5ac8ce76c18e590fb91d4c36","flip":0,"rot":0,"z":4,"y":38,"x":12,"pageNo":4},{"_id":"5db482771eb9df060809af17","itemId":"5ac8ce76c18e590fb91d4c36","flip":0,"rot":1,"z":5,"y":39,"x":123,"pageNo":4},{"_id":"5db482771eb9df060809af18","itemId":"5ac8ce76c18e590fb91d4c36","flip":0,"rot":2,"z":6,"y":66,"x":10,"pageNo":4},{"_id":"5db482771eb9df060809af19","itemId":"5ac8ce76c18e590fb91d4c36","flip":0,"rot":2,"z":7,"y":67,"x":39,"pageNo":4},{"_id":"5db482771eb9df060809af1a","itemId":"5ac8ce76c18e590fb91d4c36","flip":0,"rot":1,"z":8,"y":38,"x":38,"pageNo":4},{"_id":"5db482771eb9df060809af1b","itemId":"5ac8ce76c18e590fb91d4c36","flip":0,"rot":3,"z":9,"y":9,"x":38,"pageNo":4},{"_id":"5db482771eb9df060809af1c","itemId":"5ac8ce76c18e590fb91d4c36","flip":0,"rot":2,"z":10,"y":9,"x":67,"pageNo":4},{"_id":"5db482771eb9df060809af1d","itemId":"5ac8ce76c18e590fb91d4c36","flip":0,"rot":2,"z":11,"y":67,"x":67,"pageNo":4},{"_id":"5db482771eb9df060809af1e","itemId":"5ac8ce76c18e590fb91d4c36","flip":0,"rot":3,"z":12,"y":68,"x":94,"pageNo":4},{"_id":"5db482771eb9df060809af1f","itemId":"5ac8ce76c18e590fb91d4c36","flip":0,"rot":1,"z":13,"y":68,"x":120,"pageNo":4},{"_id":"5db482771eb9df060809af20","itemId":"5ac8ce76c18e590fb91d4c36","flip":0,"rot":0,"z":14,"y":91,"x":13,"pageNo":4},{"_id":"5db482771eb9df060809af21","itemId":"5ac8ce76c18e590fb91d4c36","flip":0,"rot":1,"z":15,"y":99,"x":38,"pageNo":4},{"_id":"5db482771eb9df060809af22","itemId":"5ac8ce76c18e590fb91d4c36","flip":0,"rot":2,"z":16,"y":96,"x":96,"pageNo":4},{"_id":"5db482771eb9df060809af23","itemId":"5ac8ce76c18e590fb91d4c36","flip":0,"rot":2,"z":17,"y":96,"x":121,"pageNo":4},{"_id":"5db482771eb9df060809af24","itemId":"5ac8ce76c18e590fb91d4c36","flip":0,"rot":1,"z":18,"y":123,"x":11,"pageNo":4},{"_id":"5db482771eb9df060809af25","itemId":"5ac8ce76c18e590fb91d4c36","flip":0,"rot":2,"z":19,"y":123,"x":37,"pageNo":4},{"_id":"5db482771eb9df060809af26","itemId":"5ac8ce76c18e590fb91d4c36","flip":0,"rot":2,"z":20,"y":122,"x":66,"pageNo":4},{"_id":"5db482771eb9df060809af27","itemId":"5ac8ce76c18e590fb91d4c36","flip":0,"rot":3,"z":21,"y":123,"x":97,"pageNo":4},{"_id":"5db482771eb9df060809af28","itemId":"5ac8ce76c18e590fb91d4c36","flip":1,"rot":0,"z":22,"y":122,"x":123,"pageNo":4},{"_id":"5db482771eb9df060809af29","itemId":"5ac8ce76c18e590fb91d4c36","flip":0,"rot":2,"z":23,"y":97,"x":67,"pageNo":4},{"_id":"5db482771eb9df060809af2a","itemId":"5ac8ce76c18e590fb91d4c36","flip":0,"rot":2,"z":24,"y":9,"x":122,"pageNo":4},{"_id":"5db482771eb9df060809af2b","itemId":"5b7ae074fa05336dd1059adc","flip":0,"rot":0,"z":25,"y":12,"x":38,"pageNo":4},{"_id":"5db482771eb9df060809af2c","itemId":"58dc14feb3945f58149bfa0c","flip":0,"rot":0,"z":26,"y":11,"x":94,"pageNo":4},{"_id":"5db482771eb9df060809af2d","itemId":"5a39de9e9add358113cb6a2a","flip":0,"rot":0,"z":27,"y":40,"x":96,"pageNo":4},{"_id":"5db482771eb9df060809af2e","itemId":"5bb8ad9924191337279a1915","flip":0,"rot":0,"z":28,"y":64,"x":11,"pageNo":4},{"_id":"5db482771eb9df060809af2f","itemId":"596909cd15a507f00f78cfc9","flip":0,"rot":0,"z":29,"y":38,"x":67,"pageNo":4},{"_id":"5db482771eb9df060809af30","itemId":"5bbe987902b9d720c3ebad8d","flip":0,"rot":1,"z":30,"y":38,"x":123,"pageNo":4},{"_id":"5db482771eb9df060809af31","itemId":"5bc8f708117e5948fd29201b","flip":0,"rot":0,"z":31,"y":67,"x":39,"pageNo":4},{"_id":"5db482771eb9df060809af32","itemId":"5c38d032895fd06e30476aab","flip":0,"rot":0,"z":32,"y":69,"x":67,"pageNo":4},{"_id":"5db482771eb9df060809af33","itemId":"5affa5188db8c81b18653a19","flip":0,"rot":0,"z":33,"y":67,"x":95,"pageNo":4},{"_id":"5db482771eb9df060809af34","itemId":"5b9c2eb186eb3204864e85f3","flip":0,"rot":2,"z":34,"y":66,"x":123,"pageNo":4},{"_id":"5db482771eb9df060809af35","itemId":"5cd31bca95bd043ba2230664","flip":0,"rot":0,"z":35,"y":95,"x":38,"pageNo":4},{"_id":"5db482771eb9df060809af36","itemId":"5cb6464f67b0c36ef0cbe52c","flip":0,"rot":0,"z":36,"y":95,"x":10,"pageNo":4},{"_id":"5db482771eb9df060809af37","itemId":"5ca171b6946e411ab3e1f17a","flip":0,"rot":0,"z":37,"y":95,"x":95,"pageNo":4},{"_id":"5db482771eb9df060809af38","itemId":"5c7ee500be6a38052ed8ac6e","flip":0,"rot":0,"z":38,"y":95,"x":124,"pageNo":4},{"_id":"5db482771eb9df060809af39","itemId":"5d97a5d5e7e99e391f6e66b3","flip":0,"rot":0,"z":39,"y":105,"x":29,"pageNo":4},{"_id":"5db482771eb9df060809af3a","itemId":"5d97a857d3de4b278df2df83","flip":0,"rot":0,"z":40,"y":76,"x":48,"pageNo":4},{"_id":"5db482771eb9df060809af3b","itemId":"5d97a4c02c616105f7c994af","flip":0,"rot":0,"z":41,"y":48,"x":86,"pageNo":4},{"_id":"5db482771eb9df060809af3c","itemId":"5d97a6857187ab7fdfd5ad82","flip":0,"rot":0,"z":42,"y":86,"x":105,"pageNo":4},{"_id":"5db482771eb9df060809af3d","itemId":"5b998693337b533800dc9cf6","flip":0,"rot":0,"z":43,"y":29,"x":114,"pageNo":4},{"_id":"5db482771eb9df060809af3e","itemId":"591514093b3b05a7137f2078","flip":0,"rot":0,"z":44,"y":19,"x":76,"pageNo":4},{"_id":"5db482771eb9df060809af3f","itemId":"5d7ff91fb4823e05fb1d7397","flip":0,"rot":0,"z":45,"y":112,"x":50,"pageNo":4},{"_id":"5db482771eb9df060809af40","itemId":"5d98c475b4b0822781033adb","flip":0,"rot":0,"z":46,"y":21,"x":57,"pageNo":4},{"_id":"5db482771eb9df060809af41","itemId":"5d98c454b6cc263913857e99","flip":0,"rot":0,"z":47,"y":49,"x":111,"pageNo":4},{"_id":"5db482771eb9df060809af42","itemId":"5d98c4212e6f9d7fda60e757","flip":0,"rot":0,"z":48,"y":112,"x":87,"pageNo":4},{"_id":"5db482771eb9df060809af43","itemId":"5d98c449b6cc263913857e98","flip":0,"rot":0,"z":49,"y":86,"x":76,"pageNo":4},{"_id":"5db482771eb9df060809af44","itemId":"56226c5a21e52d465c74c239","flip":0,"rot":0,"z":50,"y":19,"x":19,"pageNo":4},{"_id":"5db482771eb9df060809af45","itemId":"53c9400f57ac5cc558ca32ef","flip":0,"rot":0,"z":51,"y":48,"x":19,"pageNo":4},{"_id":"5db482771eb9df060809af46","itemId":"5aad515dfa849b136dfaa868","flip":0,"rot":0,"z":52,"y":124,"x":124,"pageNo":4},{"_id":"5db482771eb9df060809af47","itemId":"5c7ef6c5be18c26b4444fa78","flip":0,"rot":0,"z":53,"y":124,"x":19,"pageNo":4},{"_id":"5db482771eb9df060809af48","itemId":"576761121ebdae2913cdaaf9","flip":0,"rot":0,"z":54,"y":48,"x":48,"pageNo":4},{"_id":"5db482771eb9df060809af49","itemId":"5b9cfef386eb3204864e8a16","flip":0,"rot":0,"z":55,"y":40,"x":36,"pageNo":4},{"_id":"5ec029b47f37cc05faf5a636","itemId":"5ac8cdfb2abbf213618456cf","flip":0,"rot":0,"z":0,"y":57,"x":48,"pageNo":1},{"_id":"5ec029b47f37cc05faf5a637","itemId":"5ac8cdd0c18e590fb91d4c35","flip":0,"rot":0,"z":1,"y":86,"x":67,"pageNo":1},{"_id":"5ec029b47f37cc05faf5a638","itemId":"5ac8ce76c18e590fb91d4c36","flip":0,"rot":0,"z":2,"y":35,"x":66,"pageNo":1},{"_id":"5ec029b47f37cc05faf5a639","itemId":"5ac8ce76c18e590fb91d4c36","flip":0,"rot":1,"z":3,"y":48,"x":95,"pageNo":1},{"_id":"5ec029b47f37cc05faf5a63a","itemId":"5ac8ce76c18e590fb91d4c36","flip":0,"rot":2,"z":4,"y":76,"x":104,"pageNo":1},{"_id":"5ec029b47f37cc05faf5a63b","itemId":"5ac8ce76c18e590fb91d4c36","flip":0,"rot":1,"z":5,"y":105,"x":95,"pageNo":1},{"_id":"5ec029b47f37cc05faf5a63c","itemId":"5ac8ce76c18e590fb91d4c36","flip":0,"rot":1,"z":6,"y":115,"x":66,"pageNo":1},{"_id":"5ec029b47f37cc05faf5a63d","itemId":"5ac8ce76c18e590fb91d4c36","flip":0,"rot":0,"z":7,"y":109,"x":39,"pageNo":1},{"_id":"5ec029b47f37cc05faf5a63e","itemId":"5ac8ce76c18e590fb91d4c36","flip":0,"rot":1,"z":8,"y":76,"x":26,"pageNo":1},{"_id":"5ec029b47f37cc05faf5a63f","itemId":"5ac8ce76c18e590fb91d4c36","flip":0,"rot":2,"z":9,"y":48,"x":40,"pageNo":1},{"_id":"5ec029b47f37cc05faf5a640","itemId":"5ac8d3b1b29d0e0fb2c65736","flip":0,"rot":0,"z":10,"y":132,"x":109,"pageNo":1},{"_id":"5ec029b47f37cc05faf5a641","itemId":"5ac922d1db4be8137cc7318e","flip":0,"rot":0,"z":11,"y":105,"x":133,"pageNo":1},{"_id":"5ec029b47f37cc05faf5a642","itemId":"5ac8d61b94c2c40fc625ebc1","flip":0,"rot":2,"z":12,"y":76,"x":105,"pageNo":1},{"_id":"5ec029b47f37cc05faf5a643","itemId":"59a22cfbf288897d137fcae5","flip":0,"rot":2,"z":13,"y":105,"x":95,"pageNo":1},{"_id":"5ec029b47f37cc05faf5a644","itemId":"54b4203d732ef08c161d318a","flip":0,"rot":2,"z":14,"y":114,"x":67,"pageNo":1},{"_id":"5ec029b47f37cc05faf5a645","itemId":"5b8209780f832076679ae854","flip":0,"rot":2,"z":15,"y":105,"x":38,"pageNo":1},{"_id":"5ec029b47f37cc05faf5a646","itemId":"5b8af8ddc909135397dae90c","flip":0,"rot":2,"z":16,"y":76,"x":29,"pageNo":1},{"_id":"5ec029b47f37cc05faf5a647","itemId":"5ac8cfe96fa1df0fbf3fc831","flip":0,"rot":0,"z":17,"y":124,"x":10,"pageNo":1},{"_id":"5ec029b47f37cc05faf5a648","itemId":"5ba6f468a0b29a66aff31726","flip":0,"rot":2,"z":18,"y":76,"x":67,"pageNo":1},{"_id":"5ec029b47f37cc05faf5a649","itemId":"5b8595f7e04d56648ea7a6dc","flip":0,"rot":2,"z":19,"y":47,"x":124,"pageNo":1},{"_id":"5ec029b47f37cc05faf5a64a","itemId":"5cad4c0165b4a33d8d033e4c","flip":0,"rot":0,"z":20,"y":48,"x":95,"pageNo":1},{"_id":"5ec029b47f37cc05faf5a64b","itemId":"5ac8ce76c18e590fb91d4c36","flip":0,"rot":0,"z":21,"y":10,"x":10,"pageNo":1},{"_id":"5ec029b47f37cc05faf5a64c","itemId":"5ac8d28be8fc760fbf0fd432","flip":0,"rot":0,"z":22,"y":10,"x":19,"pageNo":1},{"_id":"5ec029b47f37cc05faf5a64d","itemId":"5ac8d28be8fc760fbf0fd432","flip":0,"rot":0,"z":23,"y":10,"x":29,"pageNo":1},{"_id":"5ec029b47f37cc05faf5a64e","itemId":"5ac8d28be8fc760fbf0fd432","flip":0,"rot":0,"z":24,"y":10,"x":48,"pageNo":1},{"_id":"5ec029b47f37cc05faf5a64f","itemId":"5ac8d28be8fc760fbf0fd432","flip":0,"rot":0,"z":25,"y":10,"x":67,"pageNo":1},{"_id":"5ec029b47f37cc05faf5a650","itemId":"5ac8d28be8fc760fbf0fd432","flip":0,"rot":0,"z":26,"y":10,"x":86,"pageNo":1},{"_id":"5ec029b47f37cc05faf5a651","itemId":"5ac8ce76c18e590fb91d4c36","flip":0,"rot":0,"z":27,"y":10,"x":95,"pageNo":1},{"_id":"5ec029b47f37cc05faf5a652","itemId":"5ac8ce76c18e590fb91d4c36","flip":0,"rot":0,"z":28,"y":13,"x":121,"pageNo":1},{"_id":"5ec029b47f37cc05faf5a653","itemId":"5bba45451e3ce1055e8e5a87","flip":0,"rot":0,"z":29,"y":10,"x":48,"pageNo":1},{"_id":"5ec029b47f37cc05faf5a654","itemId":"5d99134b822e7305f6a23081","flip":0,"rot":0,"z":30,"y":11,"x":120,"pageNo":1},{"_id":"5ec029b47f37cc05faf5a655","itemId":"58992b0b4b0be2f40f257c24","flip":0,"rot":2,"z":31,"y":48,"x":38,"pageNo":1},{"_id":"5ec029b47f37cc05faf5a656","itemId":"5b9c5a66152dfb04746d12d6","flip":0,"rot":2,"z":32,"y":38,"x":67,"pageNo":1}]}