{"isCreator":false,"contents":[{"_id":"5ad37ba7f1676e0fb4f225d2","itemId":"5ad3718b64232d0fbcbd0390","flip":0,"rot":0,"z":0,"y":6,"x":10,"pageNo":0},{"_id":"5ad37ba7f1676e0fb4f225d3","itemId":"5ad37469a94dd0132a12b445","flip":0,"rot":0,"z":1,"y":10,"x":29,"pageNo":0},{"_id":"5ad37ba7f1676e0fb4f225d4","itemId":"5ad3748abeebdb0fbb8e4d77","flip":0,"rot":0,"z":2,"y":8,"x":48,"pageNo":0},{"_id":"5ad37ba7f1676e0fb4f225d5","itemId":"5ad374d149cc90124cba6e36","flip":0,"rot":0,"z":3,"y":14,"x":70,"pageNo":0},{"_id":"5ad37ba7f1676e0fb4f225d6","itemId":"5ad375103d6da80fc15fb6bc","flip":0,"rot":0,"z":4,"y":10,"x":105,"pageNo":0},{"_id":"5ad37ba7f1676e0fb4f225d7","itemId":"5ad3753791d0db124baae0f9","flip":0,"rot":0,"z":5,"y":10,"x":124,"pageNo":0},{"_id":"5ad37ba7f1676e0fb4f225d8","itemId":"5ad3754acc88461c461b48d4","flip":0,"rot":0,"z":6,"y":28,"x":32,"pageNo":0},{"_id":"5ad37ba7f1676e0fb4f225d9","itemId":"5ad3755fb6858a0fb3dedfc4","flip":0,"rot":0,"z":7,"y":26,"x":47,"pageNo":0},{"_id":"5ad37ba7f1676e0fb4f225da","itemId":"5ad37571cc44f11337623345","flip":0,"rot":0,"z":8,"y":26,"x":68,"pageNo":0},{"_id":"5ad37ba7f1676e0fb4f225db","itemId":"5ad3758569a3b31c401ecf52","flip":0,"rot":0,"z":9,"y":28,"x":85,"pageNo":0},{"_id":"5ad37ba7f1676e0fb4f225dc","itemId":"5ad375991c928f0fc8361f1f","flip":0,"rot":0,"z":10,"y":29,"x":105,"pageNo":0},{"_id":"5ad37ba7f1676e0fb4f225dd","itemId":"5ad375dab6858a0fb3dedfe1","flip":0,"rot":0,"z":11,"y":45,"x":48,"pageNo":0},{"_id":"5ad37ba7f1676e0fb4f225de","itemId":"5ad375edb6814d0fb6ddc0ce","flip":0,"rot":0,"z":12,"y":47,"x":69,"pageNo":0},{"_id":"5ad37ba7f1676e0fb4f225df","itemId":"5ad375fe3d6da80fc15fb6be","flip":0,"rot":0,"z":13,"y":49,"x":86,"pageNo":0},{"_id":"5ad37ba7f1676e0fb4f225e0","itemId":"5ad37612b6858a0fb3dedfe2","flip":0,"rot":0,"z":14,"y":48,"x":106,"pageNo":0},{"_id":"5ad37ba7f1676e0fb4f225e1","itemId":"5ad3762749cc90124cba6e42","flip":0,"rot":0,"z":15,"y":49,"x":125,"pageNo":0},{"_id":"5ad37ba7f1676e0fb4f225e2","itemId":"5ad373ba391feb133011fdfc","flip":0,"rot":0,"z":16,"y":66,"x":10,"pageNo":0},{"_id":"5ad37ba7f1676e0fb4f225e3","itemId":"5ad3763cc7967b0fb9d277a8","flip":0,"rot":0,"z":17,"y":64,"x":30,"pageNo":0},{"_id":"5ad37ba7f1676e0fb4f225e4","itemId":"5ad37654391feb133011fe04","flip":0,"rot":0,"z":18,"y":67,"x":49,"pageNo":0},{"_id":"5ad37ba7f1676e0fb4f225e5","itemId":"5ad37666315d7d0fbfb65dd4","flip":0,"rot":0,"z":19,"y":66,"x":69,"pageNo":0},{"_id":"5ad37ba7f1676e0fb4f225e6","itemId":"5ad37676cc88461c461b48db","flip":0,"rot":0,"z":20,"y":68,"x":87,"pageNo":0},{"_id":"5ad37ba7f1676e0fb4f225e7","itemId":"5ad37247c5dfea1c4c1d3628","flip":0,"rot":0,"z":21,"y":32,"x":11,"pageNo":0},{"_id":"5ad37ba7f1676e0fb4f225e8","itemId":"5ad375c6beebdb0fbb8e4d86","flip":0,"rot":0,"z":22,"y":48,"x":29,"pageNo":0},{"_id":"5ad37ba7f1676e0fb4f225e9","itemId":"5ad373209543431336ad0ec4","flip":0,"rot":0,"z":23,"y":45,"x":14,"pageNo":0},{"_id":"5ad37ba7f1676e0fb4f225ea","itemId":"5ad374f1d40cb30fbda356d7","flip":0,"rot":0,"z":24,"y":10,"x":86,"pageNo":0},{"_id":"5ad37ba7f1676e0fb4f225eb","itemId":"5ad375aca94dd0132a12b44e","flip":0,"rot":0,"z":25,"y":28,"x":125,"pageNo":0}]}