{"isCreator":false,"contents":[{"_id":"5b85a888317be4539eff1012","itemId":"59b57a29b36b8f50131246b6","flip":0,"rot":0,"z":0,"y":7,"x":8,"pageNo":0},{"_id":"5b85a888317be4539eff1013","itemId":"59b57ec7911acf02105c32c8","flip":0,"rot":0,"z":1,"y":4,"x":21,"pageNo":0},{"_id":"5b85a888317be4539eff1014","itemId":"59b580ab911acf02105c32d2","flip":0,"rot":0,"z":2,"y":6,"x":36,"pageNo":0},{"_id":"5b85a888317be4539eff1015","itemId":"59b5828ff204aba213aeb3ab","flip":0,"rot":0,"z":3,"y":6,"x":51,"pageNo":0},{"_id":"5b85a888317be4539eff1016","itemId":"59b58412d39ef879141fd6fb","flip":0,"rot":0,"z":4,"y":6,"x":58,"pageNo":0},{"_id":"5b85a888317be4539eff1017","itemId":"59b588c66b8ffdf80f1dbc2f","flip":0,"rot":0,"z":5,"y":4,"x":101,"pageNo":0},{"_id":"5b85a888317be4539eff1018","itemId":"59b58612d436d482132750c5","flip":0,"rot":0,"z":6,"y":7,"x":118,"pageNo":0},{"_id":"5b85a888317be4539eff1019","itemId":"59b58787370cfe8813afb3b4","flip":0,"rot":0,"z":7,"y":7,"x":133,"pageNo":0},{"_id":"5b85a888317be4539eff101a","itemId":"59b586ed911acf02105c330f","flip":0,"rot":0,"z":8,"y":22,"x":104,"pageNo":0},{"_id":"5b85a888317be4539eff101b","itemId":"59b588341ad5d095133c69a9","flip":0,"rot":0,"z":9,"y":23,"x":124,"pageNo":0},{"_id":"5b85a888317be4539eff101c","itemId":"5b7c92267390bc45e2309af1","flip":0,"rot":0,"z":10,"y":45,"x":5,"pageNo":0},{"_id":"5b85a888317be4539eff101d","itemId":"59b57f1f1f76145c1318bf33","flip":0,"rot":0,"z":11,"y":43,"x":22,"pageNo":0},{"_id":"5b85a888317be4539eff101e","itemId":"59b58232e5672df70fcfaebf","flip":0,"rot":0,"z":12,"y":43,"x":49,"pageNo":0},{"_id":"5b85a888317be4539eff101f","itemId":"59b580f01ad5d095133c6945","flip":0,"rot":0,"z":13,"y":45,"x":35,"pageNo":0},{"_id":"5b85a888317be4539eff1020","itemId":"59b583d0e5672df70fcfaec5","flip":0,"rot":0,"z":14,"y":36,"x":62,"pageNo":0},{"_id":"5b85a888317be4539eff1021","itemId":"59b58d56a5c212ec1349eb77","flip":0,"rot":0,"z":15,"y":72,"x":6,"pageNo":0},{"_id":"5b85a888317be4539eff1022","itemId":"59b589cdf204aba213aeb423","flip":0,"rot":0,"z":16,"y":78,"x":16,"pageNo":0},{"_id":"5b85a888317be4539eff1023","itemId":"59b58a3960a79afa0f4200c8","flip":0,"rot":0,"z":17,"y":77,"x":30,"pageNo":0},{"_id":"5b85a888317be4539eff1024","itemId":"59b58ad3cca8d0e013cb29d4","flip":0,"rot":0,"z":18,"y":80,"x":40,"pageNo":0},{"_id":"5b85a888317be4539eff1025","itemId":"59b58baf2b3237f20f72c6f6","flip":0,"rot":0,"z":19,"y":105,"x":4,"pageNo":0},{"_id":"5b85a888317be4539eff1026","itemId":"59b58c7633f329ed13b52bf7","flip":0,"rot":0,"z":20,"y":105,"x":21,"pageNo":0},{"_id":"5b85a888317be4539eff1027","itemId":"5b7c94a6a30b19765b2bf667","flip":0,"rot":0,"z":21,"y":9,"x":80,"pageNo":0},{"_id":"5b85a888317be4539eff1028","itemId":"5b7c94fc7be5fe7668ffb5d0","flip":0,"rot":0,"z":22,"y":38,"x":81,"pageNo":0},{"_id":"5b85a888317be4539eff1029","itemId":"5a3abf3c04cf74a7130f0dfb","flip":0,"rot":0,"z":23,"y":71,"x":91,"pageNo":0}]}