{"isCreator":false,"contents":[{"_id":"61a2af9b02d3074dfd56788a","itemId":"5ca90fa565b4a33d8d0325d9","flip":0,"rot":2,"z":0,"y":0,"x":76,"pageNo":2},{"_id":"61a2af9b02d3074dfd56788b","itemId":"5caa4e467d02bc3b9575c19b","flip":0,"rot":0,"z":1,"y":0,"x":0,"pageNo":2},{"_id":"61a2af9b02d3074dfd56788c","itemId":"5caa4a1810d8ec3d9a61691d","flip":0,"rot":0,"z":2,"y":0,"x":0,"pageNo":2},{"_id":"61a2af9b02d3074dfd56788d","itemId":"5ca90eccf864333d94283646","flip":0,"rot":0,"z":3,"y":-1,"x":-2,"pageNo":2},{"_id":"61a2af9b02d3074dfd56788e","itemId":"5ca96985840dc605316792b1","flip":0,"rot":0,"z":4,"y":135,"x":-3,"pageNo":2},{"_id":"61a2af9b02d3074dfd56788f","itemId":"5ca923a097e2ab0532273d7e","flip":0,"rot":0,"z":5,"y":134,"x":0,"pageNo":2},{"_id":"61a2af9b02d3074dfd567890","itemId":"5ca9214665b4a33d8d03270f","flip":0,"rot":0,"z":6,"y":135,"x":-1,"pageNo":2},{"_id":"61a2af9b02d3074dfd567891","itemId":"5caa4b5f1b35cf6eea60bf86","flip":0,"rot":0,"z":7,"y":1,"x":1,"pageNo":2},{"_id":"61a2af9b02d3074dfd567892","itemId":"5b6c98d3b980cc0d21d15ad8","flip":0,"rot":0,"z":8,"y":33,"x":12,"pageNo":2},{"_id":"61a2af9b02d3074dfd567893","itemId":"5f6ffcfdcfa8de34924c458c","flip":0,"rot":0,"z":9,"y":52,"x":7,"pageNo":2},{"_id":"61a2af9b02d3074dfd567894","itemId":"5f777278df66e82a28e73a84","flip":0,"rot":0,"z":10,"y":50,"x":33,"pageNo":2},{"_id":"61a2af9b02d3074dfd567895","itemId":"5cf069dfd56fc406073abaa9","flip":0,"rot":0,"z":11,"y":65,"x":10,"pageNo":2},{"_id":"61a2af9b02d3074dfd567896","itemId":"5d9cf2f233ba5d7fce53173e","flip":0,"rot":0,"z":12,"y":64,"x":28,"pageNo":2},{"_id":"61a2af9b02d3074dfd567897","itemId":"6052c7310aa4a8161f77b581","flip":0,"rot":0,"z":13,"y":85,"x":24,"pageNo":2},{"_id":"61a2af9b02d3074dfd567898","itemId":"609a0a251c5977052ba3f4d7","flip":0,"rot":0,"z":14,"y":108,"x":26,"pageNo":2},{"_id":"61a2af9b02d3074dfd567899","itemId":"5d765ed8e7e99e391f6de298","flip":0,"rot":0,"z":15,"y":108,"x":9,"pageNo":2},{"_id":"61a2af9b02d3074dfd56789a","itemId":"60615a2ba234d20528ecc69e","flip":0,"rot":0,"z":16,"y":85,"x":9,"pageNo":2},{"_id":"61a2af9b02d3074dfd56789b","itemId":"5caa4b5f1b35cf6eea60bf86","flip":0,"rot":0,"z":17,"y":126,"x":-1,"pageNo":2},{"_id":"61a2af9b02d3074dfd56789c","itemId":"5ca90fa565b4a33d8d0325d9","flip":0,"rot":0,"z":18,"y":134,"x":75,"pageNo":2},{"_id":"61a2af9b02d3074dfd56789d","itemId":"613429dad9e4121c55fbffdb","flip":0,"rot":0,"z":19,"y":10,"x":11,"pageNo":2},{"_id":"61a2af9b02d3074dfd56789e","itemId":"5ea339eacc05ca05fb1f05ed","flip":0,"rot":0,"z":20,"y":27,"x":27,"pageNo":2},{"_id":"61a2af9b02d3074dfd56789f","itemId":"61a2af8e9264ff05b9f5a1ba","flip":0,"rot":0,"z":21,"y":12,"x":29,"pageNo":2},{"_id":"62096ee4b1de041c195d0e66","itemId":"5caa4b5f1b35cf6eea60bf86","flip":0,"rot":0,"z":0,"y":1,"x":4,"pageNo":3},{"_id":"62096ee4b1de041c195d0e67","itemId":"5caa4e467d02bc3b9575c19b","flip":0,"rot":0,"z":1,"y":0,"x":-2,"pageNo":3},{"_id":"62096ee4b1de041c195d0e68","itemId":"5caa4a1810d8ec3d9a61691d","flip":0,"rot":0,"z":2,"y":4,"x":4,"pageNo":3},{"_id":"62096ee4b1de041c195d0e69","itemId":"5ca90eccf864333d94283646","flip":0,"rot":0,"z":3,"y":0,"x":0,"pageNo":3},{"_id":"62096ee4b1de041c195d0e6a","itemId":"5ca96985840dc605316792b1","flip":0,"rot":0,"z":4,"y":133,"x":0,"pageNo":3},{"_id":"62096ee4b1de041c195d0e6b","itemId":"5ca923a097e2ab0532273d7e","flip":0,"rot":0,"z":5,"y":133,"x":0,"pageNo":3},{"_id":"62096ee4b1de041c195d0e6c","itemId":"5ca9214665b4a33d8d03270f","flip":0,"rot":0,"z":6,"y":133,"x":0,"pageNo":3},{"_id":"62096ee4b1de041c195d0e6d","itemId":"5ca90c9bff3e2f3b9be6f924","flip":0,"rot":0,"z":7,"y":136,"x":76,"pageNo":3},{"_id":"62096ee4b1de041c195d0e6e","itemId":"5ca946b8ff3e2f3b9be6fb41","flip":0,"rot":0,"z":8,"y":135,"x":77,"pageNo":3},{"_id":"62096ee4b1de041c195d0e6f","itemId":"5ca90fa565b4a33d8d0325d9","flip":0,"rot":2,"z":9,"y":0,"x":76,"pageNo":3},{"_id":"62096ee4b1de041c195d0e70","itemId":"61182fe896fc0013fedfd78c","flip":0,"rot":0,"z":10,"y":13,"x":29,"pageNo":3},{"_id":"62096ee4b1de041c195d0e71","itemId":"60ae7ee766b2fc080c2aaa9e","flip":0,"rot":0,"z":11,"y":29,"x":9,"pageNo":3},{"_id":"62096ee4b1de041c195d0e72","itemId":"61182fd518beac050a9e9453","flip":0,"rot":0,"z":12,"y":29,"x":28,"pageNo":3},{"_id":"62096ee4b1de041c195d0e73","itemId":"61185bb4457317201053a56a","flip":0,"rot":0,"z":13,"y":9,"x":10,"pageNo":3},{"_id":"62096ee4b1de041c195d0e74","itemId":"5fff1cbdaf4d47052a76d21b","flip":0,"rot":0,"z":14,"y":50,"x":12,"pageNo":3},{"_id":"62096ee4b1de041c195d0e75","itemId":"62096e5cdbd1e505b187ba57","flip":0,"rot":0,"z":15,"y":49,"x":27,"pageNo":3},{"_id":"62096f95b1de041c195d0e77","itemId":"5caa4e467d02bc3b9575c19b","flip":0,"rot":0,"z":0,"y":1,"x":1,"pageNo":1},{"_id":"62096f95b1de041c195d0e78","itemId":"5caa4a1810d8ec3d9a61691d","flip":0,"rot":0,"z":1,"y":0,"x":0,"pageNo":1},{"_id":"62096f95b1de041c195d0e79","itemId":"5ca96985840dc605316792b1","flip":0,"rot":0,"z":2,"y":133,"x":0,"pageNo":1},{"_id":"62096f95b1de041c195d0e7a","itemId":"5ca90eccf864333d94283646","flip":0,"rot":0,"z":3,"y":1,"x":-1,"pageNo":1},{"_id":"62096f95b1de041c195d0e7b","itemId":"5ca923a097e2ab0532273d7e","flip":0,"rot":0,"z":4,"y":133,"x":1,"pageNo":1},{"_id":"62096f95b1de041c195d0e7c","itemId":"5ca9214665b4a33d8d03270f","flip":0,"rot":0,"z":5,"y":133,"x":-2,"pageNo":1},{"_id":"62096f95b1de041c195d0e7d","itemId":"5ca90fa565b4a33d8d0325d9","flip":0,"rot":2,"z":6,"y":0,"x":75,"pageNo":1},{"_id":"62096f95b1de041c195d0e7e","itemId":"5ca90fa565b4a33d8d0325d9","flip":0,"rot":0,"z":7,"y":135,"x":76,"pageNo":1},{"_id":"62096f95b1de041c195d0e7f","itemId":"5caa4b5810d8ec3d9a616946","flip":0,"rot":0,"z":8,"y":3,"x":0,"pageNo":1},{"_id":"62096f95b1de041c195d0e80","itemId":"5caa4b5f1b35cf6eea60bf86","flip":0,"rot":0,"z":9,"y":124,"x":0,"pageNo":1},{"_id":"62096f95b1de041c195d0e81","itemId":"5caacb0795bd043ba22241cd","flip":0,"rot":0,"z":10,"y":95,"x":29,"pageNo":1},{"_id":"62096f95b1de041c195d0e82","itemId":"577329688441e1830fb9045c","flip":0,"rot":0,"z":11,"y":76,"x":10,"pageNo":1},{"_id":"62096f95b1de041c195d0e83","itemId":"5ca97a1a946e411ab3e21561","flip":0,"rot":0,"z":12,"y":76,"x":29,"pageNo":1},{"_id":"62096f95b1de041c195d0e84","itemId":"57a0060261f3627d0f1cfe1b","flip":0,"rot":0,"z":13,"y":95,"x":10,"pageNo":1},{"_id":"62096f95b1de041c195d0e85","itemId":"5caa4b5f1b35cf6eea60bf86","flip":0,"rot":0,"z":14,"y":66,"x":0,"pageNo":1},{"_id":"62096f95b1de041c195d0e86","itemId":"5ccb67cb65b4a33d8d03dbb9","flip":0,"rot":0,"z":15,"y":47,"x":10,"pageNo":1},{"_id":"62096f95b1de041c195d0e87","itemId":"5d3e13d49ec07d0600b7ed4b","flip":0,"rot":0,"z":16,"y":47,"x":29,"pageNo":1},{"_id":"62096f95b1de041c195d0e88","itemId":"5ca979d24f8de8053ee53671","flip":0,"rot":0,"z":17,"y":28,"x":29,"pageNo":1},{"_id":"62096f95b1de041c195d0e89","itemId":"5b2747806b59656e2a8e30d8","flip":0,"rot":0,"z":18,"y":28,"x":10,"pageNo":1},{"_id":"62096f95b1de041c195d0e8a","itemId":"5ca979bc4726d23ba121ed7b","flip":0,"rot":0,"z":19,"y":13,"x":27,"pageNo":1},{"_id":"62096f95b1de041c195d0e8b","itemId":"5ed89e6b48f9eb34198beb2f","flip":0,"rot":0,"z":20,"y":14,"x":9,"pageNo":1},{"_id":"62096fbf338a1a05b98c8534","itemId":"5caa4b4a6433e6053114f5ab","flip":0,"rot":0,"z":0,"y":1,"x":-1,"pageNo":0},{"_id":"62096fbf338a1a05b98c8535","itemId":"5ca923a097e2ab0532273d7e","flip":0,"rot":0,"z":1,"y":133,"x":0,"pageNo":0},{"_id":"62096fbf338a1a05b98c8536","itemId":"5ca9214665b4a33d8d03270f","flip":0,"rot":0,"z":2,"y":134,"x":-1,"pageNo":0},{"_id":"62096fbf338a1a05b98c8537","itemId":"5ca90eccf864333d94283646","flip":0,"rot":0,"z":3,"y":-2,"x":-3,"pageNo":0},{"_id":"62096fbf338a1a05b98c8538","itemId":"5caa4a1810d8ec3d9a61691d","flip":0,"rot":0,"z":4,"y":-2,"x":-1,"pageNo":0},{"_id":"62096fbf338a1a05b98c8539","itemId":"5caa4e467d02bc3b9575c19b","flip":0,"rot":0,"z":5,"y":2,"x":-1,"pageNo":0},{"_id":"62096fbf338a1a05b98c853a","itemId":"5b5a71905bc0130704ef5294","flip":0,"rot":0,"z":6,"y":10,"x":10,"pageNo":0},{"_id":"62096fbf338a1a05b98c853b","itemId":"5ca9798a0d7deb6ee31ce87a","flip":0,"rot":0,"z":7,"y":10,"x":29,"pageNo":0},{"_id":"62096fbf338a1a05b98c853c","itemId":"5ca96985840dc605316792b1","flip":0,"rot":0,"z":8,"y":133,"x":0,"pageNo":0},{"_id":"62096fbf338a1a05b98c853d","itemId":"5ca90fa565b4a33d8d0325d9","flip":0,"rot":0,"z":9,"y":133,"x":76,"pageNo":0},{"_id":"62096fbf338a1a05b98c853e","itemId":"5c5cb8b7833a956d955e04ac","flip":0,"rot":0,"z":10,"y":33,"x":9,"pageNo":0},{"_id":"62096fbf338a1a05b98c853f","itemId":"5d3c6c9ad217972b22bbe471","flip":0,"rot":0,"z":11,"y":33,"x":24,"pageNo":0},{"_id":"62096fbf338a1a05b98c8540","itemId":"5caa4b5810d8ec3d9a616946","flip":0,"rot":0,"z":12,"y":124,"x":0,"pageNo":0},{"_id":"62096fbf338a1a05b98c8541","itemId":"5caa4b5195bd043ba2223ecf","flip":0,"rot":0,"z":13,"y":114,"x":0,"pageNo":0},{"_id":"62096fbf338a1a05b98c8542","itemId":"5f90beb4df66e82a28e7be7e","flip":0,"rot":0,"z":14,"y":85,"x":29,"pageNo":0},{"_id":"62096fbf338a1a05b98c8543","itemId":"5f7fcc99bd296f3fadbc1d27","flip":0,"rot":0,"z":15,"y":85,"x":10,"pageNo":0},{"_id":"62096fbf338a1a05b98c8544","itemId":"5f777335bd296f3fadbbea6a","flip":0,"rot":0,"z":16,"y":66,"x":29,"pageNo":0},{"_id":"62096fbf338a1a05b98c8545","itemId":"61ca1faf86a91f78521fdae0","flip":0,"rot":0,"z":17,"y":47,"x":10,"pageNo":0},{"_id":"62096fbf338a1a05b98c8546","itemId":"5c15762502efb16f42bbabd7","flip":0,"rot":0,"z":18,"y":66,"x":10,"pageNo":0},{"_id":"62096fbf338a1a05b98c8547","itemId":"62096e917adba605b7ab7a1e","flip":0,"rot":0,"z":19,"y":47,"x":29,"pageNo":0}]}