{"isCreator":false,"contents":[{"_id":"6052c9bcc007ff5581d7ed0c","itemId":"5caa4b660d7deb6ee31ced1c","flip":0,"rot":0,"z":0,"y":3,"x":-1,"pageNo":0},{"_id":"6052c9bcc007ff5581d7ed0d","itemId":"572777b5d74db42c1389babe","flip":0,"rot":0,"z":1,"y":10,"x":10,"pageNo":0},{"_id":"6052c9bcc007ff5581d7ed0e","itemId":"5ca97b6b4726d23ba121ed91","flip":0,"rot":0,"z":2,"y":10,"x":29,"pageNo":0},{"_id":"6052c9bcc007ff5581d7ed0f","itemId":"5ca923a097e2ab0532273d7e","flip":0,"rot":0,"z":3,"y":135,"x":2,"pageNo":0},{"_id":"6052c9bcc007ff5581d7ed10","itemId":"5ca9214665b4a33d8d03270f","flip":0,"rot":0,"z":4,"y":136,"x":-2,"pageNo":0},{"_id":"6052c9bcc007ff5581d7ed11","itemId":"5ca96985840dc605316792b1","flip":0,"rot":0,"z":5,"y":137,"x":-2,"pageNo":0},{"_id":"6052c9bcc007ff5581d7ed12","itemId":"5caa4a1810d8ec3d9a61691d","flip":0,"rot":0,"z":6,"y":-3,"x":-1,"pageNo":0},{"_id":"6052c9bcc007ff5581d7ed13","itemId":"5ca90eccf864333d94283646","flip":0,"rot":0,"z":7,"y":0,"x":0,"pageNo":0},{"_id":"6052c9bcc007ff5581d7ed14","itemId":"5caa500f7d02bc3b9575c1c9","flip":0,"rot":0,"z":8,"y":2,"x":2,"pageNo":0},{"_id":"6052c9bcc007ff5581d7ed15","itemId":"5ca97b6f4726d23ba121ed92","flip":0,"rot":0,"z":9,"y":27,"x":31,"pageNo":0},{"_id":"6052c9bcc007ff5581d7ed16","itemId":"5cad09e67b87131aba0d6c78","flip":0,"rot":0,"z":10,"y":50,"x":9,"pageNo":0},{"_id":"6052c9bcc007ff5581d7ed17","itemId":"5cad1c7cf02c571aad648525","flip":0,"rot":0,"z":11,"y":50,"x":32,"pageNo":0},{"_id":"6052c9bcc007ff5581d7ed18","itemId":"5a5fb73f9f560a4113361d99","flip":0,"rot":0,"z":12,"y":32,"x":11,"pageNo":0},{"_id":"6052c9bcc007ff5581d7ed19","itemId":"5cc7a9811b35cf6eea615cdc","flip":0,"rot":0,"z":13,"y":65,"x":25,"pageNo":0},{"_id":"6052c9bcc007ff5581d7ed1a","itemId":"5ca90fa565b4a33d8d0325d9","flip":0,"rot":0,"z":14,"y":133,"x":75,"pageNo":0},{"_id":"6052c9bcc007ff5581d7ed1b","itemId":"5cee0cf36025c1060b9f5c2c","flip":0,"rot":0,"z":15,"y":81,"x":26,"pageNo":0},{"_id":"6052c9bcc007ff5581d7ed1c","itemId":"5ced159d5ae26e528ef8da51","flip":0,"rot":0,"z":16,"y":87,"x":6,"pageNo":0},{"_id":"6052c9bcc007ff5581d7ed1d","itemId":"5d1728c6648ff205eb88058b","flip":0,"rot":0,"z":17,"y":66,"x":12,"pageNo":0},{"_id":"6052c9bcc007ff5581d7ed1e","itemId":"5bb003ee3be1496482696375","flip":0,"rot":0,"z":18,"y":101,"x":10,"pageNo":0},{"_id":"6052c9bcc007ff5581d7ed1f","itemId":"5ebb2e4f895a905f9bc79264","flip":0,"rot":0,"z":19,"y":105,"x":31,"pageNo":0},{"_id":"623627fb20c16a1c20818f0a","itemId":"5ca90fa565b4a33d8d0325d9","flip":0,"rot":2,"z":0,"y":2,"x":75,"pageNo":1},{"_id":"623627fb20c16a1c20818f0b","itemId":"5ca90c9bff3e2f3b9be6f924","flip":0,"rot":0,"z":1,"y":132,"x":74,"pageNo":1},{"_id":"623627fb20c16a1c20818f0c","itemId":"5ca946b8ff3e2f3b9be6fb41","flip":0,"rot":0,"z":2,"y":131,"x":76,"pageNo":1},{"_id":"623627fb20c16a1c20818f0d","itemId":"5ca9214665b4a33d8d03270f","flip":0,"rot":0,"z":3,"y":134,"x":1,"pageNo":1},{"_id":"623627fb20c16a1c20818f0e","itemId":"5ca96985840dc605316792b1","flip":0,"rot":0,"z":4,"y":134,"x":-1,"pageNo":1},{"_id":"623627fb20c16a1c20818f0f","itemId":"5ca923a097e2ab0532273d7e","flip":0,"rot":0,"z":5,"y":131,"x":0,"pageNo":1},{"_id":"623627fb20c16a1c20818f10","itemId":"5c131cad22423c6f48c918e1","flip":0,"rot":0,"z":6,"y":76,"x":10,"pageNo":1},{"_id":"623627fb20c16a1c20818f11","itemId":"5caa4b7a65b4a33d8d032e90","flip":0,"rot":0,"z":7,"y":66,"x":0,"pageNo":1},{"_id":"623627fb20c16a1c20818f12","itemId":"5caa4b6d7b87131aba0d5dad","flip":0,"rot":0,"z":8,"y":38,"x":0,"pageNo":1},{"_id":"623627fb20c16a1c20818f13","itemId":"5c73602f9038432a826ff7c4","flip":0,"rot":0,"z":9,"y":47,"x":10,"pageNo":1},{"_id":"623627fb20c16a1c20818f14","itemId":"5ca97ba528ac3e0532b459b9","flip":0,"rot":0,"z":10,"y":47,"x":29,"pageNo":1},{"_id":"623627fb20c16a1c20818f15","itemId":"5caa500f7d02bc3b9575c1c9","flip":0,"rot":0,"z":11,"y":0,"x":0,"pageNo":1},{"_id":"623627fb20c16a1c20818f16","itemId":"5caa4a1810d8ec3d9a61691d","flip":0,"rot":0,"z":12,"y":1,"x":0,"pageNo":1},{"_id":"623627fb20c16a1c20818f17","itemId":"5ca90eccf864333d94283646","flip":0,"rot":0,"z":13,"y":1,"x":4,"pageNo":1},{"_id":"623627fb20c16a1c20818f18","itemId":"6052c81e11db0354ffd081ef","flip":0,"rot":0,"z":14,"y":9,"x":29,"pageNo":1},{"_id":"623627fb20c16a1c20818f19","itemId":"5ca97bbf4f8de8053ee53676","flip":0,"rot":0,"z":15,"y":76,"x":29,"pageNo":1},{"_id":"623627fb20c16a1c20818f1a","itemId":"5deb028a0594b85b9adfd711","flip":0,"rot":0,"z":16,"y":95,"x":29,"pageNo":1},{"_id":"623627fb20c16a1c20818f1b","itemId":"5caa4b660d7deb6ee31ced1c","flip":0,"rot":0,"z":17,"y":0,"x":0,"pageNo":1},{"_id":"623627fb20c16a1c20818f1c","itemId":"600ede44dde6a70588638a85","flip":0,"rot":0,"z":18,"y":95,"x":9,"pageNo":1},{"_id":"623627fb20c16a1c20818f1d","itemId":"622f10c62ebf981f5c98d5de","flip":0,"rot":0,"z":19,"y":13,"x":11,"pageNo":1}]}