{"isCreator":false,"contents":[{"_id":"6118307c553bd82011ccc047","itemId":"5caa4a5a1b35cf6eea60bf6d","flip":0,"rot":0,"z":0,"y":-4,"x":1,"pageNo":1},{"_id":"6118307c553bd82011ccc048","itemId":"5caa4a1810d8ec3d9a61691d","flip":0,"rot":0,"z":1,"y":-1,"x":1,"pageNo":1},{"_id":"6118307c553bd82011ccc049","itemId":"5ca90eccf864333d94283646","flip":0,"rot":0,"z":2,"y":0,"x":-2,"pageNo":1},{"_id":"6118307c553bd82011ccc04a","itemId":"5ca96985840dc605316792b1","flip":0,"rot":0,"z":3,"y":133,"x":-2,"pageNo":1},{"_id":"6118307c553bd82011ccc04b","itemId":"5ca90fa565b4a33d8d0325d9","flip":0,"rot":2,"z":4,"y":3,"x":77,"pageNo":1},{"_id":"6118307c553bd82011ccc04c","itemId":"5d588a879a757407066ff898","flip":0,"rot":0,"z":5,"y":9,"x":13,"pageNo":1},{"_id":"6118307c553bd82011ccc04d","itemId":"5caa4acaff3e2f3b9be70058","flip":0,"rot":0,"z":6,"y":1,"x":2,"pageNo":1},{"_id":"6118307c553bd82011ccc04e","itemId":"5d58956bd794ae15e73d5447","flip":0,"rot":0,"z":7,"y":14,"x":25,"pageNo":1},{"_id":"6118307c553bd82011ccc04f","itemId":"5cc0d05247cbb5053f7d57c6","flip":0,"rot":0,"z":8,"y":31,"x":13,"pageNo":1},{"_id":"6118307c553bd82011ccc050","itemId":"6052c840b96ec15490efb1e0","flip":0,"rot":0,"z":9,"y":28,"x":26,"pageNo":1},{"_id":"6118307c553bd82011ccc051","itemId":"5ca9214665b4a33d8d03270f","flip":0,"rot":0,"z":10,"y":133,"x":0,"pageNo":1},{"_id":"6118307c553bd82011ccc052","itemId":"5ca923a097e2ab0532273d7e","flip":0,"rot":0,"z":11,"y":133,"x":0,"pageNo":1},{"_id":"6118307c553bd82011ccc053","itemId":"5caa4adb5441f1053837db58","flip":0,"rot":0,"z":12,"y":119,"x":1,"pageNo":1},{"_id":"6118307c553bd82011ccc054","itemId":"5ca90fa565b4a33d8d0325d9","flip":0,"rot":0,"z":13,"y":136,"x":78,"pageNo":1},{"_id":"6118307c553bd82011ccc055","itemId":"5c8d7bc97ad15c1f8221c10f","flip":0,"rot":0,"z":14,"y":52,"x":12,"pageNo":1},{"_id":"6118307c553bd82011ccc056","itemId":"5ca9641b7afd5e0537305da6","flip":0,"rot":0,"z":15,"y":49,"x":28,"pageNo":1},{"_id":"6118307c553bd82011ccc057","itemId":"5d4de07d8f568b759f5a48ad","flip":0,"rot":0,"z":16,"y":67,"x":10,"pageNo":1},{"_id":"6118307c553bd82011ccc058","itemId":"5d5191cd376a5215dafd3ddc","flip":0,"rot":0,"z":17,"y":65,"x":26,"pageNo":1},{"_id":"6118307c553bd82011ccc059","itemId":"61183030553bd82011ccc046","flip":0,"rot":0,"z":18,"y":90,"x":29,"pageNo":1},{"_id":"6118307c553bd82011ccc05a","itemId":"5e00f754ff72b62a3d11cdd8","flip":0,"rot":0,"z":19,"y":86,"x":9,"pageNo":1},{"_id":"611830d596fc0013fedfd7b2","itemId":"5ca96985840dc605316792b1","flip":0,"rot":0,"z":0,"y":134,"x":-4,"pageNo":2},{"_id":"611830d596fc0013fedfd7b3","itemId":"5caa4a5a1b35cf6eea60bf6d","flip":0,"rot":0,"z":1,"y":1,"x":-3,"pageNo":2},{"_id":"611830d596fc0013fedfd7b4","itemId":"5caa4a1810d8ec3d9a61691d","flip":0,"rot":0,"z":2,"y":-1,"x":-1,"pageNo":2},{"_id":"611830d596fc0013fedfd7b5","itemId":"5ca90eccf864333d94283646","flip":0,"rot":0,"z":3,"y":3,"x":0,"pageNo":2},{"_id":"611830d596fc0013fedfd7b6","itemId":"5caa4adb5441f1053837db58","flip":0,"rot":0,"z":4,"y":0,"x":2,"pageNo":2},{"_id":"611830d596fc0013fedfd7b7","itemId":"5ca9214665b4a33d8d03270f","flip":0,"rot":0,"z":5,"y":137,"x":1,"pageNo":2},{"_id":"611830d596fc0013fedfd7b8","itemId":"5ca90fa565b4a33d8d0325d9","flip":0,"rot":2,"z":6,"y":4,"x":75,"pageNo":2},{"_id":"611830d596fc0013fedfd7b9","itemId":"5ca90c9bff3e2f3b9be6f924","flip":0,"rot":0,"z":7,"y":131,"x":76,"pageNo":2},{"_id":"611830d596fc0013fedfd7ba","itemId":"5ca946b8ff3e2f3b9be6fb41","flip":0,"rot":0,"z":8,"y":129,"x":78,"pageNo":2},{"_id":"611830d596fc0013fedfd7bb","itemId":"5ca923a097e2ab0532273d7e","flip":0,"rot":0,"z":9,"y":133,"x":0,"pageNo":2},{"_id":"611830d596fc0013fedfd7bc","itemId":"601f09c22e19076f2fd86c91","flip":0,"rot":0,"z":10,"y":48,"x":9,"pageNo":2},{"_id":"611830d596fc0013fedfd7bd","itemId":"5c440924331e64316646081d","flip":0,"rot":0,"z":11,"y":29,"x":9,"pageNo":2},{"_id":"611830d596fc0013fedfd7be","itemId":"5fde82d66da8e66d982c22d2","flip":0,"rot":0,"z":12,"y":67,"x":9,"pageNo":2},{"_id":"611830d596fc0013fedfd7bf","itemId":"606621b57ad72f3a4dc41d7b","flip":0,"rot":0,"z":13,"y":86,"x":9,"pageNo":2},{"_id":"611830d596fc0013fedfd7c0","itemId":"6052c7bbbb2b5d547e4065d4","flip":0,"rot":0,"z":14,"y":67,"x":28,"pageNo":2},{"_id":"611830d596fc0013fedfd7c1","itemId":"6052c7f09ae0aa16190a304b","flip":0,"rot":0,"z":15,"y":48,"x":28,"pageNo":2},{"_id":"611830d596fc0013fedfd7c2","itemId":"5d1ac3b5b8c85506063e3151","flip":0,"rot":0,"z":16,"y":29,"x":28,"pageNo":2},{"_id":"611830d596fc0013fedfd7c3","itemId":"607a588df9fa7f1947ffd5f4","flip":0,"rot":0,"z":17,"y":86,"x":28,"pageNo":2},{"_id":"611830d596fc0013fedfd7c4","itemId":"57e13e9ecac259a60fdba8de","flip":0,"rot":0,"z":18,"y":10,"x":5,"pageNo":2},{"_id":"611830d596fc0013fedfd7c5","itemId":"5ca96465c11daa053f12f5a4","flip":0,"rot":0,"z":19,"y":10,"x":30,"pageNo":2},{"_id":"611830d596fc0013fedfd7c6","itemId":"611830cba14d99140e8fc910","flip":0,"rot":0,"z":20,"y":109,"x":32,"pageNo":2},{"_id":"611830d596fc0013fedfd7c7","itemId":"5fd9261cde9c38289c63f8fc","flip":0,"rot":0,"z":21,"y":105,"x":9,"pageNo":2},{"_id":"6333a7f6f8e0984816262047","itemId":"5ca9214665b4a33d8d03270f","flip":0,"rot":0,"z":0,"y":135,"x":1,"pageNo":0},{"_id":"6333a7f6f8e0984816262048","itemId":"5ca923a097e2ab0532273d7e","flip":0,"rot":0,"z":1,"y":133,"x":0,"pageNo":0},{"_id":"6333a7f6f8e0984816262049","itemId":"5ca96985840dc605316792b1","flip":0,"rot":0,"z":2,"y":136,"x":1,"pageNo":0},{"_id":"6333a7f6f8e098481626204a","itemId":"5caa4a8ff02c571aad6477f4","flip":0,"rot":0,"z":3,"y":2,"x":1,"pageNo":0},{"_id":"6333a7f6f8e098481626204b","itemId":"5b33fb8ca1c3dc1071d9fdb7","flip":0,"rot":0,"z":4,"y":10,"x":10,"pageNo":0},{"_id":"6333a7f6f8e098481626204c","itemId":"5ca963de7afd5e0537305da3","flip":0,"rot":0,"z":5,"y":10,"x":29,"pageNo":0},{"_id":"6333a7f6f8e098481626204d","itemId":"5b933908399fe3778e45be4d","flip":0,"rot":0,"z":6,"y":29,"x":10,"pageNo":0},{"_id":"6333a7f6f8e098481626204e","itemId":"5caa4a5a1b35cf6eea60bf6d","flip":0,"rot":0,"z":7,"y":-2,"x":-3,"pageNo":0},{"_id":"6333a7f6f8e098481626204f","itemId":"5caa4a1810d8ec3d9a61691d","flip":0,"rot":0,"z":8,"y":0,"x":-1,"pageNo":0},{"_id":"6333a7f6f8e0984816262050","itemId":"5ca90eccf864333d94283646","flip":0,"rot":0,"z":9,"y":2,"x":-2,"pageNo":0},{"_id":"6333a7f6f8e0984816262051","itemId":"5ca90fa565b4a33d8d0325d9","flip":0,"rot":0,"z":10,"y":136,"x":76,"pageNo":0},{"_id":"6333a7f6f8e0984816262052","itemId":"5e975fd61f5be631b38af34d","flip":0,"rot":0,"z":11,"y":47,"x":10,"pageNo":0},{"_id":"6333a7f6f8e0984816262053","itemId":"5caa4acaff3e2f3b9be70058","flip":0,"rot":0,"z":12,"y":124,"x":0,"pageNo":0},{"_id":"6333a7f6f8e0984816262054","itemId":"605bd3a3c916420528717366","flip":0,"rot":0,"z":13,"y":69,"x":11,"pageNo":0},{"_id":"6333a7f6f8e0984816262055","itemId":"607a5750e3deed2597a88566","flip":0,"rot":0,"z":14,"y":65,"x":25,"pageNo":0},{"_id":"6333a7f6f8e0984816262056","itemId":"60d51f0d5dabfc1f102399e9","flip":0,"rot":0,"z":15,"y":86,"x":29,"pageNo":0},{"_id":"6333a7f6f8e0984816262057","itemId":"61cf34b4ad731c7853929951","flip":0,"rot":0,"z":16,"y":85,"x":10,"pageNo":0},{"_id":"6333a7f6f8e0984816262058","itemId":"603be146c3f77a54fec6511e","flip":0,"rot":0,"z":17,"y":108,"x":11,"pageNo":0},{"_id":"6333a7f6f8e0984816262059","itemId":"62096e3d29ec2705b8c74ee5","flip":0,"rot":0,"z":18,"y":105,"x":28,"pageNo":0},{"_id":"6333a7f6f8e098481626205a","itemId":"5f04f79d31a600754bf5fe37","flip":0,"rot":0,"z":19,"y":47,"x":24,"pageNo":0},{"_id":"6333a7f6f8e098481626205b","itemId":"6333a7e8a9d8883ae691fce1","flip":0,"rot":0,"z":20,"y":31,"x":31,"pageNo":0}]}