{"isCreator":false,"contents":[{"_id":"61a2afd848dfb14e038d53df","itemId":"5ca9214665b4a33d8d03270f","flip":0,"rot":0,"z":0,"y":134,"x":1,"pageNo":0},{"_id":"61a2afd848dfb14e038d53e0","itemId":"5ae503953489af0f4a24a3ed","flip":0,"rot":0,"z":1,"y":10,"x":10,"pageNo":0},{"_id":"61a2afd848dfb14e038d53e1","itemId":"5ca96923f864333d942839d9","flip":0,"rot":0,"z":2,"y":10,"x":29,"pageNo":0},{"_id":"61a2afd848dfb14e038d53e2","itemId":"5b1e5fe71a06f40f0606a047","flip":0,"rot":0,"z":3,"y":29,"x":10,"pageNo":0},{"_id":"61a2afd848dfb14e038d53e3","itemId":"5ca9693765b4a33d8d032a9d","flip":0,"rot":0,"z":4,"y":29,"x":29,"pageNo":0},{"_id":"61a2afd848dfb14e038d53e4","itemId":"5ca90fa565b4a33d8d0325d9","flip":0,"rot":0,"z":5,"y":135,"x":77,"pageNo":0},{"_id":"61a2afd848dfb14e038d53e5","itemId":"5ca923a097e2ab0532273d7e","flip":0,"rot":0,"z":6,"y":130,"x":-1,"pageNo":0},{"_id":"61a2afd848dfb14e038d53e6","itemId":"5ca96985840dc605316792b1","flip":0,"rot":0,"z":7,"y":136,"x":0,"pageNo":0},{"_id":"61a2afd848dfb14e038d53e7","itemId":"5d3b936af18ed629adc4bea9","flip":0,"rot":0,"z":8,"y":48,"x":10,"pageNo":0},{"_id":"61a2afd848dfb14e038d53e8","itemId":"5d3c6c68d217972b22bbe470","flip":0,"rot":0,"z":9,"y":52,"x":28,"pageNo":0},{"_id":"61a2afd848dfb14e038d53e9","itemId":"5cc12a36a190e31ab4cf5db4","flip":0,"rot":0,"z":10,"y":70,"x":9,"pageNo":0},{"_id":"61a2afd848dfb14e038d53ea","itemId":"5d47b41c9ef962759966cade","flip":0,"rot":0,"z":11,"y":69,"x":27,"pageNo":0},{"_id":"61a2afd848dfb14e038d53eb","itemId":"5ecec40cfd458c3cf4dc22cf","flip":0,"rot":0,"z":12,"y":86,"x":10,"pageNo":0},{"_id":"61a2afd848dfb14e038d53ec","itemId":"5f90beed7830dc3fa1e2c13a","flip":0,"rot":0,"z":13,"y":89,"x":24,"pageNo":0},{"_id":"61a2afd848dfb14e038d53ed","itemId":"5caa4b3aff3e2f3b9be7005a","flip":0,"rot":0,"z":14,"y":124,"x":0,"pageNo":0},{"_id":"61a2afd848dfb14e038d53ee","itemId":"60d51f5a985c0d1f11b4f6b0","flip":0,"rot":0,"z":15,"y":106,"x":28,"pageNo":0},{"_id":"61a2afd848dfb14e038d53ef","itemId":"608c53fd85f5f0081a354a10","flip":0,"rot":0,"z":16,"y":103,"x":7,"pageNo":0},{"_id":"61a2afd848dfb14e038d53f0","itemId":"5caa4b307d02bc3b9575c169","flip":0,"rot":0,"z":17,"y":3,"x":1,"pageNo":0},{"_id":"61a2afd848dfb14e038d53f1","itemId":"5caa4a1810d8ec3d9a61691d","flip":0,"rot":0,"z":18,"y":2,"x":1,"pageNo":0},{"_id":"61a2afd848dfb14e038d53f2","itemId":"5caa4e2915877805373ee2c5","flip":0,"rot":0,"z":19,"y":0,"x":0,"pageNo":0},{"_id":"61a2afd848dfb14e038d53f3","itemId":"5ca90eccf864333d94283646","flip":0,"rot":0,"z":20,"y":0,"x":0,"pageNo":0},{"_id":"61a2afe8d79a8c05c607439b","itemId":"5caa4e2915877805373ee2c5","flip":0,"rot":0,"z":0,"y":0,"x":-1,"pageNo":2},{"_id":"61a2afe8d79a8c05c607439c","itemId":"5caa4a1810d8ec3d9a61691d","flip":0,"rot":0,"z":1,"y":2,"x":1,"pageNo":2},{"_id":"61a2afe8d79a8c05c607439d","itemId":"5ca90eccf864333d94283646","flip":0,"rot":0,"z":2,"y":2,"x":1,"pageNo":2},{"_id":"61a2afe8d79a8c05c607439e","itemId":"5ca96985840dc605316792b1","flip":0,"rot":0,"z":3,"y":133,"x":0,"pageNo":2},{"_id":"61a2afe8d79a8c05c607439f","itemId":"5ca923a097e2ab0532273d7e","flip":0,"rot":0,"z":4,"y":133,"x":0,"pageNo":2},{"_id":"61a2afe8d79a8c05c60743a0","itemId":"5ca9214665b4a33d8d03270f","flip":0,"rot":0,"z":5,"y":137,"x":-2,"pageNo":2},{"_id":"61a2afe8d79a8c05c60743a1","itemId":"5ca90c9bff3e2f3b9be6f924","flip":0,"rot":0,"z":6,"y":137,"x":78,"pageNo":2},{"_id":"61a2afe8d79a8c05c60743a2","itemId":"5ca946b8ff3e2f3b9be6fb41","flip":0,"rot":0,"z":7,"y":131,"x":74,"pageNo":2},{"_id":"61a2afe8d79a8c05c60743a3","itemId":"5ca90fa565b4a33d8d0325d9","flip":0,"rot":2,"z":8,"y":2,"x":73,"pageNo":2},{"_id":"61a2afe8d79a8c05c60743a4","itemId":"5caa4b425441f1053837db59","flip":0,"rot":0,"z":9,"y":3,"x":3,"pageNo":2},{"_id":"61a2afe8d79a8c05c60743a5","itemId":"58f93b2ab72c40ef0fe08e57","flip":0,"rot":0,"z":10,"y":12,"x":5,"pageNo":2},{"_id":"61a2afe8d79a8c05c60743a6","itemId":"5f4893974bc7a0316efcbbd1","flip":0,"rot":0,"z":11,"y":31,"x":11,"pageNo":2},{"_id":"61a2afe8d79a8c05c60743a7","itemId":"5ca96958eb91e43d8e13a2cd","flip":0,"rot":0,"z":12,"y":7,"x":24,"pageNo":2},{"_id":"61a2afe8d79a8c05c60743a8","itemId":"5f4b0ecd88ea22316ff3611d","flip":0,"rot":0,"z":13,"y":29,"x":25,"pageNo":2},{"_id":"61a2afe8d79a8c05c60743a9","itemId":"5aa1037d4b2e3d501321a30f","flip":0,"rot":0,"z":14,"y":49,"x":11,"pageNo":2},{"_id":"61a2afe8d79a8c05c60743aa","itemId":"5ca9694a10d8ec3d9a616512","flip":0,"rot":0,"z":15,"y":47,"x":30,"pageNo":2},{"_id":"61a2affe8eab3a4cbd9ca9e2","itemId":"5ca96985840dc605316792b1","flip":0,"rot":0,"z":0,"y":132,"x":0,"pageNo":1},{"_id":"61a2affe8eab3a4cbd9ca9e3","itemId":"5ca90fa565b4a33d8d0325d9","flip":0,"rot":2,"z":1,"y":1,"x":75,"pageNo":1},{"_id":"61a2affe8eab3a4cbd9ca9e4","itemId":"5caa4a1810d8ec3d9a61691d","flip":0,"rot":0,"z":2,"y":-2,"x":-4,"pageNo":1},{"_id":"61a2affe8eab3a4cbd9ca9e5","itemId":"5ca90eccf864333d94283646","flip":0,"rot":0,"z":3,"y":-1,"x":-3,"pageNo":1},{"_id":"61a2affe8eab3a4cbd9ca9e6","itemId":"5caa4e2915877805373ee2c5","flip":0,"rot":0,"z":4,"y":-4,"x":-2,"pageNo":1},{"_id":"61a2affe8eab3a4cbd9ca9e7","itemId":"5ca923a097e2ab0532273d7e","flip":0,"rot":0,"z":5,"y":129,"x":4,"pageNo":1},{"_id":"61a2affe8eab3a4cbd9ca9e8","itemId":"5ca9214665b4a33d8d03270f","flip":0,"rot":0,"z":6,"y":134,"x":0,"pageNo":1},{"_id":"61a2affe8eab3a4cbd9ca9e9","itemId":"5ca90fa565b4a33d8d0325d9","flip":0,"rot":0,"z":7,"y":133,"x":76,"pageNo":1},{"_id":"61a2affe8eab3a4cbd9ca9ea","itemId":"5caa4b425441f1053837db59","flip":0,"rot":0,"z":8,"y":122,"x":-3,"pageNo":1},{"_id":"61a2affe8eab3a4cbd9ca9eb","itemId":"5f3e03deb336a870dde44962","flip":0,"rot":0,"z":9,"y":76,"x":9,"pageNo":1},{"_id":"61a2affe8eab3a4cbd9ca9ec","itemId":"5ea5dbbab8ba46060355b5c4","flip":0,"rot":0,"z":10,"y":76,"x":28,"pageNo":1},{"_id":"61a2affe8eab3a4cbd9ca9ed","itemId":"5d06f5702a551c50d78b4b1b","flip":0,"rot":0,"z":11,"y":57,"x":9,"pageNo":1},{"_id":"61a2affe8eab3a4cbd9ca9ee","itemId":"5d0c0b95175db45409873db8","flip":0,"rot":0,"z":12,"y":57,"x":28,"pageNo":1},{"_id":"61a2affe8eab3a4cbd9ca9ef","itemId":"5b6e142a0327d74af608b11f","flip":0,"rot":0,"z":13,"y":38,"x":9,"pageNo":1},{"_id":"61a2affe8eab3a4cbd9ca9f0","itemId":"5cafcbeaf5c2bf0535bdc4af","flip":0,"rot":0,"z":14,"y":38,"x":28,"pageNo":1},{"_id":"61a2affe8eab3a4cbd9ca9f1","itemId":"5caa4b3aff3e2f3b9be7005a","flip":0,"rot":0,"z":15,"y":29,"x":0,"pageNo":1},{"_id":"61a2affe8eab3a4cbd9ca9f2","itemId":"5caa4b307d02bc3b9575c169","flip":0,"rot":0,"z":16,"y":-1,"x":2,"pageNo":1},{"_id":"61a2affe8eab3a4cbd9ca9f3","itemId":"610f44fd86573b050bb1691c","flip":0,"rot":0,"z":17,"y":11,"x":13,"pageNo":1},{"_id":"61a2affe8eab3a4cbd9ca9f4","itemId":"6118318c553bd82011ccc072","flip":0,"rot":0,"z":18,"y":11,"x":28,"pageNo":1},{"_id":"61a2affe8eab3a4cbd9ca9f5","itemId":"613c8b1b12f95704fc6f003c","flip":0,"rot":0,"z":19,"y":95,"x":10,"pageNo":1},{"_id":"61a2affe8eab3a4cbd9ca9f6","itemId":"61a2afbede76824cb5375ce5","flip":0,"rot":0,"z":20,"y":95,"x":25,"pageNo":1}]}