{"isCreator":false,"contents":[{"_id":"62bb6878e845f67ded8e46d5","itemId":"554e07cd43c3a10e085eadb9","flip":0,"rot":0,"z":0,"y":39,"x":8,"pageNo":0},{"_id":"62bb6878e845f67ded8e46d6","itemId":"53c68450132437db5ac390f2","flip":0,"rot":0,"z":1,"y":11,"x":8,"pageNo":0},{"_id":"62bb6878e845f67ded8e46d7","itemId":"5cfbd8c828cdfb142aa40ac9","flip":0,"rot":0,"z":2,"y":15,"x":35,"pageNo":0},{"_id":"62bb6878e845f67ded8e46d8","itemId":"5533cec86852f2d3722ddfc5","flip":0,"rot":0,"z":3,"y":36,"x":33,"pageNo":0},{"_id":"62bb6878e845f67ded8e46d9","itemId":"5626a2c42975473a27dfa1ba","flip":0,"rot":0,"z":4,"y":21,"x":56,"pageNo":0},{"_id":"62bb6878e845f67ded8e46da","itemId":"554e13b40793d2dc36aa8350","flip":0,"rot":0,"z":5,"y":40,"x":53,"pageNo":0},{"_id":"62bb6878e845f67ded8e46db","itemId":"55aba8644ba92d0403414633","flip":0,"rot":0,"z":6,"y":22,"x":77,"pageNo":0},{"_id":"62bb6878e845f67ded8e46dc","itemId":"55580ab5cbb647f025e7c737","flip":0,"rot":0,"z":7,"y":47,"x":82,"pageNo":0},{"_id":"62bb6878e845f67ded8e46dd","itemId":"5831d1fd2f666e2f137f404d","flip":0,"rot":0,"z":8,"y":18,"x":105,"pageNo":0},{"_id":"62bb6878e845f67ded8e46de","itemId":"5542ad38da3418b418c35e99","flip":0,"rot":0,"z":9,"y":63,"x":17,"pageNo":0},{"_id":"62bb6878e845f67ded8e46df","itemId":"542ea19e480f0f8a356803b4","flip":0,"rot":0,"z":10,"y":66,"x":42,"pageNo":0},{"_id":"62bb6878e845f67ded8e46e0","itemId":"5338cf1aa591fc147c00068d","flip":0,"rot":0,"z":11,"y":74,"x":75,"pageNo":0},{"_id":"62bb6878e845f67ded8e46e1","itemId":"543061c878d4ab4f0c27dccf","flip":0,"rot":0,"z":12,"y":78,"x":96,"pageNo":0},{"_id":"62bb6878e845f67ded8e46e2","itemId":"5a92e4891e00a3501340e39e","flip":0,"rot":0,"z":13,"y":74,"x":123,"pageNo":0},{"_id":"62bb6878e845f67ded8e46e3","itemId":"554e001e0793d2dc36aa8250","flip":0,"rot":0,"z":14,"y":95,"x":13,"pageNo":0},{"_id":"62bb6878e845f67ded8e46e4","itemId":"542df5ff026af0790b0e49c7","flip":0,"rot":0,"z":15,"y":96,"x":39,"pageNo":0},{"_id":"62bb6878e845f67ded8e46e5","itemId":"542e9ca64ef5621d47628423","flip":0,"rot":0,"z":16,"y":105,"x":84,"pageNo":0},{"_id":"62bb6878e845f67ded8e46e6","itemId":"53233f2c9157ce920a00000e","flip":0,"rot":0,"z":17,"y":106,"x":115,"pageNo":0},{"_id":"62bb6878e845f67ded8e46e7","itemId":"54a0c11ce09d5d0502b9419a","flip":0,"rot":0,"z":18,"y":114,"x":43,"pageNo":0},{"_id":"62bb6878e845f67ded8e46e8","itemId":"542d457e026af0790b0e485d","flip":0,"rot":0,"z":19,"y":116,"x":64,"pageNo":0},{"_id":"62bb6878e845f67ded8e46e9","itemId":"542d41e25e721c800ec660d7","flip":0,"rot":0,"z":20,"y":114,"x":92,"pageNo":0},{"_id":"62bb6878e845f67ded8e46ea","itemId":"61aa62dc920ecb427e3150c3","flip":0,"rot":0,"z":21,"y":110,"x":133,"pageNo":0},{"_id":"62bb6878e845f67ded8e46eb","itemId":"562d72a0395f144512d06f68","flip":0,"rot":0,"z":22,"y":41,"x":122,"pageNo":0},{"_id":"62bb6878e845f67ded8e46ec","itemId":"5c3712342e59bc3172565ff6","flip":0,"rot":0,"z":23,"y":8,"x":116,"pageNo":0},{"_id":"62bb6878e845f67ded8e46ed","itemId":"564d4d5b10eeaa6a3e95cc1d","flip":0,"rot":0,"z":24,"y":33,"x":134,"pageNo":0},{"_id":"62bb6878e845f67ded8e46ee","itemId":"5a811f2640f02665139ba6d6","flip":0,"rot":0,"z":25,"y":57,"x":134,"pageNo":0},{"_id":"62bb6878e845f67ded8e46ef","itemId":"53e8295231fa22bc164fbe6c","flip":0,"rot":0,"z":26,"y":86,"x":134,"pageNo":0},{"_id":"62bb6878e845f67ded8e46f0","itemId":"5ada74210c1b377a1aa62acc","flip":0,"rot":0,"z":27,"y":89,"x":65,"pageNo":0},{"_id":"62bb6878e845f67ded8e46f1","itemId":"5ada74ad0c1b377a1aa62ad2","flip":0,"rot":0,"z":28,"y":8,"x":88,"pageNo":0},{"_id":"62bb6878e845f67ded8e46f2","itemId":"5ada73ba579e1f6dabf1c5f7","flip":0,"rot":0,"z":29,"y":43,"x":63,"pageNo":0},{"_id":"62bb6878e845f67ded8e46f3","itemId":"52c19dc821c091f463000019","flip":0,"rot":0,"z":30,"y":32,"x":96,"pageNo":0},{"_id":"62bb6878e845f67ded8e46f4","itemId":"5519ad87593e923241921b06","flip":0,"rot":0,"z":31,"y":2,"x":59,"pageNo":0},{"_id":"62bb6878e845f67ded8e46f5","itemId":"55173ac6453c5d9608d3d003","flip":0,"rot":0,"z":32,"y":114,"x":16,"pageNo":0},{"_id":"62bb6878e845f67ded8e46f6","itemId":"548db479b8ea3e74313d11e6","flip":0,"rot":0,"z":33,"y":82,"x":26,"pageNo":0},{"_id":"62bb6878e845f67ded8e46f7","itemId":"5626d309fad9411015bc89b8","flip":0,"rot":0,"z":34,"y":89,"x":111,"pageNo":0},{"_id":"62bb6878e845f67ded8e46f8","itemId":"55173ac6453c5d9608d3d003","flip":0,"rot":0,"z":35,"y":7,"x":21,"pageNo":0},{"_id":"62bb6878e845f67ded8e46f9","itemId":"548db479b8ea3e74313d11e6","flip":0,"rot":0,"z":36,"y":44,"x":29,"pageNo":0},{"_id":"62bb6878e845f67ded8e46fa","itemId":"548dbe291c55d272317f3864","flip":0,"rot":0,"z":37,"y":44,"x":45,"pageNo":0},{"_id":"62bb6878e845f67ded8e46fb","itemId":"5626d309fad9411015bc89b8","flip":0,"rot":0,"z":38,"y":61,"x":88,"pageNo":0},{"_id":"62bb6878e845f67ded8e46fc","itemId":"5626d3fe1bebcc4b4b5be7bf","flip":0,"rot":0,"z":39,"y":77,"x":4,"pageNo":0},{"_id":"62bb6878e845f67ded8e46fd","itemId":"5626d4602b4fb540279b3a4e","flip":0,"rot":0,"z":40,"y":77,"x":39,"pageNo":0},{"_id":"62bb6878e845f67ded8e46fe","itemId":"56ef5421f56b322813215edd","flip":0,"rot":0,"z":41,"y":103,"x":105,"pageNo":0},{"_id":"62bb6878e845f67ded8e46ff","itemId":"551737aeae6dfe2b214e45fc","flip":0,"rot":0,"z":42,"y":88,"x":124,"pageNo":0},{"_id":"62bb6878e845f67ded8e4700","itemId":"587307071458f87313fc044f","flip":0,"rot":0,"z":43,"y":65,"x":110,"pageNo":0},{"_id":"62bb6878e845f67ded8e4701","itemId":"598250c8259a70f70fa9c26d","flip":0,"rot":0,"z":44,"y":90,"x":81,"pageNo":0},{"_id":"62bb6878e845f67ded8e4702","itemId":"56f27a38cef67832133e6c5d","flip":0,"rot":0,"z":45,"y":121,"x":131,"pageNo":0},{"_id":"62bb6878e845f67ded8e4703","itemId":"550c45b66f43aa7b1078ea2c","flip":0,"rot":0,"z":46,"y":5,"x":71,"pageNo":0},{"_id":"62bb6878e845f67ded8e4704","itemId":"56fdb9c7168ce72713f262e4","flip":0,"rot":0,"z":47,"y":8,"x":137,"pageNo":0},{"_id":"62bb6878e845f67ded8e4705","itemId":"536c44169a0d4ad427000399","flip":0,"rot":0,"z":48,"y":4,"x":100,"pageNo":0},{"_id":"62bb6878e845f67ded8e4706","itemId":"550c44716cb6cd0624382f71","flip":0,"rot":0,"z":49,"y":3,"x":37,"pageNo":0},{"_id":"62bb6878e845f67ded8e4707","itemId":"57c912a0d639a8960f0346e0","flip":0,"rot":0,"z":50,"y":115,"x":2,"pageNo":0},{"_id":"62bb6878e845f67ded8e4708","itemId":"5356c660df6b0c465e000b4a","flip":0,"rot":0,"z":51,"y":61,"x":59,"pageNo":0},{"_id":"62bb6878e845f67ded8e4709","itemId":"54b6ab6df57842bc3e4cc23d","flip":0,"rot":0,"z":52,"y":99,"x":68,"pageNo":0},{"_id":"62bb6878e845f67ded8e470a","itemId":"54b6ab9de8248a8c1be0386a","flip":0,"rot":0,"z":53,"y":114,"x":31,"pageNo":0},{"_id":"62bb6878e845f67ded8e470b","itemId":"58d04eb2e098e5831373cc8d","flip":0,"rot":0,"z":54,"y":27,"x":123,"pageNo":0},{"_id":"62bb6878e845f67ded8e470c","itemId":"57c90d48e0e33c281373d831","flip":0,"rot":0,"z":55,"y":41,"x":131,"pageNo":0},{"_id":"62bb6878e845f67ded8e470d","itemId":"57c90ec40f377b26132fcf09","flip":0,"rot":0,"z":56,"y":69,"x":133,"pageNo":0},{"_id":"62bb6878e845f67ded8e470e","itemId":"56d4fa8afc1e412e13571640","flip":0,"rot":0,"z":57,"y":56,"x":7,"pageNo":0},{"_id":"62bb6878e845f67ded8e470f","itemId":"562d7489f481121b4465dac6","flip":0,"rot":0,"z":58,"y":119,"x":113,"pageNo":0},{"_id":"62bb6878e845f67ded8e4710","itemId":"58d04a53bd130e6b136f14d8","flip":0,"rot":0,"z":59,"y":100,"x":139,"pageNo":0},{"_id":"62bb6878e845f67ded8e4711","itemId":"52d7485822ffda7f5d0001d1","flip":0,"rot":0,"z":60,"y":29,"x":16,"pageNo":0},{"_id":"62bb6878e845f67ded8e4712","itemId":"58d04ff6333306f20fc5f227","flip":0,"rot":0,"z":61,"y":32,"x":66,"pageNo":0},{"_id":"62bb6878e845f67ded8e4713","itemId":"52efa4b27a68bc4621000010","flip":0,"rot":0,"z":62,"y":27,"x":1,"pageNo":0},{"_id":"62bb6878e845f67ded8e4714","itemId":"548f14eb23459cab1e46af0e","flip":0,"rot":0,"z":63,"y":56,"x":122,"pageNo":0},{"_id":"62bb6878e845f67ded8e4715","itemId":"550b65f17b270f160cf5b376","flip":0,"rot":0,"z":64,"y":96,"x":32,"pageNo":0},{"_id":"62bb6878e845f67ded8e4716","itemId":"569a43605f3ceb390e9f956a","flip":0,"rot":0,"z":65,"y":72,"x":50,"pageNo":0},{"_id":"62bb6878e845f67ded8e4717","itemId":"56ce506119564c1c13880fb7","flip":0,"rot":0,"z":66,"y":18,"x":135,"pageNo":0},{"_id":"62bb6878e845f67ded8e4718","itemId":"567127b735ae87531a1c7909","flip":0,"rot":0,"z":67,"y":2,"x":114,"pageNo":0},{"_id":"62bb6878e845f67ded8e4719","itemId":"564d4c53e13637896d8ee672","flip":0,"rot":0,"z":68,"y":37,"x":84,"pageNo":0},{"_id":"62bb6878e845f67ded8e471a","itemId":"564d4c03a42877a2742cac54","flip":0,"rot":0,"z":69,"y":31,"x":45,"pageNo":0},{"_id":"62bb6878e845f67ded8e471b","itemId":"564d4ba160efee8f6d19267d","flip":0,"rot":0,"z":70,"y":120,"x":76,"pageNo":0},{"_id":"62bb6878e845f67ded8e471c","itemId":"564d4b33f748908e6ddf0cef","flip":0,"rot":0,"z":71,"y":17,"x":70,"pageNo":0},{"_id":"62bb6878e845f67ded8e471d","itemId":"559cdb537638868e4659a243","flip":0,"rot":0,"z":72,"y":96,"x":4,"pageNo":0},{"_id":"62bb6878e845f67ded8e471e","itemId":"559cdc062fdac9c50eb4fb73","flip":0,"rot":0,"z":73,"y":103,"x":58,"pageNo":0},{"_id":"62bb6878e845f67ded8e471f","itemId":"53dcf997afd1df790197aba1","flip":0,"rot":0,"z":74,"y":112,"x":92,"pageNo":0},{"_id":"62bb6878e845f67ded8e4720","itemId":"559cdc384b354ec70eeea77f","flip":0,"rot":0,"z":75,"y":4,"x":49,"pageNo":0},{"_id":"62bb6878e845f67ded8e4721","itemId":"559cd0be2fdac9c50eb4fb5d","flip":0,"rot":0,"z":76,"y":41,"x":114,"pageNo":0},{"_id":"62bb6878e845f67ded8e4722","itemId":"559cdf0ab02ca9d13f28d516","flip":0,"rot":0,"z":77,"y":70,"x":27,"pageNo":0},{"_id":"62bb6878e845f67ded8e4723","itemId":"559cde63814dee8c46aa8f2e","flip":0,"rot":0,"z":78,"y":122,"x":59,"pageNo":0},{"_id":"62bb6878e845f67ded8e4724","itemId":"559cde009a5e54d73f266983","flip":0,"rot":0,"z":79,"y":119,"x":48,"pageNo":0},{"_id":"62bb6878e845f67ded8e4725","itemId":"559cdd95da8975904674f6b4","flip":0,"rot":0,"z":80,"y":82,"x":111,"pageNo":0},{"_id":"62bb6878e845f67ded8e4726","itemId":"559cdd35a1f8d4b349d500a8","flip":0,"rot":0,"z":81,"y":92,"x":95,"pageNo":0},{"_id":"62bb6878e845f67ded8e4727","itemId":"559cdce7a1f8d4b349d500a6","flip":0,"rot":0,"z":82,"y":114,"x":137,"pageNo":0},{"_id":"62bb6878e845f67ded8e4728","itemId":"559cdafd814dee8c46aa8f2a","flip":0,"rot":0,"z":83,"y":50,"x":89,"pageNo":0},{"_id":"62bb6878e845f67ded8e4729","itemId":"559cdbbada8975904674f6ae","flip":0,"rot":0,"z":84,"y":67,"x":99,"pageNo":0},{"_id":"62bb6878e845f67ded8e472a","itemId":"559cda9e2fdac9c50eb4fb6f","flip":0,"rot":0,"z":85,"y":64,"x":126,"pageNo":0},{"_id":"62bb6878e845f67ded8e472b","itemId":"559cd9c69a5e54d73f26697c","flip":0,"rot":0,"z":86,"y":27,"x":25,"pageNo":0},{"_id":"62bb6878e845f67ded8e472c","itemId":"564ca7e410eeaa6a3e95c520","flip":0,"rot":0,"z":87,"y":41,"x":73,"pageNo":0},{"_id":"62bb6878e845f67ded8e472d","itemId":"564d47e3e13637896d8ee65f","flip":0,"rot":0,"z":88,"y":52,"x":136,"pageNo":0},{"_id":"62bb6878e845f67ded8e472e","itemId":"564d48c4a42877a2742cac47","flip":0,"rot":0,"z":89,"y":103,"x":20,"pageNo":0},{"_id":"62bb6878e845f67ded8e472f","itemId":"564d49e1f748908e6ddf0ce4","flip":0,"rot":0,"z":90,"y":34,"x":49,"pageNo":0},{"_id":"62bb6878e845f67ded8e4730","itemId":"564d4eaebcc41ae65a36449f","flip":0,"rot":0,"z":91,"y":78,"x":16,"pageNo":0},{"_id":"62bb6878e845f67ded8e4731","itemId":"5bb78335d2227a669dcf00b4","flip":0,"rot":0,"z":92,"y":119,"x":33,"pageNo":0},{"_id":"62bb6878e845f67ded8e4732","itemId":"5bb23057fd1d2f4967e01981","flip":0,"rot":0,"z":93,"y":113,"x":78,"pageNo":0},{"_id":"62bb6878e845f67ded8e4733","itemId":"548ee89fce1b7dde3b99cec3","flip":0,"rot":0,"z":94,"y":43,"x":-1,"pageNo":0},{"_id":"62bb6878e845f67ded8e4734","itemId":"60f469925ff894050413cb06","flip":0,"rot":0,"z":95,"y":96,"x":14,"pageNo":0},{"_id":"62bb6878e845f67ded8e4735","itemId":"610d2612a14d99140e8f8c50","flip":0,"rot":0,"z":96,"y":70,"x":63,"pageNo":0},{"_id":"62bb6878e845f67ded8e4736","itemId":"60f468fa0dbabf5bf0ca2eb6","flip":0,"rot":0,"z":97,"y":59,"x":-4,"pageNo":0},{"_id":"62bb6878e845f67ded8e4737","itemId":"52f00c8c7eb5172f2a000009","flip":0,"rot":0,"z":98,"y":50,"x":97,"pageNo":0},{"_id":"62bb6878e845f67ded8e4738","itemId":"56f26b93255bd02913a140e2","flip":0,"rot":0,"z":99,"y":55,"x":72,"pageNo":0},{"_id":"62bb6878e845f67ded8e4739","itemId":"56f26b93255bd02913a140e2","flip":0,"rot":0,"z":100,"y":39,"x":22,"pageNo":0},{"_id":"62bb6878e845f67ded8e473a","itemId":"56f26b93255bd02913a140e2","flip":0,"rot":0,"z":101,"y":-1,"x":0,"pageNo":0},{"_id":"62bb6878e845f67ded8e473b","itemId":"60f469925ff894050413cb06","flip":0,"rot":0,"z":102,"y":7,"x":65,"pageNo":0}]}