{"isCreator":false,"contents":[{"_id":"62bc4ea8aa18ad7dfa6e645f","itemId":"548db24edb29eabd1335ff64","flip":0,"rot":0,"z":0,"y":0,"x":0,"pageNo":0},{"_id":"62bc4ea8aa18ad7dfa6e6460","itemId":"548db479b8ea3e74313d11e6","flip":0,"rot":0,"z":1,"y":0,"x":19,"pageNo":0},{"_id":"62bc4ea8aa18ad7dfa6e6461","itemId":"548dbbed96235bc46524a0ed","flip":0,"rot":0,"z":2,"y":0,"x":38,"pageNo":0},{"_id":"62bc4ea8aa18ad7dfa6e6462","itemId":"548dbe291c55d272317f3864","flip":0,"rot":0,"z":3,"y":0,"x":57,"pageNo":0},{"_id":"62bc4ea8aa18ad7dfa6e6463","itemId":"548dd62a96235bc46524a155","flip":0,"rot":0,"z":4,"y":0,"x":76,"pageNo":0},{"_id":"62bc4ea8aa18ad7dfa6e6464","itemId":"551737aeae6dfe2b214e45fc","flip":0,"rot":0,"z":5,"y":0,"x":95,"pageNo":0},{"_id":"62bc4ea8aa18ad7dfa6e6465","itemId":"5626d309fad9411015bc89b8","flip":0,"rot":0,"z":6,"y":0,"x":114,"pageNo":0},{"_id":"62bc4ea8aa18ad7dfa6e6466","itemId":"5626d3fe1bebcc4b4b5be7bf","flip":0,"rot":0,"z":7,"y":0,"x":133,"pageNo":0},{"_id":"62bc4ea8aa18ad7dfa6e6467","itemId":"5626d4602b4fb540279b3a4e","flip":0,"rot":0,"z":8,"y":19,"x":0,"pageNo":0},{"_id":"62bc4ea8aa18ad7dfa6e6468","itemId":"56ef5421f56b322813215edd","flip":0,"rot":0,"z":9,"y":19,"x":19,"pageNo":0},{"_id":"62bc4ea8aa18ad7dfa6e6469","itemId":"6237205e582df405b1bf523f","flip":0,"rot":0,"z":10,"y":19,"x":57,"pageNo":0},{"_id":"62bc4ea8aa18ad7dfa6e646a","itemId":"62372134ee34491c18fca944","flip":0,"rot":0,"z":11,"y":19,"x":76,"pageNo":0},{"_id":"62bc4ea8aa18ad7dfa6e646b","itemId":"623721f6b1de041c195dec35","flip":0,"rot":0,"z":12,"y":19,"x":95,"pageNo":0},{"_id":"62bc4ea8aa18ad7dfa6e646c","itemId":"623722f9582df405b1bf5244","flip":0,"rot":0,"z":13,"y":19,"x":114,"pageNo":0},{"_id":"62bc4ea8aa18ad7dfa6e646d","itemId":"623723e4b1de041c195dec37","flip":0,"rot":0,"z":14,"y":19,"x":133,"pageNo":0},{"_id":"62bc4ea8aa18ad7dfa6e646e","itemId":"623724733aecf61c1fd02411","flip":0,"rot":0,"z":15,"y":38,"x":0,"pageNo":0},{"_id":"62bc4ea8aa18ad7dfa6e646f","itemId":"6237832a20c16a1c208198ff","flip":0,"rot":0,"z":16,"y":38,"x":19,"pageNo":0},{"_id":"62bc4ea8aa18ad7dfa6e6470","itemId":"623eefee3c71521f4b43d049","flip":0,"rot":0,"z":17,"y":38,"x":76,"pageNo":0},{"_id":"62bc4ea8aa18ad7dfa6e6471","itemId":"623ef29ea985b705be4b9236","flip":0,"rot":0,"z":18,"y":38,"x":95,"pageNo":0},{"_id":"62bc4ea8aa18ad7dfa6e6472","itemId":"623ef7d52079481f4a1d1f89","flip":0,"rot":0,"z":19,"y":38,"x":133,"pageNo":0},{"_id":"62bc4ea8aa18ad7dfa6e6473","itemId":"623f0fb43aecf61c1fd05533","flip":0,"rot":0,"z":20,"y":57,"x":0,"pageNo":0},{"_id":"62bc4ea8aa18ad7dfa6e6474","itemId":"623f0e6d3aecf61c1fd054d6","flip":0,"rot":0,"z":21,"y":57,"x":19,"pageNo":0},{"_id":"62bc4ea8aa18ad7dfa6e6475","itemId":"623f096726f5b805b2a7ff8b","flip":0,"rot":0,"z":22,"y":57,"x":57,"pageNo":0},{"_id":"62bc4ea8aa18ad7dfa6e6476","itemId":"623ef52526f5b805b2a7ff6f","flip":0,"rot":0,"z":23,"y":57,"x":76,"pageNo":0},{"_id":"62bc4ea8aa18ad7dfa6e6477","itemId":"623f05e92079481f4a1d1f9e","flip":0,"rot":0,"z":24,"y":57,"x":95,"pageNo":0},{"_id":"62bc4ea8aa18ad7dfa6e6478","itemId":"623f4a759aea641f4d347897","flip":0,"rot":0,"z":25,"y":57,"x":133,"pageNo":0},{"_id":"62bc4ea8aa18ad7dfa6e6479","itemId":"623faecab1de041c195e1f58","flip":0,"rot":0,"z":26,"y":76,"x":133,"pageNo":0},{"_id":"62bc4ea8aa18ad7dfa6e647a","itemId":"6240a4f73aecf61c1fd05e08","flip":0,"rot":0,"z":27,"y":95,"x":133,"pageNo":0},{"_id":"62bc4ea8aa18ad7dfa6e647b","itemId":"623fab8e2ebf981f5c993186","flip":0,"rot":0,"z":28,"y":76,"x":114,"pageNo":0},{"_id":"62bc4ea8aa18ad7dfa6e647c","itemId":"624059d6a9255405ab6ea3dc","flip":0,"rot":0,"z":29,"y":95,"x":114,"pageNo":0},{"_id":"62bc4ea8aa18ad7dfa6e647d","itemId":"623fa7bd9aea641f4d347bba","flip":0,"rot":0,"z":30,"y":76,"x":95,"pageNo":0},{"_id":"62bc4ea8aa18ad7dfa6e647e","itemId":"62407551872d2205b8e1f419","flip":0,"rot":0,"z":31,"y":95,"x":95,"pageNo":0},{"_id":"62bc4ea8aa18ad7dfa6e647f","itemId":"623f54943c71521f4b43d1a8","flip":0,"rot":0,"z":32,"y":76,"x":76,"pageNo":0},{"_id":"62bc4ea8aa18ad7dfa6e6480","itemId":"624099073aecf61c1fd05da7","flip":0,"rot":0,"z":33,"y":95,"x":76,"pageNo":0},{"_id":"62bc4ea8aa18ad7dfa6e6481","itemId":"623f553d26f5b805b2a800af","flip":0,"rot":0,"z":34,"y":76,"x":57,"pageNo":0},{"_id":"62bc4ea8aa18ad7dfa6e6482","itemId":"6240796bee34491c18fce5e3","flip":0,"rot":0,"z":35,"y":95,"x":57,"pageNo":0},{"_id":"62bc4ea8aa18ad7dfa6e6483","itemId":"623fa4c026f5b805b2a8039d","flip":0,"rot":0,"z":36,"y":76,"x":38,"pageNo":0},{"_id":"62bc4ea8aa18ad7dfa6e6484","itemId":"624070e420c16a1c2081d013","flip":0,"rot":0,"z":37,"y":95,"x":38,"pageNo":0},{"_id":"62bc4ea8aa18ad7dfa6e6485","itemId":"623fa99bc5098005b12c632b","flip":0,"rot":0,"z":38,"y":76,"x":19,"pageNo":0},{"_id":"62bc4ea8aa18ad7dfa6e6486","itemId":"55173b4ebfc8bc9808e55ea6","flip":0,"rot":0,"z":39,"y":95,"x":19,"pageNo":0},{"_id":"62bc4ea8aa18ad7dfa6e6487","itemId":"623fac54b1de041c195e1f53","flip":0,"rot":0,"z":40,"y":76,"x":0,"pageNo":0},{"_id":"62bc4ea8aa18ad7dfa6e6488","itemId":"624389993aecf61c1fd06dac","flip":0,"rot":0,"z":41,"y":95,"x":0,"pageNo":0},{"_id":"62bc4ea8aa18ad7dfa6e6489","itemId":"6244e17bb1de041c195e3c36","flip":0,"rot":0,"z":42,"y":19,"x":38,"pageNo":0},{"_id":"62bc4ea8aa18ad7dfa6e648a","itemId":"623e3d7f20c16a1c2081c3e4","flip":0,"rot":0,"z":43,"y":38,"x":38,"pageNo":0},{"_id":"62bc4ea8aa18ad7dfa6e648b","itemId":"623eeecc3aecf61c1fd05446","flip":0,"rot":0,"z":44,"y":38,"x":57,"pageNo":0},{"_id":"62bc4ea8aa18ad7dfa6e648c","itemId":"625039a884b67b05bd7cf2e8","flip":0,"rot":0,"z":45,"y":114,"x":0,"pageNo":0},{"_id":"62bc4ea8aa18ad7dfa6e648d","itemId":"624f3f0f3c71521f4b442a19","flip":0,"rot":0,"z":46,"y":114,"x":133,"pageNo":0},{"_id":"62bc4ea8aa18ad7dfa6e648e","itemId":"625072c4b1de041c195e77ed","flip":0,"rot":0,"z":47,"y":113,"x":18,"pageNo":0},{"_id":"62bc4ea8aa18ad7dfa6e648f","itemId":"625073e620c16a1c20822999","flip":0,"rot":0,"z":48,"y":116,"x":95,"pageNo":0},{"_id":"62bc4ea8aa18ad7dfa6e6490","itemId":"625074c13c71521f4b44310e","flip":0,"rot":0,"z":49,"y":114,"x":38,"pageNo":0},{"_id":"62bc4ea8aa18ad7dfa6e6491","itemId":"62507571259d4605af2ef013","flip":0,"rot":0,"z":50,"y":114,"x":55,"pageNo":0},{"_id":"62bc4ea8aa18ad7dfa6e6492","itemId":"625075fd3c71521f4b44310f","flip":0,"rot":0,"z":51,"y":116,"x":73,"pageNo":0},{"_id":"62bc4ea8aa18ad7dfa6e6493","itemId":"623f086b2079481f4a1d1fa2","flip":0,"rot":0,"z":52,"y":57,"x":114,"pageNo":0},{"_id":"62bc4ea8aa18ad7dfa6e6494","itemId":"6280f63e2079481f4a1e6ebc","flip":0,"rot":0,"z":53,"y":113,"x":113,"pageNo":0},{"_id":"62bc4ea8aa18ad7dfa6e6495","itemId":"623ef359d3f90a05b85b07bc","flip":0,"rot":0,"z":54,"y":38,"x":114,"pageNo":0},{"_id":"62bc4ea8aa18ad7dfa6e6496","itemId":"623f0da720c16a1c2081c86a","flip":0,"rot":0,"z":55,"y":57,"x":38,"pageNo":0}]}