{"isCreator":false,"contents":[{"_id":"625d88ef9aea641f4d351510","itemId":"548f15d176887eaf1e4c96d1","flip":0,"rot":0,"z":0,"y":0,"x":0,"pageNo":0},{"_id":"625d88ef9aea641f4d351511","itemId":"548f14eb23459cab1e46af0e","flip":0,"rot":0,"z":1,"y":0,"x":19,"pageNo":0},{"_id":"625d88ef9aea641f4d351512","itemId":"550b65f17b270f160cf5b376","flip":0,"rot":0,"z":2,"y":0,"x":38,"pageNo":0},{"_id":"625d88ef9aea641f4d351513","itemId":"62438ce2ee34491c18fcf739","flip":0,"rot":0,"z":3,"y":0,"x":76,"pageNo":0},{"_id":"625d88ef9aea641f4d351514","itemId":"6243939bf2628405b07bcc37","flip":0,"rot":0,"z":4,"y":0,"x":95,"pageNo":0},{"_id":"625d88ef9aea641f4d351515","itemId":"6244378b3c71521f4b43eb3d","flip":0,"rot":0,"z":5,"y":0,"x":114,"pageNo":0},{"_id":"625d88ef9aea641f4d351516","itemId":"624438f7935dfb05c04b44e6","flip":0,"rot":0,"z":6,"y":1,"x":130,"pageNo":0},{"_id":"625d88ef9aea641f4d351517","itemId":"62443a36ee34491c18fcfa95","flip":0,"rot":0,"z":7,"y":29,"x":0,"pageNo":0},{"_id":"625d88ef9aea641f4d351518","itemId":"62443b463aecf61c1fd070a8","flip":0,"rot":0,"z":8,"y":26,"x":17,"pageNo":0},{"_id":"625d88ef9aea641f4d351519","itemId":"62443d563c71521f4b43eb48","flip":0,"rot":0,"z":9,"y":28,"x":40,"pageNo":0},{"_id":"625d88ef9aea641f4d35151a","itemId":"6244dc1f24cdee05cea92060","flip":0,"rot":0,"z":10,"y":25,"x":56,"pageNo":0},{"_id":"625d88ef9aea641f4d35151b","itemId":"6244e1f12079481f4a1d3fb5","flip":0,"rot":0,"z":11,"y":30,"x":75,"pageNo":0},{"_id":"625d88ef9aea641f4d35151c","itemId":"6244e928cc559505c7d64eae","flip":0,"rot":0,"z":12,"y":24,"x":93,"pageNo":0},{"_id":"625d88ef9aea641f4d35151d","itemId":"62458fbcb1de041c195e3ec5","flip":0,"rot":0,"z":13,"y":27,"x":113,"pageNo":0},{"_id":"625d88ef9aea641f4d35151e","itemId":"6245900cb1de041c195e3ec7","flip":0,"rot":0,"z":14,"y":0,"x":60,"pageNo":0},{"_id":"625d88ef9aea641f4d35151f","itemId":"62459127444e3205bd5f411c","flip":0,"rot":0,"z":15,"y":29,"x":133,"pageNo":0},{"_id":"625d88ef9aea641f4d351520","itemId":"6246141dee34491c18fd0261","flip":0,"rot":0,"z":16,"y":56,"x":0,"pageNo":0},{"_id":"625d88ef9aea641f4d351521","itemId":"624615c39aea641f4d349a5e","flip":0,"rot":0,"z":17,"y":55,"x":38,"pageNo":0},{"_id":"625d88ef9aea641f4d351522","itemId":"624616e020c16a1c2081ef76","flip":0,"rot":0,"z":18,"y":57,"x":53,"pageNo":0},{"_id":"625d88ef9aea641f4d351523","itemId":"62461984444e3205bd5f43aa","flip":0,"rot":0,"z":19,"y":56,"x":74,"pageNo":0},{"_id":"625d88ef9aea641f4d351524","itemId":"6246259e3c71521f4b43f486","flip":0,"rot":0,"z":20,"y":57,"x":93,"pageNo":0},{"_id":"625d88ef9aea641f4d351525","itemId":"6246151db1de041c195e4196","flip":0,"rot":0,"z":21,"y":57,"x":19,"pageNo":0},{"_id":"625d88ef9aea641f4d351526","itemId":"624626caf076e605b658a259","flip":0,"rot":0,"z":22,"y":56,"x":111,"pageNo":0},{"_id":"625d88ef9aea641f4d351527","itemId":"6246274f2079481f4a1d44ca","flip":0,"rot":0,"z":23,"y":57,"x":133,"pageNo":0},{"_id":"625d88ef9aea641f4d351528","itemId":"624627ddb1de041c195e41d3","flip":0,"rot":0,"z":24,"y":86,"x":-2,"pageNo":0},{"_id":"625d88ef9aea641f4d351529","itemId":"624629f23c71521f4b43f490","flip":0,"rot":0,"z":25,"y":86,"x":16,"pageNo":0},{"_id":"625d88ef9aea641f4d35152a","itemId":"62462c50b1de041c195e422c","flip":0,"rot":0,"z":26,"y":83,"x":38,"pageNo":0},{"_id":"625d88ef9aea641f4d35152b","itemId":"62462d553c71521f4b43f4d6","flip":0,"rot":0,"z":27,"y":86,"x":55,"pageNo":0},{"_id":"625d88ef9aea641f4d35152c","itemId":"624631e63c71521f4b43f4fb","flip":0,"rot":0,"z":28,"y":84,"x":72,"pageNo":0},{"_id":"625d88ef9aea641f4d35152d","itemId":"6246473908423505b032b40a","flip":0,"rot":0,"z":29,"y":86,"x":95,"pageNo":0},{"_id":"625d88ef9aea641f4d35152e","itemId":"6246d7f89aea641f4d349d49","flip":0,"rot":0,"z":30,"y":86,"x":133,"pageNo":0},{"_id":"625d88ef9aea641f4d35152f","itemId":"6246d7022ebf981f5c99553e","flip":0,"rot":0,"z":31,"y":83,"x":114,"pageNo":0},{"_id":"625d88ef9aea641f4d351530","itemId":"624f3f0f3c71521f4b442a19","flip":0,"rot":0,"z":32,"y":110,"x":-1,"pageNo":0},{"_id":"625d88ef9aea641f4d351531","itemId":"6246d954444f3c05b7716b8f","flip":0,"rot":0,"z":33,"y":114,"x":133,"pageNo":0},{"_id":"625d88ef9aea641f4d351532","itemId":"624703252ebf981f5c9955c0","flip":0,"rot":0,"z":34,"y":114,"x":114,"pageNo":0},{"_id":"625d88ef9aea641f4d351533","itemId":"624705b19aea641f4d349dc0","flip":0,"rot":0,"z":35,"y":114,"x":95,"pageNo":0},{"_id":"625d88ef9aea641f4d351534","itemId":"6248e350ee34491c18fd101a","flip":0,"rot":0,"z":36,"y":114,"x":57,"pageNo":0},{"_id":"625d88ef9aea641f4d351535","itemId":"6248f21ddf311d05b295ce89","flip":0,"rot":0,"z":37,"y":114,"x":38,"pageNo":0},{"_id":"625d88ef9aea641f4d351536","itemId":"625227013c71521f4b443a7a","flip":0,"rot":0,"z":38,"y":114,"x":19,"pageNo":0},{"_id":"625d88ef9aea641f4d351537","itemId":"6247067b3aecf61c1fd07d48","flip":0,"rot":0,"z":39,"y":114,"x":76,"pageNo":0}]}