{"isCreator":false,"contents":[{"_id":"62bb5b69aa18ad7dfa6e5fde","itemId":"624f28133ce0c505b15af8ca","flip":0,"rot":0,"z":0,"y":86,"x":0,"pageNo":0},{"_id":"62bb5b69aa18ad7dfa6e5fdf","itemId":"624f28ca1b92df05b3af78ec","flip":0,"rot":0,"z":1,"y":86,"x":29,"pageNo":0},{"_id":"62bb5b69aa18ad7dfa6e5fe0","itemId":"624f2929786dfd05b0b18701","flip":0,"rot":0,"z":2,"y":86,"x":57,"pageNo":0},{"_id":"62bb5b69aa18ad7dfa6e5fe1","itemId":"624f2b193aecf61c1fd0ac3d","flip":0,"rot":0,"z":3,"y":86,"x":85,"pageNo":0},{"_id":"62bb5b69aa18ad7dfa6e5fe2","itemId":"624f2b6e1b92df05b3af78fe","flip":0,"rot":0,"z":4,"y":88,"x":110,"pageNo":0},{"_id":"62bb5b69aa18ad7dfa6e5fe3","itemId":"624f2cb72079481f4a1d7497","flip":0,"rot":0,"z":5,"y":118,"x":1,"pageNo":0},{"_id":"62bb5b69aa18ad7dfa6e5fe4","itemId":"624f2de120c16a1c2082220e","flip":0,"rot":0,"z":6,"y":114,"x":28,"pageNo":0},{"_id":"62bb5b69aa18ad7dfa6e5fe5","itemId":"624f357d9aea641f4d34cc9e","flip":0,"rot":0,"z":7,"y":85,"x":142,"pageNo":0},{"_id":"62bb5b69aa18ad7dfa6e5fe6","itemId":"624f3743786dfd05b0b1880f","flip":0,"rot":0,"z":8,"y":111,"x":56,"pageNo":0},{"_id":"62bb5b69aa18ad7dfa6e5fe7","itemId":"624f3ad33c71521f4b4429e4","flip":0,"rot":0,"z":9,"y":114,"x":76,"pageNo":0},{"_id":"62bb5b69aa18ad7dfa6e5fe8","itemId":"624f3f0f3c71521f4b442a19","flip":0,"rot":0,"z":10,"y":114,"x":132,"pageNo":0},{"_id":"62bb5b69aa18ad7dfa6e5fe9","itemId":"62bb586ab1d27f7df48b0320","flip":0,"rot":0,"z":11,"y":0,"x":0,"pageNo":0},{"_id":"62bb5b69aa18ad7dfa6e5fea","itemId":"62bb588eaa18ad7dfa6e5f9b","flip":0,"rot":0,"z":12,"y":4,"x":30,"pageNo":0},{"_id":"62bb5b69aa18ad7dfa6e5feb","itemId":"62bb58ab7956cf026ce0dcbc","flip":0,"rot":0,"z":13,"y":0,"x":57,"pageNo":0},{"_id":"62bb5b69aa18ad7dfa6e5fec","itemId":"62bb59055c1e79127ec85ba6","flip":0,"rot":0,"z":14,"y":0,"x":86,"pageNo":0},{"_id":"62bb5b69aa18ad7dfa6e5fed","itemId":"62bb59254233100265e23bff","flip":0,"rot":0,"z":15,"y":0,"x":114,"pageNo":0},{"_id":"62bb5b69aa18ad7dfa6e5fee","itemId":"62bb59360f87e012726ff694","flip":0,"rot":0,"z":16,"y":2,"x":138,"pageNo":0},{"_id":"62bb5b69aa18ad7dfa6e5fef","itemId":"62bb59495c1e79127ec85ba8","flip":0,"rot":0,"z":17,"y":30,"x":2,"pageNo":0},{"_id":"62bb5b69aa18ad7dfa6e5ff0","itemId":"62bb59770f87e012726ff6ae","flip":0,"rot":0,"z":18,"y":29,"x":28,"pageNo":0},{"_id":"62bb5b69aa18ad7dfa6e5ff1","itemId":"62bb59b107460b7dec8be390","flip":0,"rot":0,"z":19,"y":29,"x":58,"pageNo":0},{"_id":"62bb5b69aa18ad7dfa6e5ff2","itemId":"62bb59c7b1d27f7df48b0342","flip":0,"rot":0,"z":20,"y":29,"x":86,"pageNo":0},{"_id":"62bb5b69aa18ad7dfa6e5ff3","itemId":"62bb59ee0f87e012726ff6cd","flip":0,"rot":0,"z":21,"y":31,"x":115,"pageNo":0},{"_id":"62bb5b69aa18ad7dfa6e5ff4","itemId":"62bb5a0a27dd57127f52c20e","flip":0,"rot":0,"z":22,"y":31,"x":141,"pageNo":0},{"_id":"62bb5b69aa18ad7dfa6e5ff5","itemId":"62bb5a22b1d27f7df48b0343","flip":0,"rot":0,"z":23,"y":57,"x":2,"pageNo":0},{"_id":"62bb5b69aa18ad7dfa6e5ff6","itemId":"62bb5a5e0f87e012726ff6ce","flip":0,"rot":0,"z":24,"y":56,"x":31,"pageNo":0},{"_id":"62bb5b69aa18ad7dfa6e5ff7","itemId":"62bb5a7307460b7dec8be394","flip":0,"rot":0,"z":25,"y":57,"x":58,"pageNo":0},{"_id":"62bb5b69aa18ad7dfa6e5ff8","itemId":"62bb5a8f5c1e79127ec85bf7","flip":0,"rot":0,"z":26,"y":58,"x":88,"pageNo":0},{"_id":"62bb5b69aa18ad7dfa6e5ff9","itemId":"62bb5aafe845f67ded8e4631","flip":0,"rot":0,"z":27,"y":60,"x":116,"pageNo":0},{"_id":"62bb5b69aa18ad7dfa6e5ffa","itemId":"624f306d3c71521f4b442844","flip":0,"rot":0,"z":28,"y":57,"x":143,"pageNo":0},{"_id":"62bb5b69aa18ad7dfa6e5ffb","itemId":"624f59faa380ea05c20183d1","flip":0,"rot":0,"z":29,"y":114,"x":105,"pageNo":0}]}