{"isCreator":false,"contents":[{"_id":"62bc4e2907460b7dec8be76d","itemId":"628a4a223c71521f4b455038","flip":0,"rot":0,"z":0,"y":67,"x":38,"pageNo":0},{"_id":"62bc4e2907460b7dec8be76e","itemId":"62438a5f4da57d05b6f1985a","flip":0,"rot":0,"z":1,"y":38,"x":124,"pageNo":0},{"_id":"62bc4e2907460b7dec8be76f","itemId":"6286b98a20c16a1c20833607","flip":0,"rot":0,"z":2,"y":38,"x":95,"pageNo":0},{"_id":"62bc4e2907460b7dec8be770","itemId":"6271b97c20c16a1c2082ccf6","flip":0,"rot":0,"z":3,"y":67,"x":95,"pageNo":0},{"_id":"62bc4e2907460b7dec8be771","itemId":"627112aa2ebf981f5c9a302b","flip":0,"rot":0,"z":4,"y":38,"x":10,"pageNo":0},{"_id":"62bc4e2907460b7dec8be772","itemId":"62842edc71517c05af810784","flip":0,"rot":0,"z":5,"y":67,"x":124,"pageNo":0},{"_id":"62bc4e2907460b7dec8be773","itemId":"624f40203c71521f4b442a23","flip":0,"rot":0,"z":6,"y":67,"x":67,"pageNo":0},{"_id":"62bc4e2907460b7dec8be774","itemId":"624dc86f2079481f4a1d6b95","flip":0,"rot":0,"z":7,"y":38,"x":38,"pageNo":0},{"_id":"62bc4e2907460b7dec8be775","itemId":"628f61f13aecf61c1fd1f15e","flip":0,"rot":0,"z":8,"y":38,"x":67,"pageNo":0},{"_id":"62bc4e2907460b7dec8be776","itemId":"623e3bf13c71521f4b43cce0","flip":0,"rot":0,"z":9,"y":67,"x":10,"pageNo":0}]}