{"isCreator":false,"contents":[{"_id":"62b90ac3e8cd4a05ac0b4eaf","itemId":"624f50483ce0c505b15afad1","flip":0,"rot":0,"z":0,"y":0,"x":0,"pageNo":0},{"_id":"62b90ac3e8cd4a05ac0b4eb0","itemId":"624f5090b1de041c195e7245","flip":0,"rot":0,"z":1,"y":0,"x":28,"pageNo":0},{"_id":"62b90ac3e8cd4a05ac0b4eb1","itemId":"624f51393ce0c505b15afad4","flip":0,"rot":0,"z":2,"y":0,"x":57,"pageNo":0},{"_id":"62b90ac3e8cd4a05ac0b4eb2","itemId":"624f5b19786dfd05b0b1891c","flip":0,"rot":0,"z":3,"y":0,"x":112,"pageNo":0},{"_id":"62b90ac3e8cd4a05ac0b4eb3","itemId":"624f5bda2ebf981f5c99832c","flip":0,"rot":0,"z":4,"y":1,"x":139,"pageNo":0},{"_id":"62b90ac3e8cd4a05ac0b4eb4","itemId":"624f5f6cee34491c18fd3296","flip":0,"rot":0,"z":5,"y":19,"x":0,"pageNo":0},{"_id":"62b90ac3e8cd4a05ac0b4eb5","itemId":"624f618eb1de041c195e728b","flip":0,"rot":0,"z":6,"y":29,"x":29,"pageNo":0},{"_id":"62b90ac3e8cd4a05ac0b4eb6","itemId":"624f6c489aea641f4d34ce7e","flip":0,"rot":0,"z":7,"y":22,"x":87,"pageNo":0},{"_id":"62b90ac3e8cd4a05ac0b4eb7","itemId":"624f6d34a380ea05c2018427","flip":0,"rot":0,"z":8,"y":19,"x":114,"pageNo":0},{"_id":"62b90ac3e8cd4a05ac0b4eb8","itemId":"624f63dd20c16a1c20822412","flip":0,"rot":0,"z":9,"y":29,"x":57,"pageNo":0},{"_id":"62b90ac3e8cd4a05ac0b4eb9","itemId":"624f6e52a380ea05c201842c","flip":0,"rot":0,"z":10,"y":26,"x":140,"pageNo":0},{"_id":"62b90ac3e8cd4a05ac0b4eba","itemId":"624f715620c16a1c2082246b","flip":0,"rot":0,"z":11,"y":46,"x":0,"pageNo":0},{"_id":"62b90ac3e8cd4a05ac0b4ebb","itemId":"624f7ede2ebf981f5c99843b","flip":0,"rot":0,"z":12,"y":46,"x":26,"pageNo":0},{"_id":"62b90ac3e8cd4a05ac0b4ebc","itemId":"624f7f851b92df05b3af7c39","flip":0,"rot":0,"z":13,"y":48,"x":57,"pageNo":0},{"_id":"62b90ac3e8cd4a05ac0b4ebd","itemId":"624f7ff93aecf61c1fd0b10a","flip":0,"rot":0,"z":14,"y":48,"x":85,"pageNo":0},{"_id":"62b90ac3e8cd4a05ac0b4ebe","itemId":"624f829d2ebf981f5c99844b","flip":0,"rot":0,"z":15,"y":43,"x":114,"pageNo":0},{"_id":"62b90ac3e8cd4a05ac0b4ebf","itemId":"624f8309b1de041c195e732f","flip":0,"rot":0,"z":16,"y":47,"x":139,"pageNo":0},{"_id":"62b90ac3e8cd4a05ac0b4ec0","itemId":"624f83a2ee34491c18fd343d","flip":0,"rot":0,"z":17,"y":76,"x":0,"pageNo":0},{"_id":"62b90ac3e8cd4a05ac0b4ec1","itemId":"625011f22ebf981f5c99862d","flip":0,"rot":0,"z":18,"y":74,"x":82,"pageNo":0},{"_id":"62b90ac3e8cd4a05ac0b4ec2","itemId":"62501270ee34491c18fd36ca","flip":0,"rot":0,"z":19,"y":72,"x":112,"pageNo":0},{"_id":"62b90ac3e8cd4a05ac0b4ec3","itemId":"6250134a160e8705b80fc48b","flip":0,"rot":0,"z":20,"y":74,"x":138,"pageNo":0},{"_id":"62b90ac3e8cd4a05ac0b4ec4","itemId":"6250140b20c16a1c2082271b","flip":0,"rot":0,"z":21,"y":99,"x":-4,"pageNo":0},{"_id":"62b90ac3e8cd4a05ac0b4ec5","itemId":"62501d14ee34491c18fd36f6","flip":0,"rot":0,"z":22,"y":95,"x":86,"pageNo":0},{"_id":"62b90ac3e8cd4a05ac0b4ec6","itemId":"624f85721b92df05b3af7c4d","flip":0,"rot":0,"z":23,"y":67,"x":29,"pageNo":0},{"_id":"62b90ac3e8cd4a05ac0b4ec7","itemId":"62501dcfda5ba705b1ab8662","flip":0,"rot":0,"z":24,"y":97,"x":113,"pageNo":0},{"_id":"62b90ac3e8cd4a05ac0b4ec8","itemId":"62501e35160e8705b80fc4b9","flip":0,"rot":0,"z":25,"y":95,"x":143,"pageNo":0},{"_id":"62b90ac3e8cd4a05ac0b4ec9","itemId":"62501eba9aea641f4d34d114","flip":0,"rot":0,"z":26,"y":116,"x":-4,"pageNo":0},{"_id":"62b90ac3e8cd4a05ac0b4eca","itemId":"62501f46160e8705b80fc4c0","flip":0,"rot":0,"z":27,"y":114,"x":24,"pageNo":0},{"_id":"62b90ac3e8cd4a05ac0b4ecb","itemId":"625020d0160e8705b80fc4c5","flip":0,"rot":0,"z":28,"y":115,"x":57,"pageNo":0},{"_id":"62b90ac3e8cd4a05ac0b4ecc","itemId":"624f3f0f3c71521f4b442a19","flip":0,"rot":0,"z":29,"y":114,"x":133,"pageNo":0},{"_id":"62b90ac3e8cd4a05ac0b4ecd","itemId":"62502152160e8705b80fc4c7","flip":0,"rot":0,"z":30,"y":114,"x":85,"pageNo":0},{"_id":"62b90ac3e8cd4a05ac0b4ece","itemId":"625021dd9aea641f4d34d139","flip":0,"rot":0,"z":31,"y":124,"x":114,"pageNo":0},{"_id":"62b90ac3e8cd4a05ac0b4ecf","itemId":"624f52249aea641f4d34cd83","flip":0,"rot":0,"z":32,"y":2,"x":88,"pageNo":0},{"_id":"62b90ac3e8cd4a05ac0b4ed0","itemId":"625015a784b67b05bd7cf1f6","flip":0,"rot":0,"z":33,"y":95,"x":57,"pageNo":0},{"_id":"62b90ac3e8cd4a05ac0b4ed1","itemId":"625011fcda5ba705b1ab859f","flip":0,"rot":0,"z":34,"y":76,"x":57,"pageNo":0},{"_id":"62b90ac3e8cd4a05ac0b4ed2","itemId":"625014a784b67b05bd7cf1f5","flip":0,"rot":0,"z":35,"y":95,"x":29,"pageNo":0}]}