{"isCreator":false,"contents":[{"_id":"62bf08cc7956cf026ce0ee62","itemId":"6271ba212079481f4a1e1eb6","flip":0,"rot":0,"z":0,"y":2,"x":3,"pageNo":0},{"_id":"62bf08cc7956cf026ce0ee63","itemId":"6271bb6b44376e045c04d6c5","flip":0,"rot":0,"z":1,"y":2,"x":24,"pageNo":0},{"_id":"62bf08cc7956cf026ce0ee64","itemId":"6271bbbe9aea641f4d357402","flip":0,"rot":0,"z":2,"y":3,"x":45,"pageNo":0},{"_id":"62bf08cc7956cf026ce0ee65","itemId":"6271bc849aea641f4d357406","flip":0,"rot":0,"z":3,"y":0,"x":66,"pageNo":0},{"_id":"62bf08cc7956cf026ce0ee66","itemId":"62725d039aea641f4d35768b","flip":0,"rot":0,"z":4,"y":2,"x":86,"pageNo":0},{"_id":"62bf08cc7956cf026ce0ee67","itemId":"62725d9f0a601e05b1f5fb88","flip":0,"rot":0,"z":5,"y":1,"x":106,"pageNo":0},{"_id":"62bf08cc7956cf026ce0ee68","itemId":"62725eb6fe273205bd9674c4","flip":0,"rot":0,"z":6,"y":1,"x":126,"pageNo":0},{"_id":"62bf08cc7956cf026ce0ee69","itemId":"6272614dc491da05b3e0b353","flip":0,"rot":0,"z":7,"y":22,"x":3,"pageNo":0},{"_id":"62bf08cc7956cf026ce0ee6a","itemId":"627261f454af3d05b0cef5c9","flip":0,"rot":0,"z":8,"y":21,"x":24,"pageNo":0},{"_id":"62bf08cc7956cf026ce0ee6b","itemId":"627262243c71521f4b44d263","flip":0,"rot":0,"z":9,"y":20,"x":45,"pageNo":0},{"_id":"62bf08cc7956cf026ce0ee6c","itemId":"62726251c491da05b3e0b358","flip":0,"rot":0,"z":10,"y":21,"x":66,"pageNo":0},{"_id":"62bf08cc7956cf026ce0ee6d","itemId":"627264ea3c71521f4b44d26b","flip":0,"rot":0,"z":11,"y":22,"x":104,"pageNo":0},{"_id":"62bf08cc7956cf026ce0ee6e","itemId":"627266e9b1de041c195f1ac7","flip":0,"rot":0,"z":12,"y":43,"x":2,"pageNo":0},{"_id":"62bf08cc7956cf026ce0ee6f","itemId":"6272683f54af3d05b0cef5f8","flip":0,"rot":0,"z":13,"y":42,"x":24,"pageNo":0},{"_id":"62bf08cc7956cf026ce0ee70","itemId":"62726af9fe273205bd967519","flip":0,"rot":0,"z":14,"y":41,"x":69,"pageNo":0},{"_id":"62bf08cc7956cf026ce0ee71","itemId":"62726b579aea641f4d3576f6","flip":0,"rot":0,"z":15,"y":40,"x":88,"pageNo":0},{"_id":"62bf08cc7956cf026ce0ee72","itemId":"62726c572ebf981f5c9a36ba","flip":0,"rot":0,"z":16,"y":41,"x":102,"pageNo":0},{"_id":"62bf08cc7956cf026ce0ee73","itemId":"6272f43fc491da05b3e0b632","flip":0,"rot":0,"z":17,"y":77,"x":3,"pageNo":0},{"_id":"62bf08cc7956cf026ce0ee74","itemId":"6272f71354af3d05b0cef8e1","flip":0,"rot":0,"z":18,"y":79,"x":24,"pageNo":0},{"_id":"62bf08cc7956cf026ce0ee75","itemId":"6272fad9ee34491c18fde11d","flip":0,"rot":0,"z":19,"y":81,"x":45,"pageNo":0},{"_id":"62bf08cc7956cf026ce0ee76","itemId":"6272fd2e54af3d05b0cef8ff","flip":0,"rot":0,"z":20,"y":79,"x":67,"pageNo":0},{"_id":"62bf08cc7956cf026ce0ee77","itemId":"6272fe5254af3d05b0cef934","flip":0,"rot":0,"z":21,"y":79,"x":88,"pageNo":0},{"_id":"62bf08cc7956cf026ce0ee78","itemId":"6272ff46c491da05b3e0b671","flip":0,"rot":0,"z":22,"y":81,"x":108,"pageNo":0},{"_id":"62bf08cc7956cf026ce0ee79","itemId":"627302c72ebf981f5c9a393e","flip":0,"rot":0,"z":23,"y":80,"x":130,"pageNo":0},{"_id":"62bf08cc7956cf026ce0ee7a","itemId":"6273034e0a601e05b1f5fe5c","flip":0,"rot":0,"z":24,"y":99,"x":3,"pageNo":0},{"_id":"62bf08cc7956cf026ce0ee7b","itemId":"62730c82b1de041c195f1e05","flip":0,"rot":0,"z":25,"y":101,"x":88,"pageNo":0},{"_id":"62bf08cc7956cf026ce0ee7c","itemId":"62730cdefe273205bd96789a","flip":0,"rot":0,"z":26,"y":102,"x":108,"pageNo":0},{"_id":"62bf08cc7956cf026ce0ee7d","itemId":"62730d482079481f4a1e24f6","flip":0,"rot":0,"z":27,"y":101,"x":130,"pageNo":0},{"_id":"62bf08cc7956cf026ce0ee7e","itemId":"62730e8db1de041c195f1e2f","flip":0,"rot":0,"z":28,"y":119,"x":4,"pageNo":0},{"_id":"62bf08cc7956cf026ce0ee7f","itemId":"6273102254af3d05b0cef9b5","flip":0,"rot":0,"z":29,"y":117,"x":24,"pageNo":0},{"_id":"62bf08cc7956cf026ce0ee80","itemId":"627315ff3c71521f4b44d5db","flip":0,"rot":0,"z":30,"y":118,"x":45,"pageNo":0},{"_id":"62bf08cc7956cf026ce0ee81","itemId":"627318760a601e05b1f5ff2f","flip":0,"rot":0,"z":31,"y":120,"x":86,"pageNo":0},{"_id":"62bf08cc7956cf026ce0ee82","itemId":"627319a7c491da05b3e0b743","flip":0,"rot":0,"z":32,"y":118,"x":110,"pageNo":0},{"_id":"62bf08cc7956cf026ce0ee83","itemId":"627307f0fe273205bd96787b","flip":0,"rot":0,"z":33,"y":97,"x":25,"pageNo":0},{"_id":"62bf08cc7956cf026ce0ee84","itemId":"62730a663c71521f4b44d52b","flip":0,"rot":0,"z":34,"y":100,"x":46,"pageNo":0},{"_id":"62bf08cc7956cf026ce0ee85","itemId":"62730bec3c71521f4b44d534","flip":0,"rot":0,"z":35,"y":98,"x":67,"pageNo":0},{"_id":"62bf08cc7956cf026ce0ee86","itemId":"6272f48054af3d05b0cef8a5","flip":0,"rot":0,"z":36,"y":48,"x":63,"pageNo":0},{"_id":"62bf08cc7956cf026ce0ee87","itemId":"627317db2ebf981f5c9a3a1a","flip":0,"rot":0,"z":37,"y":121,"x":66,"pageNo":0},{"_id":"62bf08cc7956cf026ce0ee88","itemId":"62726cddc491da05b3e0b394","flip":0,"rot":0,"z":38,"y":47,"x":124,"pageNo":0},{"_id":"62bf08cc7956cf026ce0ee89","itemId":"62726a740a601e05b1f5fbc3","flip":0,"rot":0,"z":39,"y":46,"x":44,"pageNo":0},{"_id":"62bf08cc7956cf026ce0ee8a","itemId":"627265c23aecf61c1fd167fd","flip":0,"rot":0,"z":40,"y":21,"x":126,"pageNo":0},{"_id":"62bf08cc7956cf026ce0ee8b","itemId":"6272646a3aecf61c1fd167f9","flip":0,"rot":0,"z":41,"y":20,"x":89,"pageNo":0},{"_id":"62bf08cc7956cf026ce0ee8c","itemId":"624f3f0f3c71521f4b442a19","flip":0,"rot":0,"z":42,"y":106,"x":126,"pageNo":0}]}