{"isCreator":false,"contents":[{"_id":"62bf09434069c705b16cb3a2","itemId":"6271137fb1de041c195f13a3","flip":0,"rot":0,"z":0,"y":1,"x":0,"pageNo":0},{"_id":"62bf09434069c705b16cb3a3","itemId":"627113ee2ebf981f5c9a302d","flip":0,"rot":0,"z":1,"y":2,"x":21,"pageNo":0},{"_id":"62bf09434069c705b16cb3a4","itemId":"627114699aea641f4d357105","flip":0,"rot":0,"z":2,"y":-1,"x":42,"pageNo":0},{"_id":"62bf09434069c705b16cb3a5","itemId":"6271164244376e045c04d3dc","flip":0,"rot":0,"z":3,"y":1,"x":62,"pageNo":0},{"_id":"62bf09434069c705b16cb3a6","itemId":"627116bd9aea641f4d357108","flip":0,"rot":0,"z":4,"y":-1,"x":83,"pageNo":0},{"_id":"62bf09434069c705b16cb3a7","itemId":"627116d5b1de041c195f13a8","flip":0,"rot":0,"z":5,"y":-1,"x":102,"pageNo":0},{"_id":"62bf09434069c705b16cb3a8","itemId":"6271174e2ebf981f5c9a3040","flip":0,"rot":0,"z":6,"y":0,"x":122,"pageNo":0},{"_id":"62bf09434069c705b16cb3a9","itemId":"62714a433aecf61c1fd15fa6","flip":0,"rot":0,"z":7,"y":17,"x":-1,"pageNo":0},{"_id":"62bf09434069c705b16cb3aa","itemId":"62714b6fb1de041c195f1422","flip":0,"rot":0,"z":8,"y":17,"x":20,"pageNo":0},{"_id":"62bf09434069c705b16cb3ab","itemId":"62714c67ca2dd0045aabdd5c","flip":0,"rot":0,"z":9,"y":17,"x":42,"pageNo":0},{"_id":"62bf09434069c705b16cb3ac","itemId":"6271598b3aecf61c1fd16003","flip":0,"rot":0,"z":10,"y":17,"x":63,"pageNo":0},{"_id":"62bf09434069c705b16cb3ad","itemId":"62715b77d37a480454f3a3e8","flip":0,"rot":0,"z":11,"y":19,"x":84,"pageNo":0},{"_id":"62bf09434069c705b16cb3ae","itemId":"62715c7bb1de041c195f145a","flip":0,"rot":0,"z":12,"y":20,"x":103,"pageNo":0},{"_id":"62bf09434069c705b16cb3af","itemId":"62715d1a44376e045c04d4eb","flip":0,"rot":0,"z":13,"y":19,"x":125,"pageNo":0},{"_id":"62bf09434069c705b16cb3b0","itemId":"62719475d37a480454f3a4dc","flip":0,"rot":0,"z":14,"y":33,"x":0,"pageNo":0},{"_id":"62bf09434069c705b16cb3b1","itemId":"627194e29aea641f4d3572d8","flip":0,"rot":0,"z":15,"y":35,"x":21,"pageNo":0},{"_id":"62bf09434069c705b16cb3b2","itemId":"627196ea3c71521f4b44ce38","flip":0,"rot":0,"z":16,"y":39,"x":42,"pageNo":0},{"_id":"62bf09434069c705b16cb3b3","itemId":"6271984620c16a1c2082cbff","flip":0,"rot":0,"z":17,"y":37,"x":63,"pageNo":0},{"_id":"62bf09434069c705b16cb3b4","itemId":"627199efb1de041c195f1582","flip":0,"rot":0,"z":18,"y":36,"x":84,"pageNo":0},{"_id":"62bf09434069c705b16cb3b5","itemId":"62719a50ca2dd0045aabde87","flip":0,"rot":0,"z":19,"y":36,"x":106,"pageNo":0},{"_id":"62bf09434069c705b16cb3b6","itemId":"62719b3f20c16a1c2082cc4d","flip":0,"rot":0,"z":20,"y":35,"x":126,"pageNo":0},{"_id":"62bf09434069c705b16cb3b7","itemId":"62719bb2cda36f045b90f9a1","flip":0,"rot":0,"z":21,"y":52,"x":0,"pageNo":0},{"_id":"62bf09434069c705b16cb3b8","itemId":"62719dad3c71521f4b44ce81","flip":0,"rot":0,"z":22,"y":52,"x":41,"pageNo":0},{"_id":"62bf09434069c705b16cb3b9","itemId":"62719e3cd37a480454f3a508","flip":0,"rot":0,"z":23,"y":53,"x":63,"pageNo":0},{"_id":"62bf09434069c705b16cb3ba","itemId":"62719e7d2079481f4a1e1e1d","flip":0,"rot":0,"z":24,"y":53,"x":84,"pageNo":0},{"_id":"62bf09434069c705b16cb3bb","itemId":"62719ec22079481f4a1e1e1e","flip":0,"rot":0,"z":25,"y":51,"x":105,"pageNo":0},{"_id":"62bf09434069c705b16cb3bc","itemId":"62719ff5d37a480454f3a50c","flip":0,"rot":0,"z":26,"y":49,"x":125,"pageNo":0},{"_id":"62bf09434069c705b16cb3bd","itemId":"6271a08a9aea641f4d357363","flip":0,"rot":0,"z":27,"y":70,"x":0,"pageNo":0},{"_id":"62bf09434069c705b16cb3be","itemId":"6271a155d37a480454f3a514","flip":0,"rot":0,"z":28,"y":68,"x":20,"pageNo":0},{"_id":"62bf09434069c705b16cb3bf","itemId":"6271a446b1de041c195f1646","flip":0,"rot":0,"z":29,"y":72,"x":40,"pageNo":0},{"_id":"62bf09434069c705b16cb3c0","itemId":"6271a50eee34491c18fddac5","flip":0,"rot":0,"z":30,"y":70,"x":82,"pageNo":0},{"_id":"62bf09434069c705b16cb3c1","itemId":"6271a7f7d37a480454f3a538","flip":0,"rot":0,"z":31,"y":68,"x":105,"pageNo":0},{"_id":"62bf09434069c705b16cb3c2","itemId":"6271a8fbca2dd0045aabdeee","flip":0,"rot":0,"z":32,"y":70,"x":126,"pageNo":0},{"_id":"62bf09434069c705b16cb3c3","itemId":"6271a9dbcda36f045b90f9d0","flip":0,"rot":0,"z":33,"y":85,"x":0,"pageNo":0},{"_id":"62bf09434069c705b16cb3c4","itemId":"6271ab3944376e045c04d633","flip":0,"rot":0,"z":34,"y":87,"x":20,"pageNo":0},{"_id":"62bf09434069c705b16cb3c5","itemId":"6271abf244376e045c04d636","flip":0,"rot":0,"z":35,"y":87,"x":41,"pageNo":0},{"_id":"62bf09434069c705b16cb3c6","itemId":"6271ac63ca2dd0045aabdf3f","flip":0,"rot":0,"z":36,"y":84,"x":62,"pageNo":0},{"_id":"62bf09434069c705b16cb3c7","itemId":"6271b04220c16a1c2082ccb6","flip":0,"rot":0,"z":37,"y":85,"x":82,"pageNo":0},{"_id":"62bf09434069c705b16cb3c8","itemId":"6271b3933aecf61c1fd1637c","flip":0,"rot":0,"z":38,"y":86,"x":105,"pageNo":0},{"_id":"62bf09434069c705b16cb3c9","itemId":"6271b4cd20c16a1c2082ccbc","flip":0,"rot":0,"z":39,"y":86,"x":126,"pageNo":0},{"_id":"62bf09434069c705b16cb3ca","itemId":"6271b5829aea641f4d3573a9","flip":0,"rot":0,"z":40,"y":108,"x":0,"pageNo":0},{"_id":"62bf09434069c705b16cb3cb","itemId":"6271b5d8b1de041c195f1694","flip":0,"rot":0,"z":41,"y":109,"x":20,"pageNo":0},{"_id":"62bf09434069c705b16cb3cc","itemId":"6271b6b49aea641f4d3573d6","flip":0,"rot":0,"z":42,"y":106,"x":41,"pageNo":0},{"_id":"62bf09434069c705b16cb3cd","itemId":"6271b8b8b1de041c195f16cd","flip":0,"rot":0,"z":43,"y":106,"x":62,"pageNo":0},{"_id":"62bf09434069c705b16cb3ce","itemId":"624f3f0f3c71521f4b442a19","flip":0,"rot":0,"z":44,"y":110,"x":133,"pageNo":0},{"_id":"62bf09434069c705b16cb3cf","itemId":"6271a32dcda36f045b90f9ba","flip":0,"rot":0,"z":45,"y":106,"x":83,"pageNo":0},{"_id":"62bf09434069c705b16cb3d0","itemId":"62719d383c71521f4b44ce80","flip":0,"rot":0,"z":46,"y":53,"x":21,"pageNo":0},{"_id":"62bf09434069c705b16cb3d1","itemId":"6271a481b1de041c195f1647","flip":0,"rot":0,"z":47,"y":69,"x":61,"pageNo":0}]}