{"isCreator":false,"contents":[{"_id":"62bb8f9f27dd57127f52c450","itemId":"624f3f0f3c71521f4b442a19","flip":0,"rot":0,"z":0,"y":116,"x":135,"pageNo":0},{"_id":"62bb8f9f27dd57127f52c451","itemId":"6284dd819aea641f4d35d405","flip":0,"rot":0,"z":1,"y":56,"x":58,"pageNo":0},{"_id":"62bb8f9f27dd57127f52c452","itemId":"62bb81987956cf026ce0dd9f","flip":0,"rot":0,"z":2,"y":1,"x":1,"pageNo":0},{"_id":"62bb8f9f27dd57127f52c453","itemId":"62bb81b74233100265e23ccd","flip":0,"rot":0,"z":3,"y":1,"x":20,"pageNo":0},{"_id":"62bb8f9f27dd57127f52c454","itemId":"62bb832e27dd57127f52c34a","flip":0,"rot":0,"z":4,"y":1,"x":39,"pageNo":0},{"_id":"62bb8f9f27dd57127f52c455","itemId":"62bb8342060521026ad3749d","flip":0,"rot":0,"z":5,"y":1,"x":58,"pageNo":0},{"_id":"62bb8f9f27dd57127f52c456","itemId":"62bb8358060521026ad3749e","flip":0,"rot":0,"z":6,"y":1,"x":77,"pageNo":0},{"_id":"62bb8f9f27dd57127f52c457","itemId":"62bb8abcb1d27f7df48b041f","flip":0,"rot":0,"z":7,"y":1,"x":95,"pageNo":0},{"_id":"62bb8f9f27dd57127f52c458","itemId":"62bb8acf4233100265e23d1e","flip":0,"rot":0,"z":8,"y":1,"x":114,"pageNo":0},{"_id":"62bb8f9f27dd57127f52c459","itemId":"62bb8ae292a19d0263bc4045","flip":0,"rot":0,"z":9,"y":1,"x":132,"pageNo":0},{"_id":"62bb8f9f27dd57127f52c45a","itemId":"62bb8af707460b7dec8be4b4","flip":0,"rot":0,"z":10,"y":19,"x":1,"pageNo":0},{"_id":"62bb8f9f27dd57127f52c45b","itemId":"62bb8b1f060521026ad374e1","flip":0,"rot":0,"z":11,"y":19,"x":20,"pageNo":0},{"_id":"62bb8f9f27dd57127f52c45c","itemId":"62bb8b510f87e012726ff7f6","flip":0,"rot":0,"z":12,"y":20,"x":39,"pageNo":0},{"_id":"62bb8f9f27dd57127f52c45d","itemId":"62bb8b62e845f67ded8e480d","flip":0,"rot":0,"z":13,"y":20,"x":58,"pageNo":0},{"_id":"62bb8f9f27dd57127f52c45e","itemId":"62bb8d54e845f67ded8e4813","flip":0,"rot":0,"z":14,"y":20,"x":95,"pageNo":0},{"_id":"62bb8f9f27dd57127f52c45f","itemId":"62bb8b954233100265e23d4f","flip":0,"rot":0,"z":15,"y":20,"x":76,"pageNo":0},{"_id":"62bb8f9f27dd57127f52c460","itemId":"62bb8d72aa18ad7dfa6e610b","flip":0,"rot":0,"z":16,"y":20,"x":114,"pageNo":0},{"_id":"62bb8f9f27dd57127f52c461","itemId":"62bb8d8164df3a1278e444fc","flip":0,"rot":0,"z":17,"y":20,"x":132,"pageNo":0},{"_id":"62bb8f9f27dd57127f52c462","itemId":"62bb8d9127dd57127f52c41a","flip":0,"rot":0,"z":18,"y":38,"x":1,"pageNo":0},{"_id":"62bb8f9f27dd57127f52c463","itemId":"62bb8d9f64df3a1278e444fd","flip":0,"rot":0,"z":19,"y":38,"x":20,"pageNo":0},{"_id":"62bb8f9f27dd57127f52c464","itemId":"62bb8db5b1d27f7df48b042b","flip":0,"rot":0,"z":20,"y":38,"x":39,"pageNo":0},{"_id":"62bb8f9f27dd57127f52c465","itemId":"62bb8ddb4233100265e23db0","flip":0,"rot":0,"z":21,"y":39,"x":76,"pageNo":0},{"_id":"62bb8f9f27dd57127f52c466","itemId":"62bb8dfdaa18ad7dfa6e6194","flip":0,"rot":0,"z":22,"y":38,"x":95,"pageNo":0},{"_id":"62bb8f9f27dd57127f52c467","itemId":"62bb8e0f060521026ad37541","flip":0,"rot":0,"z":23,"y":38,"x":114,"pageNo":0},{"_id":"62bb8f9f27dd57127f52c468","itemId":"62bb8e257956cf026ce0de18","flip":0,"rot":0,"z":24,"y":39,"x":132,"pageNo":0},{"_id":"62bb8f9f27dd57127f52c469","itemId":"62bb8e3892a19d0263bc407f","flip":0,"rot":0,"z":25,"y":57,"x":1,"pageNo":0},{"_id":"62bb8f9f27dd57127f52c46a","itemId":"62bb8e4807460b7dec8be4ec","flip":0,"rot":0,"z":26,"y":57,"x":20,"pageNo":0},{"_id":"62bb8f9f27dd57127f52c46b","itemId":"62bb8e647956cf026ce0de19","flip":0,"rot":0,"z":27,"y":57,"x":39,"pageNo":0},{"_id":"62bb8f9f27dd57127f52c46c","itemId":"62bb8dc80f87e012726ff7fc","flip":0,"rot":0,"z":28,"y":39,"x":58,"pageNo":0},{"_id":"62bb8f9f27dd57127f52c46d","itemId":"62bb8e897956cf026ce0de1b","flip":0,"rot":0,"z":29,"y":56,"x":77,"pageNo":0},{"_id":"62bb8f9f27dd57127f52c46e","itemId":"62bb8e990f87e012726ff85b","flip":0,"rot":0,"z":30,"y":55,"x":96,"pageNo":0},{"_id":"62bb8f9f27dd57127f52c46f","itemId":"62bb8ea692a19d0263bc4081","flip":0,"rot":0,"z":31,"y":57,"x":115,"pageNo":0},{"_id":"62bb8f9f27dd57127f52c470","itemId":"62bb8eb5b1d27f7df48b048b","flip":0,"rot":0,"z":32,"y":57,"x":133,"pageNo":0},{"_id":"62bb8f9f27dd57127f52c471","itemId":"62bb8ec507460b7dec8be4f0","flip":0,"rot":0,"z":33,"y":74,"x":1,"pageNo":0},{"_id":"62bb8f9f27dd57127f52c472","itemId":"62bb8ed3060521026ad3759c","flip":0,"rot":0,"z":34,"y":74,"x":20,"pageNo":0},{"_id":"62bb8f9f27dd57127f52c473","itemId":"62bb8ee1aa18ad7dfa6e61c5","flip":0,"rot":0,"z":35,"y":75,"x":39,"pageNo":0},{"_id":"62bb8f9f27dd57127f52c474","itemId":"62bb8ef05c1e79127ec85d27","flip":0,"rot":0,"z":36,"y":74,"x":58,"pageNo":0},{"_id":"62bb8f9f27dd57127f52c475","itemId":"62bb8f2107460b7dec8be4f2","flip":0,"rot":0,"z":37,"y":74,"x":77,"pageNo":0},{"_id":"62bb8f9f27dd57127f52c476","itemId":"62bb8f2e64df3a1278e4452f","flip":0,"rot":0,"z":38,"y":74,"x":96,"pageNo":0},{"_id":"62bb8f9f27dd57127f52c477","itemId":"62bb8f3c64df3a1278e44530","flip":0,"rot":0,"z":39,"y":74,"x":115,"pageNo":0},{"_id":"62bb8f9f27dd57127f52c478","itemId":"62bb8f53b1d27f7df48b048f","flip":0,"rot":0,"z":40,"y":74,"x":133,"pageNo":0},{"_id":"62bb8f9f27dd57127f52c479","itemId":"62bb8f7564df3a1278e44541","flip":0,"rot":0,"z":41,"y":92,"x":39,"pageNo":0},{"_id":"62bb8f9f27dd57127f52c47a","itemId":"62bb8f8864df3a1278e44542","flip":0,"rot":0,"z":42,"y":93,"x":58,"pageNo":0},{"_id":"62bb8f9f27dd57127f52c47b","itemId":"62bb8f93aa18ad7dfa6e61e6","flip":0,"rot":0,"z":43,"y":92,"x":77,"pageNo":0},{"_id":"62bb8f9f27dd57127f52c47c","itemId":"628578ddb1de041c195f7a0d","flip":0,"rot":0,"z":44,"y":93,"x":95,"pageNo":0}]}