{"isCreator":false,"contents":[{"_id":"62c240867956cf026ce0fd5d","itemId":"628a4afb20c16a1c20834b02","flip":0,"rot":0,"z":0,"y":1,"x":2,"pageNo":0},{"_id":"62c240867956cf026ce0fd5e","itemId":"628a4bba3aecf61c1fd1dbc9","flip":0,"rot":0,"z":1,"y":1,"x":23,"pageNo":0},{"_id":"62c240867956cf026ce0fd5f","itemId":"628a8c4d9e81d405b32aebf0","flip":0,"rot":0,"z":2,"y":1,"x":64,"pageNo":0},{"_id":"62c240867956cf026ce0fd60","itemId":"628a4c282ebf981f5c9aacbd","flip":0,"rot":0,"z":3,"y":0,"x":43,"pageNo":0},{"_id":"62c240867956cf026ce0fd61","itemId":"628b6d7231c5900452a33ac8","flip":0,"rot":0,"z":4,"y":1,"x":84,"pageNo":0},{"_id":"62c240867956cf026ce0fd62","itemId":"628b6e37b1de041c195f94e8","flip":0,"rot":0,"z":5,"y":2,"x":104,"pageNo":0},{"_id":"62c240867956cf026ce0fd63","itemId":"628b6feb31c5900452a33acc","flip":0,"rot":0,"z":6,"y":0,"x":125,"pageNo":0},{"_id":"62c240867956cf026ce0fd64","itemId":"628b70f2c0b7ef045e7ef7df","flip":0,"rot":0,"z":7,"y":21,"x":2,"pageNo":0},{"_id":"62c240867956cf026ce0fd65","itemId":"628b76c2c0b7ef045e7ef800","flip":0,"rot":0,"z":8,"y":22,"x":22,"pageNo":0},{"_id":"62c240867956cf026ce0fd66","itemId":"628b77722ebf981f5c9ab177","flip":0,"rot":0,"z":9,"y":22,"x":43,"pageNo":0},{"_id":"62c240867956cf026ce0fd67","itemId":"628b77ab3aecf61c1fd1df92","flip":0,"rot":0,"z":10,"y":22,"x":64,"pageNo":0},{"_id":"62c240867956cf026ce0fd68","itemId":"628ccb0e2079481f4a1ea82f","flip":0,"rot":0,"z":11,"y":23,"x":106,"pageNo":0},{"_id":"62c240867956cf026ce0fd69","itemId":"628d51e43aecf61c1fd1e9da","flip":0,"rot":0,"z":12,"y":22,"x":126,"pageNo":0},{"_id":"62c240867956cf026ce0fd6a","itemId":"628d606887525e05bd3be0e4","flip":0,"rot":0,"z":13,"y":42,"x":2,"pageNo":0},{"_id":"62c240867956cf026ce0fd6b","itemId":"628d6116b1de041c195fa02e","flip":0,"rot":0,"z":14,"y":43,"x":23,"pageNo":0},{"_id":"62c240867956cf026ce0fd6c","itemId":"628d621987525e05bd3be0e8","flip":0,"rot":0,"z":15,"y":42,"x":44,"pageNo":0},{"_id":"62c240867956cf026ce0fd6d","itemId":"628d631b0c9c5005c38217e6","flip":0,"rot":0,"z":16,"y":42,"x":64,"pageNo":0},{"_id":"62c240867956cf026ce0fd6e","itemId":"628d643887525e05bd3be0ee","flip":0,"rot":0,"z":17,"y":41,"x":84,"pageNo":0},{"_id":"62c240867956cf026ce0fd6f","itemId":"628d6500ee34491c18fe605c","flip":0,"rot":0,"z":18,"y":44,"x":105,"pageNo":0},{"_id":"62c240867956cf026ce0fd70","itemId":"628e1a13763e7805baa1c65a","flip":0,"rot":0,"z":19,"y":42,"x":125,"pageNo":0},{"_id":"62c240867956cf026ce0fd71","itemId":"624f3f0f3c71521f4b442a19","flip":0,"rot":0,"z":20,"y":114,"x":135,"pageNo":0},{"_id":"62c240867956cf026ce0fd72","itemId":"628cca8d20c16a1c208358b3","flip":0,"rot":0,"z":21,"y":22,"x":85,"pageNo":0}]}