{"isCreator":false,"contents":[{"_id":"629babf31fe5f205bd5852ac","itemId":"624f3f0f3c71521f4b442a19","flip":0,"rot":0,"z":0,"y":112,"x":138,"pageNo":0},{"_id":"629babf31fe5f205bd5852ad","itemId":"628f61f13aecf61c1fd1f15e","flip":0,"rot":0,"z":1,"y":112,"x":120,"pageNo":0},{"_id":"629babf31fe5f205bd5852ae","itemId":"629b46d53aecf61c1fd224c3","flip":0,"rot":0,"z":2,"y":23,"x":126,"pageNo":0},{"_id":"629babf31fe5f205bd5852af","itemId":"629b46999aea641f4d363bc9","flip":0,"rot":0,"z":3,"y":23,"x":106,"pageNo":0},{"_id":"629babf31fe5f205bd5852b0","itemId":"629b4609b1de041c195fdbe6","flip":0,"rot":0,"z":4,"y":25,"x":86,"pageNo":0},{"_id":"629babf31fe5f205bd5852b1","itemId":"629b44ce3c71521f4b459d07","flip":0,"rot":0,"z":5,"y":22,"x":66,"pageNo":0},{"_id":"629babf31fe5f205bd5852b2","itemId":"629b448de4de4905be62af8c","flip":0,"rot":0,"z":6,"y":21,"x":46,"pageNo":0},{"_id":"629babf31fe5f205bd5852b3","itemId":"629b442120c16a1c208394a2","flip":0,"rot":0,"z":7,"y":22,"x":26,"pageNo":0},{"_id":"629babf31fe5f205bd5852b4","itemId":"629b43a7b1de041c195fdbdf","flip":0,"rot":0,"z":8,"y":23,"x":5,"pageNo":0},{"_id":"629babf31fe5f205bd5852b5","itemId":"629b7a612ebf981f5c9afa56","flip":0,"rot":0,"z":9,"y":42,"x":26,"pageNo":0},{"_id":"629babf31fe5f205bd5852b6","itemId":"629b473ae4de4905be62af98","flip":0,"rot":0,"z":10,"y":42,"x":5,"pageNo":0},{"_id":"629babf31fe5f205bd5852b7","itemId":"629b7abe2079481f4a1ee55d","flip":0,"rot":0,"z":11,"y":41,"x":46,"pageNo":0},{"_id":"629babf31fe5f205bd5852b8","itemId":"629b7c50b1de041c195fdc57","flip":0,"rot":0,"z":12,"y":42,"x":66,"pageNo":0},{"_id":"629babf31fe5f205bd5852b9","itemId":"629b7cbce4de4905be62b07a","flip":0,"rot":0,"z":13,"y":42,"x":86,"pageNo":0},{"_id":"629babf31fe5f205bd5852ba","itemId":"629b7e2365360105b76f89b1","flip":0,"rot":0,"z":14,"y":42,"x":106,"pageNo":0},{"_id":"629babf31fe5f205bd5852bb","itemId":"629b9d673c71521f4b459dd7","flip":0,"rot":0,"z":15,"y":42,"x":127,"pageNo":0},{"_id":"629babf31fe5f205bd5852bc","itemId":"629b9d9820c16a1c208395b5","flip":0,"rot":0,"z":16,"y":62,"x":5,"pageNo":0},{"_id":"629babf31fe5f205bd5852bd","itemId":"629b9de82079481f4a1ee602","flip":0,"rot":0,"z":17,"y":61,"x":25,"pageNo":0},{"_id":"629babf31fe5f205bd5852be","itemId":"629b9e6220c16a1c208395b7","flip":0,"rot":0,"z":18,"y":60,"x":45,"pageNo":0},{"_id":"629babf31fe5f205bd5852bf","itemId":"629b9ea8e4de4905be62b0fd","flip":0,"rot":0,"z":19,"y":60,"x":65,"pageNo":0},{"_id":"629babf31fe5f205bd5852c0","itemId":"629b9fd99aea641f4d363cb1","flip":0,"rot":0,"z":20,"y":60,"x":86,"pageNo":0},{"_id":"629babf31fe5f205bd5852c1","itemId":"629ba0209aea641f4d363cb2","flip":0,"rot":0,"z":21,"y":60,"x":106,"pageNo":0},{"_id":"629babf31fe5f205bd5852c2","itemId":"629ba0aa3c71521f4b459df1","flip":0,"rot":0,"z":22,"y":61,"x":126,"pageNo":0},{"_id":"629babf31fe5f205bd5852c3","itemId":"629ba0d73c71521f4b459df2","flip":0,"rot":0,"z":23,"y":81,"x":5,"pageNo":0},{"_id":"629babf31fe5f205bd5852c4","itemId":"629ba123e4de4905be62b139","flip":0,"rot":0,"z":24,"y":81,"x":25,"pageNo":0},{"_id":"629babf31fe5f205bd5852c5","itemId":"629ba16c3aecf61c1fd225a9","flip":0,"rot":0,"z":25,"y":81,"x":45,"pageNo":0},{"_id":"629babf31fe5f205bd5852c6","itemId":"629ba889b1de041c195fdced","flip":0,"rot":0,"z":26,"y":80,"x":65,"pageNo":0},{"_id":"629babf31fe5f205bd5852c7","itemId":"629ba9ee1fe5f205bd5852a8","flip":0,"rot":0,"z":27,"y":80,"x":86,"pageNo":0},{"_id":"629babf31fe5f205bd5852c8","itemId":"629baa0c3aecf61c1fd225d7","flip":0,"rot":0,"z":28,"y":80,"x":106,"pageNo":0},{"_id":"629babf31fe5f205bd5852c9","itemId":"629baab7e4de4905be62b14b","flip":0,"rot":0,"z":29,"y":80,"x":126,"pageNo":0}]}