{"isCreator":false,"contents":[{"_id":"62f98f9f68b13d18d3a51500","itemId":"61d0cfab32fe5c7a0120d1fd","flip":0,"rot":0,"z":0,"y":16,"x":40,"pageNo":0},{"_id":"62f98f9f68b13d18d3a51501","itemId":"6192deadf889f265adc4d2f7","flip":0,"rot":0,"z":1,"y":41,"x":104,"pageNo":0},{"_id":"62f98f9f68b13d18d3a51502","itemId":"553506ba8de630a85c7e3ce5","flip":0,"rot":0,"z":2,"y":88,"x":41,"pageNo":0},{"_id":"62f98f9f68b13d18d3a51503","itemId":"5c16060dbe74286f8fa39d07","flip":0,"rot":0,"z":3,"y":93,"x":102,"pageNo":0},{"_id":"62f98f9f68b13d18d3a51504","itemId":"54790ac7a4249a312292d43e","flip":0,"rot":0,"z":4,"y":50,"x":35,"pageNo":0},{"_id":"62f98f9f68b13d18d3a51505","itemId":"54f86b88bc1ce75322ca9aeb","flip":0,"rot":0,"z":5,"y":81,"x":92,"pageNo":0},{"_id":"62f98f9f68b13d18d3a51506","itemId":"547e971d73a648265e2b029b","flip":0,"rot":0,"z":6,"y":91,"x":11,"pageNo":0},{"_id":"62f98f9f68b13d18d3a51507","itemId":"52eed9e29757e77734000350","flip":0,"rot":0,"z":7,"y":110,"x":65,"pageNo":0},{"_id":"62f98f9f68b13d18d3a51508","itemId":"5241d9d6de8e6aa406000048","flip":0,"rot":0,"z":8,"y":115,"x":24,"pageNo":0}]}