{"isCreator":false,"contents":[{"_id":"5490634feadb9efa658bf32a","itemId":"532b8a467e6eedc73d000204","flip":0,"rot":0,"z":0,"y":8,"x":7,"pageNo":1},{"_id":"5490634feadb9efa658bf32b","itemId":"54743300b38c012477216fb5","flip":0,"rot":0,"z":1,"y":14,"x":53,"pageNo":1},{"_id":"5490634feadb9efa658bf32c","itemId":"53c69f0dab13e06b38944564","flip":0,"rot":0,"z":2,"y":47,"x":15,"pageNo":1},{"_id":"5490634feadb9efa658bf32d","itemId":"54398aabda48c0bb624c1dd7","flip":0,"rot":0,"z":3,"y":49,"x":66,"pageNo":1},{"_id":"5490634feadb9efa658bf32e","itemId":"54524b4a2dc8312e27860030","flip":0,"rot":0,"z":4,"y":84,"x":11,"pageNo":1},{"_id":"5490634feadb9efa658bf32f","itemId":"5377beaba64302d3012bdd24","flip":0,"rot":0,"z":5,"y":0,"x":105,"pageNo":1},{"_id":"5490634feadb9efa658bf330","itemId":"530ba53a24d6fda6670007ca","flip":0,"rot":0,"z":6,"y":38,"x":114,"pageNo":1},{"_id":"5490634feadb9efa658bf331","itemId":"52f4c6157f60b2ac6d0000f4","flip":0,"rot":0,"z":7,"y":57,"x":114,"pageNo":1},{"_id":"5490634feadb9efa658bf332","itemId":"5441c58e2d4423a55ec3c0f9","flip":0,"rot":0,"z":8,"y":74,"x":50,"pageNo":1},{"_id":"5490634feadb9efa658bf333","itemId":"546c1e5cd64e9c88645aed74","flip":0,"rot":0,"z":9,"y":76,"x":86,"pageNo":1},{"_id":"5490634feadb9efa658bf334","itemId":"546c238121bfaa876416d502","flip":0,"rot":0,"z":10,"y":95,"x":114,"pageNo":1},{"_id":"5490634feadb9efa658bf335","itemId":"5487d760821a196568884fb3","flip":0,"rot":0,"z":11,"y":104,"x":54,"pageNo":1},{"_id":"5490634feadb9efa658bf336","itemId":"530a1c9efd8f21ce0a000564","flip":0,"rot":0,"z":12,"y":114,"x":10,"pageNo":1},{"_id":"5491a7ddca3516746ecef938","itemId":"533f88158fcb4317390000bf","flip":0,"rot":0,"z":0,"y":8,"x":8,"pageNo":2},{"_id":"5491a7ddca3516746ecef939","itemId":"5415e66caeef93cf29f0e253","flip":0,"rot":0,"z":1,"y":6,"x":44,"pageNo":2},{"_id":"5491a7ddca3516746ecef93a","itemId":"5315228b30e7fa1470000525","flip":0,"rot":0,"z":2,"y":18,"x":76,"pageNo":2},{"_id":"5491a7ddca3516746ecef93b","itemId":"52e9694cae309c615900000a","flip":0,"rot":0,"z":3,"y":57,"x":8,"pageNo":2},{"_id":"5491a7ddca3516746ecef93c","itemId":"530528c9ee020787040001f7","flip":0,"rot":0,"z":4,"y":54,"x":51,"pageNo":2},{"_id":"5491a7ddca3516746ecef93d","itemId":"53cb86bb91f14bc710890f71","flip":0,"rot":0,"z":5,"y":55,"x":86,"pageNo":2},{"_id":"5491a7ddca3516746ecef93e","itemId":"53f6553bef2c09b7300e5831","flip":0,"rot":0,"z":6,"y":57,"x":124,"pageNo":2},{"_id":"5491a7ddca3516746ecef93f","itemId":"53f7a32dc59a85b55b098601","flip":0,"rot":0,"z":7,"y":93,"x":8,"pageNo":2},{"_id":"549436c6563e4b515e9b4e11","itemId":"5446d2cddddc02a042de4623","flip":0,"rot":0,"z":0,"y":-9,"x":38,"pageNo":0},{"_id":"549436c6563e4b515e9b4e12","itemId":"53c3c4ee2487bf6f581f72f9","flip":0,"rot":0,"z":1,"y":-9,"x":0,"pageNo":0},{"_id":"549436c6563e4b515e9b4e13","itemId":"5333b1dbb1cef442690008f4","flip":0,"rot":0,"z":2,"y":-2,"x":79,"pageNo":0},{"_id":"549436c6563e4b515e9b4e14","itemId":"52f63b1425c9f1220f000031","flip":0,"rot":0,"z":3,"y":0,"x":95,"pageNo":0},{"_id":"549436c6563e4b515e9b4e15","itemId":"530c8adbfd8f21ce0a0008d6","flip":0,"rot":0,"z":4,"y":38,"x":0,"pageNo":0},{"_id":"549436c6563e4b515e9b4e16","itemId":"533aa669f11d41522c000189","flip":0,"rot":0,"z":5,"y":31,"x":38,"pageNo":0},{"_id":"549436c6563e4b515e9b4e17","itemId":"546492a47d113b0b1546e3fe","flip":0,"rot":0,"z":6,"y":21,"x":74,"pageNo":0},{"_id":"549436c6563e4b515e9b4e18","itemId":"546ff0e5a288030b0fe67479","flip":0,"rot":0,"z":7,"y":20,"x":113,"pageNo":0},{"_id":"549436c6563e4b515e9b4e19","itemId":"53ced481f44a71ca1b95405e","flip":0,"rot":0,"z":8,"y":25,"x":134,"pageNo":0},{"_id":"549436c6563e4b515e9b4e1a","itemId":"538bb14072bf05b96b3365b5","flip":0,"rot":0,"z":9,"y":57,"x":76,"pageNo":0},{"_id":"549436c6563e4b515e9b4e1b","itemId":"53ab75b537ea73a33d32b64c","flip":0,"rot":0,"z":10,"y":57,"x":38,"pageNo":0},{"_id":"549436c6563e4b515e9b4e1c","itemId":"536450f35e314c2a3b000682","flip":0,"rot":0,"z":11,"y":57,"x":110,"pageNo":0},{"_id":"549436c6563e4b515e9b4e1d","itemId":"52ed61359d2056b56b0000e0","flip":0,"rot":0,"z":12,"y":105,"x":10,"pageNo":0},{"_id":"549436c6563e4b515e9b4e1e","itemId":"52ea8222d974935633000195","flip":0,"rot":0,"z":13,"y":86,"x":38,"pageNo":0},{"_id":"549436c6563e4b515e9b4e1f","itemId":"52ffeab2bf7f64cd32000047","flip":0,"rot":0,"z":14,"y":76,"x":105,"pageNo":0},{"_id":"549436c6563e4b515e9b4e20","itemId":"52e9373a50d5265e51000040","flip":0,"rot":0,"z":15,"y":95,"x":95,"pageNo":0},{"_id":"549436c6563e4b515e9b4e21","itemId":"53d97b5af846537b2fbc5ea9","flip":0,"rot":0,"z":16,"y":111,"x":56,"pageNo":0},{"_id":"549436c6563e4b515e9b4e22","itemId":"53bdf6b479794942204e670f","flip":0,"rot":0,"z":17,"y":64,"x":3,"pageNo":0}]}