{"isCreator":false,"contents":[{"_id":"551c23494dbe33d1182d815b","itemId":"549b891ba9de8f0302dff646","flip":0,"rot":0,"z":0,"y":24,"x":-2,"pageNo":0},{"_id":"551c23494dbe33d1182d815c","itemId":"546a11aceb8d1ad86f8d1d70","flip":0,"rot":0,"z":1,"y":32,"x":34,"pageNo":0},{"_id":"551c23494dbe33d1182d815d","itemId":"5489ae18d91535ca13f7bb23","flip":0,"rot":0,"z":2,"y":-7,"x":-4,"pageNo":0},{"_id":"551c23494dbe33d1182d815e","itemId":"54b29fa1ac5071971094920c","flip":0,"rot":0,"z":3,"y":3,"x":33,"pageNo":0}]}