{"isCreator":false,"contents":[{"_id":"54ed29f98c7bc22d18b60029","itemId":"52c511e6e8c579f14f000318","flip":0,"rot":0,"z":0,"y":1,"x":0,"pageNo":0},{"_id":"54ed29f98c7bc22d18b6002a","itemId":"52c4d1c0cc6ee5af4f0002c6","flip":0,"rot":0,"z":1,"y":2,"x":21,"pageNo":0},{"_id":"54ed29f98c7bc22d18b6002b","itemId":"53425a0ecc05cd8e50000114","flip":0,"rot":0,"z":2,"y":5,"x":67,"pageNo":0},{"_id":"54ed29f98c7bc22d18b6002c","itemId":"54501aac9ebd5fa248d6a914","flip":0,"rot":0,"z":3,"y":11,"x":121,"pageNo":0},{"_id":"54ed29f98c7bc22d18b6002d","itemId":"5471db18a0c1fa5817f1427b","flip":0,"rot":0,"z":4,"y":10,"x":86,"pageNo":0},{"_id":"54ed29f98c7bc22d18b6002e","itemId":"53657c037775df240900079c","flip":0,"rot":0,"z":5,"y":22,"x":2,"pageNo":0},{"_id":"54ed29f98c7bc22d18b6002f","itemId":"52c4d1ab26a5fce7680002eb","flip":0,"rot":0,"z":6,"y":11,"x":23,"pageNo":0},{"_id":"54ed29f98c7bc22d18b60030","itemId":"5431a3cdef2d0a25752dfa6f","flip":0,"rot":0,"z":7,"y":59,"x":8,"pageNo":0},{"_id":"54ed29f98c7bc22d18b60031","itemId":"51fc2c716f7e4da67c000007","flip":0,"rot":0,"z":8,"y":23,"x":60,"pageNo":0},{"_id":"54ed29f98c7bc22d18b60032","itemId":"525a74e7c94483bb2a0000b4","flip":0,"rot":0,"z":9,"y":38,"x":45,"pageNo":0},{"_id":"54ed29f98c7bc22d18b60033","itemId":"51c6c0d993ecbab32d000008","flip":0,"rot":0,"z":10,"y":37,"x":65,"pageNo":0},{"_id":"54ed29f98c7bc22d18b60034","itemId":"528a70e0abf5f4e45800016d","flip":0,"rot":0,"z":11,"y":31,"x":81,"pageNo":0},{"_id":"54ed29f98c7bc22d18b60035","itemId":"51d91860884e3fe71e000005","flip":0,"rot":0,"z":12,"y":27,"x":97,"pageNo":0},{"_id":"54ed29f98c7bc22d18b60036","itemId":"5320fc8e0aa71d3d19000079","flip":0,"rot":0,"z":13,"y":31,"x":118,"pageNo":0},{"_id":"54ed29f98c7bc22d18b60037","itemId":"52c42ad226a5fce768000239","flip":0,"rot":0,"z":14,"y":58,"x":28,"pageNo":0},{"_id":"54ed29f98c7bc22d18b60038","itemId":"53a2d1f4837d4d4a517ebb60","flip":0,"rot":0,"z":15,"y":76,"x":9,"pageNo":0},{"_id":"54ed29f98c7bc22d18b60039","itemId":"52db017f442ea7e06100009b","flip":0,"rot":0,"z":16,"y":80,"x":36,"pageNo":0},{"_id":"54ed29f98c7bc22d18b6003a","itemId":"51fa9bce3eadf1ba2200000b","flip":0,"rot":0,"z":17,"y":58,"x":85,"pageNo":0},{"_id":"54ed29f98c7bc22d18b6003b","itemId":"53d6a0989cf5e09b35d7d0e5","flip":0,"rot":0,"z":18,"y":95,"x":-1,"pageNo":0},{"_id":"54ed29f98c7bc22d18b6003c","itemId":"545ef7e6e29664ca56d0e88b","flip":0,"rot":0,"z":19,"y":111,"x":-1,"pageNo":0},{"_id":"54ed29f98c7bc22d18b6003d","itemId":"545ef81c7951ead5455a7c14","flip":0,"rot":0,"z":20,"y":110,"x":18,"pageNo":0},{"_id":"54ed29f98c7bc22d18b6003e","itemId":"524f347eff6378da6300007d","flip":0,"rot":0,"z":21,"y":43,"x":125,"pageNo":0},{"_id":"54ed29f98c7bc22d18b6003f","itemId":"524ae35d323811343d000036","flip":0,"rot":0,"z":22,"y":59,"x":66,"pageNo":0},{"_id":"54ed29f98c7bc22d18b60040","itemId":"549f4b05e09d5d0502b93ea9","flip":0,"rot":0,"z":23,"y":114,"x":130,"pageNo":0},{"_id":"54ed29f98c7bc22d18b60041","itemId":"549f5d18ee94480902a8168a","flip":0,"rot":0,"z":24,"y":97,"x":130,"pageNo":0},{"_id":"54ed29f98c7bc22d18b60042","itemId":"549f548ba9de8f0302e00526","flip":0,"rot":0,"z":25,"y":79,"x":131,"pageNo":0},{"_id":"54ed29f98c7bc22d18b60043","itemId":"52a4def8fd8792cf58000057","flip":0,"rot":0,"z":26,"y":56,"x":102,"pageNo":0},{"_id":"54ed29f98c7bc22d18b60044","itemId":"52e72dd38149529d150000ee","flip":0,"rot":0,"z":27,"y":62,"x":121,"pageNo":0},{"_id":"54ed29f98c7bc22d18b60045","itemId":"547d1c3bb179f89b556f515b","flip":0,"rot":0,"z":28,"y":70,"x":48,"pageNo":0},{"_id":"54ed29f98c7bc22d18b60046","itemId":"52eb22ad8a9b5e700100006c","flip":0,"rot":0,"z":29,"y":79,"x":74,"pageNo":0},{"_id":"54ed29f98c7bc22d18b60047","itemId":"5353af905283d85434000780","flip":0,"rot":0,"z":30,"y":77,"x":87,"pageNo":0},{"_id":"54ed29f98c7bc22d18b60048","itemId":"52eb2194947721ca4d00006e","flip":0,"rot":0,"z":31,"y":77,"x":103,"pageNo":0},{"_id":"54ed29f98c7bc22d18b60049","itemId":"5251e733ad8f04a20d0001e4","flip":0,"rot":0,"z":32,"y":97,"x":18,"pageNo":0},{"_id":"54ed29f98c7bc22d18b6004a","itemId":"52c77bb276ea73dc40000087","flip":0,"rot":0,"z":33,"y":95,"x":51,"pageNo":0},{"_id":"54ed29f98c7bc22d18b6004b","itemId":"52c77b521dcfe2c6510000c5","flip":0,"rot":0,"z":34,"y":114,"x":46,"pageNo":0},{"_id":"54ed29f98c7bc22d18b6004c","itemId":"53ed56c59d9011b92acad732","flip":0,"rot":0,"z":35,"y":100,"x":67,"pageNo":0},{"_id":"54ed29f98c7bc22d18b6004d","itemId":"52c46a039fb172526a000252","flip":0,"rot":0,"z":36,"y":91,"x":112,"pageNo":0},{"_id":"54ed29f98c7bc22d18b6004e","itemId":"5463a4cc032fcaff53d9ce13","flip":0,"rot":0,"z":37,"y":95,"x":87,"pageNo":0},{"_id":"54ed29f98c7bc22d18b6004f","itemId":"533d9d231efcd5ad62000022","flip":0,"rot":0,"z":38,"y":95,"x":101,"pageNo":0},{"_id":"54ed29f98c7bc22d18b60050","itemId":"533d9dba7dc90e962f00002f","flip":0,"rot":0,"z":39,"y":91,"x":111,"pageNo":0},{"_id":"54ed29f98c7bc22d18b60051","itemId":"5279e34e1d1d370112000052","flip":0,"rot":0,"z":40,"y":116,"x":67,"pageNo":0},{"_id":"54ed29f98c7bc22d18b60052","itemId":"526df50c2761136e2c0001c6","flip":0,"rot":0,"z":41,"y":62,"x":46,"pageNo":0},{"_id":"54ed29f98c7bc22d18b60053","itemId":"53965eb22486a0e8097db256","flip":0,"rot":0,"z":42,"y":111,"x":106,"pageNo":0},{"_id":"54ed29f98c7bc22d18b60054","itemId":"52ea57b2ae309c6159000159","flip":0,"rot":0,"z":43,"y":37,"x":25,"pageNo":0},{"_id":"54ed29f98c7bc22d18b60055","itemId":"5351a5265283d8543400046e","flip":0,"rot":0,"z":44,"y":18,"x":12,"pageNo":0},{"_id":"54ed29f98c7bc22d18b60056","itemId":"5351a4c06686493e23000471","flip":0,"rot":0,"z":45,"y":26,"x":25,"pageNo":0},{"_id":"54ed29f98c7bc22d18b60057","itemId":"54970bcc23dbb7cb7ded643e","flip":0,"rot":0,"z":46,"y":2,"x":43,"pageNo":0},{"_id":"54ed29f98c7bc22d18b60058","itemId":"54987a349729688628b64af2","flip":0,"rot":0,"z":47,"y":17,"x":40,"pageNo":0},{"_id":"54ed29f98c7bc22d18b60059","itemId":"5210275a6dc80fb246000061","flip":0,"rot":0,"z":48,"y":30,"x":135,"pageNo":0},{"_id":"54ed29f98c7bc22d18b6005a","itemId":"524a1c5b72e7dcf92b000025","flip":0,"rot":0,"z":49,"y":115,"x":84,"pageNo":0}]}