{"isCreator":false,"contents":[{"_id":"54b5aecb74056b3410be00ff","itemId":"54b58f8e53eb861a1001a186","flip":0,"rot":0,"z":0,"y":9,"x":31,"pageNo":2},{"_id":"54b5aecb74056b3410be0100","itemId":"54b58f0c74056b3410bdff37","flip":0,"rot":0,"z":1,"y":10,"x":48,"pageNo":2},{"_id":"54b5aecb74056b3410be0101","itemId":"54b58f832fee91151084854c","flip":0,"rot":0,"z":2,"y":8,"x":10,"pageNo":2},{"_id":"54b5aecb74056b3410be0102","itemId":"54b58f8e53eb861a1001a186","flip":0,"rot":0,"z":3,"y":10,"x":67,"pageNo":2},{"_id":"54b5aecb74056b3410be0103","itemId":"54b58f0c74056b3410bdff37","flip":0,"rot":0,"z":4,"y":28,"x":11,"pageNo":2},{"_id":"54b5aecb74056b3410be0104","itemId":"54b58f0c74056b3410bdff37","flip":0,"rot":0,"z":5,"y":25,"x":66,"pageNo":2},{"_id":"54b5aecb74056b3410be0105","itemId":"54b58f832fee91151084854c","flip":0,"rot":0,"z":6,"y":48,"x":10,"pageNo":2},{"_id":"54b5aecb74056b3410be0106","itemId":"54b58f8e53eb861a1001a186","flip":0,"rot":0,"z":7,"y":48,"x":29,"pageNo":2},{"_id":"54b5aecb74056b3410be0107","itemId":"54b58f832fee91151084854c","flip":0,"rot":0,"z":8,"y":65,"x":12,"pageNo":2},{"_id":"54b5aecb74056b3410be0108","itemId":"54b58f0c74056b3410bdff37","flip":0,"rot":0,"z":9,"y":66,"x":32,"pageNo":2},{"_id":"54b5aecb74056b3410be0109","itemId":"54b58f832fee91151084854c","flip":0,"rot":0,"z":10,"y":67,"x":67,"pageNo":2},{"_id":"54b5aecb74056b3410be010a","itemId":"54b58f8e53eb861a1001a186","flip":0,"rot":0,"z":11,"y":48,"x":48,"pageNo":2},{"_id":"54b5aecb74056b3410be010b","itemId":"54b58f0c74056b3410bdff37","flip":0,"rot":0,"z":12,"y":83,"x":71,"pageNo":2},{"_id":"54b5aecb74056b3410be010c","itemId":"54b58f8e53eb861a1001a186","flip":0,"rot":0,"z":13,"y":84,"x":31,"pageNo":2},{"_id":"54b5aecb74056b3410be010d","itemId":"54b58f0c74056b3410bdff37","flip":0,"rot":0,"z":14,"y":50,"x":71,"pageNo":2},{"_id":"54b5aecb74056b3410be010e","itemId":"54b58f832fee91151084854c","flip":0,"rot":0,"z":15,"y":29,"x":48,"pageNo":2},{"_id":"54b5aecb74056b3410be010f","itemId":"54b58f0c74056b3410bdff37","flip":0,"rot":0,"z":16,"y":26,"x":31,"pageNo":2},{"_id":"54b5aecb74056b3410be0110","itemId":"54b58f8e53eb861a1001a186","flip":0,"rot":0,"z":17,"y":81,"x":6,"pageNo":2},{"_id":"54b5aecb74056b3410be0111","itemId":"54b58f0c74056b3410bdff37","flip":0,"rot":0,"z":18,"y":86,"x":48,"pageNo":2},{"_id":"54b5aecb74056b3410be0112","itemId":"54b58f832fee91151084854c","flip":0,"rot":0,"z":19,"y":67,"x":48,"pageNo":2},{"_id":"54b5aecb74056b3410be0113","itemId":"54b58f8e53eb861a1001a186","flip":0,"rot":0,"z":20,"y":102,"x":12,"pageNo":2},{"_id":"54b5aecb74056b3410be0114","itemId":"54b58f832fee91151084854c","flip":0,"rot":0,"z":21,"y":104,"x":30,"pageNo":2},{"_id":"54b5aecb74056b3410be0115","itemId":"54b5aea59affb41c10ef9ac0","flip":0,"rot":0,"z":22,"y":116,"x":57,"pageNo":2},{"_id":"54b5b21bb0d2862e10f02956","itemId":"54b5891795c398321001f75d","flip":0,"rot":0,"z":0,"y":18,"x":37,"pageNo":0},{"_id":"54b5b21bb0d2862e10f02957","itemId":"54b5891795c398321001f75d","flip":0,"rot":0,"z":1,"y":42,"x":16,"pageNo":0},{"_id":"54b5b21bb0d2862e10f02958","itemId":"54b5891795c398321001f75d","flip":0,"rot":0,"z":2,"y":39,"x":37,"pageNo":0},{"_id":"54b5b21bb0d2862e10f02959","itemId":"54b5891795c398321001f75d","flip":0,"rot":0,"z":3,"y":59,"x":19,"pageNo":0},{"_id":"54b5b21bb0d2862e10f0295a","itemId":"54b5891795c398321001f75d","flip":0,"rot":0,"z":4,"y":58,"x":37,"pageNo":0},{"_id":"54b5b21bb0d2862e10f0295b","itemId":"54b5891795c398321001f75d","flip":0,"rot":0,"z":5,"y":75,"x":23,"pageNo":0},{"_id":"54b5b21bb0d2862e10f0295c","itemId":"54b5891795c398321001f75d","flip":0,"rot":0,"z":6,"y":78,"x":38,"pageNo":0},{"_id":"54b5b21bb0d2862e10f0295d","itemId":"54b5891795c398321001f75d","flip":0,"rot":0,"z":7,"y":95,"x":22,"pageNo":0},{"_id":"54b5b21bb0d2862e10f0295e","itemId":"54b5891795c398321001f75d","flip":0,"rot":0,"z":8,"y":95,"x":38,"pageNo":0},{"_id":"54b5b21bb0d2862e10f0295f","itemId":"54b5891795c398321001f75d","flip":0,"rot":0,"z":9,"y":19,"x":19,"pageNo":0},{"_id":"54b5b21bb0d2862e10f02960","itemId":"54b58a983476ef1b10ac29ac","flip":0,"rot":0,"z":10,"y":0,"x":19,"pageNo":0},{"_id":"54b5b21bb0d2862e10f02961","itemId":"54b58a983476ef1b10ac29ac","flip":0,"rot":0,"z":11,"y":-1,"x":36,"pageNo":0},{"_id":"54b5b21bb0d2862e10f02962","itemId":"54b58acfc74ee4491ca5f4df","flip":0,"rot":0,"z":12,"y":-1,"x":1,"pageNo":0},{"_id":"54b5b21bb0d2862e10f02963","itemId":"54b58a983476ef1b10ac29ac","flip":0,"rot":1,"z":13,"y":19,"x":57,"pageNo":0},{"_id":"54b5b21bb0d2862e10f02964","itemId":"54b58a983476ef1b10ac29ac","flip":0,"rot":1,"z":14,"y":37,"x":54,"pageNo":0},{"_id":"54b5b21bb0d2862e10f02965","itemId":"54b58a983476ef1b10ac29ac","flip":0,"rot":1,"z":15,"y":99,"x":55,"pageNo":0},{"_id":"54b5b21bb0d2862e10f02966","itemId":"54b58acfc74ee4491ca5f4df","flip":0,"rot":1,"z":16,"y":0,"x":57,"pageNo":0},{"_id":"54b5b21bb0d2862e10f02967","itemId":"54b58acfc74ee4491ca5f4df","flip":0,"rot":2,"z":17,"y":113,"x":56,"pageNo":0},{"_id":"54b5b21bb0d2862e10f02968","itemId":"54b58acfc74ee4491ca5f4df","flip":0,"rot":3,"z":18,"y":111,"x":0,"pageNo":0},{"_id":"54b5b21bb0d2862e10f02969","itemId":"54b58a983476ef1b10ac29ac","flip":0,"rot":1,"z":19,"y":78,"x":57,"pageNo":0},{"_id":"54b5b21bb0d2862e10f0296a","itemId":"54b58a983476ef1b10ac29ac","flip":0,"rot":2,"z":20,"y":114,"x":19,"pageNo":0},{"_id":"54b5b21bb0d2862e10f0296b","itemId":"54b58a983476ef1b10ac29ac","flip":0,"rot":2,"z":21,"y":112,"x":42,"pageNo":0},{"_id":"54b5b21bb0d2862e10f0296c","itemId":"54b58a983476ef1b10ac29ac","flip":0,"rot":3,"z":22,"y":95,"x":0,"pageNo":0},{"_id":"54b5b21bb0d2862e10f0296d","itemId":"54b58a983476ef1b10ac29ac","flip":0,"rot":1,"z":23,"y":57,"x":57,"pageNo":0},{"_id":"54b5b21bb0d2862e10f0296e","itemId":"54b58a983476ef1b10ac29ac","flip":0,"rot":3,"z":24,"y":74,"x":0,"pageNo":0},{"_id":"54b5b21bb0d2862e10f0296f","itemId":"54b58a983476ef1b10ac29ac","flip":0,"rot":3,"z":25,"y":54,"x":2,"pageNo":0},{"_id":"54b5b21bb0d2862e10f02970","itemId":"54b58a983476ef1b10ac29ac","flip":0,"rot":3,"z":26,"y":34,"x":4,"pageNo":0},{"_id":"54b5b21bb0d2862e10f02971","itemId":"54b58a983476ef1b10ac29ac","flip":0,"rot":3,"z":27,"y":19,"x":0,"pageNo":0},{"_id":"54b6e1d2471da5351b622598","itemId":"54b58f8e53eb861a1001a186","flip":0,"rot":0,"z":0,"y":9,"x":6,"pageNo":4},{"_id":"54b6e1d2471da5351b622599","itemId":"54b58f832fee91151084854c","flip":0,"rot":0,"z":1,"y":9,"x":26,"pageNo":4},{"_id":"54b6e1d2471da5351b62259a","itemId":"54b58f0c74056b3410bdff37","flip":0,"rot":0,"z":2,"y":12,"x":48,"pageNo":4},{"_id":"54b6e1d2471da5351b62259b","itemId":"54b58f832fee91151084854c","flip":0,"rot":0,"z":3,"y":14,"x":70,"pageNo":4},{"_id":"54b6e1d2471da5351b62259c","itemId":"54b58f8e53eb861a1001a186","flip":0,"rot":0,"z":4,"y":26,"x":11,"pageNo":4},{"_id":"54b6e1d2471da5351b62259d","itemId":"54b58f832fee91151084854c","flip":0,"rot":0,"z":5,"y":28,"x":27,"pageNo":4},{"_id":"54b6e1d2471da5351b62259e","itemId":"54b58f0c74056b3410bdff37","flip":0,"rot":0,"z":6,"y":29,"x":49,"pageNo":4},{"_id":"54b6e1d2471da5351b62259f","itemId":"54b58f8e53eb861a1001a186","flip":0,"rot":0,"z":7,"y":28,"x":69,"pageNo":4},{"_id":"54b6e1d2471da5351b6225a0","itemId":"54b58f832fee91151084854c","flip":0,"rot":0,"z":8,"y":46,"x":12,"pageNo":4},{"_id":"54b6e1d2471da5351b6225a1","itemId":"54b58f0c74056b3410bdff37","flip":0,"rot":0,"z":9,"y":47,"x":26,"pageNo":4},{"_id":"54b6e1d2471da5351b6225a2","itemId":"54b58f8e53eb861a1001a186","flip":0,"rot":0,"z":10,"y":48,"x":47,"pageNo":4},{"_id":"54b6e1d2471da5351b6225a3","itemId":"54b58f0c74056b3410bdff37","flip":0,"rot":0,"z":11,"y":47,"x":68,"pageNo":4},{"_id":"54b6e1d2471da5351b6225a4","itemId":"54b58f832fee91151084854c","flip":0,"rot":0,"z":12,"y":62,"x":10,"pageNo":4},{"_id":"54b6e1d2471da5351b6225a5","itemId":"54b58f832fee91151084854c","flip":0,"rot":0,"z":13,"y":67,"x":48,"pageNo":4},{"_id":"54b6e1d2471da5351b6225a6","itemId":"54b58f0c74056b3410bdff37","flip":0,"rot":0,"z":14,"y":66,"x":67,"pageNo":4},{"_id":"54b6e1d2471da5351b6225a7","itemId":"54b58f8e53eb861a1001a186","flip":0,"rot":0,"z":15,"y":87,"x":9,"pageNo":4},{"_id":"54b6e1d2471da5351b6225a8","itemId":"54b58f832fee91151084854c","flip":0,"rot":0,"z":16,"y":85,"x":29,"pageNo":4},{"_id":"54b6e1d2471da5351b6225a9","itemId":"54b58f8e53eb861a1001a186","flip":0,"rot":0,"z":17,"y":87,"x":66,"pageNo":4},{"_id":"54b6e1d2471da5351b6225aa","itemId":"54b58f0c74056b3410bdff37","flip":0,"rot":0,"z":18,"y":83,"x":47,"pageNo":4},{"_id":"54b6e1d2471da5351b6225ab","itemId":"54b58f832fee91151084854c","flip":0,"rot":0,"z":19,"y":65,"x":26,"pageNo":4},{"_id":"54b6e1d2471da5351b6225ac","itemId":"54b58f832fee91151084854c","flip":0,"rot":0,"z":20,"y":104,"x":10,"pageNo":4},{"_id":"54b6e1d2471da5351b6225ad","itemId":"54b58f832fee91151084854c","flip":0,"rot":0,"z":21,"y":104,"x":29,"pageNo":4},{"_id":"54b6e1d2471da5351b6225ae","itemId":"54b6e0410a668e2f1bcf3fc6","flip":0,"rot":0,"z":22,"y":114,"x":59,"pageNo":4},{"_id":"54b6e2d11d71708a1bacbbd2","itemId":"54b58f0c74056b3410bdff37","flip":0,"rot":0,"z":0,"y":105,"x":10,"pageNo":1},{"_id":"54b6e2d11d71708a1bacbbd3","itemId":"54b58f832fee91151084854c","flip":0,"rot":0,"z":1,"y":85,"x":45,"pageNo":1},{"_id":"54b6e2d11d71708a1bacbbd4","itemId":"54b58f8e53eb861a1001a186","flip":0,"rot":0,"z":2,"y":87,"x":67,"pageNo":1},{"_id":"54b6e2d11d71708a1bacbbd5","itemId":"54b58f0c74056b3410bdff37","flip":0,"rot":0,"z":3,"y":67,"x":10,"pageNo":1},{"_id":"54b6e2d11d71708a1bacbbd6","itemId":"54b58f832fee91151084854c","flip":0,"rot":0,"z":4,"y":67,"x":29,"pageNo":1},{"_id":"54b6e2d11d71708a1bacbbd7","itemId":"54b58f0c74056b3410bdff37","flip":0,"rot":0,"z":5,"y":67,"x":48,"pageNo":1},{"_id":"54b6e2d11d71708a1bacbbd8","itemId":"54b58f8e53eb861a1001a186","flip":0,"rot":0,"z":6,"y":67,"x":67,"pageNo":1},{"_id":"54b6e2d11d71708a1bacbbd9","itemId":"54b58f832fee91151084854c","flip":0,"rot":0,"z":7,"y":48,"x":48,"pageNo":1},{"_id":"54b6e2d11d71708a1bacbbda","itemId":"54b58f0c74056b3410bdff37","flip":0,"rot":0,"z":8,"y":48,"x":29,"pageNo":1},{"_id":"54b6e2d11d71708a1bacbbdb","itemId":"54b58f8e53eb861a1001a186","flip":0,"rot":0,"z":9,"y":48,"x":10,"pageNo":1},{"_id":"54b6e2d11d71708a1bacbbdc","itemId":"54b58f8e53eb861a1001a186","flip":0,"rot":0,"z":10,"y":48,"x":67,"pageNo":1},{"_id":"54b6e2d11d71708a1bacbbdd","itemId":"54b58f832fee91151084854c","flip":0,"rot":0,"z":11,"y":29,"x":67,"pageNo":1},{"_id":"54b6e2d11d71708a1bacbbde","itemId":"54b58f8e53eb861a1001a186","flip":0,"rot":0,"z":12,"y":29,"x":48,"pageNo":1},{"_id":"54b6e2d11d71708a1bacbbdf","itemId":"54b58f832fee91151084854c","flip":0,"rot":0,"z":13,"y":29,"x":29,"pageNo":1},{"_id":"54b6e2d11d71708a1bacbbe0","itemId":"54b58f8e53eb861a1001a186","flip":0,"rot":1,"z":14,"y":29,"x":10,"pageNo":1},{"_id":"54b6e2d11d71708a1bacbbe1","itemId":"54b58f0c74056b3410bdff37","flip":0,"rot":0,"z":15,"y":7,"x":12,"pageNo":1},{"_id":"54b6e2d11d71708a1bacbbe2","itemId":"54b58f0c74056b3410bdff37","flip":0,"rot":0,"z":16,"y":10,"x":31,"pageNo":1},{"_id":"54b6e2d11d71708a1bacbbe3","itemId":"54b58f8e53eb861a1001a186","flip":0,"rot":0,"z":17,"y":11,"x":50,"pageNo":1},{"_id":"54b6e2d11d71708a1bacbbe4","itemId":"54b58f832fee91151084854c","flip":0,"rot":0,"z":18,"y":11,"x":68,"pageNo":1},{"_id":"54b6e2d11d71708a1bacbbe5","itemId":"54b58f8e53eb861a1001a186","flip":0,"rot":0,"z":19,"y":105,"x":29,"pageNo":1},{"_id":"54b6e2d11d71708a1bacbbe6","itemId":"54b58f832fee91151084854c","flip":0,"rot":0,"z":20,"y":82,"x":14,"pageNo":1},{"_id":"54b6e2d11d71708a1bacbbe7","itemId":"54b58f0c74056b3410bdff37","flip":0,"rot":0,"z":21,"y":84,"x":29,"pageNo":1},{"_id":"54b6e2d11d71708a1bacbbe8","itemId":"54b5af24ca22f01910e7ad58","flip":0,"rot":0,"z":22,"y":114,"x":55,"pageNo":1},{"_id":"54b72ddbdc671e8e1b4b55f4","itemId":"54b58f8e53eb861a1001a186","flip":0,"rot":0,"z":0,"y":11,"x":8,"pageNo":5},{"_id":"54b72ddbdc671e8e1b4b55f5","itemId":"54b58f832fee91151084854c","flip":0,"rot":0,"z":1,"y":10,"x":28,"pageNo":5},{"_id":"54b72ddbdc671e8e1b4b55f6","itemId":"54b58f8e53eb861a1001a186","flip":0,"rot":0,"z":2,"y":13,"x":48,"pageNo":5},{"_id":"54b72ddbdc671e8e1b4b55f7","itemId":"54b58f832fee91151084854c","flip":0,"rot":0,"z":3,"y":12,"x":66,"pageNo":5},{"_id":"54b72ddbdc671e8e1b4b55f8","itemId":"54b58f8e53eb861a1001a186","flip":0,"rot":0,"z":4,"y":27,"x":8,"pageNo":5},{"_id":"54b72ddbdc671e8e1b4b55f9","itemId":"54b58f832fee91151084854c","flip":0,"rot":0,"z":5,"y":33,"x":28,"pageNo":5},{"_id":"54b72ddbdc671e8e1b4b55fa","itemId":"54b58f0c74056b3410bdff37","flip":0,"rot":0,"z":6,"y":29,"x":49,"pageNo":5},{"_id":"54b72ddbdc671e8e1b4b55fb","itemId":"54b58f832fee91151084854c","flip":0,"rot":0,"z":7,"y":47,"x":10,"pageNo":5},{"_id":"54b72ddbdc671e8e1b4b55fc","itemId":"54b58f8e53eb861a1001a186","flip":0,"rot":0,"z":8,"y":47,"x":29,"pageNo":5},{"_id":"54b72ddbdc671e8e1b4b55fd","itemId":"54b58f0c74056b3410bdff37","flip":0,"rot":0,"z":9,"y":82,"x":9,"pageNo":5},{"_id":"54b72ddbdc671e8e1b4b55fe","itemId":"54b58f8e53eb861a1001a186","flip":0,"rot":0,"z":10,"y":84,"x":29,"pageNo":5},{"_id":"54b72ddbdc671e8e1b4b55ff","itemId":"54b58f832fee91151084854c","flip":0,"rot":0,"z":11,"y":105,"x":29,"pageNo":5},{"_id":"54b72ddbdc671e8e1b4b5600","itemId":"54b58f0c74056b3410bdff37","flip":0,"rot":0,"z":12,"y":28,"x":71,"pageNo":5},{"_id":"54b72ddbdc671e8e1b4b5601","itemId":"54b58f832fee91151084854c","flip":0,"rot":0,"z":13,"y":104,"x":10,"pageNo":5},{"_id":"54b72ddbdc671e8e1b4b5602","itemId":"54b58f0c74056b3410bdff37","flip":0,"rot":0,"z":14,"y":86,"x":48,"pageNo":5},{"_id":"54b72ddbdc671e8e1b4b5603","itemId":"54b58f832fee91151084854c","flip":0,"rot":0,"z":15,"y":86,"x":67,"pageNo":5},{"_id":"54b72ddbdc671e8e1b4b5604","itemId":"54b72db40a668e2f1bcf4324","flip":0,"rot":0,"z":16,"y":114,"x":57,"pageNo":5},{"_id":"54b72ddbdc671e8e1b4b5605","itemId":"54b58f832fee91151084854c","flip":0,"rot":0,"z":17,"y":67,"x":48,"pageNo":5},{"_id":"54b72ddbdc671e8e1b4b5606","itemId":"54b58f8e53eb861a1001a186","flip":0,"rot":0,"z":18,"y":67,"x":67,"pageNo":5},{"_id":"54b72ddbdc671e8e1b4b5607","itemId":"54b58f832fee91151084854c","flip":0,"rot":0,"z":19,"y":66,"x":29,"pageNo":5},{"_id":"54b72ddbdc671e8e1b4b5608","itemId":"54b58f8e53eb861a1001a186","flip":0,"rot":0,"z":20,"y":65,"x":10,"pageNo":5},{"_id":"54b72ddbdc671e8e1b4b5609","itemId":"54b58f832fee91151084854c","flip":0,"rot":0,"z":21,"y":48,"x":47,"pageNo":5},{"_id":"54b72ddbdc671e8e1b4b560a","itemId":"54b58f8e53eb861a1001a186","flip":0,"rot":0,"z":22,"y":51,"x":62,"pageNo":5},{"_id":"54b951fe27aa0d067a4cd292","itemId":"54b58f0c74056b3410bdff37","flip":0,"rot":0,"z":0,"y":14,"x":9,"pageNo":3},{"_id":"54b951fe27aa0d067a4cd293","itemId":"54b58f8e53eb861a1001a186","flip":0,"rot":0,"z":1,"y":10,"x":25,"pageNo":3},{"_id":"54b951fe27aa0d067a4cd294","itemId":"54b58f832fee91151084854c","flip":0,"rot":0,"z":2,"y":10,"x":48,"pageNo":3},{"_id":"54b951fe27aa0d067a4cd295","itemId":"54b58f8e53eb861a1001a186","flip":0,"rot":0,"z":3,"y":7,"x":69,"pageNo":3},{"_id":"54b951fe27aa0d067a4cd296","itemId":"54b58f8e53eb861a1001a186","flip":0,"rot":0,"z":4,"y":24,"x":10,"pageNo":3},{"_id":"54b951fe27aa0d067a4cd297","itemId":"54b58f832fee91151084854c","flip":0,"rot":0,"z":5,"y":44,"x":33,"pageNo":3},{"_id":"54b951fe27aa0d067a4cd298","itemId":"54b58f8e53eb861a1001a186","flip":0,"rot":0,"z":6,"y":49,"x":64,"pageNo":3},{"_id":"54b951fe27aa0d067a4cd299","itemId":"54b58f0c74056b3410bdff37","flip":0,"rot":0,"z":7,"y":70,"x":12,"pageNo":3},{"_id":"54b951fe27aa0d067a4cd29a","itemId":"54b58f0c74056b3410bdff37","flip":0,"rot":0,"z":8,"y":106,"x":8,"pageNo":3},{"_id":"54b951fe27aa0d067a4cd29b","itemId":"54b58f832fee91151084854c","flip":0,"rot":0,"z":9,"y":29,"x":29,"pageNo":3},{"_id":"54b951fe27aa0d067a4cd29c","itemId":"54b58f0c74056b3410bdff37","flip":0,"rot":0,"z":10,"y":29,"x":62,"pageNo":3},{"_id":"54b951fe27aa0d067a4cd29d","itemId":"54b58f8e53eb861a1001a186","flip":0,"rot":0,"z":11,"y":69,"x":33,"pageNo":3},{"_id":"54b951fe27aa0d067a4cd29e","itemId":"54b58f8e53eb861a1001a186","flip":0,"rot":0,"z":12,"y":70,"x":67,"pageNo":3},{"_id":"54b951fe27aa0d067a4cd29f","itemId":"54b58f832fee91151084854c","flip":0,"rot":0,"z":13,"y":86,"x":10,"pageNo":3},{"_id":"54b951fe27aa0d067a4cd2a0","itemId":"54b58f8e53eb861a1001a186","flip":0,"rot":0,"z":14,"y":105,"x":31,"pageNo":3},{"_id":"54b951fe27aa0d067a4cd2a1","itemId":"54b58f8e53eb861a1001a186","flip":0,"rot":0,"z":15,"y":68,"x":47,"pageNo":3},{"_id":"54b951fe27aa0d067a4cd2a2","itemId":"54b58f0c74056b3410bdff37","flip":0,"rot":0,"z":16,"y":27,"x":47,"pageNo":3},{"_id":"54b951fe27aa0d067a4cd2a3","itemId":"54b58f8e53eb861a1001a186","flip":0,"rot":0,"z":17,"y":46,"x":49,"pageNo":3},{"_id":"54b951fe27aa0d067a4cd2a4","itemId":"54b58f0c74056b3410bdff37","flip":0,"rot":0,"z":18,"y":86,"x":29,"pageNo":3},{"_id":"54b951fe27aa0d067a4cd2a5","itemId":"54b58f8e53eb861a1001a186","flip":0,"rot":0,"z":19,"y":87,"x":50,"pageNo":3},{"_id":"54b951fe27aa0d067a4cd2a6","itemId":"54b58f8e53eb861a1001a186","flip":0,"rot":0,"z":20,"y":48,"x":10,"pageNo":3},{"_id":"54b951fe27aa0d067a4cd2a7","itemId":"54b58f8e53eb861a1001a186","flip":0,"rot":0,"z":21,"y":76,"x":67,"pageNo":3},{"_id":"54b951fe27aa0d067a4cd2a8","itemId":"54b5b25b9affb41c10ef9adb","flip":0,"rot":0,"z":22,"y":111,"x":59,"pageNo":3},{"_id":"54b9551cef3c6ce725a98dde","itemId":"54b58f0c74056b3410bdff37","flip":0,"rot":0,"z":0,"y":10,"x":7,"pageNo":6},{"_id":"54b9551cef3c6ce725a98ddf","itemId":"54b58f8e53eb861a1001a186","flip":0,"rot":0,"z":1,"y":10,"x":28,"pageNo":6},{"_id":"54b9551cef3c6ce725a98de0","itemId":"54b58f832fee91151084854c","flip":0,"rot":0,"z":2,"y":12,"x":49,"pageNo":6},{"_id":"54b9551cef3c6ce725a98de1","itemId":"54b58f8e53eb861a1001a186","flip":0,"rot":0,"z":3,"y":11,"x":69,"pageNo":6},{"_id":"54b9551cef3c6ce725a98de2","itemId":"54b58f0c74056b3410bdff37","flip":0,"rot":0,"z":4,"y":31,"x":9,"pageNo":6},{"_id":"54b9551cef3c6ce725a98de3","itemId":"54b58f832fee91151084854c","flip":0,"rot":0,"z":5,"y":31,"x":29,"pageNo":6},{"_id":"54b9551cef3c6ce725a98de4","itemId":"54b58f8e53eb861a1001a186","flip":0,"rot":0,"z":6,"y":28,"x":52,"pageNo":6},{"_id":"54b9551cef3c6ce725a98de5","itemId":"54b58f0c74056b3410bdff37","flip":0,"rot":0,"z":7,"y":28,"x":66,"pageNo":6},{"_id":"54b9551cef3c6ce725a98de6","itemId":"54b58f8e53eb861a1001a186","flip":0,"rot":0,"z":8,"y":44,"x":10,"pageNo":6},{"_id":"54b9551cef3c6ce725a98de7","itemId":"54b58f832fee91151084854c","flip":0,"rot":0,"z":9,"y":49,"x":30,"pageNo":6},{"_id":"54b9551cef3c6ce725a98de8","itemId":"54b58f0c74056b3410bdff37","flip":0,"rot":0,"z":10,"y":47,"x":46,"pageNo":6},{"_id":"54b9551cef3c6ce725a98de9","itemId":"54b58f8e53eb861a1001a186","flip":0,"rot":0,"z":11,"y":45,"x":68,"pageNo":6},{"_id":"54b9551cef3c6ce725a98dea","itemId":"54b58f832fee91151084854c","flip":0,"rot":0,"z":12,"y":63,"x":5,"pageNo":6},{"_id":"54b9551cef3c6ce725a98deb","itemId":"54b58f8e53eb861a1001a186","flip":0,"rot":0,"z":13,"y":65,"x":26,"pageNo":6},{"_id":"54b9551cef3c6ce725a98dec","itemId":"54b58f0c74056b3410bdff37","flip":0,"rot":0,"z":14,"y":67,"x":47,"pageNo":6},{"_id":"54b9551cef3c6ce725a98ded","itemId":"54b58f832fee91151084854c","flip":0,"rot":0,"z":15,"y":66,"x":64,"pageNo":6},{"_id":"54b9551cef3c6ce725a98dee","itemId":"54b58f0c74056b3410bdff37","flip":0,"rot":0,"z":16,"y":84,"x":13,"pageNo":6},{"_id":"54b9551cef3c6ce725a98def","itemId":"54b58f8e53eb861a1001a186","flip":0,"rot":0,"z":17,"y":84,"x":33,"pageNo":6},{"_id":"54b9551cef3c6ce725a98df0","itemId":"54b58f0c74056b3410bdff37","flip":0,"rot":0,"z":18,"y":82,"x":52,"pageNo":6},{"_id":"54b9551cef3c6ce725a98df1","itemId":"54b58f832fee91151084854c","flip":0,"rot":0,"z":19,"y":84,"x":69,"pageNo":6},{"_id":"54b9551cef3c6ce725a98df2","itemId":"54b58f8e53eb861a1001a186","flip":0,"rot":0,"z":20,"y":105,"x":10,"pageNo":6},{"_id":"54b9551cef3c6ce725a98df3","itemId":"54b58f8e53eb861a1001a186","flip":0,"rot":0,"z":21,"y":106,"x":28,"pageNo":6},{"_id":"54b9551cef3c6ce725a98df4","itemId":"54b954f1f50430e42590f5e4","flip":0,"rot":0,"z":22,"y":114,"x":57,"pageNo":6},{"_id":"54b9596fec2754e325e205a0","itemId":"54b58f0c74056b3410bdff37","flip":0,"rot":0,"z":0,"y":11,"x":12,"pageNo":7},{"_id":"54b9596fec2754e325e205a1","itemId":"54b58f8e53eb861a1001a186","flip":0,"rot":0,"z":1,"y":10,"x":27,"pageNo":7},{"_id":"54b9596fec2754e325e205a2","itemId":"54b58f832fee91151084854c","flip":0,"rot":0,"z":2,"y":11,"x":49,"pageNo":7},{"_id":"54b9596fec2754e325e205a3","itemId":"54b58f8e53eb861a1001a186","flip":0,"rot":0,"z":3,"y":29,"x":10,"pageNo":7},{"_id":"54b9596fec2754e325e205a4","itemId":"54b58f0c74056b3410bdff37","flip":0,"rot":0,"z":4,"y":27,"x":29,"pageNo":7},{"_id":"54b9596fec2754e325e205a5","itemId":"54b58f832fee91151084854c","flip":0,"rot":0,"z":5,"y":45,"x":8,"pageNo":7},{"_id":"54b9596fec2754e325e205a6","itemId":"54b58f0c74056b3410bdff37","flip":0,"rot":0,"z":6,"y":30,"x":46,"pageNo":7},{"_id":"54b9596fec2754e325e205a7","itemId":"54b58f8e53eb861a1001a186","flip":0,"rot":0,"z":7,"y":10,"x":66,"pageNo":7},{"_id":"54b9596fec2754e325e205a8","itemId":"54b58f832fee91151084854c","flip":0,"rot":0,"z":8,"y":30,"x":64,"pageNo":7},{"_id":"54b9596fec2754e325e205a9","itemId":"54b58f0c74056b3410bdff37","flip":0,"rot":0,"z":9,"y":52,"x":43,"pageNo":7},{"_id":"54b9596fec2754e325e205aa","itemId":"54b58f832fee91151084854c","flip":0,"rot":0,"z":10,"y":49,"x":26,"pageNo":7},{"_id":"54b9596fec2754e325e205ab","itemId":"54b58f8e53eb861a1001a186","flip":0,"rot":0,"z":11,"y":48,"x":66,"pageNo":7},{"_id":"54b9596fec2754e325e205ac","itemId":"54b58f0c74056b3410bdff37","flip":0,"rot":0,"z":12,"y":63,"x":11,"pageNo":7},{"_id":"54b9596fec2754e325e205ad","itemId":"54b58f8e53eb861a1001a186","flip":0,"rot":0,"z":13,"y":67,"x":28,"pageNo":7},{"_id":"54b9596fec2754e325e205ae","itemId":"54b58f832fee91151084854c","flip":0,"rot":0,"z":14,"y":66,"x":47,"pageNo":7},{"_id":"54b9596fec2754e325e205af","itemId":"54b58f8e53eb861a1001a186","flip":0,"rot":0,"z":15,"y":67,"x":66,"pageNo":7},{"_id":"54b9596fec2754e325e205b0","itemId":"54b58f0c74056b3410bdff37","flip":0,"rot":0,"z":16,"y":84,"x":10,"pageNo":7},{"_id":"54b9596fec2754e325e205b1","itemId":"54b58f8e53eb861a1001a186","flip":0,"rot":0,"z":17,"y":85,"x":28,"pageNo":7},{"_id":"54b9596fec2754e325e205b2","itemId":"54b58f0c74056b3410bdff37","flip":0,"rot":0,"z":18,"y":87,"x":47,"pageNo":7},{"_id":"54b9596fec2754e325e205b3","itemId":"54b58f832fee91151084854c","flip":0,"rot":0,"z":19,"y":88,"x":69,"pageNo":7},{"_id":"54b9596fec2754e325e205b4","itemId":"54b58f0c74056b3410bdff37","flip":0,"rot":0,"z":20,"y":100,"x":13,"pageNo":7},{"_id":"54b9596fec2754e325e205b5","itemId":"54b58f0c74056b3410bdff37","flip":0,"rot":0,"z":21,"y":101,"x":28,"pageNo":7},{"_id":"54b9596fec2754e325e205b6","itemId":"54b9593b27aa0d067a4cd2dd","flip":0,"rot":0,"z":22,"y":115,"x":57,"pageNo":7}]}