{"isCreator":false,"contents":[{"_id":"54b6ad17e6232a2623f47c8e","itemId":"527b9712b434563e69000071","flip":0,"rot":0,"z":0,"y":4,"x":4,"pageNo":0},{"_id":"54b6ad17e6232a2623f47c8f","itemId":"527b969c1326f6c07100005b","flip":0,"rot":0,"z":1,"y":4,"x":25,"pageNo":0},{"_id":"54b6ad17e6232a2623f47c90","itemId":"527b96372876450e63000071","flip":0,"rot":0,"z":2,"y":3,"x":44,"pageNo":0},{"_id":"54b6ad17e6232a2623f47c91","itemId":"527b95ebb434563e69000070","flip":0,"rot":0,"z":3,"y":4,"x":62,"pageNo":0},{"_id":"54b6ad17e6232a2623f47c92","itemId":"527b95af1326f6c07100005a","flip":0,"rot":0,"z":4,"y":4,"x":81,"pageNo":0},{"_id":"54b6ad17e6232a2623f47c93","itemId":"527b9589934eaa5d61000053","flip":0,"rot":0,"z":5,"y":3,"x":101,"pageNo":0},{"_id":"54b6ad17e6232a2623f47c94","itemId":"527b95444353775c66000069","flip":0,"rot":0,"z":6,"y":3,"x":120,"pageNo":0},{"_id":"54b6ad17e6232a2623f47c95","itemId":"53c2db866fd8ffc84cc8fd92","flip":0,"rot":0,"z":7,"y":2,"x":140,"pageNo":0},{"_id":"54b6ad17e6232a2623f47c96","itemId":"53b43fc1b4e092ca249958df","flip":0,"rot":0,"z":8,"y":23,"x":7,"pageNo":0},{"_id":"54b6ad17e6232a2623f47c97","itemId":"539f1c9dec46bf0f7dd59401","flip":0,"rot":0,"z":9,"y":22,"x":27,"pageNo":0},{"_id":"54b6ad17e6232a2623f47c98","itemId":"5380d0866167af213345ea5a","flip":0,"rot":0,"z":10,"y":22,"x":41,"pageNo":0},{"_id":"54b6ad17e6232a2623f47c99","itemId":"528036b6507d2b311d0001be","flip":0,"rot":0,"z":11,"y":23,"x":61,"pageNo":0},{"_id":"54b6ad17e6232a2623f47c9a","itemId":"5280287d1b1e89522d0001ad","flip":0,"rot":0,"z":12,"y":22,"x":80,"pageNo":0},{"_id":"54b6ad17e6232a2623f47c9b","itemId":"527b94d7b434563e6900006f","flip":0,"rot":0,"z":13,"y":23,"x":100,"pageNo":0},{"_id":"54b6ad17e6232a2623f47c9c","itemId":"5477d4e127c630c7538d9993","flip":0,"rot":0,"z":14,"y":23,"x":120,"pageNo":0},{"_id":"54b6ad17e6232a2623f47c9d","itemId":"5477d42b8f46e09f1e8a4f9a","flip":0,"rot":0,"z":15,"y":21,"x":139,"pageNo":0},{"_id":"54b6ad17e6232a2623f47c9e","itemId":"5477d2de87d489243703e663","flip":0,"rot":0,"z":16,"y":41,"x":5,"pageNo":0},{"_id":"54b6ad17e6232a2623f47c9f","itemId":"54b6aae8471da5351b62227b","flip":0,"rot":0,"z":17,"y":40,"x":23,"pageNo":0},{"_id":"54b6ad17e6232a2623f47ca0","itemId":"54b6ac644575e1331b862c84","flip":0,"rot":0,"z":18,"y":42,"x":42,"pageNo":0},{"_id":"54b6ad17e6232a2623f47ca1","itemId":"54b6acb04575e1331b862c9b","flip":0,"rot":0,"z":19,"y":43,"x":61,"pageNo":0},{"_id":"54b6ad17e6232a2623f47ca2","itemId":"54b6ab9de8248a8c1be0386a","flip":0,"rot":0,"z":20,"y":40,"x":81,"pageNo":0},{"_id":"54b6ad17e6232a2623f47ca3","itemId":"54b6ab6df57842bc3e4cc23d","flip":0,"rot":0,"z":21,"y":40,"x":101,"pageNo":0},{"_id":"54b6ad17e6232a2623f47ca4","itemId":"54b6aaf7dc671e8e1b4b5081","flip":0,"rot":0,"z":22,"y":40,"x":119,"pageNo":0},{"_id":"54b6ad17e6232a2623f47ca5","itemId":"546fd108a288030b0fe67404","flip":0,"rot":0,"z":23,"y":40,"x":135,"pageNo":0}]}