{"isCreator":false,"contents":[{"_id":"54b6b3a9e8248a8c1be038a8","itemId":"54b6aa89e8248a8c1be03851","flip":0,"rot":0,"z":0,"y":5,"x":53,"pageNo":0},{"_id":"54b6b3a9e8248a8c1be038a9","itemId":"54b6aa89e8248a8c1be03851","flip":0,"rot":0,"z":1,"y":77,"x":53,"pageNo":0},{"_id":"54b6b3a9e8248a8c1be038aa","itemId":"54b6aa89e8248a8c1be03851","flip":0,"rot":0,"z":2,"y":7,"x":7,"pageNo":0},{"_id":"54b6b3a9e8248a8c1be038ab","itemId":"54b6aa89e8248a8c1be03851","flip":0,"rot":0,"z":3,"y":74,"x":96,"pageNo":0},{"_id":"54b6b3a9e8248a8c1be038ac","itemId":"54b6acb04575e1331b862c9b","flip":0,"rot":0,"z":4,"y":33,"x":113,"pageNo":0},{"_id":"54b6b3a9e8248a8c1be038ad","itemId":"54b6acb04575e1331b862c9b","flip":0,"rot":0,"z":5,"y":98,"x":131,"pageNo":0},{"_id":"54b6b3a9e8248a8c1be038ae","itemId":"54b6ac644575e1331b862c84","flip":0,"rot":0,"z":6,"y":101,"x":22,"pageNo":0},{"_id":"54b6b3a9e8248a8c1be038af","itemId":"54b6ac644575e1331b862c84","flip":0,"rot":0,"z":7,"y":57,"x":63,"pageNo":0}]}