{"isCreator":false,"contents":[{"_id":"54c3bc38e2cdc9810fd5a8b8","itemId":"54c3781bdef15a7f0f27b5e7","flip":0,"rot":0,"z":0,"y":5,"x":8,"pageNo":1},{"_id":"54c3bc38e2cdc9810fd5a8b9","itemId":"54bd81e4dfb3b60f682a8d70","flip":0,"rot":0,"z":1,"y":67,"x":114,"pageNo":1},{"_id":"54c3bc38e2cdc9810fd5a8ba","itemId":"54c3a1c6096bfc0b6892e119","flip":0,"rot":0,"z":2,"y":9,"x":67,"pageNo":1},{"_id":"54c3bc38e2cdc9810fd5a8bb","itemId":"54c3893efb1e600568f0c86a","flip":0,"rot":0,"z":3,"y":9,"x":38,"pageNo":1},{"_id":"54c3cc7ee2cdc9810fd5a989","itemId":"54c37475b8fce609687332ea","flip":0,"rot":0,"z":0,"y":6,"x":11,"pageNo":2},{"_id":"54c3cc7ee2cdc9810fd5a98a","itemId":"54c3cc3360e67dba53463788","flip":0,"rot":0,"z":1,"y":8,"x":39,"pageNo":2},{"_id":"55474fb6654c500308aa6de0","itemId":"54beb3d08056758b0232060a","flip":0,"rot":0,"z":0,"y":9,"x":10,"pageNo":0},{"_id":"55474fb6654c500308aa6de1","itemId":"54c373564080f5a1534c704c","flip":0,"rot":0,"z":1,"y":9,"x":53,"pageNo":0},{"_id":"55474fb6654c500308aa6de2","itemId":"54bab6f14b3cf4192ded7e5d","flip":0,"rot":0,"z":2,"y":40,"x":96,"pageNo":0},{"_id":"55474fb6654c500308aa6de3","itemId":"54bee14d1f74728902809b8e","flip":0,"rot":0,"z":3,"y":5,"x":125,"pageNo":0},{"_id":"55474fb6654c500308aa6de4","itemId":"54baac00afed0c1d2dbe80d8","flip":0,"rot":0,"z":4,"y":67,"x":67,"pageNo":0},{"_id":"55474fb6654c500308aa6de5","itemId":"54bd86e9b238489354d05b44","flip":0,"rot":0,"z":5,"y":38,"x":67,"pageNo":0},{"_id":"55474fb6654c500308aa6de6","itemId":"54c38afc4080f5a1534c709b","flip":0,"rot":0,"z":6,"y":67,"x":38,"pageNo":0},{"_id":"55474fb6654c500308aa6de7","itemId":"54c1664729547fc745a8846f","flip":0,"rot":0,"z":7,"y":67,"x":95,"pageNo":0},{"_id":"55474fb6654c500308aa6de8","itemId":"54baac144b3cf4192ded7e16","flip":0,"rot":0,"z":8,"y":38,"x":38,"pageNo":0}]}