{"isCreator":false,"contents":[{"_id":"553cde90c6d8972d14d1934d","itemId":"54c389b2b182c9bc53d6b68b","flip":0,"rot":0,"z":0,"y":0,"x":38,"pageNo":0},{"_id":"553cde90c6d8972d14d1934e","itemId":"54c38a24def15a7f0f27b609","flip":0,"rot":0,"z":1,"y":66,"x":19,"pageNo":0},{"_id":"553cde90c6d8972d14d1934f","itemId":"553cde73e7cba3d06a4024de","flip":0,"rot":0,"z":2,"y":70,"x":53,"pageNo":0},{"_id":"553cde90c6d8972d14d19350","itemId":"553cddb8e7cba3d06a4024db","flip":0,"rot":0,"z":3,"y":38,"x":38,"pageNo":0}]}