{"isCreator":false,"contents":[{"_id":"54c50eb8f9305aa95b993cd7","itemId":"54c50e4d4c2594d838f1c52c","flip":0,"rot":0,"z":0,"y":6,"x":38,"pageNo":0},{"_id":"54c50eb8f9305aa95b993cd8","itemId":"54c50e245c63988b56255b47","flip":0,"rot":0,"z":1,"y":38,"x":19,"pageNo":0},{"_id":"54c50eb8f9305aa95b993cd9","itemId":"54c50e7a6773a8da3893229a","flip":0,"rot":0,"z":2,"y":67,"x":19,"pageNo":0},{"_id":"54c50eb8f9305aa95b993cda","itemId":"54c50ea9133fe2ab5b612ed2","flip":0,"rot":0,"z":3,"y":52,"x":56,"pageNo":0}]}