{"isCreator":false,"contents":[{"_id":"54c92820f534d87a6ddcd522","itemId":"5249c0599e6d47a721000059","flip":0,"rot":0,"z":0,"y":48,"x":19,"pageNo":2},{"_id":"54c92820f534d87a6ddcd523","itemId":"5249c0599e6d47a721000059","flip":0,"rot":0,"z":1,"y":48,"x":38,"pageNo":2},{"_id":"54c92820f534d87a6ddcd524","itemId":"5249c0599e6d47a721000059","flip":0,"rot":0,"z":2,"y":48,"x":57,"pageNo":2},{"_id":"54c92820f534d87a6ddcd525","itemId":"5249c0599e6d47a721000059","flip":0,"rot":0,"z":3,"y":48,"x":76,"pageNo":2},{"_id":"54c92820f534d87a6ddcd526","itemId":"5249a5ea87238ac87900002d","flip":0,"rot":0,"z":4,"y":29,"x":19,"pageNo":2},{"_id":"54c92820f534d87a6ddcd527","itemId":"5249a5ea87238ac87900002d","flip":0,"rot":0,"z":5,"y":29,"x":76,"pageNo":2},{"_id":"54c92820f534d87a6ddcd528","itemId":"51c8437210ea80081a000003","flip":0,"rot":0,"z":6,"y":29,"x":38,"pageNo":2},{"_id":"54c92820f534d87a6ddcd529","itemId":"51c8437210ea80081a000003","flip":0,"rot":2,"z":7,"y":27,"x":58,"pageNo":2},{"_id":"54c92820f534d87a6ddcd52a","itemId":"5322047682f674614d000080","flip":0,"rot":2,"z":8,"y":67,"x":19,"pageNo":2},{"_id":"54c92820f534d87a6ddcd52b","itemId":"5322047682f674614d000080","flip":0,"rot":2,"z":9,"y":67,"x":76,"pageNo":2},{"_id":"54c92820f534d87a6ddcd52c","itemId":"524c6010c2fcb89724000006","flip":0,"rot":1,"z":10,"y":11,"x":20,"pageNo":2},{"_id":"54c92820f534d87a6ddcd52d","itemId":"524c6010c2fcb89724000006","flip":0,"rot":3,"z":11,"y":11,"x":2,"pageNo":2},{"_id":"54c92820f534d87a6ddcd52e","itemId":"524c694f26e24adf34000016","flip":0,"rot":2,"z":12,"y":11,"x":77,"pageNo":2},{"_id":"54c92820f534d87a6ddcd52f","itemId":"5249a5ea87238ac87900002d","flip":0,"rot":1,"z":13,"y":11,"x":96,"pageNo":2},{"_id":"54c92820f534d87a6ddcd530","itemId":"533ebcf14d2eb32678000007","flip":0,"rot":0,"z":14,"y":75,"x":48,"pageNo":2},{"_id":"54ef4d3f1f5a8a353ceb0b7d","itemId":"537005fafac7f08b10000515","flip":0,"rot":0,"z":0,"y":5,"x":2,"pageNo":1},{"_id":"54ef4d3f1f5a8a353ceb0b7e","itemId":"5370061fdf29c9ad1000051c","flip":0,"rot":0,"z":1,"y":24,"x":3,"pageNo":1},{"_id":"54ef4d3f1f5a8a353ceb0b7f","itemId":"53a9ecbaa580b6211667a5a9","flip":0,"rot":0,"z":2,"y":10,"x":32,"pageNo":1},{"_id":"54ef4d3f1f5a8a353ceb0b80","itemId":"54aef56d80203eee5962dfa5","flip":0,"rot":0,"z":3,"y":-2,"x":80,"pageNo":1},{"_id":"54ef4d3f1f5a8a353ceb0b81","itemId":"53f91954336f8a30631fd637","flip":0,"rot":0,"z":4,"y":21,"x":84,"pageNo":1},{"_id":"54ef4d3f1f5a8a353ceb0b82","itemId":"5367b47fb40986122a000054","flip":0,"rot":0,"z":5,"y":71,"x":83,"pageNo":1},{"_id":"54ef4d3f1f5a8a353ceb0b83","itemId":"5301f948026406156b00000c","flip":0,"rot":0,"z":6,"y":72,"x":16,"pageNo":1},{"_id":"54ef4d3f1f5a8a353ceb0b84","itemId":"53ebe0ccd31b8354235a2db7","flip":0,"rot":0,"z":7,"y":44,"x":82,"pageNo":1},{"_id":"54ef4d3f1f5a8a353ceb0b85","itemId":"51e460bd134794940a000009","flip":0,"rot":0,"z":8,"y":29,"x":31,"pageNo":1},{"_id":"54ef4d3f1f5a8a353ceb0b86","itemId":"53ed20b19110a8fa1a8d4826","flip":0,"rot":0,"z":9,"y":40,"x":52,"pageNo":1},{"_id":"54ef4d3f1f5a8a353ceb0b87","itemId":"54df1d16e33832b16bba6223","flip":0,"rot":0,"z":10,"y":65,"x":50,"pageNo":1},{"_id":"54ef4d3f1f5a8a353ceb0b88","itemId":"54c3235e4080f5a1534c6f51","flip":0,"rot":0,"z":11,"y":87,"x":50,"pageNo":1},{"_id":"54f503afe0ee32da0904e8c2","itemId":"53232cb91d1961b077000004","flip":0,"rot":0,"z":0,"y":95,"x":19,"pageNo":0},{"_id":"54f503afe0ee32da0904e8c3","itemId":"52d230eba583bb4a7e00021e","flip":0,"rot":0,"z":1,"y":95,"x":38,"pageNo":0},{"_id":"54f503afe0ee32da0904e8c4","itemId":"53220d3a406f72d62f000012","flip":0,"rot":0,"z":2,"y":57,"x":19,"pageNo":0},{"_id":"54f503afe0ee32da0904e8c5","itemId":"524083aa3378ee3a64000004","flip":0,"rot":0,"z":3,"y":39,"x":38,"pageNo":0},{"_id":"54f503afe0ee32da0904e8c6","itemId":"524083aa3378ee3a64000004","flip":0,"rot":2,"z":4,"y":76,"x":38,"pageNo":0},{"_id":"54f503afe0ee32da0904e8c7","itemId":"54a7bda777f255ff7bdeab8e","flip":0,"rot":0,"z":5,"y":39,"x":1,"pageNo":0},{"_id":"54f503afe0ee32da0904e8c8","itemId":"532209868ef605716b000078","flip":0,"rot":0,"z":6,"y":39,"x":20,"pageNo":0},{"_id":"54f503afe0ee32da0904e8c9","itemId":"53220b79250105e239000004","flip":0,"rot":0,"z":7,"y":76,"x":19,"pageNo":0},{"_id":"54f503afe0ee32da0904e8ca","itemId":"5240836dc9b4a8ef50000003","flip":0,"rot":0,"z":8,"y":58,"x":38,"pageNo":0},{"_id":"54f503afe0ee32da0904e8cb","itemId":"524084243378ee3a64000005","flip":0,"rot":1,"z":9,"y":41,"x":57,"pageNo":0},{"_id":"54f503afe0ee32da0904e8cc","itemId":"540b5751d96ba35c2d91ab5c","flip":0,"rot":2,"z":10,"y":62,"x":85,"pageNo":0},{"_id":"54f503afe0ee32da0904e8cd","itemId":"543dbc68c4838126676c8059","flip":0,"rot":0,"z":11,"y":2,"x":20,"pageNo":0},{"_id":"54f503afe0ee32da0904e8ce","itemId":"543dbcbcdb1608315f03a413","flip":0,"rot":0,"z":12,"y":2,"x":39,"pageNo":0},{"_id":"54f503afe0ee32da0904e8cf","itemId":"543dbcd5a51913531b244c58","flip":0,"rot":0,"z":13,"y":2,"x":2,"pageNo":0},{"_id":"54f503afe0ee32da0904e8d0","itemId":"54d4fd955e08fac656930967","flip":0,"rot":0,"z":14,"y":17,"x":2,"pageNo":0},{"_id":"54f503afe0ee32da0904e8d1","itemId":"54d4fd894dab78be52c51ac1","flip":0,"rot":0,"z":15,"y":17,"x":21,"pageNo":0},{"_id":"54f503afe0ee32da0904e8d2","itemId":"54d4fd8f5e08fac656930966","flip":0,"rot":0,"z":16,"y":17,"x":40,"pageNo":0},{"_id":"54f503afe0ee32da0904e8d3","itemId":"54c946717302bb020dfd9cb1","flip":0,"rot":0,"z":17,"y":6,"x":86,"pageNo":0},{"_id":"54f503afe0ee32da0904e8d4","itemId":"54c9467937d4f3786d20357a","flip":0,"rot":0,"z":18,"y":26,"x":87,"pageNo":0},{"_id":"54f503afe0ee32da0904e8d5","itemId":"54d50272c6160d2130e72d83","flip":0,"rot":0,"z":19,"y":30,"x":21,"pageNo":0},{"_id":"54f503afe0ee32da0904e8d6","itemId":"54ae19e5f15b36000eba2ae0","flip":0,"rot":0,"z":20,"y":52,"x":84,"pageNo":0},{"_id":"54f503afe0ee32da0904e8d7","itemId":"53e95a6a736874c115a5d065","flip":0,"rot":0,"z":21,"y":21,"x":58,"pageNo":0},{"_id":"54f503afe0ee32da0904e8d8","itemId":"53b9b976410816742b267968","flip":0,"rot":3,"z":22,"y":85,"x":86,"pageNo":0},{"_id":"54f503afe0ee32da0904e8d9","itemId":"524083aa3378ee3a64000004","flip":0,"rot":1,"z":23,"y":59,"x":57,"pageNo":0},{"_id":"54f503afe0ee32da0904e8da","itemId":"530fb8a4e3020aa16d0000a7","flip":0,"rot":1,"z":24,"y":78,"x":57,"pageNo":0}]}