{"isCreator":false,"contents":[{"_id":"54e00357e33832b16bba7d22","itemId":"54cc1fda54ea31f716feb412","flip":0,"rot":0,"z":0,"y":73,"x":49,"pageNo":0},{"_id":"54e00357e33832b16bba7d23","itemId":"54cc1ec8924ef7f3160607a0","flip":0,"rot":0,"z":1,"y":23,"x":7,"pageNo":0},{"_id":"54e00357e33832b16bba7d24","itemId":"54cd375c45c8f1fe1953b74f","flip":0,"rot":0,"z":2,"y":73,"x":12,"pageNo":0},{"_id":"54e00357e33832b16bba7d25","itemId":"54cd382aee4946f321dbebd1","flip":0,"rot":0,"z":3,"y":78,"x":91,"pageNo":0},{"_id":"54e00357e33832b16bba7d26","itemId":"54cd5a6802b902557f346cff","flip":0,"rot":0,"z":4,"y":102,"x":47,"pageNo":0},{"_id":"54e00357e33832b16bba7d27","itemId":"54cd937b688674517f9b63e8","flip":0,"rot":0,"z":5,"y":101,"x":13,"pageNo":0},{"_id":"54e00357e33832b16bba7d28","itemId":"54cfe299115d05701f676e1e","flip":0,"rot":0,"z":6,"y":103,"x":89,"pageNo":0},{"_id":"54e00357e33832b16bba7d29","itemId":"54cfe30e68f1b41006c1ef05","flip":0,"rot":0,"z":7,"y":88,"x":115,"pageNo":0},{"_id":"54e00357e33832b16bba7d2a","itemId":"54cc1ea5456ff8f516ef0f25","flip":0,"rot":0,"z":8,"y":2,"x":43,"pageNo":0},{"_id":"54e00357e33832b16bba7d2b","itemId":"54cc1e5bb359488606dd4459","flip":0,"rot":0,"z":9,"y":2,"x":3,"pageNo":0},{"_id":"54e00357e33832b16bba7d2c","itemId":"54cc1efa456ff8f516ef0f29","flip":0,"rot":0,"z":10,"y":20,"x":44,"pageNo":0},{"_id":"54e00357e33832b16bba7d2d","itemId":"54cc1f2437e7c41d1d788cbb","flip":0,"rot":0,"z":11,"y":2,"x":86,"pageNo":0},{"_id":"54e00357e33832b16bba7d2e","itemId":"54cc1f47aa28628a062664a4","flip":0,"rot":0,"z":12,"y":27,"x":88,"pageNo":0},{"_id":"54e00357e33832b16bba7d2f","itemId":"54e000f1e33832b16bba7c90","flip":0,"rot":0,"z":13,"y":34,"x":114,"pageNo":0},{"_id":"54e00357e33832b16bba7d30","itemId":"54da959ade847baf60ba93d2","flip":0,"rot":0,"z":14,"y":10,"x":117,"pageNo":0},{"_id":"54e00357e33832b16bba7d31","itemId":"54cc1f67aa28628a062664a6","flip":0,"rot":0,"z":15,"y":51,"x":6,"pageNo":0},{"_id":"54e00357e33832b16bba7d32","itemId":"54cc1f95924ef7f3160607ac","flip":0,"rot":0,"z":16,"y":49,"x":44,"pageNo":0},{"_id":"54e00357e33832b16bba7d33","itemId":"54cc1fb3456ff8f516ef0f31","flip":0,"rot":0,"z":17,"y":51,"x":82,"pageNo":0},{"_id":"54e00357e33832b16bba7d34","itemId":"54e001416a62160e520a0e07","flip":0,"rot":0,"z":18,"y":3,"x":23,"pageNo":0},{"_id":"54e00357e33832b16bba7d35","itemId":"54e001416a62160e520a0e07","flip":0,"rot":0,"z":19,"y":33,"x":23,"pageNo":0},{"_id":"54e00357e33832b16bba7d36","itemId":"54e001416a62160e520a0e07","flip":0,"rot":0,"z":20,"y":57,"x":24,"pageNo":0},{"_id":"54e00357e33832b16bba7d37","itemId":"54e001416a62160e520a0e07","flip":0,"rot":0,"z":21,"y":81,"x":26,"pageNo":0},{"_id":"54e00357e33832b16bba7d38","itemId":"54e001416a62160e520a0e07","flip":0,"rot":0,"z":22,"y":6,"x":62,"pageNo":0},{"_id":"54e00357e33832b16bba7d39","itemId":"54e001416a62160e520a0e07","flip":0,"rot":0,"z":23,"y":31,"x":60,"pageNo":0},{"_id":"54e00357e33832b16bba7d3a","itemId":"54e001416a62160e520a0e07","flip":0,"rot":0,"z":24,"y":60,"x":66,"pageNo":0},{"_id":"54e00357e33832b16bba7d3b","itemId":"54e001416a62160e520a0e07","flip":0,"rot":0,"z":25,"y":86,"x":70,"pageNo":0}]}