{"isCreator":false,"contents":[{"_id":"54d97d03257433d5679f37b8","itemId":"54ccf16602b902557f346600","flip":0,"rot":0,"z":0,"y":22,"x":-5,"pageNo":0},{"_id":"54d97d03257433d5679f37b9","itemId":"54cc1710e414eccf7878d2f0","flip":0,"rot":0,"z":1,"y":114,"x":-2,"pageNo":0},{"_id":"54d97d03257433d5679f37ba","itemId":"54d6a9916ab3936e5430abdb","flip":0,"rot":0,"z":2,"y":53,"x":-6,"pageNo":0},{"_id":"54d97d03257433d5679f37bb","itemId":"54cb065616e42aad75e71c25","flip":0,"rot":0,"z":3,"y":-9,"x":-3,"pageNo":0},{"_id":"54d97d03257433d5679f37bc","itemId":"54ce4c5da15c1f7a1c73338e","flip":0,"rot":0,"z":4,"y":77,"x":-2,"pageNo":0}]}