{"isCreator":false,"contents":[{"_id":"553857a8c2859a197a162dae","itemId":"54cd069eb95420fc19fd3d16","flip":0,"rot":0,"z":0,"y":3,"x":3,"pageNo":0},{"_id":"553857a8c2859a197a162daf","itemId":"54cd36d602b902557f346b57","flip":0,"rot":0,"z":1,"y":40,"x":6,"pageNo":0},{"_id":"553857a8c2859a197a162db0","itemId":"54ceafb41c29fd5b24b32c05","flip":0,"rot":0,"z":2,"y":5,"x":67,"pageNo":0},{"_id":"553857a8c2859a197a162db1","itemId":"54d57287704686c256f8799c","flip":0,"rot":0,"z":3,"y":3,"x":33,"pageNo":0},{"_id":"553857a8c2859a197a162db2","itemId":"54da968ccfd64aff11786d9f","flip":0,"rot":0,"z":4,"y":11,"x":105,"pageNo":0},{"_id":"553857a8c2859a197a162db3","itemId":"5504a5ae9fff78915f3dde33","flip":0,"rot":0,"z":5,"y":107,"x":14,"pageNo":0},{"_id":"553857a8c2859a197a162db4","itemId":"54f7dbf1dd261d5149c1a37c","flip":0,"rot":0,"z":6,"y":76,"x":95,"pageNo":0},{"_id":"553857a8c2859a197a162db5","itemId":"54f6843cf28cee8a181de955","flip":0,"rot":0,"z":7,"y":68,"x":52,"pageNo":0},{"_id":"553857a8c2859a197a162db6","itemId":"54f67693a38b80110c9e79a3","flip":0,"rot":0,"z":8,"y":64,"x":20,"pageNo":0},{"_id":"553857a8c2859a197a162db7","itemId":"54e2721e24b6bbeb53654a01","flip":0,"rot":0,"z":9,"y":40,"x":116,"pageNo":0},{"_id":"553857a8c2859a197a162db8","itemId":"54d567086a6dd22530b9f787","flip":0,"rot":0,"z":10,"y":54,"x":73,"pageNo":0},{"_id":"553857a8c2859a197a162db9","itemId":"54cefa9ae0e25950376dd7a5","flip":0,"rot":0,"z":11,"y":39,"x":41,"pageNo":0}]}