{"isCreator":false,"contents":[{"_id":"54daba5fcfd64aff1178702d","itemId":"54d15ad5f417916b11ded162","flip":0,"rot":0,"z":0,"y":38,"x":13,"pageNo":0},{"_id":"54daba5fcfd64aff1178702e","itemId":"54cfe364eb3bec615f4b721e","flip":0,"rot":0,"z":1,"y":10,"x":16,"pageNo":0},{"_id":"54daba5fcfd64aff1178702f","itemId":"54cc1e3170bf6b211d252d88","flip":0,"rot":0,"z":2,"y":103,"x":9,"pageNo":0},{"_id":"54daba5fcfd64aff11787030","itemId":"54d2be1e6861ba4044a4aacf","flip":0,"rot":0,"z":3,"y":12,"x":56,"pageNo":0},{"_id":"54daba5fcfd64aff11787031","itemId":"54d561289dee7cbc5258a47b","flip":0,"rot":0,"z":4,"y":73,"x":55,"pageNo":0},{"_id":"54daba5fcfd64aff11787032","itemId":"54d563079dee7cbc5258a489","flip":0,"rot":0,"z":5,"y":104,"x":61,"pageNo":0},{"_id":"54daba5fcfd64aff11787033","itemId":"54d565420a7ec4612c92689d","flip":0,"rot":0,"z":6,"y":69,"x":110,"pageNo":0},{"_id":"54daba5fcfd64aff11787034","itemId":"54d2e8ae6861ba4044a4aea2","flip":0,"rot":0,"z":7,"y":49,"x":55,"pageNo":0},{"_id":"54daba5fcfd64aff11787035","itemId":"54d2bc67651274a1218b76aa","flip":0,"rot":0,"z":8,"y":75,"x":19,"pageNo":0},{"_id":"54daba5fcfd64aff11787036","itemId":"54d95d01257433d5679f366c","flip":0,"rot":0,"z":9,"y":12,"x":86,"pageNo":0},{"_id":"54daba5fcfd64aff11787037","itemId":"54d6cc400cd96b7e5893dd06","flip":0,"rot":0,"z":10,"y":43,"x":81,"pageNo":0},{"_id":"54daba5fcfd64aff11787038","itemId":"54d564c50a7ec4612c926896","flip":0,"rot":0,"z":11,"y":35,"x":106,"pageNo":0},{"_id":"54daba5fcfd64aff11787039","itemId":"54da959ade847baf60ba93d2","flip":0,"rot":0,"z":12,"y":9,"x":114,"pageNo":0},{"_id":"54daba5fcfd64aff1178703a","itemId":"54d563ec704686c256f87914","flip":0,"rot":0,"z":13,"y":73,"x":84,"pageNo":0}]}