{"isCreator":false,"contents":[{"_id":"54d73b0f6ab3936e5430b02c","itemId":"54d703cbed30bdd531ed7c9c","flip":0,"rot":0,"z":0,"y":5,"x":8,"pageNo":0},{"_id":"54d73b0f6ab3936e5430b02d","itemId":"54d70487ab2eaa7c5822502a","flip":0,"rot":0,"z":1,"y":6,"x":36,"pageNo":0},{"_id":"54d73b0f6ab3936e5430b02e","itemId":"54d702dcab2eaa7c58225022","flip":0,"rot":0,"z":2,"y":6,"x":63,"pageNo":0},{"_id":"54d73b0f6ab3936e5430b02f","itemId":"54d7024ee3cb219f433c26d6","flip":0,"rot":0,"z":3,"y":5,"x":91,"pageNo":0},{"_id":"54d73b0f6ab3936e5430b030","itemId":"54d7006a0cd96b7e5893de74","flip":0,"rot":0,"z":4,"y":5,"x":119,"pageNo":0},{"_id":"54d73b0f6ab3936e5430b031","itemId":"54d705838daf5e994318e16b","flip":0,"rot":0,"z":5,"y":33,"x":8,"pageNo":0},{"_id":"54d73b0f6ab3936e5430b032","itemId":"54d706daac30b47a583d4b4b","flip":0,"rot":0,"z":6,"y":32,"x":35,"pageNo":0},{"_id":"54d73b0f6ab3936e5430b033","itemId":"54d70780ed30bdd531ed7cc6","flip":0,"rot":0,"z":7,"y":31,"x":63,"pageNo":0},{"_id":"54d73b0f6ab3936e5430b034","itemId":"54d7381669001acf31bd9d63","flip":0,"rot":0,"z":8,"y":32,"x":93,"pageNo":0},{"_id":"54d73b0f6ab3936e5430b035","itemId":"54d73420ed30bdd531ed7d51","flip":0,"rot":0,"z":9,"y":31,"x":121,"pageNo":0},{"_id":"54d73b0f6ab3936e5430b036","itemId":"54d738c8e3cb219f433c27d0","flip":0,"rot":0,"z":10,"y":61,"x":6,"pageNo":0}]}