{"isCreator":false,"contents":[{"_id":"54d97cfb257433d5679f37b1","itemId":"54ceade3650d5f1e036d2603","flip":0,"rot":0,"z":0,"y":0,"x":3,"pageNo":0},{"_id":"54d97cfb257433d5679f37b2","itemId":"54cd98e64bad23ef2126cef0","flip":0,"rot":0,"z":1,"y":-1,"x":39,"pageNo":0},{"_id":"54d97cfb257433d5679f37b3","itemId":"54ceac2fc99eb5741c1628a9","flip":0,"rot":0,"z":2,"y":-3,"x":68,"pageNo":0},{"_id":"54d97cfb257433d5679f37b4","itemId":"54cfecb50369084d20511791","flip":0,"rot":0,"z":3,"y":-1,"x":92,"pageNo":0},{"_id":"54d97cfb257433d5679f37b5","itemId":"54cef996d010242203cd46ae","flip":0,"rot":0,"z":4,"y":29,"x":3,"pageNo":0},{"_id":"54d97cfb257433d5679f37b6","itemId":"54cc1e3170bf6b211d252d88","flip":0,"rot":0,"z":5,"y":26,"x":39,"pageNo":0},{"_id":"54d97cfb257433d5679f37b7","itemId":"54d7e0bdf96cfa6854bcab61","flip":0,"rot":0,"z":6,"y":22,"x":66,"pageNo":0}]}