{"isCreator":false,"contents":[{"_id":"54e0dd103cbce20852ac000e","itemId":"5499d100a9de8f0302dff092","flip":0,"rot":0,"z":0,"y":2,"x":0,"pageNo":0},{"_id":"54e0dd103cbce20852ac000f","itemId":"52a483bef7cf2fff59000010","flip":0,"rot":0,"z":1,"y":1,"x":30,"pageNo":0},{"_id":"54e0dd103cbce20852ac0010","itemId":"52f63b1425c9f1220f000031","flip":0,"rot":0,"z":2,"y":1,"x":61,"pageNo":0},{"_id":"54e0dd103cbce20852ac0011","itemId":"54c43b39a1c2dddc3874fdd5","flip":0,"rot":0,"z":3,"y":-1,"x":78,"pageNo":0},{"_id":"54e0dd103cbce20852ac0012","itemId":"53c3c4ee2487bf6f581f72f9","flip":0,"rot":0,"z":4,"y":0,"x":99,"pageNo":0},{"_id":"54e0dd103cbce20852ac0013","itemId":"530c8adbfd8f21ce0a0008d6","flip":0,"rot":0,"z":5,"y":4,"x":134,"pageNo":0},{"_id":"54e0dd103cbce20852ac0014","itemId":"533aa669f11d41522c000189","flip":0,"rot":0,"z":6,"y":21,"x":7,"pageNo":0},{"_id":"54e0dd103cbce20852ac0015","itemId":"545fd0f87a8c25cc564a17ba","flip":0,"rot":0,"z":7,"y":20,"x":37,"pageNo":0},{"_id":"54e0dd103cbce20852ac0016","itemId":"5462d4f8aed4f7b453f398aa","flip":0,"rot":0,"z":8,"y":17,"x":58,"pageNo":0},{"_id":"54e0dd103cbce20852ac0017","itemId":"5462d545767d4cae53b12fec","flip":0,"rot":0,"z":9,"y":20,"x":79,"pageNo":0},{"_id":"54e0dd103cbce20852ac0018","itemId":"54259e8dd4665a70525546cb","flip":0,"rot":0,"z":10,"y":18,"x":101,"pageNo":0},{"_id":"54e0dd103cbce20852ac0019","itemId":"54652666fae93e475764b962","flip":0,"rot":0,"z":11,"y":38,"x":7,"pageNo":0},{"_id":"54e0dd103cbce20852ac001a","itemId":"546fbb9251f81c9414e00b6d","flip":0,"rot":0,"z":12,"y":38,"x":33,"pageNo":0},{"_id":"54e0dd103cbce20852ac001b","itemId":"53f3d84e937fb02a73ffece1","flip":0,"rot":0,"z":13,"y":38,"x":60,"pageNo":0},{"_id":"54e0dd103cbce20852ac001c","itemId":"53ff4abaa40f1d6c3065f31f","flip":0,"rot":0,"z":14,"y":37,"x":91,"pageNo":0},{"_id":"54e0dd103cbce20852ac001d","itemId":"544ad4774376622d15261cb8","flip":0,"rot":0,"z":15,"y":39,"x":114,"pageNo":0},{"_id":"54e0dd103cbce20852ac001e","itemId":"546492a47d113b0b1546e3fe","flip":0,"rot":0,"z":16,"y":19,"x":127,"pageNo":0},{"_id":"54e0dd103cbce20852ac001f","itemId":"54c34e5260e67dba53463704","flip":0,"rot":0,"z":17,"y":43,"x":127,"pageNo":0},{"_id":"54e0dd103cbce20852ac0020","itemId":"5462b1bd562cd9fd53a666a4","flip":0,"rot":0,"z":18,"y":64,"x":5,"pageNo":0},{"_id":"54e0dd103cbce20852ac0021","itemId":"54243405eaa00a8415370582","flip":0,"rot":0,"z":19,"y":47,"x":133,"pageNo":0},{"_id":"54e0dd103cbce20852ac0022","itemId":"5420935e4e4b55f14621da1c","flip":0,"rot":0,"z":20,"y":58,"x":31,"pageNo":0},{"_id":"54e0dd103cbce20852ac0023","itemId":"53a9c01606c955ae71f2ec81","flip":0,"rot":0,"z":21,"y":59,"x":62,"pageNo":0},{"_id":"54e0dd103cbce20852ac0024","itemId":"53b6009a1477c5fb26d46144","flip":0,"rot":0,"z":22,"y":58,"x":91,"pageNo":0},{"_id":"54e0dd103cbce20852ac0025","itemId":"53f2ba97a82be50e5aceeb3c","flip":0,"rot":0,"z":23,"y":58,"x":119,"pageNo":0},{"_id":"54e0dd103cbce20852ac0026","itemId":"538f8319d3da510f3a83081a","flip":0,"rot":0,"z":24,"y":60,"x":127,"pageNo":0},{"_id":"54e0dd103cbce20852ac0027","itemId":"533ab5bc6c670459210001b9","flip":0,"rot":0,"z":25,"y":75,"x":6,"pageNo":0},{"_id":"54e0dd103cbce20852ac0028","itemId":"5339c4c2911aef514b00001c","flip":0,"rot":0,"z":26,"y":76,"x":35,"pageNo":0},{"_id":"54e0dd103cbce20852ac0029","itemId":"53ebe1830c63318e17796c6a","flip":0,"rot":0,"z":27,"y":75,"x":59,"pageNo":0},{"_id":"54e0dd103cbce20852ac002a","itemId":"540b2f3ab9fe163376458716","flip":0,"rot":0,"z":28,"y":76,"x":76,"pageNo":0},{"_id":"54e0dd103cbce20852ac002b","itemId":"5355d70a6686493e230009c5","flip":0,"rot":0,"z":29,"y":75,"x":98,"pageNo":0},{"_id":"54e0dd103cbce20852ac002c","itemId":"53d28b7d6b86324404592552","flip":0,"rot":0,"z":30,"y":75,"x":126,"pageNo":0},{"_id":"54e0dd103cbce20852ac002d","itemId":"53d97bb4586a0b101b310fe8","flip":0,"rot":0,"z":31,"y":93,"x":5,"pageNo":0},{"_id":"54e0dd103cbce20852ac002e","itemId":"52fe5d516483a800760003ce","flip":0,"rot":0,"z":32,"y":93,"x":56,"pageNo":0},{"_id":"54e0dd103cbce20852ac002f","itemId":"53c69f0dab13e06b38944564","flip":0,"rot":0,"z":33,"y":95,"x":78,"pageNo":0},{"_id":"54e0dd103cbce20852ac0030","itemId":"53c93aca8498d5df574a5114","flip":0,"rot":0,"z":34,"y":96,"x":113,"pageNo":0},{"_id":"54e0dd103cbce20852ac0031","itemId":"532e0deb247c01c447000244","flip":0,"rot":0,"z":35,"y":95,"x":127,"pageNo":0},{"_id":"54e0dd103cbce20852ac0032","itemId":"53b2d26c5ce17083092bd344","flip":0,"rot":0,"z":36,"y":114,"x":6,"pageNo":0},{"_id":"54e0dd103cbce20852ac0033","itemId":"53d97c3850ecc0ae7ba90ec6","flip":0,"rot":0,"z":37,"y":90,"x":35,"pageNo":0},{"_id":"54e0dd103cbce20852ac0034","itemId":"53b730521477c5fb26d46283","flip":0,"rot":0,"z":38,"y":113,"x":41,"pageNo":0},{"_id":"54e0dd103cbce20852ac0035","itemId":"53b33fa37d9051ee18fa56df","flip":0,"rot":0,"z":39,"y":116,"x":72,"pageNo":0},{"_id":"54e0dd103cbce20852ac0036","itemId":"53bdf6b479794942204e670f","flip":0,"rot":0,"z":40,"y":112,"x":105,"pageNo":0},{"_id":"54e0dd103cbce20852ac0037","itemId":"54e0dd063827a1397656e906","flip":0,"rot":0,"z":41,"y":103,"x":125,"pageNo":0}]}