{"isCreator":false,"contents":[{"_id":"54e14673e33832b16bbaadc9","itemId":"5448296975d301b208aaea61","flip":0,"rot":0,"z":0,"y":-1,"x":0,"pageNo":0},{"_id":"54e14673e33832b16bbaadca","itemId":"5494e3534b60ce0a75ba1eb6","flip":0,"rot":0,"z":1,"y":-8,"x":12,"pageNo":0},{"_id":"54e14673e33832b16bbaadcb","itemId":"54a241ca68262f8c77301cbc","flip":0,"rot":0,"z":2,"y":-5,"x":35,"pageNo":0},{"_id":"54e14673e33832b16bbaadcc","itemId":"5497f1703e472cb2686a8a38","flip":0,"rot":0,"z":3,"y":-12,"x":51,"pageNo":0},{"_id":"54e14673e33832b16bbaadcd","itemId":"539b6a9af978c4a56abea82f","flip":0,"rot":0,"z":4,"y":-11,"x":73,"pageNo":0},{"_id":"54e14673e33832b16bbaadce","itemId":"54b1e78dee41b69b10c8ee95","flip":0,"rot":0,"z":5,"y":-9,"x":96,"pageNo":0},{"_id":"54e14673e33832b16bbaadcf","itemId":"53c357de7e3f2e244aa42a90","flip":0,"rot":0,"z":6,"y":-11,"x":110,"pageNo":0},{"_id":"54e14673e33832b16bbaadd0","itemId":"54a4c72fd2276b7f11875c80","flip":0,"rot":0,"z":7,"y":-11,"x":133,"pageNo":0},{"_id":"54e14673e33832b16bbaadd1","itemId":"5245fc17221ca5c037000038","flip":0,"rot":0,"z":8,"y":19,"x":1,"pageNo":0},{"_id":"54e14673e33832b16bbaadd2","itemId":"53bb61b238ca66140b86cf64","flip":0,"rot":0,"z":9,"y":8,"x":38,"pageNo":0},{"_id":"54e14673e33832b16bbaadd3","itemId":"54a5a32a123f16dc23ee564e","flip":0,"rot":0,"z":10,"y":10,"x":14,"pageNo":0},{"_id":"54e14673e33832b16bbaadd4","itemId":"5475517b9defa27a6598bdc4","flip":0,"rot":0,"z":11,"y":9,"x":54,"pageNo":0},{"_id":"54e14673e33832b16bbaadd5","itemId":"5390c73aec730f685ffac532","flip":0,"rot":0,"z":12,"y":13,"x":77,"pageNo":0},{"_id":"54e14673e33832b16bbaadd6","itemId":"53534ae733d5a59e7f00077b","flip":0,"rot":0,"z":13,"y":9,"x":91,"pageNo":0},{"_id":"54e14673e33832b16bbaadd7","itemId":"54a24a6c7f24f0f40c0311a1","flip":0,"rot":0,"z":14,"y":9,"x":109,"pageNo":0},{"_id":"54e14673e33832b16bbaadd8","itemId":"54a77233d2276b7f118765d1","flip":0,"rot":0,"z":15,"y":7,"x":132,"pageNo":0},{"_id":"54e14673e33832b16bbaadd9","itemId":"54a772d62c6535e0230d73eb","flip":0,"rot":0,"z":16,"y":26,"x":-1,"pageNo":0},{"_id":"54e14673e33832b16bbaadda","itemId":"54c827edab2ff09018b30f18","flip":0,"rot":0,"z":17,"y":27,"x":17,"pageNo":0},{"_id":"54e14673e33832b16bbaaddb","itemId":"54bafbf8f033e1361e2da40e","flip":0,"rot":0,"z":18,"y":27,"x":35,"pageNo":0},{"_id":"54e14673e33832b16bbaaddc","itemId":"54b1d850a3e62858467c2f9b","flip":0,"rot":0,"z":19,"y":27,"x":48,"pageNo":0},{"_id":"54e14673e33832b16bbaaddd","itemId":"54b1d06163f98c52465bbde5","flip":0,"rot":0,"z":20,"y":29,"x":71,"pageNo":0},{"_id":"54e14673e33832b16bbaadde","itemId":"54a6bab339d4178c35be6517","flip":0,"rot":0,"z":21,"y":27,"x":90,"pageNo":0},{"_id":"54e14673e33832b16bbaaddf","itemId":"54cb160c2fb3593a1a33d35c","flip":0,"rot":0,"z":22,"y":35,"x":111,"pageNo":0},{"_id":"54e14673e33832b16bbaade0","itemId":"54dec6593cbce20852abe5b3","flip":0,"rot":0,"z":23,"y":34,"x":130,"pageNo":0},{"_id":"54e14673e33832b16bbaade1","itemId":"54af0aad5a0384fd2ff4a821","flip":0,"rot":0,"z":24,"y":47,"x":-2,"pageNo":0},{"_id":"54e14673e33832b16bbaade2","itemId":"53a39bea837d4d4a517ebd53","flip":0,"rot":0,"z":25,"y":45,"x":19,"pageNo":0},{"_id":"54e14673e33832b16bbaade3","itemId":"53a45510ea693f2c0b273d4f","flip":0,"rot":0,"z":26,"y":50,"x":33,"pageNo":0},{"_id":"54e14673e33832b16bbaade4","itemId":"539c8f144ae156b541b02066","flip":0,"rot":0,"z":27,"y":51,"x":59,"pageNo":0},{"_id":"54e14673e33832b16bbaade5","itemId":"539c8806829e271e04c0ddaa","flip":0,"rot":0,"z":28,"y":48,"x":72,"pageNo":0},{"_id":"54e14673e33832b16bbaade6","itemId":"539c8acbbe52c1f639822d1e","flip":0,"rot":0,"z":29,"y":52,"x":98,"pageNo":0},{"_id":"54e14673e33832b16bbaade7","itemId":"53a396982fbf14987cd70b80","flip":0,"rot":0,"z":30,"y":46,"x":110,"pageNo":0},{"_id":"54e14673e33832b16bbaade8","itemId":"53a384b92fbf14987cd70b52","flip":0,"rot":0,"z":31,"y":46,"x":132,"pageNo":0},{"_id":"54e14673e33832b16bbaade9","itemId":"53a37c19837d4d4a517ebd10","flip":0,"rot":0,"z":32,"y":66,"x":17,"pageNo":0},{"_id":"54e14673e33832b16bbaadea","itemId":"53a384b92fbf14987cd70b52","flip":0,"rot":0,"z":33,"y":65,"x":0,"pageNo":0},{"_id":"54e14673e33832b16bbaadeb","itemId":"53a376ba60f9675d509664e2","flip":0,"rot":0,"z":34,"y":65,"x":36,"pageNo":0},{"_id":"54e14673e33832b16bbaadec","itemId":"549ced528fed247f0571d9b4","flip":0,"rot":0,"z":35,"y":65,"x":47,"pageNo":0},{"_id":"54e14673e33832b16bbaaded","itemId":"53a467e8c7d4aa664c329e75","flip":0,"rot":0,"z":36,"y":69,"x":74,"pageNo":0},{"_id":"54e14673e33832b16bbaadee","itemId":"533d975a7dc90e962f00001d","flip":0,"rot":0,"z":37,"y":69,"x":94,"pageNo":0},{"_id":"54e14673e33832b16bbaadef","itemId":"548cb4650b91e83418f0505c","flip":0,"rot":0,"z":38,"y":64,"x":105,"pageNo":0},{"_id":"54e14673e33832b16bbaadf0","itemId":"5484f4795dcfcba253c32706","flip":0,"rot":0,"z":39,"y":65,"x":125,"pageNo":0},{"_id":"54e14673e33832b16bbaadf1","itemId":"548c398e6a6b9add1033bbdf","flip":0,"rot":0,"z":40,"y":85,"x":-5,"pageNo":0},{"_id":"54e14673e33832b16bbaadf2","itemId":"537bcf97a64302d3012be305","flip":0,"rot":0,"z":41,"y":95,"x":24,"pageNo":0},{"_id":"54e14673e33832b16bbaadf3","itemId":"54b72f6cfc6520ba3e69ddcd","flip":0,"rot":0,"z":42,"y":83,"x":42,"pageNo":0},{"_id":"54e14673e33832b16bbaadf4","itemId":"54b6d3f051ef592823f090a6","flip":0,"rot":0,"z":43,"y":93,"x":68,"pageNo":0},{"_id":"54e14673e33832b16bbaadf5","itemId":"54b72ab50a668e2f1bcf431a","flip":0,"rot":0,"z":44,"y":83,"x":79,"pageNo":0},{"_id":"54e14673e33832b16bbaadf6","itemId":"54b8d3bf69ddf887650708be","flip":0,"rot":0,"z":45,"y":85,"x":99,"pageNo":0},{"_id":"54e14673e33832b16bbaadf7","itemId":"54b7618e077eef311bba8790","flip":0,"rot":0,"z":46,"y":95,"x":108,"pageNo":0},{"_id":"54e14673e33832b16bbaadf8","itemId":"5474b4bd63acb46959c8b078","flip":0,"rot":0,"z":47,"y":83,"x":138,"pageNo":0},{"_id":"54e14673e33832b16bbaadf9","itemId":"54b703d21d71708a1bacbe2b","flip":0,"rot":0,"z":48,"y":104,"x":0,"pageNo":0},{"_id":"54e14673e33832b16bbaadfa","itemId":"54b30824daa66b924ac15834","flip":0,"rot":0,"z":49,"y":103,"x":13,"pageNo":0},{"_id":"54e14673e33832b16bbaadfb","itemId":"54b26c1a42e6e195104b9dae","flip":0,"rot":0,"z":50,"y":105,"x":26,"pageNo":0},{"_id":"54e14673e33832b16bbaadfc","itemId":"54b26ef843ce7c5646c25ba7","flip":0,"rot":0,"z":51,"y":105,"x":54,"pageNo":0},{"_id":"54e14673e33832b16bbaadfd","itemId":"54b273674c25170e6a037806","flip":0,"rot":0,"z":52,"y":107,"x":77,"pageNo":0},{"_id":"54e14673e33832b16bbaadfe","itemId":"54b276d60eae9dc73bea6fd7","flip":0,"rot":0,"z":53,"y":109,"x":94,"pageNo":0},{"_id":"54e14673e33832b16bbaadff","itemId":"54b2ee02b941819d48f67e57","flip":0,"rot":0,"z":54,"y":103,"x":119,"pageNo":0},{"_id":"54e14673e33832b16bbaae00","itemId":"54e144103827a1397656f741","flip":0,"rot":0,"z":55,"y":-16,"x":-8,"pageNo":0},{"_id":"54e14673e33832b16bbaae01","itemId":"54e029253cbce20852abf687","flip":0,"rot":0,"z":56,"y":103,"x":130,"pageNo":0}]}