{"isCreator":false,"contents":[{"_id":"54e0d335d1e9f7e753a310c1","itemId":"54e037303cbce20852abf8d8","flip":0,"rot":0,"z":0,"y":29,"x":0,"pageNo":0},{"_id":"54e0d335d1e9f7e753a310c2","itemId":"54e037153cbce20852abf8d6","flip":0,"rot":0,"z":1,"y":33,"x":62,"pageNo":0},{"_id":"54e0d335d1e9f7e753a310c3","itemId":"54e01243ea71c30c52870480","flip":0,"rot":0,"z":2,"y":69,"x":-1,"pageNo":0},{"_id":"54e0d335d1e9f7e753a310c4","itemId":"54e0377e8ccf3337769522d2","flip":0,"rot":0,"z":3,"y":10,"x":61,"pageNo":0},{"_id":"54e0d335d1e9f7e753a310c5","itemId":"54e0c7ec8ccf3337769526cb","flip":0,"rot":0,"z":4,"y":-7,"x":-1,"pageNo":0},{"_id":"54e0d335d1e9f7e753a310c6","itemId":"54e016d93cbce20852abf4e2","flip":0,"rot":0,"z":5,"y":-7,"x":19,"pageNo":0},{"_id":"54e0d335d1e9f7e753a310c7","itemId":"54e014c5e33832b16bba7f94","flip":0,"rot":0,"z":6,"y":94,"x":109,"pageNo":0}]}