{"isCreator":false,"contents":[{"_id":"54e0c8ee3cbce20852abff0c","itemId":"54e038b03cbce20852abf8e1","flip":0,"rot":0,"z":0,"y":26,"x":56,"pageNo":0},{"_id":"54e0c8ee3cbce20852abff0d","itemId":"54e03a9f24b6bbeb53653213","flip":0,"rot":0,"z":1,"y":48,"x":57,"pageNo":0},{"_id":"54e0c8ee3cbce20852abff0e","itemId":"54e0c7c5e33832b16bba969d","flip":0,"rot":0,"z":2,"y":-4,"x":20,"pageNo":0},{"_id":"54e0c8ee3cbce20852abff0f","itemId":"54e0139ad1e9f7e753a30619","flip":0,"rot":0,"z":3,"y":-4,"x":-1,"pageNo":0}]}