{"isCreator":false,"contents":[{"_id":"54e146b93cbce20852ac091d","itemId":"54d7002e69001acf31bd9cbb","flip":0,"rot":0,"z":0,"y":-9,"x":-2,"pageNo":0},{"_id":"54e146b93cbce20852ac091e","itemId":"54d6fff5ab2eaa7c58225014","flip":0,"rot":0,"z":1,"y":-11,"x":19,"pageNo":0},{"_id":"54e146b93cbce20852ac091f","itemId":"54d78161ed30bdd531ed7ea5","flip":0,"rot":0,"z":2,"y":-12,"x":35,"pageNo":0},{"_id":"54e146b93cbce20852ac0920","itemId":"54d6fd30e3cb219f433c26c3","flip":0,"rot":0,"z":3,"y":-11,"x":48,"pageNo":0},{"_id":"54e146b93cbce20852ac0921","itemId":"54d6fc120cd96b7e5893de66","flip":0,"rot":0,"z":4,"y":-12,"x":64,"pageNo":0},{"_id":"54e146b93cbce20852ac0922","itemId":"54d78029f96cfa6854bca855","flip":0,"rot":0,"z":5,"y":-11,"x":81,"pageNo":0},{"_id":"54e146b93cbce20852ac0923","itemId":"54d406777b9df42e127074c0","flip":0,"rot":0,"z":6,"y":-9,"x":96,"pageNo":0},{"_id":"54e146b93cbce20852ac0924","itemId":"54d5506f5e08fac656930eeb","flip":0,"rot":0,"z":7,"y":-3,"x":116,"pageNo":0},{"_id":"54e146b93cbce20852ac0925","itemId":"54d6fe18ab2eaa7c5822500e","flip":0,"rot":0,"z":8,"y":-9,"x":127,"pageNo":0},{"_id":"54e146b93cbce20852ac0926","itemId":"54d6fd6ced30bdd531ed7c7e","flip":0,"rot":0,"z":9,"y":8,"x":0,"pageNo":0},{"_id":"54e146b93cbce20852ac0927","itemId":"54d6fcb20cd96b7e5893de68","flip":0,"rot":0,"z":10,"y":8,"x":15,"pageNo":0},{"_id":"54e146b93cbce20852ac0928","itemId":"54c81cb55820d6830131d046","flip":0,"rot":0,"z":11,"y":15,"x":38,"pageNo":0},{"_id":"54e146b93cbce20852ac0929","itemId":"54c81f0dc21723fa042c235a","flip":0,"rot":0,"z":12,"y":15,"x":53,"pageNo":0},{"_id":"54e146b93cbce20852ac092a","itemId":"54cc61e5924ef7f31606097a","flip":0,"rot":0,"z":13,"y":11,"x":81,"pageNo":0},{"_id":"54e146b93cbce20852ac092b","itemId":"54d2a9b8d564704444640f7e","flip":0,"rot":0,"z":14,"y":15,"x":92,"pageNo":0},{"_id":"54e146b93cbce20852ac092c","itemId":"54c961cfaef65eed441f8693","flip":0,"rot":0,"z":15,"y":11,"x":65,"pageNo":0},{"_id":"54e146b93cbce20852ac092d","itemId":"54c55a4c133fe2ab5b613274","flip":0,"rot":0,"z":16,"y":8,"x":97,"pageNo":0},{"_id":"54e146b93cbce20852ac092e","itemId":"54c592ec29def5305af31fbf","flip":0,"rot":0,"z":17,"y":15,"x":116,"pageNo":0},{"_id":"54e146b93cbce20852ac092f","itemId":"54c595fc6bb24f465fe7984b","flip":0,"rot":0,"z":18,"y":17,"x":127,"pageNo":0},{"_id":"54e146b93cbce20852ac0930","itemId":"54c7f4a8b112bf4b62b7e94a","flip":0,"rot":0,"z":19,"y":18,"x":138,"pageNo":0},{"_id":"54e146b93cbce20852ac0931","itemId":"54c7f7e94247f54d62ff03fd","flip":0,"rot":0,"z":20,"y":26,"x":-5,"pageNo":0},{"_id":"54e146b93cbce20852ac0932","itemId":"54c802ad645e527f011136d1","flip":0,"rot":0,"z":21,"y":35,"x":13,"pageNo":0},{"_id":"54e146b93cbce20852ac0933","itemId":"54c436a4133fe2ab5b612839","flip":0,"rot":0,"z":22,"y":36,"x":27,"pageNo":0},{"_id":"54e146b93cbce20852ac0934","itemId":"54c439565c63988b562557b0","flip":0,"rot":0,"z":23,"y":35,"x":39,"pageNo":0},{"_id":"54e146b93cbce20852ac0935","itemId":"54c467b0f9305aa95b993879","flip":0,"rot":0,"z":24,"y":34,"x":52,"pageNo":0},{"_id":"54e146b93cbce20852ac0936","itemId":"54c51fddf9305aa95b993d9b","flip":0,"rot":0,"z":25,"y":35,"x":61,"pageNo":0},{"_id":"54e146b93cbce20852ac0937","itemId":"54c520cfbdbc84a75b8c8926","flip":0,"rot":0,"z":26,"y":36,"x":78,"pageNo":0},{"_id":"54e146b93cbce20852ac0938","itemId":"54c538e96773a8da38932486","flip":0,"rot":0,"z":27,"y":36,"x":101,"pageNo":0},{"_id":"54e146b93cbce20852ac0939","itemId":"54c3a9b460e67dba5346374e","flip":0,"rot":0,"z":28,"y":33,"x":117,"pageNo":0},{"_id":"54e146b93cbce20852ac093a","itemId":"54d552ef0a7ec4612c9267f7","flip":0,"rot":0,"z":29,"y":36,"x":130,"pageNo":0},{"_id":"54e146b93cbce20852ac093b","itemId":"54c3d48d79c14abe53120ba5","flip":0,"rot":0,"z":30,"y":31,"x":146,"pageNo":0},{"_id":"54e146b93cbce20852ac093c","itemId":"54c3de38b182c9bc53d6b891","flip":0,"rot":0,"z":31,"y":55,"x":-3,"pageNo":0},{"_id":"54e146b93cbce20852ac093d","itemId":"54c412fddef15a7f0f27b906","flip":0,"rot":0,"z":32,"y":54,"x":10,"pageNo":0},{"_id":"54e146b93cbce20852ac093e","itemId":"54c4201c64eb87f1756adc4b","flip":0,"rot":0,"z":33,"y":55,"x":19,"pageNo":0},{"_id":"54e146b93cbce20852ac093f","itemId":"53976ca4c9b2524933f4337c","flip":0,"rot":0,"z":34,"y":47,"x":34,"pageNo":0},{"_id":"54e146b93cbce20852ac0940","itemId":"539879988db6f7ce37d4126b","flip":0,"rot":0,"z":35,"y":49,"x":47,"pageNo":0},{"_id":"54e146b93cbce20852ac0941","itemId":"54d6bc5369001acf31bd9afb","flip":0,"rot":0,"z":36,"y":56,"x":59,"pageNo":0},{"_id":"54e146b93cbce20852ac0942","itemId":"54d606566ab3936e5430a2d2","flip":0,"rot":0,"z":37,"y":55,"x":75,"pageNo":0},{"_id":"54e146b93cbce20852ac0943","itemId":"54d5579bc6160d2130e73063","flip":0,"rot":0,"z":38,"y":52,"x":89,"pageNo":0},{"_id":"54e146b93cbce20852ac0944","itemId":"531fa1c16a1075a27400006a","flip":0,"rot":0,"z":39,"y":49,"x":100,"pageNo":0},{"_id":"54e146b93cbce20852ac0945","itemId":"53d501094b4ed47622746d03","flip":0,"rot":0,"z":40,"y":52,"x":121,"pageNo":0},{"_id":"54e146b93cbce20852ac0946","itemId":"531f069b0dafebb867000007","flip":0,"rot":0,"z":41,"y":50,"x":131,"pageNo":0},{"_id":"54e146b93cbce20852ac0947","itemId":"54524f0d526a2713594daf65","flip":0,"rot":0,"z":42,"y":69,"x":-2,"pageNo":0},{"_id":"54e146b93cbce20852ac0948","itemId":"53d03384f679d1e757dd8811","flip":0,"rot":0,"z":43,"y":71,"x":17,"pageNo":0},{"_id":"54e146b93cbce20852ac0949","itemId":"53d2958180e33a927e1e70eb","flip":0,"rot":0,"z":44,"y":72,"x":36,"pageNo":0},{"_id":"54e146b93cbce20852ac094a","itemId":"54ba86ec37dc482a49e862f8","flip":0,"rot":0,"z":45,"y":64,"x":46,"pageNo":0},{"_id":"54e146b93cbce20852ac094b","itemId":"534821a3d412349024000041","flip":0,"rot":0,"z":46,"y":66,"x":62,"pageNo":0},{"_id":"54e146b93cbce20852ac094c","itemId":"54598e834644d674321e40dc","flip":0,"rot":0,"z":47,"y":67,"x":86,"pageNo":0},{"_id":"54e146b93cbce20852ac094d","itemId":"54517c1881fb66da1df96e23","flip":0,"rot":0,"z":48,"y":73,"x":117,"pageNo":0},{"_id":"54e146b93cbce20852ac094e","itemId":"5452a7ede6875ded58085129","flip":0,"rot":0,"z":49,"y":80,"x":102,"pageNo":0},{"_id":"54e146b93cbce20852ac094f","itemId":"544283f175f287a35ef3a8e4","flip":0,"rot":0,"z":50,"y":72,"x":130,"pageNo":0},{"_id":"54e146b93cbce20852ac0950","itemId":"544f0def7ee9e70c462635ae","flip":0,"rot":0,"z":51,"y":85,"x":2,"pageNo":0},{"_id":"54e146b93cbce20852ac0951","itemId":"536c0cb87e5ed703790002fb","flip":0,"rot":0,"z":52,"y":89,"x":28,"pageNo":0},{"_id":"54e146b93cbce20852ac0952","itemId":"539c4f10d825767716d6cee5","flip":0,"rot":0,"z":53,"y":93,"x":50,"pageNo":0},{"_id":"54e146b93cbce20852ac0953","itemId":"53ae034507682b3934587c49","flip":0,"rot":0,"z":54,"y":86,"x":80,"pageNo":0},{"_id":"54e146b93cbce20852ac0954","itemId":"521fa11d312605957c000005","flip":0,"rot":0,"z":55,"y":97,"x":63,"pageNo":0},{"_id":"54e146b93cbce20852ac0955","itemId":"54bda393709a8d13686f39d4","flip":0,"rot":0,"z":56,"y":89,"x":100,"pageNo":0},{"_id":"54e146b93cbce20852ac0956","itemId":"54bb1298a981ed8329208c68","flip":0,"rot":0,"z":57,"y":86,"x":116,"pageNo":0},{"_id":"54e146b93cbce20852ac0957","itemId":"5421597e4b2280405ea054eb","flip":0,"rot":0,"z":58,"y":84,"x":130,"pageNo":0},{"_id":"54e146b93cbce20852ac0958","itemId":"54d1029f65e57855317282e1","flip":0,"rot":0,"z":59,"y":105,"x":-7,"pageNo":0},{"_id":"54e146b93cbce20852ac0959","itemId":"5470ce6a94ed8b92147caaab","flip":0,"rot":0,"z":60,"y":104,"x":7,"pageNo":0},{"_id":"54e146b93cbce20852ac095a","itemId":"5470cd075d2d49070fe2c709","flip":0,"rot":0,"z":61,"y":105,"x":24,"pageNo":0},{"_id":"54e146b93cbce20852ac095b","itemId":"5470c99dd0401e766df41ec6","flip":0,"rot":0,"z":62,"y":105,"x":41,"pageNo":0},{"_id":"54e146b93cbce20852ac095c","itemId":"5399eaedafd92f3852b0498e","flip":0,"rot":0,"z":63,"y":103,"x":65,"pageNo":0},{"_id":"54e146b93cbce20852ac095d","itemId":"545117e3631c49cf4f6abcda","flip":0,"rot":0,"z":64,"y":102,"x":86,"pageNo":0},{"_id":"54e146b93cbce20852ac095e","itemId":"546cd01227edac0b51342b8f","flip":0,"rot":0,"z":65,"y":107,"x":99,"pageNo":0},{"_id":"54e146b93cbce20852ac095f","itemId":"544ee241561d12ff6ed4f2d8","flip":0,"rot":0,"z":66,"y":104,"x":114,"pageNo":0},{"_id":"54e146b93cbce20852ac0960","itemId":"54e030337771fce9535b660f","flip":0,"rot":0,"z":67,"y":110,"x":130,"pageNo":0},{"_id":"54e146b93cbce20852ac0961","itemId":"54e144103827a1397656f741","flip":0,"rot":0,"z":68,"y":-12,"x":-14,"pageNo":0}]}