{"isCreator":false,"contents":[{"_id":"54e14681e33832b16bbaae3a","itemId":"54ba72ffafed0c1d2dbe7d35","flip":0,"rot":0,"z":0,"y":3,"x":-1,"pageNo":0},{"_id":"54e14681e33832b16bbaae3b","itemId":"54936d3b617bf5377ba3c7ba","flip":0,"rot":0,"z":1,"y":-10,"x":18,"pageNo":0},{"_id":"54e14681e33832b16bbaae3c","itemId":"54bb6ced7583061b2d9b139d","flip":0,"rot":0,"z":2,"y":-10,"x":35,"pageNo":0},{"_id":"54e14681e33832b16bbaae3d","itemId":"54b983c880b1958b2bd2ab6a","flip":0,"rot":0,"z":3,"y":-8,"x":54,"pageNo":0},{"_id":"54e14681e33832b16bbaae3e","itemId":"54a999ee9f5c92f80168368e","flip":0,"rot":0,"z":4,"y":-11,"x":118,"pageNo":0},{"_id":"54e14681e33832b16bbaae3f","itemId":"54ab00e304db07cf2a398611","flip":0,"rot":0,"z":5,"y":5,"x":-6,"pageNo":0},{"_id":"54e14681e33832b16bbaae40","itemId":"54bc6922afed0c1d2dbe8e46","flip":0,"rot":0,"z":6,"y":7,"x":13,"pageNo":0},{"_id":"54e14681e33832b16bbaae41","itemId":"54bc68a12107837f29af8ac7","flip":0,"rot":0,"z":7,"y":7,"x":33,"pageNo":0},{"_id":"54e14681e33832b16bbaae42","itemId":"54bc6ab47583061b2d9b1d85","flip":0,"rot":0,"z":8,"y":7,"x":53,"pageNo":0},{"_id":"54e14681e33832b16bbaae43","itemId":"54bc6a60afed0c1d2dbe8e4e","flip":0,"rot":0,"z":9,"y":8,"x":70,"pageNo":0},{"_id":"54e14681e33832b16bbaae44","itemId":"54bc682409ebf9321e06b964","flip":0,"rot":0,"z":10,"y":7,"x":88,"pageNo":0},{"_id":"54e14681e33832b16bbaae45","itemId":"54bc72f47e43c5172d41deb7","flip":0,"rot":0,"z":11,"y":15,"x":131,"pageNo":0},{"_id":"54e14681e33832b16bbaae46","itemId":"54bc02d3afed0c1d2dbe8a45","flip":0,"rot":0,"z":12,"y":26,"x":1,"pageNo":0},{"_id":"54e14681e33832b16bbaae47","itemId":"54bc149e2107837f29af8392","flip":0,"rot":0,"z":13,"y":34,"x":20,"pageNo":0},{"_id":"54e14681e33832b16bbaae48","itemId":"54bc60e9fb2b332e490e85db","flip":0,"rot":0,"z":14,"y":37,"x":38,"pageNo":0},{"_id":"54e14681e33832b16bbaae49","itemId":"54bc57b537bfe63049a4f4f6","flip":0,"rot":0,"z":15,"y":35,"x":53,"pageNo":0},{"_id":"54e14681e33832b16bbaae4a","itemId":"54b29231a3e62858467c3303","flip":0,"rot":0,"z":16,"y":28,"x":74,"pageNo":0},{"_id":"54e14681e33832b16bbaae4b","itemId":"54bc6ccd4b3cf4192ded88ca","flip":0,"rot":0,"z":17,"y":38,"x":93,"pageNo":0},{"_id":"54e14681e33832b16bbaae4c","itemId":"54bc35c937bfe63049a4f45e","flip":0,"rot":0,"z":18,"y":32,"x":111,"pageNo":0},{"_id":"54e14681e33832b16bbaae4d","itemId":"54bc3a8fafed0c1d2dbe8c08","flip":0,"rot":0,"z":19,"y":36,"x":135,"pageNo":0},{"_id":"54e14681e33832b16bbaae4e","itemId":"54bc494737dc482a49e87157","flip":0,"rot":0,"z":20,"y":55,"x":1,"pageNo":0},{"_id":"54e14681e33832b16bbaae4f","itemId":"54bc4e54fbf692341eb1742f","flip":0,"rot":0,"z":21,"y":56,"x":20,"pageNo":0},{"_id":"54e14681e33832b16bbaae50","itemId":"545ef257d7f03fd34565ddbd","flip":0,"rot":0,"z":22,"y":55,"x":37,"pageNo":0},{"_id":"54e14681e33832b16bbaae51","itemId":"5459aecbcbed7f0f1b1b0a50","flip":0,"rot":0,"z":23,"y":46,"x":54,"pageNo":0},{"_id":"54e14681e33832b16bbaae52","itemId":"547073e5a288030b0fe6756c","flip":0,"rot":0,"z":24,"y":55,"x":77,"pageNo":0},{"_id":"54e14681e33832b16bbaae53","itemId":"54a85fe22c6535e0230d783b","flip":0,"rot":0,"z":25,"y":46,"x":97,"pageNo":0},{"_id":"54e14681e33832b16bbaae54","itemId":"54a98950e61d9f992857e369","flip":0,"rot":0,"z":26,"y":47,"x":111,"pageNo":0},{"_id":"54e14681e33832b16bbaae55","itemId":"54b31644daa66b924ac159bf","flip":0,"rot":0,"z":27,"y":-15,"x":127,"pageNo":0},{"_id":"54e14681e33832b16bbaae56","itemId":"54bc6984bc5375301e7f13d7","flip":0,"rot":0,"z":28,"y":9,"x":107,"pageNo":0},{"_id":"54e14681e33832b16bbaae57","itemId":"5358363e6686493e23000d18","flip":0,"rot":0,"z":29,"y":-8,"x":99,"pageNo":0},{"_id":"54e14681e33832b16bbaae58","itemId":"54ba86d6fbf692341eb16661","flip":0,"rot":0,"z":30,"y":-13,"x":71,"pageNo":0},{"_id":"54e14681e33832b16bbaae59","itemId":"54b439dbeb15379f769dac2c","flip":0,"rot":0,"z":31,"y":45,"x":130,"pageNo":0},{"_id":"54e14681e33832b16bbaae5a","itemId":"54a7eb70d2276b7f118766ed","flip":0,"rot":0,"z":32,"y":63,"x":-1,"pageNo":0},{"_id":"54e14681e33832b16bbaae5b","itemId":"54a98261d39afc9b283953db","flip":0,"rot":0,"z":33,"y":67,"x":27,"pageNo":0},{"_id":"54e14681e33832b16bbaae5c","itemId":"54b07f3614f0f3df0ef992dd","flip":0,"rot":0,"z":34,"y":64,"x":38,"pageNo":0},{"_id":"54e14681e33832b16bbaae5d","itemId":"54a87f8252a54e017cda3294","flip":0,"rot":0,"z":35,"y":71,"x":53,"pageNo":0},{"_id":"54e14681e33832b16bbaae5e","itemId":"54a992ddb993419f28921218","flip":0,"rot":0,"z":36,"y":64,"x":71,"pageNo":0},{"_id":"54e14681e33832b16bbaae5f","itemId":"54a9846df6cb616a16853e85","flip":0,"rot":0,"z":37,"y":67,"x":93,"pageNo":0},{"_id":"54e14681e33832b16bbaae60","itemId":"54a8767dd2276b7f11876a28","flip":0,"rot":0,"z":38,"y":65,"x":99,"pageNo":0},{"_id":"54e14681e33832b16bbaae61","itemId":"54a875f4d2276b7f11876a27","flip":0,"rot":0,"z":39,"y":65,"x":119,"pageNo":0},{"_id":"54e14681e33832b16bbaae62","itemId":"54b2c66fee41b69b10c8f09b","flip":0,"rot":0,"z":40,"y":85,"x":-5,"pageNo":0},{"_id":"54e14681e33832b16bbaae63","itemId":"54b3d3e1732ef08c161d2f55","flip":0,"rot":0,"z":41,"y":87,"x":16,"pageNo":0},{"_id":"54e14681e33832b16bbaae64","itemId":"54b2bbc50eae9dc73bea72c2","flip":0,"rot":0,"z":42,"y":87,"x":33,"pageNo":0},{"_id":"54e14681e33832b16bbaae65","itemId":"54b2ca1542e6e195104ba054","flip":0,"rot":0,"z":43,"y":86,"x":51,"pageNo":0},{"_id":"54e14681e33832b16bbaae66","itemId":"54b4180d23f99f92165f6b8a","flip":0,"rot":0,"z":44,"y":84,"x":71,"pageNo":0},{"_id":"54e14681e33832b16bbaae67","itemId":"54b85e24e4cbe98b65eec901","flip":0,"rot":0,"z":45,"y":85,"x":96,"pageNo":0},{"_id":"54e14681e33832b16bbaae68","itemId":"530e93c901deeb1737000014","flip":0,"rot":0,"z":46,"y":83,"x":117,"pageNo":0},{"_id":"54e14681e33832b16bbaae69","itemId":"54bea71cba327fcd45846e7f","flip":0,"rot":0,"z":47,"y":102,"x":-4,"pageNo":0},{"_id":"54e14681e33832b16bbaae6a","itemId":"52f67025e1e33b262400009a","flip":0,"rot":0,"z":48,"y":113,"x":23,"pageNo":0},{"_id":"54e14681e33832b16bbaae6b","itemId":"54bae77c37bfe63049a4ee55","flip":0,"rot":0,"z":49,"y":108,"x":40,"pageNo":0},{"_id":"54e14681e33832b16bbaae6c","itemId":"53224bf57469c26c5c000053","flip":0,"rot":0,"z":50,"y":103,"x":50,"pageNo":0},{"_id":"54e14681e33832b16bbaae6d","itemId":"532a369e7e6eedc73d00009a","flip":0,"rot":0,"z":51,"y":101,"x":64,"pageNo":0},{"_id":"54e14681e33832b16bbaae6e","itemId":"531ccb859aa72cbc74000325","flip":0,"rot":0,"z":52,"y":104,"x":82,"pageNo":0},{"_id":"54e14681e33832b16bbaae6f","itemId":"54a84263371279fd7b0b2c55","flip":0,"rot":0,"z":53,"y":102,"x":97,"pageNo":0},{"_id":"54e14681e33832b16bbaae70","itemId":"54e144103827a1397656f741","flip":0,"rot":0,"z":54,"y":-19,"x":-7,"pageNo":0},{"_id":"54e14681e33832b16bbaae71","itemId":"54e02bba24b6bbeb536530bc","flip":0,"rot":0,"z":55,"y":117,"x":127,"pageNo":0}]}