{"isCreator":false,"contents":[{"_id":"56e749fcd33fb8790fa3dea0","itemId":"54e049fb24b6bbeb536532e4","flip":0,"rot":0,"z":0,"y":83,"x":64,"pageNo":0},{"_id":"56e749fcd33fb8790fa3dea1","itemId":"54e04b066a62160e520a1277","flip":0,"rot":0,"z":1,"y":84,"x":28,"pageNo":0},{"_id":"56e749fcd33fb8790fa3dea2","itemId":"54e04bc2d1e9f7e753a30ab2","flip":0,"rot":0,"z":2,"y":84,"x":-9,"pageNo":0},{"_id":"56e749fcd33fb8790fa3dea3","itemId":"54e04b78ea71c30c52870876","flip":0,"rot":0,"z":3,"y":19,"x":32,"pageNo":0},{"_id":"56e749fcd33fb8790fa3dea4","itemId":"54e04a483827a1397656e0c5","flip":0,"rot":0,"z":4,"y":37,"x":87,"pageNo":0},{"_id":"56e749fcd33fb8790fa3dea5","itemId":"54e04ab2e33832b16bba8aea","flip":0,"rot":0,"z":5,"y":110,"x":118,"pageNo":0}]}