{"isCreator":false,"contents":[{"_id":"54e146acea71c30c52871249","itemId":"53c097ee7e6dbc87309a438b","flip":0,"rot":0,"z":0,"y":-8,"x":-2,"pageNo":0},{"_id":"54e146acea71c30c5287124a","itemId":"53b21ea5e52943b1011eb267","flip":0,"rot":0,"z":1,"y":-8,"x":39,"pageNo":0},{"_id":"54e146acea71c30c5287124b","itemId":"53ea6a4b9de23cdb4603fed7","flip":0,"rot":0,"z":2,"y":-11,"x":56,"pageNo":0},{"_id":"54e146acea71c30c5287124c","itemId":"53b1ca5e195ea89e33f35828","flip":0,"rot":0,"z":3,"y":-8,"x":76,"pageNo":0},{"_id":"54e146acea71c30c5287124d","itemId":"53b1d8a0e52943b1011eb1fe","flip":0,"rot":0,"z":4,"y":-14,"x":93,"pageNo":0},{"_id":"54e146acea71c30c5287124e","itemId":"538d08bf1f511ffc682b746f","flip":0,"rot":0,"z":5,"y":-10,"x":108,"pageNo":0},{"_id":"54e146acea71c30c5287124f","itemId":"538d09ad502702986a65410b","flip":0,"rot":0,"z":6,"y":-11,"x":131,"pageNo":0},{"_id":"54e146acea71c30c52871250","itemId":"5393332a0417c8741f74164b","flip":0,"rot":0,"z":7,"y":10,"x":-2,"pageNo":0},{"_id":"54e146acea71c30c52871251","itemId":"54bddb6178a4a2be34c45fb0","flip":0,"rot":0,"z":8,"y":8,"x":23,"pageNo":0},{"_id":"54e146acea71c30c52871252","itemId":"53e97817736874c115a5d0a9","flip":0,"rot":0,"z":9,"y":9,"x":38,"pageNo":0},{"_id":"54e146acea71c30c52871253","itemId":"53b32f255ce17083092bd41a","flip":0,"rot":0,"z":10,"y":12,"x":60,"pageNo":0},{"_id":"54e146acea71c30c52871254","itemId":"5309af45d9989a6142000532","flip":0,"rot":0,"z":11,"y":18,"x":74,"pageNo":0},{"_id":"54e146acea71c30c52871255","itemId":"5310b35774d2c01825000200","flip":0,"rot":0,"z":12,"y":8,"x":95,"pageNo":0},{"_id":"54e146acea71c30c52871256","itemId":"5348035d85a617ba4500001b","flip":0,"rot":0,"z":13,"y":7,"x":127,"pageNo":0},{"_id":"54e146acea71c30c52871257","itemId":"5349851c4b4412a03d000129","flip":0,"rot":0,"z":14,"y":27,"x":-1,"pageNo":0},{"_id":"54e146acea71c30c52871258","itemId":"534edc4ab86106c45300008c","flip":0,"rot":0,"z":15,"y":27,"x":19,"pageNo":0},{"_id":"54e146acea71c30c52871259","itemId":"538bbe4991037b077f293dfc","flip":0,"rot":0,"z":16,"y":30,"x":40,"pageNo":0},{"_id":"54e146acea71c30c5287125a","itemId":"5415a0db4f8315ea78e8e75a","flip":0,"rot":0,"z":17,"y":34,"x":68,"pageNo":0},{"_id":"54e146acea71c30c5287125b","itemId":"54cc37311ed668880688033b","flip":0,"rot":0,"z":18,"y":31,"x":80,"pageNo":0},{"_id":"54e146acea71c30c5287125c","itemId":"541205b4c9ab288436c68e0f","flip":0,"rot":0,"z":19,"y":28,"x":90,"pageNo":0},{"_id":"54e146acea71c30c5287125d","itemId":"524279a3ba50f0d571000037","flip":0,"rot":0,"z":20,"y":36,"x":112,"pageNo":0},{"_id":"54e146acea71c30c5287125e","itemId":"52f41faab4dd7bbf6900006f","flip":0,"rot":0,"z":21,"y":35,"x":128,"pageNo":0},{"_id":"54e146acea71c30c5287125f","itemId":"526fb0e1ea54ce8974000281","flip":0,"rot":0,"z":22,"y":55,"x":2,"pageNo":0},{"_id":"54e146acea71c30c52871260","itemId":"54c6b1002ef6451e7d7689ff","flip":0,"rot":0,"z":23,"y":48,"x":36,"pageNo":0},{"_id":"54e146acea71c30c52871261","itemId":"54c483745c63988b562559c2","flip":0,"rot":0,"z":24,"y":48,"x":18,"pageNo":0},{"_id":"54e146acea71c30c52871262","itemId":"54c559916773a8da389326eb","flip":0,"rot":0,"z":25,"y":46,"x":52,"pageNo":0},{"_id":"54e146acea71c30c52871263","itemId":"54c4380d008569d976958ee6","flip":0,"rot":0,"z":26,"y":55,"x":75,"pageNo":0},{"_id":"54e146acea71c30c52871264","itemId":"54b46990f09ff55e4c922da2","flip":0,"rot":0,"z":27,"y":46,"x":94,"pageNo":0},{"_id":"54e146acea71c30c52871265","itemId":"53a051ecea0e7c204b4a3838","flip":0,"rot":0,"z":28,"y":48,"x":112,"pageNo":0},{"_id":"54e146acea71c30c52871266","itemId":"54c73257dfae68417cbde02f","flip":0,"rot":0,"z":29,"y":56,"x":132,"pageNo":0},{"_id":"54e146acea71c30c52871267","itemId":"54c581f75ae48f425f2d6e4e","flip":0,"rot":0,"z":30,"y":66,"x":-2,"pageNo":0},{"_id":"54e146acea71c30c52871268","itemId":"54c57f523df419f155769ca8","flip":0,"rot":0,"z":31,"y":66,"x":17,"pageNo":0},{"_id":"54e146acea71c30c52871269","itemId":"54bbb5b82107837f29af79ef","flip":0,"rot":0,"z":32,"y":66,"x":52,"pageNo":0},{"_id":"54e146acea71c30c5287126a","itemId":"54c696a42ef6451e7d7688f9","flip":0,"rot":0,"z":33,"y":65,"x":38,"pageNo":0},{"_id":"54e146acea71c30c5287126b","itemId":"54c43caefa1c45db76eb4e86","flip":0,"rot":0,"z":34,"y":65,"x":69,"pageNo":0},{"_id":"54e146acea71c30c5287126c","itemId":"54bc21cc09ebf9321e06b724","flip":0,"rot":0,"z":35,"y":64,"x":90,"pageNo":0},{"_id":"54e146acea71c30c5287126d","itemId":"54c04ee72d923dcb45624267","flip":0,"rot":0,"z":36,"y":68,"x":113,"pageNo":0},{"_id":"54e146acea71c30c5287126e","itemId":"54b9cdcb328271cf277174da","flip":0,"rot":0,"z":37,"y":69,"x":134,"pageNo":0},{"_id":"54e146acea71c30c5287126f","itemId":"54b85879e4cbe98b65eec82b","flip":0,"rot":0,"z":38,"y":87,"x":-3,"pageNo":0},{"_id":"54e146acea71c30c52871270","itemId":"54b7f785d98cc0b120182922","flip":0,"rot":0,"z":39,"y":87,"x":39,"pageNo":0},{"_id":"54e146acea71c30c52871271","itemId":"54b5e03ec03abd481cf3a6b3","flip":0,"rot":0,"z":40,"y":86,"x":62,"pageNo":0},{"_id":"54e146acea71c30c52871272","itemId":"54b8033d35a00c6b2204e8bf","flip":0,"rot":0,"z":41,"y":92,"x":21,"pageNo":0},{"_id":"54e146acea71c30c52871273","itemId":"54b667d0ffe6f9493444b67e","flip":0,"rot":0,"z":42,"y":82,"x":72,"pageNo":0},{"_id":"54e146acea71c30c52871274","itemId":"53a9964a2fc23257101f03f2","flip":0,"rot":0,"z":43,"y":94,"x":95,"pageNo":0},{"_id":"54e146acea71c30c52871275","itemId":"53a84cd0f735c84a74fc2302","flip":0,"rot":0,"z":44,"y":83,"x":111,"pageNo":0},{"_id":"54e146acea71c30c52871276","itemId":"53aadd42d913f7eb372923cc","flip":0,"rot":0,"z":45,"y":109,"x":1,"pageNo":0},{"_id":"54e146acea71c30c52871277","itemId":"53a355a1837d4d4a517ebcb8","flip":0,"rot":0,"z":46,"y":102,"x":12,"pageNo":0},{"_id":"54e146acea71c30c52871278","itemId":"549907c760ad217905b24463","flip":0,"rot":0,"z":47,"y":103,"x":40,"pageNo":0},{"_id":"54e146acea71c30c52871279","itemId":"5497ccf6e0f9a6b4689558ab","flip":0,"rot":0,"z":48,"y":105,"x":53,"pageNo":0},{"_id":"54e146acea71c30c5287127a","itemId":"548e6f214cf777fd154ae02a","flip":0,"rot":0,"z":49,"y":101,"x":68,"pageNo":0},{"_id":"54e146acea71c30c5287127b","itemId":"549037406fa47df1637ad4aa","flip":0,"rot":0,"z":50,"y":107,"x":85,"pageNo":0},{"_id":"54e146acea71c30c5287127c","itemId":"54934329f16547067a8b5a32","flip":0,"rot":0,"z":51,"y":105,"x":105,"pageNo":0},{"_id":"54e146acea71c30c5287127d","itemId":"5496947ae3cc3bc97d9b7fe0","flip":0,"rot":0,"z":52,"y":103,"x":117,"pageNo":0},{"_id":"54e146acea71c30c5287127e","itemId":"54e144103827a1397656f741","flip":0,"rot":0,"z":53,"y":-5,"x":12,"pageNo":0},{"_id":"54e146acea71c30c5287127f","itemId":"53e6d020dee1eefb0f1d0f0c","flip":0,"rot":0,"z":54,"y":-12,"x":14,"pageNo":0},{"_id":"54e146acea71c30c52871280","itemId":"54e144103827a1397656f741","flip":0,"rot":0,"z":55,"y":-15,"x":-14,"pageNo":0},{"_id":"54e146acea71c30c52871281","itemId":"54e02dc4e33832b16bba85ad","flip":0,"rot":0,"z":56,"y":112,"x":126,"pageNo":0}]}