{"isCreator":false,"contents":[{"_id":"54e0de53ea71c30c52870cc1","itemId":"53330fe7247c01c447000810","flip":0,"rot":0,"z":0,"y":-4,"x":5,"pageNo":0},{"_id":"54e0de53ea71c30c52870cc2","itemId":"53323e5b4b351a1e680007a8","flip":0,"rot":0,"z":1,"y":-1,"x":22,"pageNo":0},{"_id":"54e0de53ea71c30c52870cc3","itemId":"530b4f02d9989a6142000787","flip":0,"rot":0,"z":2,"y":-1,"x":53,"pageNo":0},{"_id":"54e0de53ea71c30c52870cc4","itemId":"532a4bd07e6eedc73d0000d0","flip":0,"rot":0,"z":3,"y":-2,"x":83,"pageNo":0},{"_id":"54e0de53ea71c30c52870cc5","itemId":"52ed61359d2056b56b0000e0","flip":0,"rot":0,"z":4,"y":-2,"x":122,"pageNo":0},{"_id":"54e0de53ea71c30c52870cc6","itemId":"5330d39ab1cef442690005d5","flip":0,"rot":0,"z":5,"y":-1,"x":107,"pageNo":0},{"_id":"54e0de53ea71c30c52870cc7","itemId":"52ed7b905fb53ca37000014c","flip":0,"rot":0,"z":6,"y":17,"x":11,"pageNo":0},{"_id":"54e0de53ea71c30c52870cc8","itemId":"52f7b831e1e33b262400035e","flip":0,"rot":0,"z":7,"y":18,"x":47,"pageNo":0},{"_id":"54e0de53ea71c30c52870cc9","itemId":"52fcd39a8428e5267d0001a7","flip":0,"rot":0,"z":8,"y":22,"x":78,"pageNo":0},{"_id":"54e0de53ea71c30c52870cca","itemId":"52e983f7b28ec43664000043","flip":0,"rot":0,"z":9,"y":17,"x":93,"pageNo":0},{"_id":"54e0de53ea71c30c52870ccb","itemId":"52ea8222d974935633000195","flip":0,"rot":0,"z":10,"y":19,"x":114,"pageNo":0},{"_id":"54e0de53ea71c30c52870ccc","itemId":"52eb00098a9b5e7001000021","flip":0,"rot":0,"z":11,"y":39,"x":6,"pageNo":0},{"_id":"54e0de53ea71c30c52870ccd","itemId":"52ec04f54ed9318523000072","flip":0,"rot":0,"z":12,"y":40,"x":35,"pageNo":0},{"_id":"54e0de53ea71c30c52870cce","itemId":"52ecd4e2d348daba5800022d","flip":0,"rot":0,"z":13,"y":37,"x":67,"pageNo":0},{"_id":"54e0de53ea71c30c52870ccf","itemId":"539e182bfe55b99915e6a311","flip":0,"rot":0,"z":14,"y":40,"x":93,"pageNo":0},{"_id":"54e0de53ea71c30c52870cd0","itemId":"53010624aa14d79c380000b9","flip":0,"rot":0,"z":15,"y":40,"x":127,"pageNo":0},{"_id":"54e0de53ea71c30c52870cd1","itemId":"537ab788639f690602388dff","flip":0,"rot":0,"z":16,"y":56,"x":5,"pageNo":0},{"_id":"54e0de53ea71c30c52870cd2","itemId":"533b52f16c6704592100035b","flip":0,"rot":0,"z":17,"y":55,"x":21,"pageNo":0},{"_id":"54e0de53ea71c30c52870cd3","itemId":"52e95c4e50d5265e5100008f","flip":0,"rot":0,"z":18,"y":55,"x":44,"pageNo":0},{"_id":"54e0de53ea71c30c52870cd4","itemId":"534ec1bae528bff81b000043","flip":0,"rot":0,"z":19,"y":58,"x":74,"pageNo":0},{"_id":"54e0de53ea71c30c52870cd5","itemId":"5332d183d577ec5f2d00080b","flip":0,"rot":0,"z":20,"y":57,"x":98,"pageNo":0},{"_id":"54e0de53ea71c30c52870cd6","itemId":"533f3878e07fc9ac01000013","flip":0,"rot":0,"z":21,"y":61,"x":127,"pageNo":0},{"_id":"54e0de53ea71c30c52870cd7","itemId":"53aae2d6d913f7eb372923dc","flip":0,"rot":0,"z":22,"y":74,"x":9,"pageNo":0},{"_id":"54e0de53ea71c30c52870cd8","itemId":"54569f790fe4c87d79e09060","flip":0,"rot":0,"z":23,"y":76,"x":48,"pageNo":0},{"_id":"54e0de53ea71c30c52870cd9","itemId":"54595f4eb5cd9f7a3240834b","flip":0,"rot":0,"z":24,"y":74,"x":82,"pageNo":0},{"_id":"54e0de53ea71c30c52870cda","itemId":"545eb7e1e29664ca56d0e823","flip":0,"rot":0,"z":25,"y":75,"x":102,"pageNo":0},{"_id":"54e0de53ea71c30c52870cdb","itemId":"5456dd03b31f60946fcddb15","flip":0,"rot":0,"z":26,"y":69,"x":121,"pageNo":0},{"_id":"54e0de53ea71c30c52870cdc","itemId":"530d51c6acea0a6336000070","flip":0,"rot":0,"z":27,"y":93,"x":4,"pageNo":0},{"_id":"54e0de53ea71c30c52870cdd","itemId":"52a244d344851a3b06000015","flip":0,"rot":0,"z":28,"y":92,"x":24,"pageNo":0},{"_id":"54e0de53ea71c30c52870cde","itemId":"52a48900895139390400001f","flip":0,"rot":0,"z":29,"y":93,"x":61,"pageNo":0},{"_id":"54e0de53ea71c30c52870cdf","itemId":"52a50b83f7cf2fff5900007e","flip":0,"rot":0,"z":30,"y":96,"x":96,"pageNo":0},{"_id":"54e0de53ea71c30c52870ce0","itemId":"52af6cc6db1f31861b00003c","flip":0,"rot":0,"z":31,"y":93,"x":124,"pageNo":0},{"_id":"54e0de53ea71c30c52870ce1","itemId":"52c1be79437e97806500004d","flip":0,"rot":0,"z":32,"y":114,"x":8,"pageNo":0},{"_id":"54e0de53ea71c30c52870ce2","itemId":"52ce78d390a221ef3f00012d","flip":0,"rot":0,"z":33,"y":114,"x":36,"pageNo":0},{"_id":"54e0de53ea71c30c52870ce3","itemId":"5308d803d9989a6142000333","flip":0,"rot":0,"z":34,"y":113,"x":69,"pageNo":0},{"_id":"54e0de53ea71c30c52870ce4","itemId":"5335ccd2e9882d58140000d3","flip":0,"rot":0,"z":35,"y":112,"x":101,"pageNo":0},{"_id":"54e0de53ea71c30c52870ce5","itemId":"533b5c1bf11d41522c000334","flip":0,"rot":0,"z":36,"y":112,"x":117,"pageNo":0},{"_id":"54e0de53ea71c30c52870ce6","itemId":"54e0de4fd1e9f7e753a3119a","flip":0,"rot":0,"z":37,"y":102,"x":131,"pageNo":0}]}