{"isCreator":false,"contents":[{"_id":"54e032fde33832b16bba885d","itemId":"547d75d9d1b6e8d33d08c0f3","flip":0,"rot":0,"z":0,"y":-3,"x":0,"pageNo":0},{"_id":"54e032fde33832b16bba885e","itemId":"54a201b9c35056b30197856b","flip":0,"rot":0,"z":1,"y":-12,"x":21,"pageNo":0},{"_id":"54e032fde33832b16bba885f","itemId":"54bbec342107837f29af7e41","flip":0,"rot":0,"z":2,"y":-11,"x":52,"pageNo":0},{"_id":"54e032fde33832b16bba8860","itemId":"547e1b13f6a1940176b809ff","flip":0,"rot":0,"z":3,"y":-7,"x":75,"pageNo":0},{"_id":"54e032fde33832b16bba8861","itemId":"547e4bad9ac7c29d628fe4de","flip":0,"rot":0,"z":4,"y":-10,"x":94,"pageNo":0},{"_id":"54e032fde33832b16bba8862","itemId":"547ed8c0e9375df6783e4caa","flip":0,"rot":0,"z":5,"y":-10,"x":112,"pageNo":0},{"_id":"54e032fde33832b16bba8863","itemId":"547fd1aaac801df8782aa8a3","flip":0,"rot":0,"z":6,"y":-8,"x":129,"pageNo":0},{"_id":"54e032fde33832b16bba8864","itemId":"5481043f1e798fb860ea926b","flip":0,"rot":0,"z":7,"y":9,"x":-6,"pageNo":0},{"_id":"54e032fde33832b16bba8865","itemId":"546823e6ddaed1da6ff292b2","flip":0,"rot":0,"z":8,"y":8,"x":15,"pageNo":0},{"_id":"54e032fde33832b16bba8866","itemId":"54a59b28123f16dc23ee561a","flip":0,"rot":0,"z":9,"y":10,"x":37,"pageNo":0},{"_id":"54e032fde33832b16bba8867","itemId":"5384291d709a076801c36804","flip":0,"rot":0,"z":10,"y":8,"x":52,"pageNo":0},{"_id":"54e032fde33832b16bba8868","itemId":"537bfdfd6167af213345e527","flip":0,"rot":0,"z":11,"y":8,"x":73,"pageNo":0},{"_id":"54e032fde33832b16bba8869","itemId":"54c32d63e2cdc9810fd5a5fe","flip":0,"rot":0,"z":12,"y":10,"x":93,"pageNo":0},{"_id":"54e032fde33832b16bba886a","itemId":"54c32c3672d5a407685e8560","flip":0,"rot":0,"z":13,"y":9,"x":122,"pageNo":0},{"_id":"54e032fde33832b16bba886b","itemId":"542ef3cb132d57064a9a3e60","flip":0,"rot":0,"z":14,"y":26,"x":1,"pageNo":0},{"_id":"54e032fde33832b16bba886c","itemId":"53f807b1c59a85b55b0986ca","flip":0,"rot":0,"z":15,"y":28,"x":23,"pageNo":0},{"_id":"54e032fde33832b16bba886d","itemId":"54a6ee0d28ffe7fb7b691a6b","flip":0,"rot":0,"z":16,"y":29,"x":45,"pageNo":0},{"_id":"54e032fde33832b16bba886e","itemId":"5390de3476eb21df5def5c9a","flip":0,"rot":0,"z":17,"y":28,"x":73,"pageNo":0},{"_id":"54e032fde33832b16bba886f","itemId":"54a5a2d4c1e0428311c5e700","flip":0,"rot":0,"z":18,"y":29,"x":62,"pageNo":0},{"_id":"54e032fde33832b16bba8870","itemId":"53c740e9ade936282027187f","flip":0,"rot":0,"z":19,"y":28,"x":93,"pageNo":0},{"_id":"54e032fde33832b16bba8871","itemId":"54d0386ae6eb21130b91b69a","flip":0,"rot":0,"z":20,"y":27,"x":109,"pageNo":0},{"_id":"54e032fde33832b16bba8872","itemId":"54886968b6f7367407435002","flip":0,"rot":0,"z":21,"y":31,"x":132,"pageNo":0},{"_id":"54e032fde33832b16bba8873","itemId":"54c17ddf29547fc745a8851e","flip":0,"rot":0,"z":22,"y":60,"x":5,"pageNo":0},{"_id":"54e032fde33832b16bba8874","itemId":"54c19e08ae18a4870273a475","flip":0,"rot":0,"z":23,"y":59,"x":22,"pageNo":0},{"_id":"54e032fde33832b16bba8875","itemId":"54c19d432d923dcb456249ec","flip":0,"rot":0,"z":24,"y":64,"x":66,"pageNo":0},{"_id":"54e032fde33832b16bba8876","itemId":"54d7e17fe3cb219f433c2cbd","flip":0,"rot":0,"z":25,"y":50,"x":35,"pageNo":0},{"_id":"54e032fde33832b16bba8877","itemId":"5498368183bce68a28894873","flip":0,"rot":0,"z":26,"y":49,"x":109,"pageNo":0},{"_id":"54e032fde33832b16bba8878","itemId":"54757c07385336620ba6f082","flip":0,"rot":0,"z":27,"y":49,"x":123,"pageNo":0},{"_id":"54e032fde33832b16bba8879","itemId":"5328cd95e624d50a2c000013","flip":0,"rot":0,"z":28,"y":51,"x":88,"pageNo":0},{"_id":"54e032fde33832b16bba887a","itemId":"54cd3881749f6bfa19b32ca5","flip":0,"rot":0,"z":29,"y":75,"x":3,"pageNo":0},{"_id":"54e032fde33832b16bba887b","itemId":"54cd3881749f6bfa19b32ca5","flip":0,"rot":0,"z":30,"y":74,"x":20,"pageNo":0},{"_id":"54e032fde33832b16bba887c","itemId":"53e679dfa893b5f910f8199e","flip":0,"rot":0,"z":31,"y":63,"x":35,"pageNo":0},{"_id":"54e032fde33832b16bba887d","itemId":"54c7a666fb3a58496257d986","flip":0,"rot":0,"z":32,"y":69,"x":60,"pageNo":0},{"_id":"54e032fde33832b16bba887e","itemId":"54cd30ffee4946f321dbeb8b","flip":0,"rot":0,"z":33,"y":71,"x":76,"pageNo":0},{"_id":"54e032fde33832b16bba887f","itemId":"54debb7a3cbce20852abe4bf","flip":0,"rot":0,"z":34,"y":66,"x":93,"pageNo":0},{"_id":"54e032fde33832b16bba8880","itemId":"54d96ccc32766786591bf2b7","flip":0,"rot":0,"z":35,"y":65,"x":113,"pageNo":0},{"_id":"54e032fde33832b16bba8881","itemId":"547295b6955834fc0e0403ee","flip":0,"rot":0,"z":36,"y":69,"x":134,"pageNo":0},{"_id":"54e032fde33832b16bba8882","itemId":"5466e8a392ce62b459f2dac2","flip":0,"rot":0,"z":37,"y":95,"x":1,"pageNo":0},{"_id":"54e032fde33832b16bba8883","itemId":"54d6598eac30b47a583d45ec","flip":0,"rot":0,"z":38,"y":85,"x":19,"pageNo":0},{"_id":"54e032fde33832b16bba8884","itemId":"54add57a5a0384fd2ff4a29a","flip":0,"rot":0,"z":39,"y":90,"x":48,"pageNo":0},{"_id":"54e032fde33832b16bba8885","itemId":"54878a79143587ca22b4cb09","flip":0,"rot":0,"z":40,"y":83,"x":61,"pageNo":0},{"_id":"54e032fde33832b16bba8886","itemId":"54a5225f123f16dc23ee53eb","flip":0,"rot":0,"z":41,"y":100,"x":87,"pageNo":0},{"_id":"54e032fde33832b16bba8887","itemId":"54cef45e1e648b5f24fde9ef","flip":0,"rot":0,"z":42,"y":85,"x":96,"pageNo":0},{"_id":"54e032fde33832b16bba8888","itemId":"54deb267cf7090ed53e623eb","flip":0,"rot":0,"z":43,"y":95,"x":122,"pageNo":0},{"_id":"54e032fde33832b16bba8889","itemId":"54ba52fefbf692341eb1650f","flip":0,"rot":0,"z":44,"y":92,"x":136,"pageNo":0},{"_id":"54e032fde33832b16bba888a","itemId":"54d15b2cf417916b11ded164","flip":0,"rot":0,"z":45,"y":102,"x":-5,"pageNo":0},{"_id":"54e032fde33832b16bba888b","itemId":"54775ef897d0800a2b0ccc5a","flip":0,"rot":0,"z":46,"y":100,"x":15,"pageNo":0},{"_id":"54e032fde33832b16bba888c","itemId":"547d28f0c3377395322ce470","flip":0,"rot":0,"z":47,"y":103,"x":37,"pageNo":0},{"_id":"54e032fde33832b16bba888d","itemId":"54e032f36a62160e520a1173","flip":0,"rot":0,"z":48,"y":103,"x":83,"pageNo":0}]}