{"isCreator":false,"contents":[{"_id":"54e0d479e33832b16bba9815","itemId":"54e014c5e33832b16bba7f94","flip":0,"rot":0,"z":0,"y":112,"x":121,"pageNo":0},{"_id":"54e0d479e33832b16bba9816","itemId":"54e0377e8ccf3337769522d2","flip":0,"rot":0,"z":1,"y":8,"x":59,"pageNo":0},{"_id":"54e0d479e33832b16bba9817","itemId":"54e01243ea71c30c52870480","flip":0,"rot":0,"z":2,"y":56,"x":6,"pageNo":0},{"_id":"54e0d479e33832b16bba9818","itemId":"54e0c7ec8ccf3337769526cb","flip":0,"rot":0,"z":3,"y":-8,"x":9,"pageNo":0},{"_id":"54e0d479e33832b16bba9819","itemId":"54e016d93cbce20852abf4e2","flip":0,"rot":0,"z":4,"y":-8,"x":28,"pageNo":0}]}