{"isCreator":false,"contents":[{"_id":"54e14679e33832b16bbaae02","itemId":"548279bc581403d90adc5dc5","flip":0,"rot":0,"z":0,"y":-7,"x":3,"pageNo":0},{"_id":"54e14679e33832b16bbaae03","itemId":"54b0cb670d0090bd2c4c3131","flip":0,"rot":0,"z":1,"y":-7,"x":32,"pageNo":0},{"_id":"54e14679e33832b16bbaae04","itemId":"54b15a1fac507197109489ea","flip":0,"rot":0,"z":2,"y":-2,"x":57,"pageNo":0},{"_id":"54e14679e33832b16bbaae05","itemId":"54ad359d61a9fb991edbf844","flip":0,"rot":0,"z":3,"y":-9,"x":69,"pageNo":0},{"_id":"54e14679e33832b16bbaae06","itemId":"54ac9469238bbd9b1e81d7d6","flip":0,"rot":0,"z":4,"y":-12,"x":91,"pageNo":0},{"_id":"54e14679e33832b16bbaae07","itemId":"54ac81fc2bc46e230a79e7ff","flip":0,"rot":0,"z":5,"y":-9,"x":109,"pageNo":0},{"_id":"54e14679e33832b16bbaae08","itemId":"54abca3a89abb72c04791fbd","flip":0,"rot":0,"z":6,"y":-11,"x":130,"pageNo":0},{"_id":"54e14679e33832b16bbaae09","itemId":"54abb6ea68cc13a0184303ac","flip":0,"rot":0,"z":7,"y":7,"x":1,"pageNo":0},{"_id":"54e14679e33832b16bbaae0a","itemId":"54b9261527aa0d067a4cd00d","flip":0,"rot":0,"z":8,"y":15,"x":18,"pageNo":0},{"_id":"54e14679e33832b16bbaae0b","itemId":"54b7fec63ddeda1926f80347","flip":0,"rot":0,"z":9,"y":17,"x":35,"pageNo":0},{"_id":"54e14679e33832b16bbaae0c","itemId":"54b7fee23ddeda1926f80348","flip":0,"rot":0,"z":10,"y":17,"x":55,"pageNo":0},{"_id":"54e14679e33832b16bbaae0d","itemId":"54b7ff11e3ce5e1326f18630","flip":0,"rot":0,"z":11,"y":18,"x":73,"pageNo":0},{"_id":"54e14679e33832b16bbaae0e","itemId":"54b88a5294ae8afe321c7da9","flip":0,"rot":0,"z":12,"y":17,"x":92,"pageNo":0},{"_id":"54e14679e33832b16bbaae0f","itemId":"54b88a70fc872d896557f1c0","flip":0,"rot":0,"z":13,"y":16,"x":113,"pageNo":0},{"_id":"54e14679e33832b16bbaae10","itemId":"54b9378909f936a7297e6c26","flip":0,"rot":0,"z":14,"y":7,"x":129,"pageNo":0},{"_id":"54e14679e33832b16bbaae11","itemId":"54b9b19f19ea12963e194e9b","flip":0,"rot":0,"z":15,"y":27,"x":0,"pageNo":0},{"_id":"54e14679e33832b16bbaae12","itemId":"54b8a5ed4f55fa1527aeabb7","flip":0,"rot":0,"z":16,"y":27,"x":17,"pageNo":0},{"_id":"54e14679e33832b16bbaae13","itemId":"537ea4dea64302d3012be641","flip":0,"rot":0,"z":17,"y":26,"x":35,"pageNo":0},{"_id":"54e14679e33832b16bbaae14","itemId":"5392cf7f5c3aaabf07612daf","flip":0,"rot":0,"z":18,"y":28,"x":58,"pageNo":0},{"_id":"54e14679e33832b16bbaae15","itemId":"5392de065c3aaabf07612db6","flip":0,"rot":0,"z":19,"y":27,"x":76,"pageNo":0},{"_id":"54e14679e33832b16bbaae16","itemId":"54b9b2a858a371cd276041d4","flip":0,"rot":0,"z":20,"y":27,"x":95,"pageNo":0},{"_id":"54e14679e33832b16bbaae17","itemId":"54b9b3850f8cc6983ee35704","flip":0,"rot":0,"z":21,"y":28,"x":111,"pageNo":0},{"_id":"54e14679e33832b16bbaae18","itemId":"54b9b405328271cf27717463","flip":0,"rot":0,"z":22,"y":26,"x":127,"pageNo":0},{"_id":"54e14679e33832b16bbaae19","itemId":"54d7bf80355ea7d331b1a2ae","flip":0,"rot":0,"z":23,"y":48,"x":-2,"pageNo":0},{"_id":"54e14679e33832b16bbaae1a","itemId":"54d7bf78f96cfa6854bcaa4a","flip":0,"rot":0,"z":24,"y":46,"x":15,"pageNo":0},{"_id":"54e14679e33832b16bbaae1b","itemId":"54b67b08f76eb4811753bb9d","flip":0,"rot":0,"z":25,"y":47,"x":34,"pageNo":0},{"_id":"54e14679e33832b16bbaae1c","itemId":"54b97ab1ee6e4cc73d209699","flip":0,"rot":0,"z":26,"y":47,"x":53,"pageNo":0},{"_id":"54e14679e33832b16bbaae1d","itemId":"54b99cce79e1e68d2be9721d","flip":0,"rot":0,"z":27,"y":45,"x":74,"pageNo":0},{"_id":"54e14679e33832b16bbaae1e","itemId":"54b829df9b4b11f33138101f","flip":0,"rot":0,"z":28,"y":56,"x":111,"pageNo":0},{"_id":"54e14679e33832b16bbaae1f","itemId":"54b824e73ddeda1926f8045e","flip":0,"rot":0,"z":29,"y":56,"x":94,"pageNo":0},{"_id":"54e14679e33832b16bbaae20","itemId":"54b947d9581f00a32951c281","flip":0,"rot":0,"z":30,"y":53,"x":132,"pageNo":0},{"_id":"54e14679e33832b16bbaae21","itemId":"54b8f542d79907856582e03e","flip":0,"rot":0,"z":31,"y":70,"x":130,"pageNo":0},{"_id":"54e14679e33832b16bbaae22","itemId":"54b8f542d79907856582e03e","flip":0,"rot":0,"z":32,"y":70,"x":111,"pageNo":0},{"_id":"54e14679e33832b16bbaae23","itemId":"54b8801694ae8afe321c7d7f","flip":0,"rot":0,"z":33,"y":68,"x":94,"pageNo":0},{"_id":"54e14679e33832b16bbaae24","itemId":"54b714f4fc6520ba3e69dcf7","flip":0,"rot":0,"z":34,"y":67,"x":80,"pageNo":0},{"_id":"54e14679e33832b16bbaae25","itemId":"545d4102d5ee9467461aabf8","flip":0,"rot":0,"z":35,"y":78,"x":58,"pageNo":0},{"_id":"54e14679e33832b16bbaae26","itemId":"545d421c220ceb6b46f4eacb","flip":0,"rot":0,"z":36,"y":66,"x":40,"pageNo":0},{"_id":"54e14679e33832b16bbaae27","itemId":"545d42a9ac1f026946997b5f","flip":0,"rot":0,"z":37,"y":71,"x":22,"pageNo":0},{"_id":"54e14679e33832b16bbaae28","itemId":"545d43537951ead5455a78c6","flip":0,"rot":0,"z":38,"y":81,"x":3,"pageNo":0},{"_id":"54e14679e33832b16bbaae29","itemId":"54b5bc73c74ee4491ca5f688","flip":0,"rot":0,"z":39,"y":85,"x":-3,"pageNo":0},{"_id":"54e14679e33832b16bbaae2a","itemId":"54b311aab32783346e9be2f0","flip":0,"rot":0,"z":40,"y":84,"x":23,"pageNo":0},{"_id":"54e14679e33832b16bbaae2b","itemId":"54b85db34f55fa1527aea9fb","flip":0,"rot":0,"z":41,"y":85,"x":37,"pageNo":0},{"_id":"54e14679e33832b16bbaae2c","itemId":"54bb4ad82107837f29af7089","flip":0,"rot":0,"z":42,"y":85,"x":57,"pageNo":0},{"_id":"54e14679e33832b16bbaae2d","itemId":"54a4620d77f255ff7bde9b41","flip":0,"rot":0,"z":43,"y":84,"x":79,"pageNo":0},{"_id":"54e14679e33832b16bbaae2e","itemId":"54a35adfb4a9139077dd2d40","flip":0,"rot":0,"z":44,"y":83,"x":97,"pageNo":0},{"_id":"54e14679e33832b16bbaae2f","itemId":"54bb43fefbf692341eb16d0c","flip":0,"rot":0,"z":45,"y":85,"x":108,"pageNo":0},{"_id":"54e14679e33832b16bbaae30","itemId":"545d64cdd9fb29c856325f25","flip":0,"rot":0,"z":46,"y":90,"x":129,"pageNo":0},{"_id":"54e14679e33832b16bbaae31","itemId":"54b9d420ff4ee18f2b384c1a","flip":0,"rot":0,"z":47,"y":102,"x":-1,"pageNo":0},{"_id":"54e14679e33832b16bbaae32","itemId":"54ba01786d4c0bda0350321c","flip":0,"rot":0,"z":48,"y":104,"x":18,"pageNo":0},{"_id":"54e14679e33832b16bbaae33","itemId":"54ba011079e1e68d2be97329","flip":0,"rot":0,"z":49,"y":102,"x":38,"pageNo":0},{"_id":"54e14679e33832b16bbaae34","itemId":"54b9d326328271cf2771750e","flip":0,"rot":0,"z":50,"y":103,"x":60,"pageNo":0},{"_id":"54e14679e33832b16bbaae35","itemId":"54bc440337dc482a49e87134","flip":0,"rot":0,"z":51,"y":104,"x":75,"pageNo":0},{"_id":"54e14679e33832b16bbaae36","itemId":"54a7ddc4c1e0428311c5f010","flip":0,"rot":0,"z":52,"y":103,"x":104,"pageNo":0},{"_id":"54e14679e33832b16bbaae37","itemId":"548ae619d70accef7a8215d0","flip":0,"rot":0,"z":53,"y":105,"x":111,"pageNo":0},{"_id":"54e14679e33832b16bbaae38","itemId":"54e144103827a1397656f741","flip":0,"rot":0,"z":54,"y":-19,"x":-13,"pageNo":0},{"_id":"54e14679e33832b16bbaae39","itemId":"54e02a897771fce9535b6550","flip":0,"rot":0,"z":55,"y":115,"x":129,"pageNo":0}]}