{"isCreator":false,"contents":[{"_id":"54e1465b8ccf333776952ffa","itemId":"54e04ec8d1e9f7e753a30acb","flip":0,"rot":0,"z":0,"y":21,"x":18,"pageNo":0},{"_id":"54e1465b8ccf333776952ffb","itemId":"54e048183827a1397656e0b9","flip":0,"rot":0,"z":1,"y":20,"x":99,"pageNo":0},{"_id":"54e1465b8ccf333776952ffc","itemId":"54e0c7416a62160e520a1521","flip":0,"rot":0,"z":2,"y":18,"x":55,"pageNo":0},{"_id":"54e1465b8ccf333776952ffd","itemId":"54e144103827a1397656f741","flip":0,"rot":0,"z":3,"y":104,"x":127,"pageNo":0}]}