{"isCreator":false,"contents":[{"_id":"550b165d3f621c9b1313d898","itemId":"54d2e8ae6861ba4044a4aea2","flip":0,"rot":0,"z":0,"y":1,"x":95,"pageNo":1},{"_id":"550b165d3f621c9b1313d899","itemId":"54d565420a7ec4612c92689d","flip":0,"rot":0,"z":1,"y":17,"x":96,"pageNo":1},{"_id":"550b165d3f621c9b1313d89a","itemId":"54d6cc400cd96b7e5893dd06","flip":0,"rot":0,"z":2,"y":-1,"x":-2,"pageNo":1},{"_id":"550b165d3f621c9b1313d89b","itemId":"54d15ad5f417916b11ded162","flip":0,"rot":0,"z":3,"y":0,"x":24,"pageNo":1},{"_id":"550b165d3f621c9b1313d89c","itemId":"54d561289dee7cbc5258a47b","flip":0,"rot":0,"z":4,"y":21,"x":21,"pageNo":1},{"_id":"550b165d3f621c9b1313d89d","itemId":"54d564c50a7ec4612c926896","flip":0,"rot":0,"z":5,"y":0,"x":46,"pageNo":1},{"_id":"550b165d3f621c9b1313d89e","itemId":"54e270517771fce9535b8332","flip":0,"rot":0,"z":6,"y":25,"x":46,"pageNo":1},{"_id":"550b165d3f621c9b1313d89f","itemId":"54d563ec704686c256f87914","flip":0,"rot":0,"z":7,"y":2,"x":74,"pageNo":1},{"_id":"550b165d3f621c9b1313d8a0","itemId":"54e1134f8ccf333776952bec","flip":0,"rot":0,"z":8,"y":25,"x":71,"pageNo":1},{"_id":"550b165d3f621c9b1313d8a1","itemId":"54d563079dee7cbc5258a489","flip":0,"rot":0,"z":9,"y":47,"x":50,"pageNo":1},{"_id":"550b165d3f621c9b1313d8a2","itemId":"54e3ca0199ac596f10cddaf6","flip":0,"rot":0,"z":10,"y":21,"x":120,"pageNo":1},{"_id":"550b165d3f621c9b1313d8a3","itemId":"54da959ade847baf60ba93d2","flip":0,"rot":0,"z":11,"y":1,"x":117,"pageNo":1},{"_id":"550b165d3f621c9b1313d8a4","itemId":"54e3a7e5f8fd288d71eb0353","flip":0,"rot":0,"z":12,"y":40,"x":-2,"pageNo":1},{"_id":"550b165e3f621c9b1313d8a5","itemId":"54e3922899ac596f10cdd8de","flip":0,"rot":0,"z":13,"y":23,"x":0,"pageNo":1},{"_id":"550b165e3f621c9b1313d8a6","itemId":"54e3f4d14c6394495a15ff16","flip":0,"rot":0,"z":14,"y":63,"x":-1,"pageNo":1},{"_id":"550b165e3f621c9b1313d8a7","itemId":"54f4eea5c9684edc098be60a","flip":0,"rot":0,"z":15,"y":84,"x":3,"pageNo":1},{"_id":"550b165e3f621c9b1313d8a8","itemId":"54e036a78ccf3337769522d0","flip":0,"rot":0,"z":16,"y":43,"x":25,"pageNo":1},{"_id":"550b165e3f621c9b1313d8a9","itemId":"54e669ade7637301100fae23","flip":0,"rot":0,"z":17,"y":64,"x":25,"pageNo":1},{"_id":"550b165e3f621c9b1313d8aa","itemId":"54e3c91f27909e187cb0c15f","flip":0,"rot":0,"z":18,"y":43,"x":99,"pageNo":1},{"_id":"550b165e3f621c9b1313d8ab","itemId":"54f14785bf2cf0fa06e267d8","flip":0,"rot":0,"z":19,"y":65,"x":48,"pageNo":1},{"_id":"550b165e3f621c9b1313d8ac","itemId":"54f14a67bf2cf0fa06e267f6","flip":0,"rot":0,"z":20,"y":68,"x":69,"pageNo":1},{"_id":"550b165e3f621c9b1313d8ad","itemId":"54f6738eb8bc838e18f32916","flip":0,"rot":0,"z":21,"y":73,"x":122,"pageNo":1},{"_id":"550b165e3f621c9b1313d8ae","itemId":"54f66f95b8bc838e18f328e8","flip":0,"rot":0,"z":22,"y":111,"x":50,"pageNo":1},{"_id":"550b165e3f621c9b1313d8af","itemId":"54f671eea61dba5f54b30830","flip":0,"rot":0,"z":23,"y":84,"x":24,"pageNo":1},{"_id":"550b165e3f621c9b1313d8b0","itemId":"54f672576b425e150cd0ffbd","flip":0,"rot":0,"z":24,"y":86,"x":47,"pageNo":1},{"_id":"550b165e3f621c9b1313d8b1","itemId":"54f4bae82fc8f19c3ae24d5a","flip":0,"rot":0,"z":25,"y":71,"x":94,"pageNo":1},{"_id":"550b165e3f621c9b1313d8b2","itemId":"54e3c99c4c6394495a15fd7c","flip":0,"rot":0,"z":26,"y":48,"x":72,"pageNo":1},{"_id":"550b165e3f621c9b1313d8b3","itemId":"54f4ed0171bdee9e3a7d62c7","flip":0,"rot":0,"z":27,"y":43,"x":123,"pageNo":1},{"_id":"550b165e3f621c9b1313d8b4","itemId":"5509c1fb14f6befd18ece8c3","flip":0,"rot":0,"z":28,"y":95,"x":83,"pageNo":1},{"_id":"550b165e3f621c9b1313d8b5","itemId":"550b1650961d33180c71ae20","flip":0,"rot":0,"z":29,"y":98,"x":115,"pageNo":1},{"_id":"555b51d86603461508f073a2","itemId":"553277ead8d631a25ca509fa","flip":0,"rot":0,"z":0,"y":1,"x":12,"pageNo":2},{"_id":"555b51d86603461508f073a3","itemId":"54f66f95b8bc838e18f328e8","flip":0,"rot":0,"z":1,"y":100,"x":49,"pageNo":2},{"_id":"59402c9045c9fab313fd4561","itemId":"54e000f1e33832b16bba7c90","flip":0,"rot":0,"z":0,"y":5,"x":18,"pageNo":0},{"_id":"59402c9045c9fab313fd4562","itemId":"54e000f1e33832b16bba7c90","flip":0,"rot":0,"z":1,"y":5,"x":18,"pageNo":0},{"_id":"59402c9045c9fab313fd4563","itemId":"54cc1e5bb359488606dd4459","flip":0,"rot":0,"z":2,"y":5,"x":40,"pageNo":0},{"_id":"59402c9045c9fab313fd4564","itemId":"54cc1ea5456ff8f516ef0f25","flip":0,"rot":0,"z":3,"y":4,"x":68,"pageNo":0},{"_id":"59402c9045c9fab313fd4565","itemId":"54cc1ea5456ff8f516ef0f25","flip":0,"rot":0,"z":4,"y":4,"x":68,"pageNo":0},{"_id":"59402c9045c9fab313fd4566","itemId":"54cc1f2437e7c41d1d788cbb","flip":0,"rot":0,"z":5,"y":8,"x":93,"pageNo":0},{"_id":"59402c9045c9fab313fd4567","itemId":"54cc1f2437e7c41d1d788cbb","flip":0,"rot":0,"z":6,"y":8,"x":93,"pageNo":0},{"_id":"59402c9045c9fab313fd4568","itemId":"54da959ade847baf60ba93d2","flip":0,"rot":0,"z":7,"y":9,"x":116,"pageNo":0},{"_id":"59402c9045c9fab313fd4569","itemId":"54da959ade847baf60ba93d2","flip":0,"rot":0,"z":8,"y":9,"x":116,"pageNo":0},{"_id":"59402c9045c9fab313fd456a","itemId":"54cc1fb3456ff8f516ef0f31","flip":0,"rot":0,"z":9,"y":29,"x":115,"pageNo":0},{"_id":"59402c9045c9fab313fd456b","itemId":"54cc1fb3456ff8f516ef0f31","flip":0,"rot":0,"z":10,"y":29,"x":115,"pageNo":0},{"_id":"59402c9045c9fab313fd456c","itemId":"54cc1f95924ef7f3160607ac","flip":0,"rot":0,"z":11,"y":28,"x":92,"pageNo":0},{"_id":"59402c9045c9fab313fd456d","itemId":"54cc1efa456ff8f516ef0f29","flip":0,"rot":0,"z":12,"y":33,"x":19,"pageNo":0},{"_id":"59402c9045c9fab313fd456e","itemId":"54cc1f47aa28628a062664a4","flip":0,"rot":0,"z":13,"y":34,"x":43,"pageNo":0},{"_id":"59402c9045c9fab313fd456f","itemId":"54d563ec704686c256f87914","flip":0,"rot":0,"z":14,"y":54,"x":92,"pageNo":0},{"_id":"59402c9045c9fab313fd4570","itemId":"54d563ec704686c256f87914","flip":0,"rot":0,"z":15,"y":54,"x":92,"pageNo":0},{"_id":"59402c9045c9fab313fd4571","itemId":"54cd937b688674517f9b63e8","flip":0,"rot":0,"z":16,"y":50,"x":117,"pageNo":0},{"_id":"59402c9045c9fab313fd4572","itemId":"54cd937b688674517f9b63e8","flip":0,"rot":0,"z":17,"y":50,"x":117,"pageNo":0},{"_id":"59402c9045c9fab313fd4573","itemId":"54cd375c45c8f1fe1953b74f","flip":0,"rot":0,"z":18,"y":59,"x":42,"pageNo":0},{"_id":"59402c9045c9fab313fd4574","itemId":"54cc1fda54ea31f716feb412","flip":0,"rot":0,"z":19,"y":57,"x":15,"pageNo":0},{"_id":"59402c9045c9fab313fd4575","itemId":"54cc1fda54ea31f716feb412","flip":0,"rot":0,"z":20,"y":57,"x":15,"pageNo":0},{"_id":"59402c9045c9fab313fd4576","itemId":"54cd5a6802b902557f346cff","flip":0,"rot":0,"z":21,"y":81,"x":18,"pageNo":0},{"_id":"59402c9045c9fab313fd4577","itemId":"54cd5a6802b902557f346cff","flip":0,"rot":0,"z":22,"y":81,"x":18,"pageNo":0},{"_id":"59402c9045c9fab313fd4578","itemId":"54cfe299115d05701f676e1e","flip":0,"rot":0,"z":23,"y":81,"x":40,"pageNo":0},{"_id":"59402c9045c9fab313fd4579","itemId":"54cfe299115d05701f676e1e","flip":0,"rot":0,"z":24,"y":81,"x":40,"pageNo":0},{"_id":"59402c9045c9fab313fd457a","itemId":"54d95d01257433d5679f366c","flip":0,"rot":0,"z":25,"y":79,"x":125,"pageNo":0},{"_id":"59402c9045c9fab313fd457b","itemId":"54d95d01257433d5679f366c","flip":0,"rot":0,"z":26,"y":79,"x":125,"pageNo":0},{"_id":"59402c9045c9fab313fd457c","itemId":"54cc1f47aa28628a062664a4","flip":0,"rot":0,"z":27,"y":55,"x":70,"pageNo":0},{"_id":"59402c9045c9fab313fd457d","itemId":"54cc1f47aa28628a062664a4","flip":0,"rot":0,"z":28,"y":55,"x":70,"pageNo":0},{"_id":"59402c9045c9fab313fd457e","itemId":"54cfe364eb3bec615f4b721e","flip":0,"rot":0,"z":29,"y":80,"x":69,"pageNo":0},{"_id":"59402c9045c9fab313fd457f","itemId":"54f66f95b8bc838e18f328e8","flip":0,"rot":0,"z":30,"y":106,"x":69,"pageNo":0},{"_id":"59402c9045c9fab313fd4580","itemId":"54f66f95b8bc838e18f328e8","flip":0,"rot":0,"z":31,"y":106,"x":69,"pageNo":0},{"_id":"59402c9045c9fab313fd4581","itemId":"54d2be1e6861ba4044a4aacf","flip":0,"rot":0,"z":32,"y":84,"x":95,"pageNo":0},{"_id":"59402c9045c9fab313fd4582","itemId":"54d2be1e6861ba4044a4aacf","flip":0,"rot":0,"z":33,"y":84,"x":95,"pageNo":0},{"_id":"59402c9045c9fab313fd4583","itemId":"551974e68c38c3d014905aea","flip":0,"rot":0,"z":34,"y":25,"x":70,"pageNo":0},{"_id":"59402c9045c9fab313fd4584","itemId":"551974e68c38c3d014905aea","flip":0,"rot":0,"z":35,"y":25,"x":70,"pageNo":0},{"_id":"59402c9045c9fab313fd4585","itemId":"54cc1e5bb359488606dd4459","flip":0,"rot":0,"z":36,"y":5,"x":40,"pageNo":0},{"_id":"59402c9045c9fab313fd4586","itemId":"54cc1efa456ff8f516ef0f29","flip":0,"rot":0,"z":37,"y":33,"x":19,"pageNo":0},{"_id":"59402c9045c9fab313fd4587","itemId":"54cc1f47aa28628a062664a4","flip":0,"rot":0,"z":38,"y":34,"x":43,"pageNo":0},{"_id":"59402c9045c9fab313fd4588","itemId":"54cfe364eb3bec615f4b721e","flip":0,"rot":0,"z":39,"y":80,"x":69,"pageNo":0},{"_id":"59402c9045c9fab313fd4589","itemId":"54cd375c45c8f1fe1953b74f","flip":0,"rot":0,"z":40,"y":109,"x":21,"pageNo":0}]}