{"isCreator":false,"contents":[{"_id":"54e0ded73cbce20852ac0081","itemId":"548c2aeaf5a3bd0e1183fcb0","flip":0,"rot":0,"z":0,"y":-2,"x":7,"pageNo":0},{"_id":"54e0ded73cbce20852ac0082","itemId":"52eb2f828a9b5e7001000083","flip":0,"rot":0,"z":1,"y":-1,"x":26,"pageNo":0},{"_id":"54e0ded73cbce20852ac0083","itemId":"541dec0d161609eb765ee8b9","flip":0,"rot":0,"z":2,"y":-1,"x":46,"pageNo":0},{"_id":"54e0ded73cbce20852ac0084","itemId":"53e2da23c507860b28b155f8","flip":0,"rot":0,"z":3,"y":-3,"x":73,"pageNo":0},{"_id":"54e0ded73cbce20852ac0085","itemId":"53d8b99deccd81761e121120","flip":0,"rot":0,"z":4,"y":-1,"x":112,"pageNo":0},{"_id":"54e0ded73cbce20852ac0086","itemId":"53d8ba0beccd81761e121121","flip":0,"rot":0,"z":5,"y":16,"x":7,"pageNo":0},{"_id":"54e0ded73cbce20852ac0087","itemId":"53d83cb257067fc05f588501","flip":0,"rot":0,"z":6,"y":15,"x":44,"pageNo":0},{"_id":"54e0ded73cbce20852ac0088","itemId":"53a17f8629030602424694b5","flip":0,"rot":0,"z":7,"y":17,"x":71,"pageNo":0},{"_id":"54e0ded73cbce20852ac0089","itemId":"53b833feb4e092ca24995dbc","flip":0,"rot":0,"z":8,"y":22,"x":98,"pageNo":0},{"_id":"54e0ded73cbce20852ac008a","itemId":"53a9f0920afc9faa174ca4f5","flip":0,"rot":0,"z":9,"y":18,"x":125,"pageNo":0},{"_id":"54e0ded73cbce20852ac008b","itemId":"53b9cf01410816742b2679a6","flip":0,"rot":0,"z":10,"y":38,"x":4,"pageNo":0},{"_id":"54e0ded73cbce20852ac008c","itemId":"53c1d0eef588127d76fdfae9","flip":0,"rot":0,"z":11,"y":35,"x":37,"pageNo":0},{"_id":"54e0ded73cbce20852ac008d","itemId":"535e966d1a2c912b2c000066","flip":0,"rot":0,"z":12,"y":39,"x":63,"pageNo":0},{"_id":"54e0ded73cbce20852ac008e","itemId":"537622a5709a076801c356d6","flip":0,"rot":0,"z":13,"y":37,"x":89,"pageNo":0},{"_id":"54e0ded73cbce20852ac008f","itemId":"537f61a26167af213345e8c2","flip":0,"rot":0,"z":14,"y":36,"x":121,"pageNo":0},{"_id":"54e0ded73cbce20852ac0090","itemId":"53a4f04fc7d4aa664c329f83","flip":0,"rot":0,"z":15,"y":54,"x":7,"pageNo":0},{"_id":"54e0ded73cbce20852ac0091","itemId":"53a0475f6a8f33a749471491","flip":0,"rot":0,"z":16,"y":56,"x":36,"pageNo":0},{"_id":"54e0ded73cbce20852ac0092","itemId":"53481d47d412349024000036","flip":0,"rot":0,"z":17,"y":52,"x":66,"pageNo":0},{"_id":"54e0ded73cbce20852ac0093","itemId":"53535f51df6b0c465e000740","flip":0,"rot":0,"z":18,"y":55,"x":101,"pageNo":0},{"_id":"54e0ded73cbce20852ac0094","itemId":"535e96d39d50e9af66000058","flip":0,"rot":0,"z":19,"y":76,"x":12,"pageNo":0},{"_id":"54e0ded73cbce20852ac0095","itemId":"530c2c117a56ca010a000916","flip":0,"rot":0,"z":20,"y":78,"x":48,"pageNo":0},{"_id":"54e0ded73cbce20852ac0096","itemId":"530b6491d9989a614200079c","flip":0,"rot":0,"z":21,"y":77,"x":83,"pageNo":0},{"_id":"54e0ded73cbce20852ac0097","itemId":"53252d70daaec78027000069","flip":0,"rot":0,"z":22,"y":80,"x":123,"pageNo":0},{"_id":"54e0ded73cbce20852ac0098","itemId":"5338d38446643483680006c8","flip":0,"rot":0,"z":23,"y":92,"x":11,"pageNo":0},{"_id":"54e0ded73cbce20852ac0099","itemId":"5335477122c201a95300000e","flip":0,"rot":0,"z":24,"y":92,"x":43,"pageNo":0},{"_id":"54e0ded73cbce20852ac009a","itemId":"52cc4052376e3d586000001b","flip":0,"rot":0,"z":25,"y":92,"x":84,"pageNo":0},{"_id":"54e0ded73cbce20852ac009b","itemId":"52dfd751a39c80c26f0001d9","flip":0,"rot":0,"z":26,"y":96,"x":115,"pageNo":0},{"_id":"54e0ded73cbce20852ac009c","itemId":"52ddc06faeb61c9659000147","flip":0,"rot":0,"z":27,"y":94,"x":142,"pageNo":0},{"_id":"54e0ded73cbce20852ac009d","itemId":"53097467fd8f21ce0a00049f","flip":0,"rot":0,"z":28,"y":114,"x":6,"pageNo":0},{"_id":"54e0ded73cbce20852ac009e","itemId":"52e975a9ae309c6159000024","flip":0,"rot":0,"z":29,"y":111,"x":38,"pageNo":0},{"_id":"54e0ded73cbce20852ac009f","itemId":"53090b11fd8f21ce0a0003a9","flip":0,"rot":0,"z":30,"y":115,"x":61,"pageNo":0},{"_id":"54e0ded73cbce20852ac00a0","itemId":"52c3f9e826a5fce76800021d","flip":0,"rot":0,"z":31,"y":113,"x":87,"pageNo":0},{"_id":"54e0ded73cbce20852ac00a1","itemId":"52cc3fd3575cdd265b000010","flip":0,"rot":0,"z":32,"y":112,"x":111,"pageNo":0},{"_id":"54e0ded73cbce20852ac00a2","itemId":"54e0dece7771fce9535b6d87","flip":0,"rot":0,"z":33,"y":106,"x":131,"pageNo":0}]}