{"isCreator":false,"contents":[{"_id":"56dd02a41734eb1d136f50cc","itemId":"54e10cc03827a1397656efdf","flip":0,"rot":0,"z":0,"y":83,"x":17,"pageNo":0},{"_id":"56dd02a41734eb1d136f50cd","itemId":"54e03c163cbce20852abf927","flip":0,"rot":0,"z":1,"y":49,"x":20,"pageNo":0},{"_id":"56dd02a41734eb1d136f50ce","itemId":"54e036416a62160e520a11a1","flip":0,"rot":0,"z":2,"y":9,"x":103,"pageNo":0},{"_id":"56dd02a41734eb1d136f50cf","itemId":"54e10cfd3827a1397656efe5","flip":0,"rot":0,"z":3,"y":91,"x":17,"pageNo":0},{"_id":"56dd02a41734eb1d136f50d0","itemId":"54e0360be33832b16bba8917","flip":0,"rot":0,"z":4,"y":3,"x":10,"pageNo":0},{"_id":"56dd02a41734eb1d136f50d1","itemId":"54e10c46e33832b16bbaa3a2","flip":0,"rot":0,"z":5,"y":-7,"x":19,"pageNo":0},{"_id":"56dd02a41734eb1d136f50d2","itemId":"54e144103827a1397656f741","flip":0,"rot":0,"z":6,"y":112,"x":123,"pageNo":0},{"_id":"56dd02a41734eb1d136f50d3","itemId":"54e12d12e33832b16bbaaab3","flip":0,"rot":0,"z":7,"y":40,"x":24,"pageNo":0},{"_id":"56dd02a41734eb1d136f50d4","itemId":"54e0d41f3827a1397656e87d","flip":0,"rot":0,"z":8,"y":-1,"x":103,"pageNo":0},{"_id":"56dd02a41734eb1d136f50d5","itemId":"54e10d3bea71c30c52870f26","flip":0,"rot":0,"z":9,"y":76,"x":98,"pageNo":0},{"_id":"56dd02a41734eb1d136f50d6","itemId":"54e0426de33832b16bba8a53","flip":0,"rot":0,"z":10,"y":115,"x":108,"pageNo":0}]}