{"isCreator":false,"contents":[{"_id":"55e9da8c66882c7b11eda49f","itemId":"54e001416a62160e520a0e07","flip":0,"rot":0,"z":0,"y":-9,"x":127,"pageNo":0},{"_id":"55e9da8c66882c7b11eda4a0","itemId":"54cef996d010242203cd46ae","flip":0,"rot":0,"z":1,"y":-9,"x":106,"pageNo":0},{"_id":"55e9da8c66882c7b11eda4a1","itemId":"54d043571c9c344824d0e47f","flip":0,"rot":0,"z":2,"y":-9,"x":83,"pageNo":0},{"_id":"55e9da8c66882c7b11eda4a2","itemId":"54cd98e64bad23ef2126cef0","flip":0,"rot":0,"z":3,"y":-7,"x":14,"pageNo":0},{"_id":"55e9da8c66882c7b11eda4a3","itemId":"54d7e0bdf96cfa6854bcab61","flip":0,"rot":0,"z":4,"y":-6,"x":62,"pageNo":0},{"_id":"55e9da8c66882c7b11eda4a4","itemId":"54cfecb50369084d20511791","flip":0,"rot":0,"z":5,"y":1,"x":40,"pageNo":0},{"_id":"55e9da8c66882c7b11eda4a5","itemId":"54e26ab06a62160e520a2c46","flip":0,"rot":0,"z":6,"y":20,"x":13,"pageNo":0},{"_id":"55e9da8c66882c7b11eda4a6","itemId":"54eb93bdbdc548a20e7021e9","flip":0,"rot":0,"z":7,"y":18,"x":38,"pageNo":0},{"_id":"55e9da8c66882c7b11eda4a7","itemId":"54f638cd91a43b5d547c7f0d","flip":0,"rot":0,"z":8,"y":15,"x":70,"pageNo":0},{"_id":"55e9da8c66882c7b11eda4a8","itemId":"54ffb0ab8265cf2624263ac2","flip":0,"rot":0,"z":9,"y":20,"x":109,"pageNo":0},{"_id":"55e9da8c66882c7b11eda4a9","itemId":"55e9da337474e17911eeaf93","flip":0,"rot":0,"z":10,"y":65,"x":79,"pageNo":0},{"_id":"55e9da8c66882c7b11eda4aa","itemId":"54e15f307771fce9535b73dc","flip":0,"rot":0,"z":11,"y":104,"x":7,"pageNo":0}]}