{"isCreator":false,"contents":[{"_id":"5574a7727d24d8a56d927be2","itemId":"54e15f307771fce9535b73dc","flip":0,"rot":0,"z":0,"y":21,"x":28,"pageNo":0},{"_id":"5574a7727d24d8a56d927be3","itemId":"54ce42f0049ce224030fe48f","flip":0,"rot":0,"z":1,"y":54,"x":28,"pageNo":0},{"_id":"5574a7727d24d8a56d927be4","itemId":"5394bf7df8807b914b117b07","flip":0,"rot":0,"z":2,"y":60,"x":54,"pageNo":0},{"_id":"5574a7727d24d8a56d927be5","itemId":"54d7e0bdf96cfa6854bcab61","flip":0,"rot":0,"z":3,"y":45,"x":130,"pageNo":0},{"_id":"5574a7727d24d8a56d927be6","itemId":"54e10c46e33832b16bbaa3a2","flip":0,"rot":0,"z":4,"y":77,"x":127,"pageNo":0},{"_id":"5574a7727d24d8a56d927be7","itemId":"54e16cbae33832b16bbab71c","flip":0,"rot":0,"z":5,"y":112,"x":106,"pageNo":0},{"_id":"5574a7727d24d8a56d927be8","itemId":"54e947e2732863947ca87f48","flip":0,"rot":0,"z":6,"y":4,"x":128,"pageNo":0},{"_id":"5574a7727d24d8a56d927be9","itemId":"54f62cacb8bc838e18f32139","flip":0,"rot":0,"z":7,"y":22,"x":126,"pageNo":0},{"_id":"5574a7727d24d8a56d927bea","itemId":"54e186ccea71c30c5287178f","flip":0,"rot":0,"z":8,"y":119,"x":113,"pageNo":0},{"_id":"5574a7727d24d8a56d927beb","itemId":"54ffb0ab8265cf2624263ac2","flip":0,"rot":0,"z":9,"y":35,"x":83,"pageNo":0},{"_id":"5574a7727d24d8a56d927bec","itemId":"54e15f833cbce20852ac0abe","flip":0,"rot":0,"z":10,"y":17,"x":46,"pageNo":0},{"_id":"5574a7727d24d8a56d927bed","itemId":"54ffb229273b803d285e0945","flip":0,"rot":0,"z":11,"y":4,"x":79,"pageNo":0},{"_id":"5574a7727d24d8a56d927bee","itemId":"5505287c45be548d5fba8a71","flip":0,"rot":0,"z":12,"y":128,"x":44,"pageNo":0},{"_id":"5574a7727d24d8a56d927bef","itemId":"54f638cd91a43b5d547c7f0d","flip":0,"rot":0,"z":13,"y":60,"x":3,"pageNo":0},{"_id":"5574a7727d24d8a56d927bf0","itemId":"55085e4b86ee5cd1092ab89f","flip":0,"rot":0,"z":14,"y":86,"x":55,"pageNo":0},{"_id":"5574a7727d24d8a56d927bf1","itemId":"55071383d3691cbb16e461a9","flip":0,"rot":0,"z":15,"y":118,"x":1,"pageNo":0},{"_id":"5574a7727d24d8a56d927bf2","itemId":"5477f4f5d1098f2237ab7fdb","flip":0,"rot":0,"z":16,"y":98,"x":7,"pageNo":0},{"_id":"5623c69b4dfa3a3a6bc2269b","itemId":"54e26ab06a62160e520a2c46","flip":0,"rot":0,"z":0,"y":24,"x":2,"pageNo":1},{"_id":"5623c69b4dfa3a3a6bc2269c","itemId":"54e001416a62160e520a0e07","flip":0,"rot":0,"z":1,"y":64,"x":25,"pageNo":1},{"_id":"5623c69b4dfa3a3a6bc2269d","itemId":"54e168cb24b6bbeb53653e24","flip":0,"rot":0,"z":2,"y":118,"x":16,"pageNo":1},{"_id":"5623c69b4dfa3a3a6bc2269e","itemId":"54d043571c9c344824d0e47f","flip":0,"rot":0,"z":3,"y":22,"x":54,"pageNo":1},{"_id":"5623c69b4dfa3a3a6bc2269f","itemId":"54e1147f3827a1397656f0ac","flip":0,"rot":0,"z":4,"y":117,"x":50,"pageNo":1},{"_id":"5623c69b4dfa3a3a6bc226a0","itemId":"54cef996d010242203cd46ae","flip":0,"rot":0,"z":5,"y":63,"x":4,"pageNo":1},{"_id":"5623c69b4dfa3a3a6bc226a1","itemId":"54e0094324b6bbeb53652f1f","flip":0,"rot":0,"z":6,"y":-8,"x":1,"pageNo":1},{"_id":"5623c69b4dfa3a3a6bc226a2","itemId":"54ceb95c49e654563726b57b","flip":0,"rot":0,"z":7,"y":-1,"x":38,"pageNo":1},{"_id":"5623c69b4dfa3a3a6bc226a3","itemId":"54e18386d1e9f7e753a31fcc","flip":0,"rot":0,"z":8,"y":120,"x":75,"pageNo":1},{"_id":"5623c69b4dfa3a3a6bc226a4","itemId":"56179492142a4d5a15a78135","flip":0,"rot":0,"z":9,"y":17,"x":30,"pageNo":1}]}