{"isCreator":false,"contents":[{"_id":"55e9da80e262b07711f562b2","itemId":"54e163af3827a1397656f9de","flip":0,"rot":0,"z":0,"y":-4,"x":6,"pageNo":0},{"_id":"55e9da80e262b07711f562b3","itemId":"54e1705a3827a1397656fc8b","flip":0,"rot":0,"z":1,"y":1,"x":78,"pageNo":0},{"_id":"55e9da80e262b07711f562b4","itemId":"54f66f95b8bc838e18f328e8","flip":0,"rot":0,"z":2,"y":106,"x":81,"pageNo":0},{"_id":"55e9da80e262b07711f562b5","itemId":"54f796044089d253498a0263","flip":0,"rot":0,"z":3,"y":-1,"x":111,"pageNo":0},{"_id":"55e9da80e262b07711f562b6","itemId":"54e16421e33832b16bbab40a","flip":0,"rot":0,"z":4,"y":-3,"x":44,"pageNo":0}]}