{"isCreator":false,"contents":[{"_id":"54e26adf3cbce20852ac1e61","itemId":"54e0094324b6bbeb53652f1f","flip":0,"rot":0,"z":0,"y":13,"x":7,"pageNo":1},{"_id":"54e26adf3cbce20852ac1e62","itemId":"54ceb95c49e654563726b57b","flip":0,"rot":0,"z":1,"y":47,"x":12,"pageNo":1},{"_id":"54e26adf3cbce20852ac1e63","itemId":"54e001416a62160e520a0e07","flip":0,"rot":0,"z":2,"y":41,"x":62,"pageNo":1},{"_id":"54e26adf3cbce20852ac1e64","itemId":"54cef996d010242203cd46ae","flip":0,"rot":0,"z":3,"y":74,"x":7,"pageNo":1},{"_id":"54e26adf3cbce20852ac1e65","itemId":"54cd98e64bad23ef2126cef0","flip":0,"rot":0,"z":4,"y":70,"x":35,"pageNo":1},{"_id":"54e26adf3cbce20852ac1e66","itemId":"54d043571c9c344824d0e47f","flip":0,"rot":0,"z":5,"y":68,"x":60,"pageNo":1},{"_id":"54e26adf3cbce20852ac1e67","itemId":"54e1147f3827a1397656f0ac","flip":0,"rot":0,"z":6,"y":19,"x":38,"pageNo":1},{"_id":"54e26adf3cbce20852ac1e68","itemId":"54e168cb24b6bbeb53653e24","flip":0,"rot":0,"z":7,"y":117,"x":54,"pageNo":1},{"_id":"54e26adf3cbce20852ac1e69","itemId":"54e18386d1e9f7e753a31fcc","flip":0,"rot":0,"z":8,"y":5,"x":71,"pageNo":1},{"_id":"54e26adf3cbce20852ac1e6a","itemId":"54e26ab06a62160e520a2c46","flip":0,"rot":0,"z":9,"y":109,"x":15,"pageNo":1},{"_id":"590a3bfbf5f4df966d2b6356","itemId":"54e15f307771fce9535b73dc","flip":0,"rot":0,"z":0,"y":27,"x":30,"pageNo":0},{"_id":"590a3bfbf5f4df966d2b6357","itemId":"54e15f833cbce20852ac0abe","flip":0,"rot":0,"z":1,"y":29,"x":47,"pageNo":0},{"_id":"590a3bfbf5f4df966d2b6358","itemId":"54ce42f0049ce224030fe48f","flip":0,"rot":0,"z":2,"y":29,"x":95,"pageNo":0},{"_id":"590a3bfbf5f4df966d2b6359","itemId":"54e16cbae33832b16bbab71c","flip":0,"rot":0,"z":3,"y":114,"x":76,"pageNo":0},{"_id":"590a3bfbf5f4df966d2b635a","itemId":"54e947e2732863947ca87f48","flip":0,"rot":0,"z":4,"y":1,"x":0,"pageNo":0},{"_id":"590a3bfbf5f4df966d2b635b","itemId":"54e10c46e33832b16bbaa3a2","flip":0,"rot":0,"z":5,"y":0,"x":95,"pageNo":0},{"_id":"590a3bfbf5f4df966d2b635c","itemId":"54f62cacb8bc838e18f32139","flip":0,"rot":0,"z":6,"y":-4,"x":22,"pageNo":0},{"_id":"590a3bfbf5f4df966d2b635d","itemId":"54f638cd91a43b5d547c7f0d","flip":0,"rot":0,"z":7,"y":123,"x":1,"pageNo":0},{"_id":"590a3bfbf5f4df966d2b635e","itemId":"54f79125db2a3c5749962bc2","flip":0,"rot":0,"z":8,"y":71,"x":45,"pageNo":0},{"_id":"590a3bfbf5f4df966d2b635f","itemId":"54ffb0ab8265cf2624263ac2","flip":0,"rot":0,"z":9,"y":125,"x":30,"pageNo":0},{"_id":"590a3bfbf5f4df966d2b6360","itemId":"5477f4f5d1098f2237ab7fdb","flip":0,"rot":0,"z":10,"y":92,"x":-1,"pageNo":0},{"_id":"590a3bfbf5f4df966d2b6361","itemId":"54ffb229273b803d285e0945","flip":0,"rot":0,"z":11,"y":72,"x":3,"pageNo":0},{"_id":"590a3bfbf5f4df966d2b6362","itemId":"550528b3eadac9f5529cec58","flip":0,"rot":0,"z":12,"y":96,"x":90,"pageNo":0},{"_id":"590a3bfbf5f4df966d2b6363","itemId":"55071383d3691cbb16e461a9","flip":0,"rot":0,"z":13,"y":132,"x":64,"pageNo":0},{"_id":"590a3bfbf5f4df966d2b6364","itemId":"5394bf7df8807b914b117b07","flip":0,"rot":0,"z":14,"y":48,"x":67,"pageNo":0},{"_id":"590a3bfbf5f4df966d2b6365","itemId":"54d7e0bdf96cfa6854bcab61","flip":0,"rot":0,"z":15,"y":0,"x":48,"pageNo":0},{"_id":"590a3bfbf5f4df966d2b6366","itemId":"55ee5cf30ea5caa322d581f2","flip":0,"rot":0,"z":16,"y":98,"x":93,"pageNo":0}]}