{"isCreator":false,"contents":[{"_id":"5518b9cfae6dfe2b214e63f4","itemId":"54e16b823cbce20852ac0c1e","flip":0,"rot":0,"z":0,"y":-4,"x":99,"pageNo":0},{"_id":"5518b9cfae6dfe2b214e63f5","itemId":"54e160163827a1397656f973","flip":0,"rot":0,"z":1,"y":-4,"x":36,"pageNo":0},{"_id":"5518b9cfae6dfe2b214e63f6","itemId":"54e169bed1e9f7e753a31d61","flip":0,"rot":0,"z":2,"y":13,"x":25,"pageNo":0},{"_id":"5518b9cfae6dfe2b214e63f7","itemId":"54e16a33d1e9f7e753a31d67","flip":0,"rot":0,"z":3,"y":15,"x":100,"pageNo":0},{"_id":"5518b9cfae6dfe2b214e63f8","itemId":"54e16b3a3cbce20852ac0c1a","flip":0,"rot":0,"z":4,"y":92,"x":59,"pageNo":0},{"_id":"5518b9cfae6dfe2b214e63f9","itemId":"54e16b1b24b6bbeb53653e34","flip":0,"rot":0,"z":5,"y":78,"x":63,"pageNo":0},{"_id":"5518b9cfae6dfe2b214e63fa","itemId":"54e165217771fce9535b7459","flip":0,"rot":0,"z":6,"y":-5,"x":3,"pageNo":0}]}