{"isCreator":false,"contents":[{"_id":"54ea7971ac9390d609311085","itemId":"54e10c46e33832b16bbaa3a2","flip":0,"rot":0,"z":0,"y":13,"x":15,"pageNo":0},{"_id":"54ea7971ac9390d609311086","itemId":"54e1147f3827a1397656f0ac","flip":0,"rot":0,"z":1,"y":9,"x":105,"pageNo":0},{"_id":"54ea7971ac9390d609311087","itemId":"54e168cb24b6bbeb53653e24","flip":0,"rot":0,"z":2,"y":71,"x":56,"pageNo":0},{"_id":"54ea7971ac9390d609311088","itemId":"54e0094324b6bbeb53652f1f","flip":0,"rot":0,"z":3,"y":9,"x":76,"pageNo":0},{"_id":"54ea7971ac9390d609311089","itemId":"54e18386d1e9f7e753a31fcc","flip":0,"rot":0,"z":4,"y":7,"x":47,"pageNo":0},{"_id":"54ea7971ac9390d60931108a","itemId":"54e1a750d1e9f7e753a32208","flip":0,"rot":0,"z":5,"y":47,"x":10,"pageNo":0},{"_id":"54ea7971ac9390d60931108b","itemId":"54e15f307771fce9535b73dc","flip":0,"rot":0,"z":6,"y":92,"x":20,"pageNo":0}]}