{"isCreator":false,"contents":[{"_id":"553c4c1575401dce6aba844d","itemId":"524083aa3378ee3a64000004","flip":0,"rot":0,"z":0,"y":85,"x":0,"pageNo":0},{"_id":"553c4c1575401dce6aba844e","itemId":"52d230eba583bb4a7e00021e","flip":0,"rot":0,"z":1,"y":101,"x":0,"pageNo":0},{"_id":"553c4c1575401dce6aba844f","itemId":"52d230eba583bb4a7e00021e","flip":0,"rot":0,"z":2,"y":114,"x":15,"pageNo":0},{"_id":"553c4c1575401dce6aba8450","itemId":"52d230eba583bb4a7e00021e","flip":0,"rot":0,"z":3,"y":115,"x":0,"pageNo":0},{"_id":"553c4c1575401dce6aba8451","itemId":"52d230eba583bb4a7e00021e","flip":0,"rot":0,"z":4,"y":101,"x":15,"pageNo":0},{"_id":"553c4c1575401dce6aba8452","itemId":"52d230eba583bb4a7e00021e","flip":0,"rot":0,"z":5,"y":102,"x":66,"pageNo":0},{"_id":"553c4c1575401dce6aba8453","itemId":"52d230eba583bb4a7e00021e","flip":0,"rot":0,"z":6,"y":102,"x":84,"pageNo":0},{"_id":"553c4c1575401dce6aba8454","itemId":"52d230eba583bb4a7e00021e","flip":0,"rot":0,"z":7,"y":102,"x":102,"pageNo":0},{"_id":"553c4c1575401dce6aba8455","itemId":"52d230eba583bb4a7e00021e","flip":0,"rot":0,"z":8,"y":102,"x":118,"pageNo":0},{"_id":"553c4c1575401dce6aba8456","itemId":"52d230eba583bb4a7e00021e","flip":0,"rot":0,"z":9,"y":103,"x":134,"pageNo":0},{"_id":"553c4c1575401dce6aba8457","itemId":"52d230eba583bb4a7e00021e","flip":0,"rot":0,"z":10,"y":115,"x":66,"pageNo":0},{"_id":"553c4c1575401dce6aba8458","itemId":"52d230eba583bb4a7e00021e","flip":0,"rot":0,"z":11,"y":116,"x":85,"pageNo":0},{"_id":"553c4c1575401dce6aba8459","itemId":"52d230eba583bb4a7e00021e","flip":0,"rot":0,"z":12,"y":116,"x":119,"pageNo":0},{"_id":"553c4c1575401dce6aba845a","itemId":"52d230eba583bb4a7e00021e","flip":0,"rot":0,"z":13,"y":116,"x":102,"pageNo":0},{"_id":"553c4c1575401dce6aba845b","itemId":"52d230eba583bb4a7e00021e","flip":0,"rot":0,"z":14,"y":116,"x":135,"pageNo":0},{"_id":"553c4c1575401dce6aba845c","itemId":"524083aa3378ee3a64000004","flip":0,"rot":0,"z":15,"y":83,"x":124,"pageNo":0},{"_id":"553c4c1575401dce6aba845d","itemId":"53232cb91d1961b077000004","flip":0,"rot":0,"z":16,"y":102,"x":33,"pageNo":0},{"_id":"553c4c1575401dce6aba845e","itemId":"52d230eba583bb4a7e00021e","flip":0,"rot":0,"z":17,"y":101,"x":52,"pageNo":0},{"_id":"553c4c1575401dce6aba845f","itemId":"53232cb91d1961b077000004","flip":0,"rot":0,"z":18,"y":116,"x":33,"pageNo":0},{"_id":"553c4c1575401dce6aba8460","itemId":"52d230eba583bb4a7e00021e","flip":0,"rot":0,"z":19,"y":117,"x":50,"pageNo":0},{"_id":"553c4c1575401dce6aba8461","itemId":"53220b79250105e239000004","flip":0,"rot":2,"z":20,"y":85,"x":36,"pageNo":0},{"_id":"553c4c1575401dce6aba8462","itemId":"524083aa3378ee3a64000004","flip":0,"rot":0,"z":21,"y":85,"x":54,"pageNo":0},{"_id":"553c4c1575401dce6aba8463","itemId":"524083aa3378ee3a64000004","flip":0,"rot":0,"z":22,"y":84,"x":71,"pageNo":0},{"_id":"553c4c1575401dce6aba8464","itemId":"524083aa3378ee3a64000004","flip":0,"rot":0,"z":23,"y":84,"x":89,"pageNo":0},{"_id":"553c4c1575401dce6aba8465","itemId":"524083aa3378ee3a64000004","flip":0,"rot":0,"z":24,"y":83,"x":19,"pageNo":0},{"_id":"553c4c1575401dce6aba8466","itemId":"5493832505a31ada62c81836","flip":0,"rot":0,"z":25,"y":114,"x":73,"pageNo":0},{"_id":"553c4c1575401dce6aba8467","itemId":"5493832505a31ada62c81836","flip":0,"rot":0,"z":26,"y":111,"x":119,"pageNo":0},{"_id":"553c4c1575401dce6aba8468","itemId":"5339e07bf11d41522c00001f","flip":0,"rot":0,"z":27,"y":43,"x":51,"pageNo":0},{"_id":"553c4c1575401dce6aba8469","itemId":"5339dff0e59f66164e00001a","flip":0,"rot":0,"z":28,"y":43,"x":69,"pageNo":0},{"_id":"553c4c1575401dce6aba846a","itemId":"5339e061eda257300400001d","flip":0,"rot":0,"z":29,"y":42,"x":86,"pageNo":0},{"_id":"553c4c1575401dce6aba846b","itemId":"53398b1bebb4e0d11a000028","flip":0,"rot":0,"z":30,"y":67,"x":67,"pageNo":0},{"_id":"553c4c1575401dce6aba846c","itemId":"545993689e836cf719762315","flip":1,"rot":0,"z":31,"y":68,"x":4,"pageNo":0},{"_id":"553c4c1575401dce6aba846d","itemId":"54d4d0da722dc1d854064565","flip":0,"rot":0,"z":32,"y":-9,"x":64,"pageNo":0},{"_id":"553c4c1575401dce6aba846e","itemId":"53ab5eebe03f79340dd8ce69","flip":0,"rot":0,"z":33,"y":20,"x":13,"pageNo":0},{"_id":"553c4c1575401dce6aba846f","itemId":"54b29fa1ac5071971094920c","flip":0,"rot":0,"z":34,"y":66,"x":19,"pageNo":0},{"_id":"553c4c1575401dce6aba8470","itemId":"51dd774f3c03819918000003","flip":0,"rot":0,"z":35,"y":14,"x":67,"pageNo":0},{"_id":"553c4c1575401dce6aba8471","itemId":"524083aa3378ee3a64000004","flip":0,"rot":0,"z":36,"y":84,"x":139,"pageNo":0},{"_id":"553c4c1575401dce6aba8472","itemId":"524083aa3378ee3a64000004","flip":0,"rot":0,"z":37,"y":85,"x":107,"pageNo":0},{"_id":"553c4c1575401dce6aba8473","itemId":"542a2a011b65581f4b95d23f","flip":0,"rot":0,"z":38,"y":64,"x":120,"pageNo":0}]}