{"isCreator":false,"contents":[{"_id":"54f7954ab137194c1db383a5","itemId":"54e0094324b6bbeb53652f1f","flip":0,"rot":0,"z":0,"y":-2,"x":-2,"pageNo":1},{"_id":"54f7954ab137194c1db383a6","itemId":"54e1147f3827a1397656f0ac","flip":0,"rot":0,"z":1,"y":-4,"x":20,"pageNo":1},{"_id":"54f7954ab137194c1db383a7","itemId":"54cd98e64bad23ef2126cef0","flip":0,"rot":0,"z":2,"y":2,"x":57,"pageNo":1},{"_id":"54f7954ab137194c1db383a8","itemId":"54cef996d010242203cd46ae","flip":0,"rot":0,"z":3,"y":0,"x":76,"pageNo":1},{"_id":"54f7954ab137194c1db383a9","itemId":"54e001416a62160e520a0e07","flip":0,"rot":0,"z":4,"y":0,"x":95,"pageNo":1},{"_id":"54f7954ab137194c1db383aa","itemId":"54ceb95c49e654563726b57b","flip":0,"rot":0,"z":5,"y":39,"x":6,"pageNo":1},{"_id":"54f7954ab137194c1db383ab","itemId":"54d043571c9c344824d0e47f","flip":0,"rot":0,"z":6,"y":39,"x":28,"pageNo":1},{"_id":"54f7954ab137194c1db383ac","itemId":"54e168cb24b6bbeb53653e24","flip":0,"rot":0,"z":7,"y":90,"x":40,"pageNo":1},{"_id":"54f7954ab137194c1db383ad","itemId":"54e18386d1e9f7e753a31fcc","flip":0,"rot":0,"z":8,"y":0,"x":38,"pageNo":1},{"_id":"54f7954ab137194c1db383ae","itemId":"54e26ab06a62160e520a2c46","flip":0,"rot":0,"z":9,"y":33,"x":69,"pageNo":1},{"_id":"54f7954ab137194c1db383af","itemId":"54f77481f51b594a674f5706","flip":0,"rot":0,"z":10,"y":61,"x":88,"pageNo":1},{"_id":"5508659f800d677b11fbb4ff","itemId":"5394bf7df8807b914b117b07","flip":0,"rot":0,"z":0,"y":66,"x":20,"pageNo":0},{"_id":"5508659f800d677b11fbb500","itemId":"54ce42f0049ce224030fe48f","flip":0,"rot":0,"z":1,"y":67,"x":38,"pageNo":0},{"_id":"5508659f800d677b11fbb501","itemId":"54d7e0bdf96cfa6854bcab61","flip":0,"rot":0,"z":2,"y":53,"x":88,"pageNo":0},{"_id":"5508659f800d677b11fbb502","itemId":"54e10c46e33832b16bbaa3a2","flip":0,"rot":0,"z":3,"y":87,"x":89,"pageNo":0},{"_id":"5508659f800d677b11fbb503","itemId":"54e16cbae33832b16bbab71c","flip":0,"rot":0,"z":4,"y":95,"x":76,"pageNo":0},{"_id":"5508659f800d677b11fbb504","itemId":"54e947e2732863947ca87f48","flip":0,"rot":0,"z":5,"y":19,"x":86,"pageNo":0},{"_id":"5508659f800d677b11fbb505","itemId":"54f62cacb8bc838e18f32139","flip":0,"rot":0,"z":6,"y":-2,"x":81,"pageNo":0},{"_id":"5508659f800d677b11fbb506","itemId":"54fde1a6a3afa8b311c71ab2","flip":0,"rot":0,"z":7,"y":33,"x":19,"pageNo":0},{"_id":"5508659f800d677b11fbb507","itemId":"54ffb0ab8265cf2624263ac2","flip":0,"rot":0,"z":8,"y":26,"x":0,"pageNo":0},{"_id":"5508659f800d677b11fbb508","itemId":"54e15f307771fce9535b73dc","flip":0,"rot":0,"z":9,"y":0,"x":0,"pageNo":0},{"_id":"5508659f800d677b11fbb509","itemId":"54ffb229273b803d285e0945","flip":0,"rot":0,"z":10,"y":26,"x":19,"pageNo":0},{"_id":"5508659f800d677b11fbb50a","itemId":"54e15f833cbce20852ac0abe","flip":0,"rot":0,"z":11,"y":0,"x":19,"pageNo":0},{"_id":"5508659f800d677b11fbb50b","itemId":"54f638cd91a43b5d547c7f0d","flip":0,"rot":0,"z":12,"y":67,"x":57,"pageNo":0},{"_id":"5508659f800d677b11fbb50c","itemId":"5477f4f5d1098f2237ab7fdb","flip":0,"rot":0,"z":13,"y":67,"x":0,"pageNo":0},{"_id":"5508659f800d677b11fbb50d","itemId":"55071383d3691cbb16e461a9","flip":0,"rot":0,"z":14,"y":114,"x":38,"pageNo":0},{"_id":"5508659f800d677b11fbb50e","itemId":"54f79125db2a3c5749962bc2","flip":0,"rot":0,"z":15,"y":33,"x":55,"pageNo":0}]}