{"isCreator":false,"contents":[{"_id":"54eb688fa52328de0c1e0010","itemId":"54d7e0bdf96cfa6854bcab61","flip":0,"rot":0,"z":0,"y":4,"x":10,"pageNo":0},{"_id":"54eb688fa52328de0c1e0011","itemId":"54ceb95c49e654563726b57b","flip":0,"rot":0,"z":1,"y":11,"x":67,"pageNo":0},{"_id":"54eb688fa52328de0c1e0012","itemId":"54e15f307771fce9535b73dc","flip":0,"rot":0,"z":2,"y":104,"x":-1,"pageNo":0},{"_id":"54eb688fa52328de0c1e0013","itemId":"54ceade3650d5f1e036d2603","flip":0,"rot":0,"z":3,"y":14,"x":39,"pageNo":0}]}