{"isCreator":false,"contents":[{"_id":"55e9da7a5f26811061bad76d","itemId":"54e0094324b6bbeb53652f1f","flip":0,"rot":0,"z":0,"y":-4,"x":1,"pageNo":0},{"_id":"55e9da7a5f26811061bad76e","itemId":"54d7e0bdf96cfa6854bcab61","flip":0,"rot":0,"z":1,"y":2,"x":61,"pageNo":0},{"_id":"55e9da7a5f26811061bad76f","itemId":"54ceade3650d5f1e036d2603","flip":0,"rot":0,"z":2,"y":20,"x":108,"pageNo":0},{"_id":"55e9da7a5f26811061bad770","itemId":"54e1147f3827a1397656f0ac","flip":0,"rot":0,"z":3,"y":-8,"x":116,"pageNo":0},{"_id":"55e9da7a5f26811061bad771","itemId":"54ceb95c49e654563726b57b","flip":0,"rot":0,"z":4,"y":45,"x":113,"pageNo":0},{"_id":"55e9da7a5f26811061bad772","itemId":"54e001416a62160e520a0e07","flip":0,"rot":0,"z":5,"y":17,"x":83,"pageNo":0},{"_id":"55e9da7a5f26811061bad773","itemId":"54cef996d010242203cd46ae","flip":0,"rot":0,"z":6,"y":20,"x":56,"pageNo":0},{"_id":"55e9da7a5f26811061bad774","itemId":"54d043571c9c344824d0e47f","flip":0,"rot":0,"z":7,"y":20,"x":1,"pageNo":0},{"_id":"55e9da7a5f26811061bad775","itemId":"54e18386d1e9f7e753a31fcc","flip":0,"rot":0,"z":8,"y":-6,"x":87,"pageNo":0},{"_id":"55e9da7a5f26811061bad776","itemId":"54e26ab06a62160e520a2c46","flip":0,"rot":0,"z":9,"y":42,"x":84,"pageNo":0},{"_id":"55e9da7a5f26811061bad777","itemId":"54e947e2732863947ca87f48","flip":0,"rot":0,"z":10,"y":83,"x":107,"pageNo":0},{"_id":"55e9da7a5f26811061bad778","itemId":"54eb93bdbdc548a20e7021e9","flip":0,"rot":0,"z":11,"y":41,"x":47,"pageNo":0},{"_id":"55e9da7a5f26811061bad779","itemId":"54f638cd91a43b5d547c7f0d","flip":0,"rot":0,"z":12,"y":39,"x":21,"pageNo":0},{"_id":"55e9da7a5f26811061bad77a","itemId":"54f77481f51b594a674f5706","flip":0,"rot":0,"z":13,"y":82,"x":22,"pageNo":0},{"_id":"55e9da7a5f26811061bad77b","itemId":"54f62cacb8bc838e18f32139","flip":0,"rot":0,"z":14,"y":8,"x":24,"pageNo":0},{"_id":"55e9da7a5f26811061bad77c","itemId":"54ffb0ab8265cf2624263ac2","flip":0,"rot":0,"z":15,"y":69,"x":72,"pageNo":0},{"_id":"55e9da7a5f26811061bad77d","itemId":"5477f4f5d1098f2237ab7fdb","flip":0,"rot":0,"z":16,"y":102,"x":13,"pageNo":0},{"_id":"55e9da7a5f26811061bad77e","itemId":"54ffb229273b803d285e0945","flip":0,"rot":0,"z":17,"y":95,"x":43,"pageNo":0},{"_id":"55e9da7a5f26811061bad77f","itemId":"55e9da337474e17911eeaf93","flip":0,"rot":0,"z":18,"y":76,"x":130,"pageNo":0},{"_id":"55e9da7a5f26811061bad780","itemId":"54f66f95b8bc838e18f328e8","flip":0,"rot":0,"z":19,"y":108,"x":74,"pageNo":0}]}