{"isCreator":false,"contents":[{"_id":"54e18a1be33832b16bbabfb4","itemId":"54e0426de33832b16bba8a53","flip":0,"rot":0,"z":0,"y":112,"x":126,"pageNo":0},{"_id":"54e18a1be33832b16bbabfb5","itemId":"54e14621e33832b16bbaadbe","flip":0,"rot":0,"z":1,"y":90,"x":119,"pageNo":0},{"_id":"54e18a1be33832b16bbabfb6","itemId":"54e01cbb7771fce9535b6411","flip":0,"rot":0,"z":2,"y":116,"x":0,"pageNo":0},{"_id":"54e18a1be33832b16bbabfb7","itemId":"54e145dc8ccf333776952ff4","flip":0,"rot":0,"z":3,"y":61,"x":66,"pageNo":0},{"_id":"54e18a1be33832b16bbabfb8","itemId":"54e0083f3827a1397656d70a","flip":0,"rot":0,"z":4,"y":69,"x":-7,"pageNo":0},{"_id":"54e18a1be33832b16bbabfb9","itemId":"54e0db683827a1397656e8d4","flip":0,"rot":0,"z":5,"y":24,"x":-6,"pageNo":0},{"_id":"54e18a1be33832b16bbabfba","itemId":"54e046abd1e9f7e753a30a9d","flip":0,"rot":0,"z":6,"y":50,"x":-7,"pageNo":0},{"_id":"54e18a1be33832b16bbabfbb","itemId":"54e14457d1e9f7e753a31a32","flip":0,"rot":0,"z":7,"y":-4,"x":117,"pageNo":0},{"_id":"54e18a1be33832b16bbabfbc","itemId":"54e0094324b6bbeb53652f1f","flip":0,"rot":0,"z":8,"y":-3,"x":-9,"pageNo":0},{"_id":"54e18a1be33832b16bbabfbd","itemId":"54e10ba78ccf333776952b61","flip":0,"rot":0,"z":9,"y":-10,"x":-5,"pageNo":0}]}