{"isCreator":false,"contents":[{"_id":"54e26ac2e33832b16bbae59a","itemId":"54e26a9eea71c30c52872200","flip":0,"rot":0,"z":0,"y":34,"x":0,"pageNo":0},{"_id":"54e26ac2e33832b16bbae59b","itemId":"54e26a85ea71c30c528721fd","flip":0,"rot":0,"z":1,"y":32,"x":23,"pageNo":0},{"_id":"54e26ac2e33832b16bbae59c","itemId":"54e26a2fe33832b16bbae55b","flip":0,"rot":0,"z":2,"y":34,"x":53,"pageNo":0},{"_id":"54e26ac2e33832b16bbae59d","itemId":"54e268cde33832b16bbae506","flip":0,"rot":0,"z":3,"y":79,"x":69,"pageNo":0},{"_id":"54e26ac2e33832b16bbae59e","itemId":"54e269f6d1e9f7e753a33011","flip":0,"rot":0,"z":4,"y":33,"x":84,"pageNo":0}]}