{"isCreator":false,"contents":[{"_id":"56179640142a4d5a15a78160","itemId":"54eb950453ecb5a40e2fbcbb","flip":0,"rot":0,"z":0,"y":57,"x":31,"pageNo":0},{"_id":"56179640142a4d5a15a78161","itemId":"54eb945e460454a60ebf8bbf","flip":0,"rot":0,"z":1,"y":10,"x":33,"pageNo":0},{"_id":"56179640142a4d5a15a78162","itemId":"54eb98414e9252ba0e871549","flip":0,"rot":0,"z":2,"y":82,"x":27,"pageNo":0},{"_id":"56179640142a4d5a15a78163","itemId":"54eb94d5db6c71ca1bd6fa4d","flip":0,"rot":0,"z":3,"y":36,"x":31,"pageNo":0}]}