{"isCreator":false,"contents":[{"_id":"594023fb90ab81f70fb92096","itemId":"54eb98cb460454a60ebf8bd2","flip":0,"rot":0,"z":0,"y":-6,"x":59,"pageNo":0},{"_id":"594023fb90ab81f70fb92097","itemId":"54eb9902c0ff48b40e002c77","flip":0,"rot":0,"z":1,"y":59,"x":53,"pageNo":0},{"_id":"594023fb90ab81f70fb92098","itemId":"54ee27bbde2f4e2a33bdc58e","flip":0,"rot":0,"z":2,"y":42,"x":57,"pageNo":0},{"_id":"594023fb90ab81f70fb92099","itemId":"54eb94d5db6c71ca1bd6fa4d","flip":0,"rot":0,"z":3,"y":93,"x":57,"pageNo":0}]}