{"isCreator":false,"contents":[{"_id":"54f70d51f06db9265fffce7f","itemId":"54f0ed9e340cbc5b36c44525","flip":0,"rot":0,"z":0,"y":0,"x":57,"pageNo":5},{"_id":"54f70d51f06db9265fffce80","itemId":"54765e81ba5fb1a60a4aaa07","flip":0,"rot":3,"z":1,"y":23,"x":90,"pageNo":5},{"_id":"54f70d51f06db9265fffce81","itemId":"546c0ccf21bfaa876416d4ee","flip":0,"rot":3,"z":2,"y":18,"x":77,"pageNo":5},{"_id":"54f70d51f06db9265fffce82","itemId":"5474f6a0195b016064c4212d","flip":0,"rot":0,"z":3,"y":25,"x":48,"pageNo":5},{"_id":"54f70d51f06db9265fffce83","itemId":"5478801663c1b8104c064a9d","flip":0,"rot":0,"z":4,"y":26,"x":8,"pageNo":5},{"_id":"54f70d696ff84d95137a8c54","itemId":"54f70d21f03233c6271515f3","flip":0,"rot":0,"z":0,"y":4,"x":60,"pageNo":3},{"_id":"54f70d696ff84d95137a8c55","itemId":"540e3dcd35caeb7160a1ec7b","flip":0,"rot":0,"z":1,"y":20,"x":17,"pageNo":3},{"_id":"54f70d696ff84d95137a8c56","itemId":"5468365be5dbacb059fc51f8","flip":0,"rot":0,"z":2,"y":18,"x":56,"pageNo":3},{"_id":"54f70d696ff84d95137a8c57","itemId":"544686bd18c3bb344d71dd56","flip":0,"rot":0,"z":3,"y":19,"x":95,"pageNo":3},{"_id":"55282cfdec506c1e5d27056c","itemId":"5526672a3c7ef2300b5a193f","flip":0,"rot":0,"z":0,"y":19,"x":10,"pageNo":6},{"_id":"55282cfdec506c1e5d27056d","itemId":"5526d102e49c66744d262525","flip":0,"rot":0,"z":1,"y":19,"x":38,"pageNo":6},{"_id":"55282cfdec506c1e5d27056e","itemId":"55282c4b27908212082104fb","flip":0,"rot":0,"z":2,"y":20,"x":69,"pageNo":6},{"_id":"556b0150f2ac38260867f4f6","itemId":"54f0ec3ebf2cf0fa06e25f3b","flip":0,"rot":0,"z":0,"y":0,"x":67,"pageNo":1},{"_id":"556b0150f2ac38260867f4f7","itemId":"54ef7fdf2f88c1c16bb230af","flip":0,"rot":0,"z":1,"y":19,"x":10,"pageNo":1},{"_id":"556b0150f2ac38260867f4f8","itemId":"54bc1ce3ef01582c49dbd396","flip":0,"rot":0,"z":2,"y":19,"x":41,"pageNo":1},{"_id":"556b0150f2ac38260867f4f9","itemId":"54bad6c6afed0c1d2dbe8352","flip":0,"rot":0,"z":3,"y":19,"x":67,"pageNo":1},{"_id":"556b0150f2ac38260867f4fa","itemId":"54c3df9379c14abe53120bed","flip":0,"rot":0,"z":4,"y":19,"x":105,"pageNo":1},{"_id":"556b01a8f2ac38260867f4fc","itemId":"54f0ecfe4746c25732a139fb","flip":0,"rot":0,"z":0,"y":0,"x":67,"pageNo":2},{"_id":"556b01a8f2ac38260867f4fd","itemId":"5542855718bea82e2773fb17","flip":0,"rot":0,"z":1,"y":19,"x":105,"pageNo":2},{"_id":"556b01a8f2ac38260867f4fe","itemId":"54bd86e9b238489354d05b44","flip":0,"rot":0,"z":2,"y":19,"x":76,"pageNo":2},{"_id":"556b01a8f2ac38260867f4ff","itemId":"54baac144b3cf4192ded7e16","flip":0,"rot":0,"z":3,"y":19,"x":48,"pageNo":2},{"_id":"556b01a8f2ac38260867f500","itemId":"54c373094080f5a1534c704b","flip":0,"rot":0,"z":4,"y":10,"x":10,"pageNo":2},{"_id":"556b063256ca6104581e3d2f","itemId":"54f130b0ada1c159324605cf","flip":0,"rot":0,"z":0,"y":35,"x":1,"pageNo":0},{"_id":"556b063256ca6104581e3d30","itemId":"548ad3adf0c9526f3f792059","flip":0,"rot":0,"z":1,"y":20,"x":134,"pageNo":0},{"_id":"556b063256ca6104581e3d31","itemId":"54bbfd9e2107837f29af819d","flip":0,"rot":0,"z":2,"y":19,"x":95,"pageNo":0},{"_id":"556b063256ca6104581e3d32","itemId":"54b30740ea7500326e18d303","flip":0,"rot":0,"z":3,"y":19,"x":38,"pageNo":0},{"_id":"556b063256ca6104581e3d33","itemId":"54f8bc994963cbd5531adc18","flip":0,"rot":0,"z":4,"y":29,"x":67,"pageNo":0},{"_id":"556b063256ca6104581e3d34","itemId":"53ed20b19110a8fa1a8d4826","flip":0,"rot":0,"z":5,"y":8,"x":64,"pageNo":0},{"_id":"556b064088951a4579fbd8a7","itemId":"537803c7a64302d3012bdd96","flip":0,"rot":0,"z":0,"y":29,"x":10,"pageNo":4},{"_id":"556b064088951a4579fbd8a8","itemId":"547aa2fd1ff2a26347c79624","flip":0,"rot":0,"z":1,"y":0,"x":10,"pageNo":4},{"_id":"556b064088951a4579fbd8a9","itemId":"547281bea0c1fa5817f14451","flip":0,"rot":0,"z":2,"y":0,"x":38,"pageNo":4},{"_id":"556b064088951a4579fbd8aa","itemId":"5336da28a591fc147c000046","flip":0,"rot":0,"z":3,"y":7,"x":70,"pageNo":4},{"_id":"556b064088951a4579fbd8ab","itemId":"53837ae2639f6906023897cb","flip":0,"rot":0,"z":4,"y":29,"x":38,"pageNo":4},{"_id":"556b064088951a4579fbd8ac","itemId":"54b918303c8c2cf124e92320","flip":0,"rot":0,"z":5,"y":19,"x":124,"pageNo":4},{"_id":"556b064088951a4579fbd8ad","itemId":"54b5897bca22f01910e7ac46","flip":0,"rot":0,"z":6,"y":25,"x":96,"pageNo":4},{"_id":"556b064088951a4579fbd8ae","itemId":"546e43bc4da50e7c047a3910","flip":0,"rot":0,"z":7,"y":29,"x":67,"pageNo":4},{"_id":"556b064088951a4579fbd8af","itemId":"5393511c0417c8741f74166e","flip":0,"rot":0,"z":8,"y":38,"x":122,"pageNo":4}]}