{"isCreator":false,"contents":[{"_id":"550991c25cf45d5017cce15e","itemId":"54f67fca1f05e80f0c32964b","flip":0,"rot":0,"z":0,"y":62,"x":62,"pageNo":0},{"_id":"550991c25cf45d5017cce15f","itemId":"54f68102294d2a8c1812c416","flip":0,"rot":0,"z":1,"y":-5,"x":54,"pageNo":0},{"_id":"550991c25cf45d5017cce160","itemId":"54f67f2af89bb9d83cea172c","flip":0,"rot":0,"z":2,"y":-7,"x":21,"pageNo":0},{"_id":"550991c25cf45d5017cce161","itemId":"54f67ecba61dba5f54b308a4","flip":0,"rot":0,"z":3,"y":-5,"x":0,"pageNo":0}]}