{"isCreator":false,"contents":[{"_id":"55aeca5d9d03aba82def0af3","itemId":"54f631d4f89bb9d83cea0075","flip":0,"rot":0,"z":0,"y":75,"x":63,"pageNo":0},{"_id":"55aeca5d9d03aba82def0af4","itemId":"54f66f95b8bc838e18f328e8","flip":0,"rot":0,"z":1,"y":110,"x":72,"pageNo":0},{"_id":"55aeca5d9d03aba82def0af5","itemId":"54f66bda5342d590181ad2ae","flip":0,"rot":0,"z":2,"y":54,"x":72,"pageNo":0},{"_id":"55aeca5d9d03aba82def0af6","itemId":"54f63a2ff89bb9d83cea03c8","flip":0,"rot":0,"z":3,"y":1,"x":109,"pageNo":0},{"_id":"55aeca5d9d03aba82def0af7","itemId":"54f6789c1f05e80f0c329608","flip":0,"rot":0,"z":4,"y":6,"x":4,"pageNo":0},{"_id":"55aeca5d9d03aba82def0af8","itemId":"54f63a1a55a63c5954f20c1d","flip":0,"rot":0,"z":5,"y":12,"x":66,"pageNo":0},{"_id":"55aeca5d9d03aba82def0af9","itemId":"54f63901294d2a8c1812bfb2","flip":0,"rot":0,"z":6,"y":7,"x":26,"pageNo":0}]}