{"isCreator":false,"contents":[{"_id":"54f75eb4e79be59047084887","itemId":"54f67ecba61dba5f54b308a4","flip":0,"rot":0,"z":0,"y":-5,"x":33,"pageNo":0},{"_id":"54f75eb4e79be59047084888","itemId":"54f67e9b6b425e150cd1004f","flip":0,"rot":0,"z":1,"y":-4,"x":55,"pageNo":0},{"_id":"54f75eb4e79be59047084889","itemId":"54f67f2af89bb9d83cea172c","flip":0,"rot":0,"z":2,"y":-5,"x":10,"pageNo":0},{"_id":"54f75eb4e79be5904708488a","itemId":"54f680d7579389130c36170b","flip":0,"rot":0,"z":3,"y":4,"x":131,"pageNo":0},{"_id":"54f75eb4e79be5904708488b","itemId":"54f7591853e40d46679b12b9","flip":0,"rot":0,"z":4,"y":98,"x":12,"pageNo":0},{"_id":"54f75eb4e79be5904708488c","itemId":"54f67550b8bc838e18f32925","flip":0,"rot":0,"z":5,"y":95,"x":55,"pageNo":0}]}