{"isCreator":false,"contents":[{"_id":"550799eff3ba4e9d15824df2","itemId":"54f66fcb8b93385b5438376a","flip":0,"rot":0,"z":0,"y":-8,"x":34,"pageNo":0},{"_id":"550799eff3ba4e9d15824df3","itemId":"54e166a03827a1397656fa63","flip":0,"rot":0,"z":1,"y":29,"x":11,"pageNo":0},{"_id":"550799eff3ba4e9d15824df4","itemId":"54e166803827a1397656fa62","flip":0,"rot":0,"z":2,"y":41,"x":68,"pageNo":0},{"_id":"550799eff3ba4e9d15824df5","itemId":"54e166bee33832b16bbab47c","flip":0,"rot":0,"z":3,"y":63,"x":49,"pageNo":0},{"_id":"550799eff3ba4e9d15824df6","itemId":"550796b3c8db6fa115f64897","flip":0,"rot":0,"z":4,"y":67,"x":15,"pageNo":0}]}