{"isCreator":false,"contents":[{"_id":"54f682af91a43b5d547c8643","itemId":"54d2684721a31e4644e8439a","flip":0,"rot":0,"z":0,"y":42,"x":11,"pageNo":1},{"_id":"54f682af91a43b5d547c8644","itemId":"54d26858f7d8a5702c2cdf2d","flip":0,"rot":0,"z":1,"y":38,"x":26,"pageNo":1},{"_id":"54f682af91a43b5d547c8645","itemId":"53963da55c42e8990aafeb2d","flip":0,"rot":0,"z":2,"y":7,"x":4,"pageNo":1},{"_id":"54f682af91a43b5d547c8646","itemId":"54e215447771fce9535b7c0c","flip":0,"rot":0,"z":3,"y":6,"x":35,"pageNo":1},{"_id":"54f682af91a43b5d547c8647","itemId":"54d2ea4bb4c09d9d21b3f487","flip":0,"rot":0,"z":4,"y":8,"x":63,"pageNo":1},{"_id":"54f682af91a43b5d547c8648","itemId":"54d2681459a35c6c2cced645","flip":0,"rot":0,"z":5,"y":45,"x":53,"pageNo":1},{"_id":"54f682af91a43b5d547c8649","itemId":"54d26802d9e7a76e2c960d09","flip":0,"rot":0,"z":6,"y":51,"x":73,"pageNo":1},{"_id":"54f682af91a43b5d547c864a","itemId":"54d267e2d564704444640c24","flip":0,"rot":0,"z":7,"y":80,"x":7,"pageNo":1},{"_id":"54f682af91a43b5d547c864b","itemId":"54d267d5d9ecb09042f6cf7a","flip":0,"rot":0,"z":8,"y":79,"x":30,"pageNo":1},{"_id":"54f682af91a43b5d547c864c","itemId":"54d267c021a31e4644e84398","flip":0,"rot":0,"z":9,"y":79,"x":50,"pageNo":1},{"_id":"54f682af91a43b5d547c864d","itemId":"54d26513f7d8a5702c2cdf17","flip":0,"rot":0,"z":10,"y":84,"x":66,"pageNo":1},{"_id":"54f682af91a43b5d547c864e","itemId":"54d265336861ba4044a4a640","flip":0,"rot":0,"z":11,"y":13,"x":82,"pageNo":1},{"_id":"54f682af91a43b5d547c864f","itemId":"54d267f0651274a1218b7308","flip":0,"rot":0,"z":12,"y":9,"x":94,"pageNo":1},{"_id":"54f682af91a43b5d547c8650","itemId":"54f642fab8bc838e18f32371","flip":0,"rot":0,"z":13,"y":11,"x":108,"pageNo":1},{"_id":"54f682af91a43b5d547c8651","itemId":"54f642c3a38b80110c9e77f8","flip":0,"rot":0,"z":14,"y":9,"x":128,"pageNo":1},{"_id":"54f682af91a43b5d547c8652","itemId":"54f6434d8b93385b54383264","flip":0,"rot":0,"z":15,"y":48,"x":92,"pageNo":1},{"_id":"54f682af91a43b5d547c8653","itemId":"54f3a35eb3894c103456e8bd","flip":0,"rot":0,"z":16,"y":93,"x":93,"pageNo":1},{"_id":"54f682af91a43b5d547c8654","itemId":"54f2aef226eca60e34db5b57","flip":0,"rot":0,"z":17,"y":48,"x":121,"pageNo":1},{"_id":"54f682af91a43b5d547c8655","itemId":"54f2a9a526eca60e34db5b07","flip":0,"rot":0,"z":18,"y":86,"x":107,"pageNo":1},{"_id":"54f682af91a43b5d547c8656","itemId":"54f1ea27eacd731434eb5541","flip":0,"rot":0,"z":19,"y":112,"x":10,"pageNo":1},{"_id":"54f682af91a43b5d547c8657","itemId":"54f1d4f626eca60e34db4c33","flip":0,"rot":0,"z":20,"y":112,"x":28,"pageNo":1},{"_id":"54f682af91a43b5d547c8658","itemId":"54f1d446b3894c103456b6d5","flip":0,"rot":0,"z":21,"y":113,"x":50,"pageNo":1},{"_id":"54f682af91a43b5d547c8659","itemId":"54f1d2429b97c9eb446e0769","flip":0,"rot":0,"z":22,"y":115,"x":69,"pageNo":1},{"_id":"54f682af91a43b5d547c865a","itemId":"54f1cfd8932a628c154803fe","flip":0,"rot":0,"z":23,"y":113,"x":88,"pageNo":1},{"_id":"54f682af91a43b5d547c865b","itemId":"54f1c574932a628c15480367","flip":0,"rot":0,"z":24,"y":115,"x":100,"pageNo":1},{"_id":"54f682af91a43b5d547c865c","itemId":"54edfb9e70dff0c7208fb2a7","flip":0,"rot":0,"z":25,"y":91,"x":131,"pageNo":1},{"_id":"54f682d31f05e80f0c329693","itemId":"54ecde308861402718ed5b24","flip":0,"rot":0,"z":0,"y":4,"x":-2,"pageNo":2},{"_id":"54f682d31f05e80f0c329694","itemId":"54ebf0012647bf910f52fe34","flip":0,"rot":0,"z":1,"y":10,"x":31,"pageNo":2},{"_id":"54f682d31f05e80f0c329695","itemId":"54ebedf2ec0513a91d81eb38","flip":0,"rot":0,"z":2,"y":11,"x":46,"pageNo":2},{"_id":"54f6839af89bb9d83cea1856","itemId":"54f67e9b6b425e150cd1004f","flip":0,"rot":0,"z":0,"y":-5,"x":-2,"pageNo":0},{"_id":"54f6839af89bb9d83cea1857","itemId":"54f68054579389130c361701","flip":0,"rot":0,"z":1,"y":1,"x":132,"pageNo":0},{"_id":"54f6839af89bb9d83cea1858","itemId":"54c1369b36a7188d025ea595","flip":0,"rot":0,"z":2,"y":23,"x":89,"pageNo":0},{"_id":"54f6839af89bb9d83cea1859","itemId":"54bfc0e88056758b023207ce","flip":0,"rot":0,"z":3,"y":19,"x":105,"pageNo":0},{"_id":"54f6839af89bb9d83cea185a","itemId":"54bd8229d0064e11689b94dc","flip":0,"rot":0,"z":4,"y":60,"x":82,"pageNo":0},{"_id":"54f6839af89bb9d83cea185b","itemId":"54bd1ff632a30a9a4ef60828","flip":0,"rot":0,"z":5,"y":58,"x":106,"pageNo":0},{"_id":"54f6839af89bb9d83cea185c","itemId":"54bd1b927472ffe42ed98a80","flip":0,"rot":0,"z":6,"y":23,"x":124,"pageNo":0},{"_id":"54f6839af89bb9d83cea185d","itemId":"54c44f1b8e2b388f56cd12d9","flip":0,"rot":0,"z":7,"y":16,"x":67,"pageNo":0},{"_id":"54f6839af89bb9d83cea185e","itemId":"54c53603bdbc84a75b8c89f5","flip":0,"rot":0,"z":8,"y":17,"x":46,"pageNo":0},{"_id":"54f6839af89bb9d83cea185f","itemId":"54c58ca26bb24f465fe7980e","flip":0,"rot":0,"z":9,"y":15,"x":25,"pageNo":0},{"_id":"54f6839af89bb9d83cea1860","itemId":"54c85bfdc21723fa042c25a5","flip":0,"rot":0,"z":10,"y":17,"x":3,"pageNo":0},{"_id":"54f6839af89bb9d83cea1861","itemId":"54bdc185dfb3b60f682a9018","flip":0,"rot":0,"z":11,"y":53,"x":48,"pageNo":0},{"_id":"54f6839af89bb9d83cea1862","itemId":"54bed5ec4279bcfe5ae6297d","flip":0,"rot":0,"z":12,"y":43,"x":26,"pageNo":0},{"_id":"54f6839af89bb9d83cea1863","itemId":"54bfbd4da170bec945fe0779","flip":0,"rot":0,"z":13,"y":50,"x":6,"pageNo":0},{"_id":"54f6839af89bb9d83cea1864","itemId":"54bdb7a646ed9bc034c3457d","flip":0,"rot":0,"z":14,"y":49,"x":66,"pageNo":0},{"_id":"54f6839af89bb9d83cea1865","itemId":"54bc67f6afed0c1d2dbe8e40","flip":0,"rot":0,"z":15,"y":66,"x":122,"pageNo":0},{"_id":"54f6839af89bb9d83cea1866","itemId":"54bc71ba7583061b2d9b1e2e","flip":0,"rot":0,"z":16,"y":89,"x":6,"pageNo":0},{"_id":"54f6839af89bb9d83cea1867","itemId":"54b71fe3fc6520ba3e69dd36","flip":0,"rot":0,"z":17,"y":92,"x":25,"pageNo":0},{"_id":"54f6839af89bb9d83cea1868","itemId":"54ab1c5ed794779c182b5017","flip":0,"rot":0,"z":18,"y":86,"x":45,"pageNo":0},{"_id":"54f6839af89bb9d83cea1869","itemId":"54b204de6dfbde096a8cc459","flip":0,"rot":0,"z":19,"y":90,"x":66,"pageNo":0},{"_id":"54f6839af89bb9d83cea186a","itemId":"54af28aa75e0fff059b2a48c","flip":0,"rot":0,"z":20,"y":90,"x":84,"pageNo":0},{"_id":"54f6839af89bb9d83cea186b","itemId":"54af23c26e00db01304b44a5","flip":0,"rot":0,"z":21,"y":93,"x":104,"pageNo":0},{"_id":"54f6839af89bb9d83cea186c","itemId":"54a81c7b3ecdb0de23601b14","flip":0,"rot":0,"z":22,"y":98,"x":125,"pageNo":0},{"_id":"54f6839af89bb9d83cea186d","itemId":"545c402472d60a563c47afe7","flip":0,"rot":0,"z":23,"y":125,"x":6,"pageNo":0},{"_id":"54f6839af89bb9d83cea186e","itemId":"54533cfc891ee94568047d1d","flip":0,"rot":0,"z":24,"y":126,"x":32,"pageNo":0},{"_id":"54f6839af89bb9d83cea186f","itemId":"53bb61b238ca66140b86cf64","flip":0,"rot":0,"z":25,"y":126,"x":55,"pageNo":0},{"_id":"54f6839af89bb9d83cea1870","itemId":"53b5966c1477c5fb26d46082","flip":0,"rot":0,"z":26,"y":128,"x":75,"pageNo":0},{"_id":"54f6839af89bb9d83cea1871","itemId":"53aaf51be03f79340dd8cd1a","flip":0,"rot":0,"z":27,"y":131,"x":105,"pageNo":0},{"_id":"54f6839af89bb9d83cea1872","itemId":"54f68102294d2a8c1812c416","flip":0,"rot":0,"z":28,"y":-15,"x":45,"pageNo":0},{"_id":"54f6839af89bb9d83cea1873","itemId":"54f67f2af89bb9d83cea172c","flip":0,"rot":0,"z":29,"y":-6,"x":23,"pageNo":0}]}