{"isCreator":false,"contents":[{"_id":"560b3732bdb5c72763f0ce25","itemId":"54f631d4f89bb9d83cea0075","flip":0,"rot":0,"z":0,"y":38,"x":39,"pageNo":0},{"_id":"560b3732bdb5c72763f0ce26","itemId":"54f62d6691a43b5d547c7db3","flip":0,"rot":0,"z":1,"y":-2,"x":26,"pageNo":0},{"_id":"560b3732bdb5c72763f0ce27","itemId":"54f67a72f89bb9d83cea1695","flip":0,"rot":0,"z":2,"y":-6,"x":46,"pageNo":0},{"_id":"560b3732bdb5c72763f0ce28","itemId":"54f62e9b6b425e150cd0f732","flip":0,"rot":0,"z":3,"y":-15,"x":-9,"pageNo":0},{"_id":"560b3732bdb5c72763f0ce29","itemId":"54f63901294d2a8c1812bfb2","flip":0,"rot":0,"z":4,"y":20,"x":60,"pageNo":0},{"_id":"560b3732bdb5c72763f0ce2a","itemId":"54f66f95b8bc838e18f328e8","flip":0,"rot":0,"z":5,"y":64,"x":29,"pageNo":0}]}