{"isCreator":false,"contents":[{"_id":"563a3265ebacc6da0870c970","itemId":"55b9ad0d4f0527ac378d398e","flip":0,"rot":0,"z":0,"y":10,"x":124,"pageNo":2},{"_id":"563a3265ebacc6da0870c971","itemId":"55071383d3691cbb16e461a9","flip":0,"rot":0,"z":1,"y":29,"x":124,"pageNo":2},{"_id":"563a3265ebacc6da0870c972","itemId":"5617522d4ad70b3521e7b3e1","flip":0,"rot":0,"z":2,"y":58,"x":127,"pageNo":2},{"_id":"563a3265ebacc6da0870c973","itemId":"56179b3688773ebc14935cf0","flip":0,"rot":0,"z":3,"y":102,"x":77,"pageNo":2},{"_id":"563a3265ebacc6da0870c974","itemId":"563a324e965f1c746e653952","flip":0,"rot":0,"z":4,"y":22,"x":43,"pageNo":2},{"_id":"5644c275a59478fa7650c4fd","itemId":"55ee5ca921300da9226777d3","flip":0,"rot":0,"z":0,"y":133,"x":25,"pageNo":1},{"_id":"5644c275a59478fa7650c4fe","itemId":"55ee5ca921300da9226777d3","flip":0,"rot":0,"z":1,"y":132,"x":59,"pageNo":1},{"_id":"5644c275a59478fa7650c4ff","itemId":"55ee5ca921300da9226777d3","flip":0,"rot":0,"z":2,"y":134,"x":85,"pageNo":1},{"_id":"5644c275a59478fa7650c500","itemId":"55ee393157cd1fa23cc994ef","flip":0,"rot":0,"z":3,"y":128,"x":59,"pageNo":1},{"_id":"5644c275a59478fa7650c501","itemId":"55ee5cf30ea5caa322d581f2","flip":0,"rot":0,"z":4,"y":125,"x":33,"pageNo":1},{"_id":"5644c275a59478fa7650c502","itemId":"55ee354173b3fca03cb409c2","flip":0,"rot":0,"z":5,"y":92,"x":82,"pageNo":1},{"_id":"5644c275a59478fa7650c503","itemId":"55b9ad0d4f0527ac378d398e","flip":0,"rot":0,"z":6,"y":5,"x":125,"pageNo":1},{"_id":"5644c275a59478fa7650c504","itemId":"5617522d4ad70b3521e7b3e1","flip":0,"rot":0,"z":7,"y":57,"x":124,"pageNo":1},{"_id":"5644c275a59478fa7650c505","itemId":"561797a6c8cc5c2413e4da68","flip":0,"rot":0,"z":8,"y":0,"x":57,"pageNo":1},{"_id":"5644c275a59478fa7650c506","itemId":"55ee2efe73b3fca03cb40998","flip":0,"rot":0,"z":9,"y":95,"x":48,"pageNo":1},{"_id":"5644c275a59478fa7650c507","itemId":"55ee32ff21300da92267764c","flip":0,"rot":0,"z":10,"y":67,"x":86,"pageNo":1},{"_id":"5644c275a59478fa7650c508","itemId":"55e9da337474e17911eeaf93","flip":0,"rot":0,"z":11,"y":38,"x":86,"pageNo":1},{"_id":"5644c275a59478fa7650c509","itemId":"55e9dbebe262b07711f562bc","flip":0,"rot":0,"z":12,"y":38,"x":48,"pageNo":1},{"_id":"5644c275a59478fa7650c50a","itemId":"55ee2f9f0ed9226e21c2918a","flip":0,"rot":0,"z":13,"y":95,"x":10,"pageNo":1},{"_id":"5644c275a59478fa7650c50b","itemId":"55e9dc8966882c7b11eda4b5","flip":0,"rot":0,"z":14,"y":38,"x":10,"pageNo":1},{"_id":"5644c275a59478fa7650c50c","itemId":"55071383d3691cbb16e461a9","flip":0,"rot":0,"z":15,"y":29,"x":124,"pageNo":1},{"_id":"5644c275a59478fa7650c50d","itemId":"55ee418a9ca2ae7021d39f13","flip":0,"rot":0,"z":16,"y":67,"x":10,"pageNo":1},{"_id":"5644c275a59478fa7650c50e","itemId":"55ee37be57cd1fa23cc994eb","flip":0,"rot":0,"z":17,"y":124,"x":86,"pageNo":1},{"_id":"5644c275a59478fa7650c50f","itemId":"55ee4068b6e8e3a43ce8beb7","flip":0,"rot":0,"z":18,"y":67,"x":48,"pageNo":1},{"_id":"590b3cf89a8badfd0f96ca40","itemId":"55ee5ca921300da9226777d3","flip":0,"rot":0,"z":0,"y":133,"x":10,"pageNo":0},{"_id":"590b3cf89a8badfd0f96ca41","itemId":"55ee5ca921300da9226777d3","flip":0,"rot":0,"z":1,"y":131,"x":40,"pageNo":0},{"_id":"590b3cf89a8badfd0f96ca42","itemId":"55ee5ca921300da9226777d3","flip":0,"rot":0,"z":2,"y":133,"x":67,"pageNo":0},{"_id":"590b3cf89a8badfd0f96ca43","itemId":"55ee5ca921300da9226777d3","flip":0,"rot":0,"z":3,"y":133,"x":95,"pageNo":0},{"_id":"590b3cf89a8badfd0f96ca44","itemId":"54e001416a62160e520a0e07","flip":0,"rot":0,"z":4,"y":123,"x":95,"pageNo":0},{"_id":"590b3cf89a8badfd0f96ca45","itemId":"54cef996d010242203cd46ae","flip":0,"rot":0,"z":5,"y":123,"x":67,"pageNo":0},{"_id":"590b3cf89a8badfd0f96ca46","itemId":"55b9ad0d4f0527ac378d398e","flip":0,"rot":0,"z":6,"y":10,"x":124,"pageNo":0},{"_id":"590b3cf89a8badfd0f96ca47","itemId":"560b36ce31430eb84437e7fb","flip":0,"rot":0,"z":7,"y":133,"x":19,"pageNo":0},{"_id":"590b3cf89a8badfd0f96ca48","itemId":"5617522d4ad70b3521e7b3e1","flip":0,"rot":0,"z":8,"y":10,"x":10,"pageNo":0},{"_id":"590b3cf89a8badfd0f96ca49","itemId":"561796e432bfd92e130706e2","flip":0,"rot":0,"z":9,"y":86,"x":38,"pageNo":0},{"_id":"590b3cf89a8badfd0f96ca4a","itemId":"56179b3688773ebc14935cf0","flip":0,"rot":0,"z":10,"y":19,"x":76,"pageNo":0},{"_id":"590b3cf89a8badfd0f96ca4b","itemId":"55071383d3691cbb16e461a9","flip":0,"rot":0,"z":11,"y":29,"x":124,"pageNo":0},{"_id":"590b3cf89a8badfd0f96ca4c","itemId":"5617cad334bcc2591541428b","flip":0,"rot":0,"z":12,"y":86,"x":95,"pageNo":0},{"_id":"590b3cf89a8badfd0f96ca4d","itemId":"56179492142a4d5a15a78135","flip":0,"rot":0,"z":13,"y":124,"x":38,"pageNo":0},{"_id":"590b3cf89a8badfd0f96ca4e","itemId":"55ee5cf30ea5caa322d581f2","flip":0,"rot":0,"z":14,"y":50,"x":68,"pageNo":0}]}