{"isCreator":false,"contents":[{"_id":"5623c6a367c204c55f37bebe","itemId":"54d7e0bdf96cfa6854bcab61","flip":0,"rot":0,"z":0,"y":10,"x":6,"pageNo":1},{"_id":"5623c6a367c204c55f37bebf","itemId":"5477f4f5d1098f2237ab7fdb","flip":0,"rot":0,"z":1,"y":38,"x":10,"pageNo":1},{"_id":"5623c6a367c204c55f37bec0","itemId":"54cef996d010242203cd46ae","flip":0,"rot":0,"z":2,"y":10,"x":124,"pageNo":1},{"_id":"5623c6a367c204c55f37bec1","itemId":"54e001416a62160e520a0e07","flip":0,"rot":0,"z":3,"y":40,"x":119,"pageNo":1},{"_id":"5623c6a367c204c55f37bec2","itemId":"54ceb95c49e654563726b57b","flip":0,"rot":0,"z":4,"y":68,"x":14,"pageNo":1},{"_id":"5623c6a367c204c55f37bec3","itemId":"54e0094324b6bbeb53652f1f","flip":0,"rot":0,"z":5,"y":92,"x":7,"pageNo":1},{"_id":"5623c6a367c204c55f37bec4","itemId":"54eb93bdbdc548a20e7021e9","flip":0,"rot":0,"z":6,"y":67,"x":124,"pageNo":1},{"_id":"5623c6a367c204c55f37bec5","itemId":"54ffb0ab8265cf2624263ac2","flip":0,"rot":0,"z":7,"y":99,"x":125,"pageNo":1},{"_id":"5623c6a367c204c55f37bec6","itemId":"54ffb229273b803d285e0945","flip":0,"rot":0,"z":8,"y":7,"x":66,"pageNo":1},{"_id":"5623c6a367c204c55f37bec7","itemId":"54e10c46e33832b16bbaa3a2","flip":0,"rot":0,"z":9,"y":38,"x":67,"pageNo":1},{"_id":"5623c6a367c204c55f37bec8","itemId":"54e26ab06a62160e520a2c46","flip":0,"rot":0,"z":10,"y":67,"x":67,"pageNo":1},{"_id":"5623c6a367c204c55f37bec9","itemId":"54e1147f3827a1397656f0ac","flip":0,"rot":0,"z":11,"y":94,"x":67,"pageNo":1},{"_id":"5623c6a367c204c55f37beca","itemId":"56179492142a4d5a15a78135","flip":0,"rot":0,"z":12,"y":119,"x":63,"pageNo":1},{"_id":"590b3d0098aefdfc0f9ea317","itemId":"55071383d3691cbb16e461a9","flip":0,"rot":0,"z":0,"y":123,"x":6,"pageNo":0},{"_id":"590b3d0098aefdfc0f9ea318","itemId":"54e15f307771fce9535b73dc","flip":0,"rot":0,"z":1,"y":10,"x":10,"pageNo":0},{"_id":"590b3d0098aefdfc0f9ea319","itemId":"54e15f833cbce20852ac0abe","flip":0,"rot":0,"z":2,"y":38,"x":10,"pageNo":0},{"_id":"590b3d0098aefdfc0f9ea31a","itemId":"5394bf7df8807b914b117b07","flip":0,"rot":0,"z":3,"y":67,"x":10,"pageNo":0},{"_id":"590b3d0098aefdfc0f9ea31b","itemId":"54ebe7922ac306a71dd72b09","flip":0,"rot":0,"z":4,"y":97,"x":14,"pageNo":0},{"_id":"590b3d0098aefdfc0f9ea31c","itemId":"54f62cacb8bc838e18f32139","flip":0,"rot":0,"z":5,"y":10,"x":124,"pageNo":0},{"_id":"590b3d0098aefdfc0f9ea31d","itemId":"54f638cd91a43b5d547c7f0d","flip":0,"rot":0,"z":6,"y":38,"x":124,"pageNo":0},{"_id":"590b3d0098aefdfc0f9ea31e","itemId":"54e18386d1e9f7e753a31fcc","flip":0,"rot":0,"z":7,"y":64,"x":123,"pageNo":0},{"_id":"590b3d0098aefdfc0f9ea31f","itemId":"54e947e2732863947ca87f48","flip":0,"rot":0,"z":8,"y":95,"x":124,"pageNo":0},{"_id":"590b3d0098aefdfc0f9ea320","itemId":"54e16cbae33832b16bbab71c","flip":0,"rot":0,"z":9,"y":126,"x":81,"pageNo":0},{"_id":"590b3d0098aefdfc0f9ea321","itemId":"5505287c45be548d5fba8a71","flip":0,"rot":0,"z":10,"y":25,"x":64,"pageNo":0},{"_id":"590b3d0098aefdfc0f9ea322","itemId":"54f67e9b6b425e150cd1004f","flip":0,"rot":0,"z":11,"y":7,"x":60,"pageNo":0},{"_id":"590b3d0098aefdfc0f9ea323","itemId":"54e168cb24b6bbeb53653e24","flip":0,"rot":0,"z":12,"y":95,"x":67,"pageNo":0},{"_id":"590b3d0098aefdfc0f9ea324","itemId":"55ee5cf30ea5caa322d581f2","flip":0,"rot":0,"z":13,"y":48,"x":76,"pageNo":0}]}