{"isCreator":false,"contents":[{"_id":"556f56325f3c8ea16deadd46","itemId":"545103a5faed0ad81b07b431","flip":0,"rot":0,"z":0,"y":10,"x":8,"pageNo":0},{"_id":"556f56325f3c8ea16deadd47","itemId":"54510342bb055ed41b6072a0","flip":0,"rot":0,"z":1,"y":10,"x":29,"pageNo":0},{"_id":"556f56325f3c8ea16deadd48","itemId":"5556184e0d4464da36ce2492","flip":0,"rot":0,"z":2,"y":10,"x":48,"pageNo":0},{"_id":"556f56325f3c8ea16deadd49","itemId":"54e7a192d8cdb62813e50569","flip":0,"rot":0,"z":3,"y":10,"x":67,"pageNo":0},{"_id":"556f56325f3c8ea16deadd4a","itemId":"55189aabae6dfe2b214e6252","flip":0,"rot":0,"z":4,"y":10,"x":86,"pageNo":0},{"_id":"556f56325f3c8ea16deadd4b","itemId":"5450f76bbb055ed41b607283","flip":0,"rot":0,"z":5,"y":10,"x":105,"pageNo":0},{"_id":"556f56325f3c8ea16deadd4c","itemId":"5450f7c5f7967dbd524caaa9","flip":0,"rot":0,"z":6,"y":10,"x":124,"pageNo":0},{"_id":"556f56325f3c8ea16deadd4d","itemId":"54a57a51123f16dc23ee5554","flip":0,"rot":0,"z":7,"y":29,"x":10,"pageNo":0},{"_id":"556f56325f3c8ea16deadd4e","itemId":"550a386e658a40892a751fc1","flip":0,"rot":0,"z":8,"y":29,"x":29,"pageNo":0},{"_id":"556f56325f3c8ea16deadd4f","itemId":"54e9a47ef03ef6e878608858","flip":0,"rot":0,"z":9,"y":29,"x":67,"pageNo":0},{"_id":"556f56325f3c8ea16deadd50","itemId":"54e9a3a0b7baaec31a9c5e1d","flip":0,"rot":0,"z":10,"y":29,"x":86,"pageNo":0},{"_id":"556f56325f3c8ea16deadd51","itemId":"54ea37f0901a4fdb094abd5d","flip":0,"rot":0,"z":11,"y":29,"x":105,"pageNo":0},{"_id":"556f56325f3c8ea16deadd52","itemId":"54ea36c371c9cbd309f3750f","flip":0,"rot":0,"z":12,"y":29,"x":124,"pageNo":0},{"_id":"556f56325f3c8ea16deadd53","itemId":"550a3823ef7e1f2018722e2d","flip":0,"rot":0,"z":13,"y":48,"x":10,"pageNo":0},{"_id":"556f56325f3c8ea16deadd54","itemId":"54cc014e54ea31f716feb241","flip":0,"rot":0,"z":14,"y":29,"x":48,"pageNo":0},{"_id":"556f56325f3c8ea16deadd55","itemId":"53990723cb59e2bf57b70875","flip":0,"rot":0,"z":15,"y":48,"x":29,"pageNo":0},{"_id":"556f56325f3c8ea16deadd56","itemId":"53e3d85b9d9883b858b5fa6b","flip":0,"rot":0,"z":16,"y":48,"x":48,"pageNo":0},{"_id":"556f56325f3c8ea16deadd57","itemId":"53e3d6865c0466185230e15a","flip":0,"rot":0,"z":17,"y":48,"x":67,"pageNo":0},{"_id":"556f56325f3c8ea16deadd58","itemId":"52632d0fee638f47200000e1","flip":0,"rot":0,"z":18,"y":48,"x":86,"pageNo":0},{"_id":"556f56325f3c8ea16deadd59","itemId":"5361b67d9d50e9af66000414","flip":0,"rot":0,"z":19,"y":48,"x":105,"pageNo":0},{"_id":"556f56325f3c8ea16deadd5a","itemId":"5306e917fd8f21ce0a00007c","flip":0,"rot":0,"z":20,"y":48,"x":124,"pageNo":0},{"_id":"556f56325f3c8ea16deadd5b","itemId":"53e3d8f59d9883b858b5fa6d","flip":0,"rot":0,"z":21,"y":67,"x":10,"pageNo":0},{"_id":"556f56325f3c8ea16deadd5c","itemId":"53e3df27eb15a0fb2e04128c","flip":0,"rot":0,"z":22,"y":67,"x":29,"pageNo":0},{"_id":"556f56325f3c8ea16deadd5d","itemId":"54062033addd05f077860a2e","flip":0,"rot":0,"z":23,"y":67,"x":48,"pageNo":0},{"_id":"556f56325f3c8ea16deadd5e","itemId":"549406d6ca9ee0ef7d577e43","flip":0,"rot":0,"z":24,"y":67,"x":67,"pageNo":0},{"_id":"556f56325f3c8ea16deadd5f","itemId":"52d1591e934f6e3c7c00003f","flip":0,"rot":0,"z":25,"y":69,"x":86,"pageNo":0},{"_id":"556f56325f3c8ea16deadd60","itemId":"553e02aeef4b3ec819ac9cd7","flip":0,"rot":0,"z":26,"y":69,"x":106,"pageNo":0},{"_id":"556f56325f3c8ea16deadd61","itemId":"53e3d98e3e31a07f46f3d478","flip":0,"rot":0,"z":27,"y":68,"x":123,"pageNo":0},{"_id":"556f56325f3c8ea16deadd62","itemId":"53e3da405c0466185230e163","flip":0,"rot":0,"z":28,"y":85,"x":11,"pageNo":0},{"_id":"556f56325f3c8ea16deadd63","itemId":"53e3da035c0466185230e162","flip":0,"rot":0,"z":29,"y":87,"x":26,"pageNo":0},{"_id":"556f56325f3c8ea16deadd64","itemId":"55072014369febde12f21e80","flip":0,"rot":0,"z":30,"y":85,"x":49,"pageNo":0},{"_id":"556f56325f3c8ea16deadd65","itemId":"55084fdfef5e4d8215983825","flip":0,"rot":0,"z":31,"y":87,"x":70,"pageNo":0},{"_id":"556f56325f3c8ea16deadd66","itemId":"55084b4aef5e4d82159837ff","flip":0,"rot":0,"z":32,"y":86,"x":88,"pageNo":0},{"_id":"556f56325f3c8ea16deadd67","itemId":"55086b924d3a3277115fd6c1","flip":0,"rot":0,"z":33,"y":86,"x":103,"pageNo":0},{"_id":"556f56325f3c8ea16deadd68","itemId":"54bd8748b238489354d05b48","flip":0,"rot":0,"z":34,"y":89,"x":124,"pageNo":0},{"_id":"556f56325f3c8ea16deadd69","itemId":"52db4d47c701812e29000180","flip":0,"rot":0,"z":35,"y":106,"x":9,"pageNo":0},{"_id":"556f56325f3c8ea16deadd6a","itemId":"54caad8e3f6c961e5f4dcf77","flip":0,"rot":0,"z":36,"y":105,"x":30,"pageNo":0},{"_id":"556f56325f3c8ea16deadd6b","itemId":"55554b3546ec111408c0596b","flip":0,"rot":0,"z":37,"y":105,"x":51,"pageNo":0},{"_id":"556f56325f3c8ea16deadd6c","itemId":"536636679d50e9af660007db","flip":0,"rot":0,"z":38,"y":104,"x":67,"pageNo":0},{"_id":"556f56325f3c8ea16deadd6d","itemId":"533e3c601efcd5ad620001bb","flip":0,"rot":0,"z":39,"y":105,"x":86,"pageNo":0},{"_id":"556f56325f3c8ea16deadd6e","itemId":"533e4faf1efcd5ad620001db","flip":0,"rot":0,"z":40,"y":104,"x":106,"pageNo":0},{"_id":"556f56325f3c8ea16deadd6f","itemId":"527bbaf12876450e63000074","flip":0,"rot":0,"z":41,"y":105,"x":126,"pageNo":0},{"_id":"556f56325f3c8ea16deadd70","itemId":"51fe4cd90295c04809000003","flip":0,"rot":0,"z":42,"y":126,"x":11,"pageNo":0},{"_id":"556f56325f3c8ea16deadd71","itemId":"52119e9173d1c8500100002b","flip":0,"rot":0,"z":43,"y":123,"x":69,"pageNo":0},{"_id":"556f56325f3c8ea16deadd72","itemId":"51fe49be6f6bba6428000003","flip":0,"rot":0,"z":44,"y":124,"x":28,"pageNo":0},{"_id":"556f56325f3c8ea16deadd73","itemId":"520b82cd100daed71b000003","flip":0,"rot":0,"z":45,"y":125,"x":46,"pageNo":0},{"_id":"556f56325f3c8ea16deadd74","itemId":"554ea75c0d4464da36cdc518","flip":0,"rot":0,"z":46,"y":124,"x":88,"pageNo":0},{"_id":"556f56325f3c8ea16deadd75","itemId":"555a67e0d95dcc11082eddd3","flip":0,"rot":0,"z":47,"y":123,"x":104,"pageNo":0},{"_id":"556f58114320a23113b659d3","itemId":"529c09b72999dcc04b000052","flip":0,"rot":0,"z":0,"y":12,"x":10,"pageNo":2},{"_id":"556f58114320a23113b659d4","itemId":"529c09b72999dcc04b000052","flip":0,"rot":0,"z":1,"y":12,"x":10,"pageNo":2},{"_id":"556f58114320a23113b659d5","itemId":"52afcd16e2921c5460000057","flip":0,"rot":0,"z":2,"y":10,"x":29,"pageNo":2},{"_id":"556f58114320a23113b659d6","itemId":"529c099a2999dcc04b000051","flip":0,"rot":0,"z":3,"y":10,"x":48,"pageNo":2},{"_id":"556f58114320a23113b659d7","itemId":"524b5f655a6655c50b0000a7","flip":0,"rot":0,"z":4,"y":10,"x":67,"pageNo":2},{"_id":"556f58114320a23113b659d8","itemId":"529c09ad2b0394183e000031","flip":0,"rot":0,"z":5,"y":10,"x":86,"pageNo":2},{"_id":"556f58114320a23113b659d9","itemId":"544d38c5c8687b2742b34d30","flip":0,"rot":0,"z":6,"y":10,"x":124,"pageNo":2},{"_id":"556f58114320a23113b659da","itemId":"53be04ad79794942204e6720","flip":0,"rot":0,"z":7,"y":29,"x":10,"pageNo":2},{"_id":"556f58114320a23113b659db","itemId":"550871e30fe5e97a11581778","flip":0,"rot":0,"z":8,"y":29,"x":29,"pageNo":2},{"_id":"556f58114320a23113b659dc","itemId":"53f4e1edb55cd5903561cc9e","flip":0,"rot":0,"z":9,"y":29,"x":48,"pageNo":2},{"_id":"556f58114320a23113b659dd","itemId":"5479e8923afd91fd6265c99b","flip":0,"rot":0,"z":10,"y":29,"x":67,"pageNo":2},{"_id":"556f58114320a23113b659de","itemId":"54717e0be2f420577a851eae","flip":0,"rot":0,"z":11,"y":29,"x":86,"pageNo":2},{"_id":"556f58114320a23113b659df","itemId":"52791c5bff3e3e2a49000095","flip":0,"rot":0,"z":12,"y":29,"x":105,"pageNo":2},{"_id":"556f58114320a23113b659e0","itemId":"54f9388f079ef9d31d0e7439","flip":0,"rot":0,"z":13,"y":29,"x":124,"pageNo":2},{"_id":"556f58114320a23113b659e1","itemId":"54e85b8a4e7bec8e13d89bd9","flip":0,"rot":0,"z":14,"y":48,"x":10,"pageNo":2},{"_id":"556f58114320a23113b659e2","itemId":"5479e67743786ffd24499342","flip":0,"rot":0,"z":15,"y":48,"x":29,"pageNo":2},{"_id":"556f58114320a23113b659e3","itemId":"53acd67885baa9dd1c146971","flip":0,"rot":0,"z":16,"y":48,"x":86,"pageNo":2},{"_id":"556f58114320a23113b659e4","itemId":"54717d43a288030b0fe678bc","flip":0,"rot":0,"z":17,"y":67,"x":86,"pageNo":2},{"_id":"556f58114320a23113b659e5","itemId":"537829be6167af213345df92","flip":0,"rot":0,"z":18,"y":48,"x":48,"pageNo":2},{"_id":"556f58114320a23113b659e6","itemId":"550a16d5f6d2a12c1a0b43f7","flip":0,"rot":0,"z":19,"y":48,"x":67,"pageNo":2},{"_id":"556f58114320a23113b659e7","itemId":"52dd9671ac974972560000f5","flip":0,"rot":0,"z":20,"y":48,"x":105,"pageNo":2},{"_id":"556f58114320a23113b659e8","itemId":"55232a71d13b2c612b7ed01f","flip":0,"rot":0,"z":21,"y":48,"x":124,"pageNo":2},{"_id":"556f58114320a23113b659e9","itemId":"5501fc8670c9c2e40dfc7a3c","flip":0,"rot":0,"z":22,"y":67,"x":105,"pageNo":2},{"_id":"556f58114320a23113b659ea","itemId":"53a3144260f9675d50966425","flip":0,"rot":0,"z":23,"y":86,"x":48,"pageNo":2},{"_id":"556f58114320a23113b659eb","itemId":"55075ad65bc3fa88159de976","flip":0,"rot":0,"z":24,"y":86,"x":29,"pageNo":2},{"_id":"556f58114320a23113b659ec","itemId":"53a314ef837d4d4a517ebc06","flip":0,"rot":0,"z":25,"y":86,"x":68,"pageNo":2},{"_id":"556f58114320a23113b659ed","itemId":"53a313ab837d4d4a517ebbfe","flip":0,"rot":0,"z":26,"y":86,"x":85,"pageNo":2},{"_id":"556f58114320a23113b659ee","itemId":"53a3163c837d4d4a517ebc0f","flip":0,"rot":0,"z":27,"y":88,"x":107,"pageNo":2},{"_id":"556f58114320a23113b659ef","itemId":"53a316cb837d4d4a517ebc13","flip":0,"rot":0,"z":28,"y":87,"x":124,"pageNo":2},{"_id":"556f58114320a23113b659f0","itemId":"53a3178b0ddd0a3d6bf3cb5f","flip":0,"rot":0,"z":29,"y":105,"x":29,"pageNo":2},{"_id":"556f58114320a23113b659f1","itemId":"5398a49f28487f4255148aeb","flip":0,"rot":0,"z":30,"y":67,"x":10,"pageNo":2},{"_id":"556f58114320a23113b659f2","itemId":"53a31741837d4d4a517ebc16","flip":0,"rot":0,"z":31,"y":104,"x":47,"pageNo":2},{"_id":"556f58114320a23113b659f3","itemId":"5398a538f789487c501a4127","flip":0,"rot":0,"z":32,"y":108,"x":10,"pageNo":2},{"_id":"556f58114320a23113b659f4","itemId":"5398a4e7e5bebd303b7e1dd3","flip":0,"rot":0,"z":33,"y":87,"x":10,"pageNo":2},{"_id":"556f58114320a23113b659f5","itemId":"53fa81a507444cbe6283d92d","flip":0,"rot":0,"z":34,"y":67,"x":30,"pageNo":2},{"_id":"556f58114320a23113b659f6","itemId":"5398d13bcb59e2bf57b7081c","flip":0,"rot":0,"z":35,"y":107,"x":69,"pageNo":2},{"_id":"556f58114320a23113b659f7","itemId":"5398d23661a382f452f0a182","flip":0,"rot":0,"z":36,"y":109,"x":86,"pageNo":2},{"_id":"556f58114320a23113b659f8","itemId":"5398ba813221c8013d7d5ab0","flip":0,"rot":0,"z":37,"y":105,"x":105,"pageNo":2},{"_id":"556f58114320a23113b659f9","itemId":"552037dbb77ce64d3a8f366f","flip":0,"rot":0,"z":38,"y":65,"x":69,"pageNo":2},{"_id":"556f58114320a23113b659fa","itemId":"548ca77aafae1d36189d0578","flip":0,"rot":0,"z":39,"y":69,"x":122,"pageNo":2},{"_id":"556f58114320a23113b659fb","itemId":"548d0baa8b3bf41411e86bd0","flip":0,"rot":0,"z":40,"y":105,"x":122,"pageNo":2},{"_id":"556f58114320a23113b659fc","itemId":"540375bce1ccab7d3b060a12","flip":0,"rot":0,"z":41,"y":124,"x":29,"pageNo":2},{"_id":"556f58114320a23113b659fd","itemId":"5251f90dad8f04a20d00023f","flip":0,"rot":0,"z":42,"y":10,"x":106,"pageNo":2},{"_id":"556f58114320a23113b659fe","itemId":"535a19116686493e23000fa4","flip":0,"rot":0,"z":43,"y":122,"x":48,"pageNo":2},{"_id":"556f58114320a23113b659ff","itemId":"532d0858247c01c447000108","flip":0,"rot":0,"z":44,"y":124,"x":67,"pageNo":2},{"_id":"556f58114320a23113b65a00","itemId":"530fcf3a578328584c0000c6","flip":0,"rot":0,"z":45,"y":126,"x":88,"pageNo":2},{"_id":"556f58114320a23113b65a01","itemId":"5280eab27062933c1a000216","flip":0,"rot":0,"z":46,"y":124,"x":105,"pageNo":2},{"_id":"556f58114320a23113b65a02","itemId":"54d4f9bfa4eba0ba52d973ad","flip":0,"rot":0,"z":47,"y":68,"x":52,"pageNo":2},{"_id":"55727df75e3e3ca36dd939fb","itemId":"54a6db10123f16dc23ee5ad5","flip":0,"rot":0,"z":0,"y":11,"x":10,"pageNo":1},{"_id":"55727df75e3e3ca36dd939fc","itemId":"536835417064b8a6770002a7","flip":0,"rot":0,"z":1,"y":10,"x":29,"pageNo":1},{"_id":"55727df75e3e3ca36dd939fd","itemId":"54a6db8f28ffe7fb7b691a0c","flip":0,"rot":0,"z":2,"y":29,"x":10,"pageNo":1},{"_id":"55727df75e3e3ca36dd939fe","itemId":"54a6dabfc1e0428311c5eb5f","flip":0,"rot":0,"z":3,"y":48,"x":10,"pageNo":1},{"_id":"55727df75e3e3ca36dd939ff","itemId":"5467f449da892c9e588341a1","flip":0,"rot":0,"z":4,"y":29,"x":29,"pageNo":1},{"_id":"55727df75e3e3ca36dd93a00","itemId":"54ebfd741ac898b00f0c7a0a","flip":0,"rot":0,"z":5,"y":10,"x":48,"pageNo":1},{"_id":"55727df75e3e3ca36dd93a01","itemId":"5208d99feb7ea9c156000010","flip":0,"rot":0,"z":6,"y":29,"x":48,"pageNo":1},{"_id":"55727df75e3e3ca36dd93a02","itemId":"5208bb16d0c5708c3c000061","flip":0,"rot":0,"z":7,"y":29,"x":67,"pageNo":1},{"_id":"55727df75e3e3ca36dd93a03","itemId":"520a25234d1203d27c000007","flip":0,"rot":0,"z":8,"y":10,"x":67,"pageNo":1},{"_id":"55727df75e3e3ca36dd93a04","itemId":"5208c0bcdc15604733000049","flip":0,"rot":0,"z":9,"y":29,"x":86,"pageNo":1},{"_id":"55727df75e3e3ca36dd93a05","itemId":"52e6ba57c07ebf3b7b00005b","flip":0,"rot":0,"z":10,"y":10,"x":86,"pageNo":1},{"_id":"55727df75e3e3ca36dd93a06","itemId":"54e84abc097fc5070c52a720","flip":0,"rot":0,"z":11,"y":10,"x":124,"pageNo":1},{"_id":"55727df75e3e3ca36dd93a07","itemId":"54e84a809b20ac0d0c859a51","flip":0,"rot":0,"z":12,"y":10,"x":105,"pageNo":1},{"_id":"55727df75e3e3ca36dd93a08","itemId":"54e849f3097fc5070c52a707","flip":0,"rot":0,"z":13,"y":29,"x":124,"pageNo":1},{"_id":"55727df75e3e3ca36dd93a09","itemId":"545a9244c43400113351f4de","flip":0,"rot":0,"z":14,"y":29,"x":105,"pageNo":1},{"_id":"55727df75e3e3ca36dd93a0a","itemId":"5300a9ec93532c7752000014","flip":0,"rot":0,"z":15,"y":48,"x":29,"pageNo":1},{"_id":"55727df75e3e3ca36dd93a0b","itemId":"5300a82f93532c7752000011","flip":0,"rot":0,"z":16,"y":67,"x":29,"pageNo":1},{"_id":"55727df75e3e3ca36dd93a0c","itemId":"55156043267e770c084b99ff","flip":0,"rot":0,"z":17,"y":67,"x":10,"pageNo":1},{"_id":"55727df75e3e3ca36dd93a0d","itemId":"53e934aa307eac506fcc7077","flip":0,"rot":0,"z":18,"y":48,"x":48,"pageNo":1},{"_id":"55727df75e3e3ca36dd93a0e","itemId":"53e9348b736874c115a5d025","flip":0,"rot":0,"z":19,"y":67,"x":48,"pageNo":1},{"_id":"55727df75e3e3ca36dd93a0f","itemId":"53880488422fa7d23bfb8a65","flip":0,"rot":0,"z":20,"y":48,"x":67,"pageNo":1},{"_id":"55727df75e3e3ca36dd93a10","itemId":"53a79c72a01ec48b2a0bdb96","flip":0,"rot":0,"z":21,"y":67,"x":67,"pageNo":1},{"_id":"55727df75e3e3ca36dd93a11","itemId":"553d361ac6d8972d14d19a88","flip":0,"rot":0,"z":22,"y":49,"x":108,"pageNo":1},{"_id":"55727df75e3e3ca36dd93a12","itemId":"554db5f9244ef85747f6a619","flip":0,"rot":0,"z":23,"y":66,"x":107,"pageNo":1},{"_id":"55727df75e3e3ca36dd93a13","itemId":"53acd67885baa9dd1c146971","flip":0,"rot":0,"z":24,"y":49,"x":124,"pageNo":1},{"_id":"55727df75e3e3ca36dd93a14","itemId":"53acd66285baa9dd1c146970","flip":0,"rot":0,"z":25,"y":67,"x":123,"pageNo":1},{"_id":"55727df75e3e3ca36dd93a15","itemId":"554ebf5c207b180c08af9a21","flip":0,"rot":0,"z":26,"y":66,"x":85,"pageNo":1},{"_id":"55727df75e3e3ca36dd93a16","itemId":"555179ff330df6541c9c21a2","flip":0,"rot":0,"z":27,"y":87,"x":11,"pageNo":1},{"_id":"55727df75e3e3ca36dd93a17","itemId":"555a67e0d95dcc11082eddd3","flip":0,"rot":0,"z":28,"y":88,"x":29,"pageNo":1},{"_id":"55727df75e3e3ca36dd93a18","itemId":"55595b7f150554be4271452f","flip":0,"rot":0,"z":29,"y":85,"x":47,"pageNo":1},{"_id":"55727df75e3e3ca36dd93a19","itemId":"55595db2121a90e253fd2873","flip":0,"rot":0,"z":30,"y":86,"x":68,"pageNo":1},{"_id":"55727df75e3e3ca36dd93a1a","itemId":"54fd74a5e493f2580f3be2d0","flip":0,"rot":0,"z":31,"y":85,"x":86,"pageNo":1},{"_id":"55727df75e3e3ca36dd93a1b","itemId":"54fd75fa9be1317d1372ea53","flip":0,"rot":0,"z":32,"y":85,"x":100,"pageNo":1},{"_id":"55727df75e3e3ca36dd93a1c","itemId":"54fd75a4c27f9bb021d9e156","flip":0,"rot":0,"z":33,"y":86,"x":119,"pageNo":1},{"_id":"55727df75e3e3ca36dd93a1d","itemId":"54e7fed7793ab826137a5057","flip":0,"rot":0,"z":34,"y":106,"x":12,"pageNo":1},{"_id":"55727df75e3e3ca36dd93a1e","itemId":"539cf708829e271e04c0de70","flip":0,"rot":0,"z":35,"y":108,"x":29,"pageNo":1},{"_id":"55727df75e3e3ca36dd93a1f","itemId":"536452e45e314c2a3b000689","flip":0,"rot":0,"z":36,"y":106,"x":46,"pageNo":1},{"_id":"55727df75e3e3ca36dd93a20","itemId":"53a22bef0ddd0a3d6bf3ca54","flip":0,"rot":0,"z":37,"y":106,"x":64,"pageNo":1},{"_id":"55727df75e3e3ca36dd93a21","itemId":"53e35f9b0829769c46789893","flip":0,"rot":0,"z":38,"y":106,"x":90,"pageNo":1},{"_id":"55727df75e3e3ca36dd93a22","itemId":"5404c1892173482d50e039ca","flip":0,"rot":0,"z":39,"y":105,"x":108,"pageNo":1},{"_id":"55727df75e3e3ca36dd93a23","itemId":"54d69d7883e5329b43c2da89","flip":0,"rot":0,"z":40,"y":106,"x":125,"pageNo":1},{"_id":"55727df75e3e3ca36dd93a24","itemId":"54a5811339d4178c35be5ff7","flip":0,"rot":0,"z":41,"y":125,"x":31,"pageNo":1},{"_id":"55727df75e3e3ca36dd93a25","itemId":"54224051c82013393953bd47","flip":0,"rot":0,"z":42,"y":124,"x":50,"pageNo":1},{"_id":"55727df75e3e3ca36dd93a26","itemId":"54224160c82013393953bd4c","flip":0,"rot":0,"z":43,"y":126,"x":71,"pageNo":1},{"_id":"55727df75e3e3ca36dd93a27","itemId":"53347456247c01c447001564","flip":0,"rot":0,"z":44,"y":125,"x":105,"pageNo":1},{"_id":"55727df75e3e3ca36dd93a28","itemId":"54ffcbc9169122bb2965090f","flip":0,"rot":0,"z":45,"y":124,"x":86,"pageNo":1},{"_id":"55727df75e3e3ca36dd93a29","itemId":"5520f3bf706007040845d12d","flip":0,"rot":0,"z":46,"y":49,"x":88,"pageNo":1},{"_id":"55889387d746029e55813010","itemId":"55564c901e21aecf0ef683d9","flip":0,"rot":0,"z":0,"y":10,"x":12,"pageNo":4},{"_id":"55889387d746029e55813011","itemId":"5556456cfa915355478340c3","flip":0,"rot":0,"z":1,"y":10,"x":29,"pageNo":4},{"_id":"55889387d746029e55813012","itemId":"54fe63ec48b38d1b1d775280","flip":0,"rot":0,"z":2,"y":48,"x":7,"pageNo":4},{"_id":"55889387d746029e55813013","itemId":"54fe63f4780565191d8c8db3","flip":0,"rot":0,"z":3,"y":49,"x":29,"pageNo":4},{"_id":"55889387d746029e55813014","itemId":"54fe644848b38d1b1d775283","flip":0,"rot":0,"z":4,"y":69,"x":29,"pageNo":4},{"_id":"55889387d746029e55813015","itemId":"54fe643ee02957501d811c5f","flip":0,"rot":0,"z":5,"y":69,"x":14,"pageNo":4},{"_id":"55889387d746029e55813016","itemId":"54fe64e2780565191d8c8dee","flip":0,"rot":0,"z":6,"y":48,"x":48,"pageNo":4},{"_id":"55889387d746029e55813017","itemId":"54ff3fd6b710cb5f21c3066c","flip":0,"rot":0,"z":7,"y":29,"x":86,"pageNo":4},{"_id":"55889387d746029e55813018","itemId":"54ff40d2b710cb5f21c3067d","flip":0,"rot":0,"z":8,"y":27,"x":69,"pageNo":4},{"_id":"55889387d746029e55813019","itemId":"54ff3fec5b2b11742519edaa","flip":0,"rot":0,"z":9,"y":27,"x":106,"pageNo":4},{"_id":"55889387d746029e5581301a","itemId":"54ff4083cd17445921f5b363","flip":0,"rot":0,"z":10,"y":48,"x":86,"pageNo":4},{"_id":"55889387d746029e5581301b","itemId":"54fe6128b296c3503722d77d","flip":0,"rot":0,"z":11,"y":68,"x":50,"pageNo":4},{"_id":"55889387d746029e5581301c","itemId":"54f4a8f206a7fd161481bc02","flip":0,"rot":0,"z":12,"y":68,"x":68,"pageNo":4},{"_id":"55889387d746029e5581301d","itemId":"54ef91ed97cb9dbf3d2a5428","flip":0,"rot":0,"z":13,"y":9,"x":69,"pageNo":4},{"_id":"55889387d746029e5581301e","itemId":"54ef9263ead125bd6b7b269c","flip":0,"rot":0,"z":14,"y":8,"x":84,"pageNo":4},{"_id":"55889387d746029e5581301f","itemId":"54ef922343b175c13d756f02","flip":0,"rot":0,"z":15,"y":10,"x":106,"pageNo":4},{"_id":"55889387d746029e55813020","itemId":"54ef910a37cfbdd82c34ac56","flip":0,"rot":0,"z":16,"y":9,"x":45,"pageNo":4},{"_id":"55889387d746029e55813021","itemId":"54e72032a4745a2112706909","flip":0,"rot":0,"z":17,"y":12,"x":127,"pageNo":4},{"_id":"55889387d746029e55813022","itemId":"54e92bd16ffa6c2a1d77aad1","flip":0,"rot":0,"z":18,"y":89,"x":121,"pageNo":4},{"_id":"55889387d746029e55813023","itemId":"54e928ad5d0f582c1d92f34b","flip":0,"rot":0,"z":19,"y":86,"x":105,"pageNo":4},{"_id":"55889387d746029e55813024","itemId":"54e92b3214f4584417595ecb","flip":0,"rot":0,"z":20,"y":86,"x":84,"pageNo":4},{"_id":"55889387d746029e55813025","itemId":"54e92beab6a1d74217a1c415","flip":0,"rot":0,"z":21,"y":90,"x":64,"pageNo":4},{"_id":"55889387d746029e55813026","itemId":"54e92ca9ba43ad666d3beeff","flip":0,"rot":0,"z":22,"y":87,"x":31,"pageNo":4},{"_id":"55889387d746029e55813027","itemId":"54e92cc8b6a1d74217a1c41a","flip":0,"rot":0,"z":23,"y":90,"x":8,"pageNo":4},{"_id":"55889387d746029e55813028","itemId":"54e92c782f6352907c08c2e4","flip":0,"rot":0,"z":24,"y":67,"x":86,"pageNo":4},{"_id":"55889387d746029e55813029","itemId":"54ea5cad0d6d9cce090e976f","flip":0,"rot":0,"z":25,"y":66,"x":103,"pageNo":4},{"_id":"55889387d746029e5581302a","itemId":"54eaac59bc4c03d10998adf1","flip":0,"rot":0,"z":26,"y":106,"x":88,"pageNo":4},{"_id":"55889387d746029e5581302b","itemId":"54eaac350d6d9cce090e9a91","flip":0,"rot":0,"z":27,"y":127,"x":64,"pageNo":4},{"_id":"55889387d746029e5581302c","itemId":"54eaac24dc2b4dd4091a4582","flip":0,"rot":0,"z":28,"y":106,"x":65,"pageNo":4},{"_id":"55889387d746029e5581302d","itemId":"54ec00100aafc48f0fe74c69","flip":0,"rot":0,"z":29,"y":123,"x":48,"pageNo":4},{"_id":"55889387d746029e5581302e","itemId":"54eaa40684c315cc096ca1b4","flip":0,"rot":0,"z":30,"y":105,"x":105,"pageNo":4},{"_id":"55889387d746029e5581302f","itemId":"54eaa3d3dc2b4dd4091a456a","flip":0,"rot":0,"z":31,"y":105,"x":124,"pageNo":4},{"_id":"55889387d746029e55813030","itemId":"54eaa3a80d6d9cce090e9a6e","flip":0,"rot":0,"z":32,"y":124,"x":105,"pageNo":4},{"_id":"55889387d746029e55813031","itemId":"54e92903732863947ca87d6a","flip":0,"rot":0,"z":33,"y":67,"x":124,"pageNo":4},{"_id":"55889387d746029e55813032","itemId":"54ebffc0f1d31e9d0fff13c3","flip":0,"rot":0,"z":34,"y":101,"x":47,"pageNo":4},{"_id":"55889387d746029e55813033","itemId":"54ebff9553d061ac0f7fab11","flip":0,"rot":0,"z":35,"y":87,"x":48,"pageNo":4},{"_id":"55889387d746029e55813034","itemId":"5570c209f5640524275956e3","flip":0,"rot":0,"z":36,"y":29,"x":124,"pageNo":4},{"_id":"55889387d746029e55813035","itemId":"5570c2172a954a1e0870920a","flip":0,"rot":0,"z":37,"y":50,"x":126,"pageNo":4},{"_id":"55889387d746029e55813036","itemId":"556720c1c6b9bdc651c54449","flip":0,"rot":0,"z":38,"y":126,"x":87,"pageNo":4},{"_id":"55889387d746029e55813037","itemId":"54d4f9bfa4eba0ba52d973ad","flip":0,"rot":0,"z":39,"y":104,"x":9,"pageNo":4},{"_id":"55889387d746029e55813038","itemId":"53776538a64302d3012bdc9f","flip":0,"rot":0,"z":40,"y":107,"x":26,"pageNo":4},{"_id":"55889387d746029e55813039","itemId":"54e99158732863947ca88383","flip":0,"rot":0,"z":41,"y":125,"x":30,"pageNo":4},{"_id":"55889387d746029e5581303a","itemId":"54fe61829e780f20215fc00d","flip":0,"rot":0,"z":42,"y":31,"x":46,"pageNo":4},{"_id":"55889387d746029e5581303b","itemId":"54fe61b4aa9e924a1d58ab16","flip":0,"rot":2,"z":43,"y":28,"x":29,"pageNo":4},{"_id":"55889387d746029e5581303c","itemId":"54fe6ac1997e45151d9f00ae","flip":0,"rot":0,"z":44,"y":30,"x":13,"pageNo":4},{"_id":"55889387d746029e5581303d","itemId":"54ff40f2aa39525b21ebd9c1","flip":0,"rot":0,"z":45,"y":48,"x":67,"pageNo":4},{"_id":"55889387d746029e5581303e","itemId":"54ff410d5b2b11742519edb9","flip":0,"rot":0,"z":46,"y":48,"x":105,"pageNo":4},{"_id":"558f2bb12e7dd5af538d1c41","itemId":"54d91fb70dd438805971b463","flip":0,"rot":0,"z":0,"y":10,"x":10,"pageNo":3},{"_id":"558f2bb12e7dd5af538d1c42","itemId":"55172859067556920f2c72ba","flip":0,"rot":0,"z":1,"y":10,"x":48,"pageNo":3},{"_id":"558f2bb12e7dd5af538d1c43","itemId":"54c342700a68a69d53d88b67","flip":0,"rot":0,"z":2,"y":10,"x":67,"pageNo":3},{"_id":"558f2bb12e7dd5af538d1c44","itemId":"54390413da48c0bb624c0145","flip":0,"rot":0,"z":3,"y":10,"x":86,"pageNo":3},{"_id":"558f2bb12e7dd5af538d1c45","itemId":"54701ee87476e2597a903cb5","flip":0,"rot":0,"z":4,"y":10,"x":105,"pageNo":3},{"_id":"558f2bb12e7dd5af538d1c46","itemId":"54e972df04d563606d48ea24","flip":0,"rot":0,"z":5,"y":10,"x":124,"pageNo":3},{"_id":"558f2bb12e7dd5af538d1c47","itemId":"54e9747b04d563606d48ea29","flip":0,"rot":0,"z":6,"y":29,"x":124,"pageNo":3},{"_id":"558f2bb12e7dd5af538d1c48","itemId":"547a23d4a117c05f47770c9c","flip":0,"rot":0,"z":7,"y":29,"x":105,"pageNo":3},{"_id":"558f2bb12e7dd5af538d1c49","itemId":"547a2470f832aaf9620c9829","flip":0,"rot":0,"z":8,"y":29,"x":86,"pageNo":3},{"_id":"558f2bb12e7dd5af538d1c4a","itemId":"545bda24b0c66ea03bc0a9f1","flip":0,"rot":0,"z":9,"y":29,"x":67,"pageNo":3},{"_id":"558f2bb12e7dd5af538d1c4b","itemId":"55089668800d677b11fbb8b4","flip":0,"rot":0,"z":10,"y":29,"x":48,"pageNo":3},{"_id":"558f2bb12e7dd5af538d1c4c","itemId":"5511ea9c22e727dc20a8bab3","flip":0,"rot":0,"z":11,"y":29,"x":10,"pageNo":3},{"_id":"558f2bb12e7dd5af538d1c4d","itemId":"5512ec8918e8fb411cca6960","flip":0,"rot":0,"z":12,"y":29,"x":29,"pageNo":3},{"_id":"558f2bb12e7dd5af538d1c4e","itemId":"53f41f6166b2100d73d4f0b6","flip":0,"rot":0,"z":13,"y":48,"x":10,"pageNo":3},{"_id":"558f2bb12e7dd5af538d1c4f","itemId":"53f421284b7f11943a9eb4df","flip":0,"rot":0,"z":14,"y":48,"x":29,"pageNo":3},{"_id":"558f2bb12e7dd5af538d1c50","itemId":"5362f2459d50e9af66000544","flip":0,"rot":0,"z":15,"y":48,"x":48,"pageNo":3},{"_id":"558f2bb12e7dd5af538d1c51","itemId":"53ed06283b84acbe1ab61513","flip":0,"rot":0,"z":16,"y":48,"x":67,"pageNo":3},{"_id":"558f2bb12e7dd5af538d1c52","itemId":"54ea6947637865cc0960c79d","flip":0,"rot":0,"z":17,"y":48,"x":86,"pageNo":3},{"_id":"558f2bb12e7dd5af538d1c53","itemId":"52420a997e3075464f0000be","flip":0,"rot":0,"z":18,"y":48,"x":124,"pageNo":3},{"_id":"558f2bb12e7dd5af538d1c54","itemId":"55691163b981fbb610911007","flip":0,"rot":0,"z":19,"y":67,"x":10,"pageNo":3},{"_id":"558f2bb12e7dd5af538d1c55","itemId":"533e65901efcd5ad620001f0","flip":0,"rot":0,"z":20,"y":67,"x":29,"pageNo":3},{"_id":"558f2bb12e7dd5af538d1c56","itemId":"5339e09af11d41522c000020","flip":0,"rot":0,"z":21,"y":68,"x":48,"pageNo":3},{"_id":"558f2bb12e7dd5af538d1c57","itemId":"54caf20f84c7143e1a72911c","flip":0,"rot":0,"z":22,"y":69,"x":70,"pageNo":3},{"_id":"558f2bb12e7dd5af538d1c58","itemId":"53042a04d5902adf0d000082","flip":0,"rot":0,"z":23,"y":67,"x":87,"pageNo":3},{"_id":"558f2bb12e7dd5af538d1c59","itemId":"53042f79ee020787040000ac","flip":0,"rot":0,"z":24,"y":70,"x":109,"pageNo":3},{"_id":"558f2bb12e7dd5af538d1c5a","itemId":"530547cbd5902adf0d0001ed","flip":0,"rot":0,"z":25,"y":69,"x":125,"pageNo":3},{"_id":"558f2bb12e7dd5af538d1c5b","itemId":"5403295e210cbd1d2f993fd6","flip":0,"rot":0,"z":26,"y":90,"x":10,"pageNo":3},{"_id":"558f2bb12e7dd5af538d1c5c","itemId":"5441ed3ebb2858fd735afcf6","flip":0,"rot":0,"z":27,"y":87,"x":32,"pageNo":3},{"_id":"558f2bb12e7dd5af538d1c5d","itemId":"5441ee3fbb2858fd735afcf7","flip":0,"rot":0,"z":28,"y":105,"x":30,"pageNo":3},{"_id":"558f2bb12e7dd5af538d1c5e","itemId":"5441e9771ad9f8e274f6e919","flip":0,"rot":0,"z":29,"y":88,"x":47,"pageNo":3},{"_id":"558f2bb12e7dd5af538d1c5f","itemId":"5441eae68401170174048775","flip":0,"rot":0,"z":30,"y":107,"x":49,"pageNo":3},{"_id":"558f2bb12e7dd5af538d1c60","itemId":"545d48aad5ee9467461aac11","flip":0,"rot":0,"z":31,"y":84,"x":67,"pageNo":3},{"_id":"558f2bb12e7dd5af538d1c61","itemId":"545e7f54ced76a6a450c95c7","flip":0,"rot":0,"z":32,"y":87,"x":84,"pageNo":3},{"_id":"558f2bb12e7dd5af538d1c62","itemId":"545d48f17c40f66c46115df4","flip":0,"rot":0,"z":33,"y":87,"x":103,"pageNo":3},{"_id":"558f2bb12e7dd5af538d1c63","itemId":"5316e3a93e6639c017000100","flip":0,"rot":0,"z":34,"y":86,"x":124,"pageNo":3},{"_id":"558f2bb12e7dd5af538d1c64","itemId":"53000c65345b73462500009b","flip":0,"rot":0,"z":35,"y":107,"x":9,"pageNo":3},{"_id":"558f2bb12e7dd5af538d1c65","itemId":"546a73bc7e7c28985841421c","flip":0,"rot":0,"z":36,"y":106,"x":68,"pageNo":3},{"_id":"558f2bb12e7dd5af538d1c66","itemId":"5486524bdc5a5f555c5ae32e","flip":0,"rot":0,"z":37,"y":106,"x":86,"pageNo":3},{"_id":"558f2bb12e7dd5af538d1c67","itemId":"52130fd364d60aac15000015","flip":0,"rot":0,"z":38,"y":107,"x":101,"pageNo":3},{"_id":"558f2bb12e7dd5af538d1c68","itemId":"54a4b922371279fd7b0b24bc","flip":0,"rot":0,"z":39,"y":103,"x":123,"pageNo":3},{"_id":"558f2bb12e7dd5af538d1c69","itemId":"54ef77741333eed52c96d17e","flip":0,"rot":0,"z":40,"y":125,"x":27,"pageNo":3},{"_id":"558f2bb12e7dd5af538d1c6a","itemId":"52c40a0d26a5fce768000224","flip":0,"rot":0,"z":41,"y":126,"x":49,"pageNo":3},{"_id":"558f2bb12e7dd5af538d1c6b","itemId":"54a57a51123f16dc23ee5554","flip":0,"rot":0,"z":42,"y":127,"x":65,"pageNo":3},{"_id":"558f2bb12e7dd5af538d1c6c","itemId":"549b291f2508057d058c1f74","flip":0,"rot":0,"z":43,"y":124,"x":86,"pageNo":3},{"_id":"558f2bb12e7dd5af538d1c6d","itemId":"54e64c6356edecff0f6703fb","flip":0,"rot":0,"z":44,"y":10,"x":29,"pageNo":3},{"_id":"558f2bb12e7dd5af538d1c6e","itemId":"53fbbaff04302aff7144c841","flip":0,"rot":0,"z":45,"y":124,"x":105,"pageNo":3},{"_id":"558f2bb12e7dd5af538d1c6f","itemId":"557c75aa1b402f247dc48677","flip":0,"rot":0,"z":46,"y":46,"x":100,"pageNo":3},{"_id":"56870471fc4c23180b22fad2","itemId":"54e93a6414f4584417595f8c","flip":0,"rot":0,"z":0,"y":10,"x":10,"pageNo":5},{"_id":"56870471fc4c23180b22fad3","itemId":"54e93a9ff368602e1d3a62c6","flip":0,"rot":0,"z":1,"y":11,"x":31,"pageNo":5},{"_id":"56870471fc4c23180b22fad4","itemId":"54e93b56ba43ad666d3befdb","flip":0,"rot":0,"z":2,"y":11,"x":50,"pageNo":5},{"_id":"56870471fc4c23180b22fad5","itemId":"54e9386e9b1bf0301d5d2035","flip":0,"rot":0,"z":3,"y":29,"x":10,"pageNo":5},{"_id":"56870471fc4c23180b22fad6","itemId":"54e937b6f368602e1d3a629a","flip":0,"rot":0,"z":4,"y":29,"x":29,"pageNo":5},{"_id":"56870471fc4c23180b22fad7","itemId":"54e9389db6a1d74217a1c4b5","flip":0,"rot":0,"z":5,"y":30,"x":50,"pageNo":5},{"_id":"56870471fc4c23180b22fad8","itemId":"54e938bdf368602e1d3a62a4","flip":0,"rot":0,"z":6,"y":50,"x":10,"pageNo":5},{"_id":"56870471fc4c23180b22fad9","itemId":"54e937f5f368602e1d3a629d","flip":0,"rot":0,"z":7,"y":46,"x":24,"pageNo":5},{"_id":"56870471fc4c23180b22fada","itemId":"54e938e85d0f582c1d92f392","flip":0,"rot":0,"z":8,"y":51,"x":50,"pageNo":5},{"_id":"56870471fc4c23180b22fadb","itemId":"54eee063a112930f26503916","flip":0,"rot":0,"z":9,"y":9,"x":70,"pageNo":5},{"_id":"56870471fc4c23180b22fadc","itemId":"5235bd0b00ff67237d000007","flip":0,"rot":0,"z":10,"y":28,"x":69,"pageNo":5},{"_id":"56870471fc4c23180b22fadd","itemId":"52345309f7894e320700000c","flip":0,"rot":0,"z":11,"y":31,"x":85,"pageNo":5},{"_id":"56870471fc4c23180b22fade","itemId":"5235c51f343dbc832f000006","flip":0,"rot":0,"z":12,"y":30,"x":106,"pageNo":5},{"_id":"56870471fc4c23180b22fadf","itemId":"5234521eee8c428a5e000017","flip":0,"rot":0,"z":13,"y":28,"x":125,"pageNo":5},{"_id":"56870471fc4c23180b22fae0","itemId":"52ed1bde9d2056b56b000044","flip":0,"rot":0,"z":14,"y":10,"x":87,"pageNo":5},{"_id":"56870471fc4c23180b22fae1","itemId":"54e972df04d563606d48ea24","flip":0,"rot":0,"z":15,"y":71,"x":46,"pageNo":5},{"_id":"56870471fc4c23180b22fae2","itemId":"54e973b0b3f490927cd25a20","flip":0,"rot":0,"z":16,"y":67,"x":69,"pageNo":5},{"_id":"56870471fc4c23180b22fae3","itemId":"54e97406732863947ca881ca","flip":0,"rot":0,"z":17,"y":48,"x":70,"pageNo":5},{"_id":"56870471fc4c23180b22fae4","itemId":"529e9597a973f9e37300003a","flip":0,"rot":0,"z":18,"y":10,"x":107,"pageNo":5},{"_id":"56870471fc4c23180b22fae5","itemId":"529e961a9682a6bf6900002b","flip":0,"rot":0,"z":19,"y":9,"x":120,"pageNo":5},{"_id":"56870471fc4c23180b22fae6","itemId":"52cb6b064c59d2b40a00005a","flip":0,"rot":0,"z":20,"y":66,"x":27,"pageNo":5},{"_id":"56870471fc4c23180b22fae7","itemId":"53c815b57953f3385bc5ab31","flip":0,"rot":0,"z":21,"y":46,"x":87,"pageNo":5},{"_id":"56870471fc4c23180b22fae8","itemId":"54b5861c74056b3410bdfd6d","flip":0,"rot":0,"z":22,"y":48,"x":105,"pageNo":5},{"_id":"56870471fc4c23180b22fae9","itemId":"5205dad9f497d8023800000d","flip":0,"rot":0,"z":23,"y":67,"x":10,"pageNo":5},{"_id":"56870471fc4c23180b22faea","itemId":"52d230eba583bb4a7e00021e","flip":0,"rot":0,"z":24,"y":48,"x":124,"pageNo":5},{"_id":"56870471fc4c23180b22faeb","itemId":"549ec24b1051ad7b05e219bd","flip":0,"rot":0,"z":25,"y":71,"x":85,"pageNo":5},{"_id":"56870471fc4c23180b22faec","itemId":"53347e0f11ef64363f00015e","flip":0,"rot":0,"z":26,"y":67,"x":106,"pageNo":5},{"_id":"56870471fc4c23180b22faed","itemId":"5316ab1ffcbc5fd1170000d7","flip":0,"rot":0,"z":27,"y":69,"x":124,"pageNo":5},{"_id":"56870471fc4c23180b22faee","itemId":"5336e0314664348368000050","flip":0,"rot":0,"z":28,"y":86,"x":8,"pageNo":5},{"_id":"56870471fc4c23180b22faef","itemId":"550d3668aea0820b087a2cd7","flip":0,"rot":0,"z":29,"y":86,"x":29,"pageNo":5},{"_id":"56870471fc4c23180b22faf0","itemId":"54da9cb789baa0f23b0bfa0c","flip":0,"rot":0,"z":30,"y":89,"x":51,"pageNo":5},{"_id":"56870471fc4c23180b22faf1","itemId":"54d90d14257433d5679f335c","flip":0,"rot":0,"z":31,"y":89,"x":70,"pageNo":5},{"_id":"56870471fc4c23180b22faf2","itemId":"54b9bddc79e1e68d2be972b7","flip":0,"rot":0,"z":32,"y":88,"x":84,"pageNo":5},{"_id":"56870471fc4c23180b22faf3","itemId":"54e9f70c382d66bb21f50c92","flip":0,"rot":0,"z":33,"y":86,"x":108,"pageNo":5},{"_id":"56870471fc4c23180b22faf4","itemId":"54fa0d24dad38ff657ffd2ca","flip":0,"rot":0,"z":34,"y":87,"x":122,"pageNo":5},{"_id":"56870471fc4c23180b22faf5","itemId":"54fa7a90f70b93ad72c281d5","flip":0,"rot":0,"z":35,"y":107,"x":7,"pageNo":5},{"_id":"56870471fc4c23180b22faf6","itemId":"544261b875f287a35ef3a8c6","flip":0,"rot":0,"z":36,"y":109,"x":31,"pageNo":5},{"_id":"56870471fc4c23180b22faf7","itemId":"545e76257c40f66c46115f90","flip":0,"rot":0,"z":37,"y":104,"x":51,"pageNo":5},{"_id":"56870471fc4c23180b22faf8","itemId":"5475459e9defa27a6598bdaa","flip":0,"rot":0,"z":38,"y":103,"x":66,"pageNo":5},{"_id":"56870471fc4c23180b22faf9","itemId":"5399064861a382f452f0a1f4","flip":0,"rot":0,"z":39,"y":108,"x":87,"pageNo":5},{"_id":"56870471fc4c23180b22fafa","itemId":"543b3cc6e7a414aa3548621b","flip":0,"rot":0,"z":40,"y":107,"x":106,"pageNo":5},{"_id":"56870471fc4c23180b22fafb","itemId":"548769400810196e06acba87","flip":0,"rot":0,"z":41,"y":108,"x":120,"pageNo":5},{"_id":"56870471fc4c23180b22fafc","itemId":"55500442ff21961108201abe","flip":0,"rot":0,"z":42,"y":124,"x":24,"pageNo":5},{"_id":"56870471fc4c23180b22fafd","itemId":"5589cdc2a2eea5ac19c3e5e3","flip":0,"rot":0,"z":43,"y":122,"x":48,"pageNo":5},{"_id":"56870471fc4c23180b22fafe","itemId":"5589c166282ae0ce196ed29e","flip":0,"rot":0,"z":44,"y":124,"x":86,"pageNo":5},{"_id":"56870471fc4c23180b22faff","itemId":"5589be96d475931412b78fca","flip":0,"rot":0,"z":45,"y":124,"x":107,"pageNo":5},{"_id":"56870471fc4c23180b22fb00","itemId":"558ac66a6bab77561f2d1aff","flip":0,"rot":0,"z":46,"y":124,"x":66,"pageNo":5},{"_id":"568707f93abc96e4113352ee","itemId":"544cc3d5d636f001367ea2b1","flip":0,"rot":0,"z":0,"y":48,"x":19,"pageNo":6},{"_id":"568707f93abc96e4113352ef","itemId":"544cc79578d8761a0b633f95","flip":0,"rot":0,"z":1,"y":48,"x":38,"pageNo":6},{"_id":"568707f93abc96e4113352f0","itemId":"544ccb19d636f001367ea2c8","flip":0,"rot":0,"z":2,"y":48,"x":57,"pageNo":6},{"_id":"568707f93abc96e4113352f1","itemId":"544cc6ba68e3c8ff351e7b12","flip":0,"rot":0,"z":3,"y":28,"x":36,"pageNo":6},{"_id":"568707f93abc96e4113352f2","itemId":"544cc26316fbd6183db20c25","flip":0,"rot":0,"z":4,"y":29,"x":17,"pageNo":6},{"_id":"568707f93abc96e4113352f3","itemId":"544cc9142e3c7a1e0bf2044e","flip":0,"rot":0,"z":5,"y":8,"x":58,"pageNo":6},{"_id":"568707f93abc96e4113352f4","itemId":"544cc4da45c379143df20eff","flip":0,"rot":0,"z":6,"y":13,"x":35,"pageNo":6},{"_id":"568707f93abc96e4113352f5","itemId":"544cc04ad636f001367ea2aa","flip":0,"rot":0,"z":7,"y":8,"x":17,"pageNo":6},{"_id":"568707f93abc96e4113352f6","itemId":"558ac8fdbc39a4fa1145c164","flip":0,"rot":0,"z":8,"y":9,"x":84,"pageNo":6},{"_id":"568707f93abc96e4113352f7","itemId":"558ac44858aa3aa01e2160eb","flip":0,"rot":0,"z":9,"y":11,"x":108,"pageNo":6},{"_id":"568707f93abc96e4113352f8","itemId":"5589d37e26b14ba819939a27","flip":0,"rot":0,"z":10,"y":30,"x":88,"pageNo":6},{"_id":"568707f93abc96e4113352f9","itemId":"5589d006e1ec831d1b52346f","flip":0,"rot":0,"z":11,"y":29,"x":108,"pageNo":6},{"_id":"568707f93abc96e4113352fa","itemId":"563819b0a6b34e5d12fee0ce","flip":0,"rot":0,"z":12,"y":48,"x":107,"pageNo":6},{"_id":"568707f93abc96e4113352fb","itemId":"563818f43cfe0b1d5ee12958","flip":0,"rot":0,"z":13,"y":29,"x":124,"pageNo":6},{"_id":"568707f93abc96e4113352fc","itemId":"5589c68e3c9c053d1b5aee29","flip":0,"rot":0,"z":14,"y":10,"x":124,"pageNo":6},{"_id":"568707f93abc96e4113352fd","itemId":"5638198d2779457f350a5ecd","flip":0,"rot":0,"z":15,"y":50,"x":87,"pageNo":6},{"_id":"568707f93abc96e4113352fe","itemId":"56381a5606a6c68a35e5a8d1","flip":0,"rot":0,"z":16,"y":49,"x":122,"pageNo":6},{"_id":"568707f93abc96e4113352ff","itemId":"56381a3129b548de54d2b801","flip":0,"rot":0,"z":17,"y":67,"x":86,"pageNo":6},{"_id":"568707f93abc96e411335300","itemId":"563819d9cc11161c5e327071","flip":0,"rot":0,"z":18,"y":66,"x":104,"pageNo":6}]}