{"isCreator":false,"contents":[{"_id":"556dda8a79ebc23666485c62","itemId":"54ee4803c449269759d443f9","flip":0,"rot":0,"z":0,"y":11,"x":10,"pageNo":1},{"_id":"556dda8a79ebc23666485c63","itemId":"53e3dba73e31a07f46f3d47e","flip":0,"rot":0,"z":1,"y":10,"x":102,"pageNo":1},{"_id":"556dda8a79ebc23666485c64","itemId":"53e3db763e31a07f46f3d47d","flip":0,"rot":0,"z":2,"y":9,"x":120,"pageNo":1},{"_id":"556dda8a79ebc23666485c65","itemId":"53e6013f4c2ffbda119e75db","flip":0,"rot":0,"z":3,"y":10,"x":38,"pageNo":1},{"_id":"556dda8a79ebc23666485c66","itemId":"53e3db3c9d9883b858b5fa72","flip":0,"rot":0,"z":4,"y":10,"x":86,"pageNo":1},{"_id":"556dda8a79ebc23666485c67","itemId":"53e3dafceb15a0fb2e041283","flip":0,"rot":0,"z":5,"y":29,"x":86,"pageNo":1},{"_id":"556dda8a79ebc23666485c68","itemId":"53e3ec8beb15a0fb2e0412a9","flip":0,"rot":0,"z":6,"y":29,"x":105,"pageNo":1},{"_id":"556dda8a79ebc23666485c69","itemId":"53e3eb12eb15a0fb2e0412a3","flip":0,"rot":0,"z":7,"y":30,"x":123,"pageNo":1},{"_id":"556dda8a79ebc23666485c6a","itemId":"53e3eafc5c0466185230e181","flip":0,"rot":0,"z":8,"y":51,"x":86,"pageNo":1},{"_id":"556dda8a79ebc23666485c6b","itemId":"53e3eae8eb15a0fb2e0412a2","flip":0,"rot":0,"z":9,"y":47,"x":105,"pageNo":1},{"_id":"556dda8a79ebc23666485c6c","itemId":"53e3ebf33e31a07f46f3d4a9","flip":0,"rot":0,"z":10,"y":50,"x":123,"pageNo":1},{"_id":"556dda8a79ebc23666485c6d","itemId":"53e3e30f9d9883b858b5fa84","flip":0,"rot":0,"z":11,"y":69,"x":86,"pageNo":1},{"_id":"556dda8a79ebc23666485c6e","itemId":"53e3e8685c0466185230e17f","flip":0,"rot":0,"z":12,"y":69,"x":106,"pageNo":1},{"_id":"556dda8a79ebc23666485c6f","itemId":"53e3e38b3e31a07f46f3d497","flip":0,"rot":0,"z":13,"y":67,"x":122,"pageNo":1},{"_id":"556dda8a79ebc23666485c70","itemId":"53e3e482eb15a0fb2e04129a","flip":0,"rot":0,"z":14,"y":89,"x":86,"pageNo":1},{"_id":"556dda8a79ebc23666485c71","itemId":"53e3e4ae9d9883b858b5fa8a","flip":0,"rot":0,"z":15,"y":87,"x":104,"pageNo":1},{"_id":"556dda8a79ebc23666485c72","itemId":"53e3e7805c0466185230e17c","flip":0,"rot":0,"z":16,"y":87,"x":123,"pageNo":1},{"_id":"556dda8a79ebc23666485c73","itemId":"53e3e4ca3e31a07f46f3d49c","flip":0,"rot":0,"z":17,"y":106,"x":86,"pageNo":1},{"_id":"556dda8a79ebc23666485c74","itemId":"53e3e7805c0466185230e17c","flip":0,"rot":0,"z":18,"y":106,"x":103,"pageNo":1},{"_id":"556dda8a79ebc23666485c75","itemId":"53e3e7a39d9883b858b5fa91","flip":0,"rot":0,"z":19,"y":105,"x":123,"pageNo":1},{"_id":"556dda8a79ebc23666485c76","itemId":"53e3ee9e5c0466185230e188","flip":0,"rot":0,"z":20,"y":41,"x":37,"pageNo":1},{"_id":"556dda8a79ebc23666485c77","itemId":"53e3edeb5c0466185230e186","flip":0,"rot":0,"z":21,"y":54,"x":39,"pageNo":1},{"_id":"556dda8a79ebc23666485c78","itemId":"53e3e71c5c0466185230e17b","flip":0,"rot":0,"z":22,"y":29,"x":10,"pageNo":1},{"_id":"556dda8a79ebc23666485c79","itemId":"53e3e6f93e31a07f46f3d49d","flip":0,"rot":0,"z":23,"y":48,"x":10,"pageNo":1},{"_id":"556dda8a79ebc23666485c7a","itemId":"53e3e6729d9883b858b5fa8e","flip":0,"rot":0,"z":24,"y":67,"x":10,"pageNo":1},{"_id":"556dda8a79ebc23666485c7b","itemId":"542d46d4cd849f12296273d0","flip":0,"rot":0,"z":25,"y":87,"x":6,"pageNo":1},{"_id":"556dda8a79ebc23666485c7c","itemId":"542dc154cd849f1229627509","flip":0,"rot":0,"z":26,"y":86,"x":38,"pageNo":1},{"_id":"556dda8a79ebc23666485c7d","itemId":"542c44c9cd849f1229627242","flip":0,"rot":0,"z":27,"y":105,"x":10,"pageNo":1},{"_id":"556dda8a79ebc23666485c7e","itemId":"542d41e25e721c800ec660d7","flip":0,"rot":0,"z":28,"y":102,"x":39,"pageNo":1},{"_id":"556dda8a79ebc23666485c7f","itemId":"5430a5a4ef2d0a25752df80b","flip":0,"rot":0,"z":29,"y":68,"x":37,"pageNo":1},{"_id":"556dda8a79ebc23666485c80","itemId":"542d431b026af0790b0e485a","flip":0,"rot":0,"z":30,"y":120,"x":13,"pageNo":1},{"_id":"556dda8a79ebc23666485c81","itemId":"53411d752e8837e75a000389","flip":0,"rot":0,"z":31,"y":125,"x":90,"pageNo":1},{"_id":"556dda8a79ebc23666485c82","itemId":"53411cd42e8837e75a000388","flip":0,"rot":0,"z":32,"y":124,"x":105,"pageNo":1},{"_id":"556fa3034320a23113b65ea4","itemId":"5415fbec6ad1bfec03f3abc5","flip":0,"rot":0,"z":0,"y":10,"x":67,"pageNo":0},{"_id":"556fa3034320a23113b65ea5","itemId":"55552973330df6541c9c6412","flip":0,"rot":0,"z":1,"y":19,"x":10,"pageNo":0},{"_id":"556fa3034320a23113b65ea6","itemId":"52bdc8ac501bfd642d0001f1","flip":0,"rot":0,"z":2,"y":10,"x":124,"pageNo":0},{"_id":"556fa3034320a23113b65ea7","itemId":"52f181908a95e6bf2d000010","flip":0,"rot":0,"z":3,"y":10,"x":95,"pageNo":0},{"_id":"556fa3034320a23113b65ea8","itemId":"539084e86feff05b2b587bdc","flip":0,"rot":0,"z":4,"y":19,"x":38,"pageNo":0},{"_id":"556fa3034320a23113b65ea9","itemId":"53a8f04940166623616fefbd","flip":0,"rot":0,"z":5,"y":40,"x":11,"pageNo":0},{"_id":"556fa3034320a23113b65eaa","itemId":"53d7afdd43b231be0b77a2fd","flip":0,"rot":0,"z":6,"y":38,"x":39,"pageNo":0},{"_id":"556fa3034320a23113b65eab","itemId":"53cfe7a7bad00ea93d7da5d6","flip":0,"rot":0,"z":7,"y":38,"x":67,"pageNo":0},{"_id":"556fa3034320a23113b65eac","itemId":"556779b3108f122f731690ec","flip":0,"rot":0,"z":8,"y":45,"x":96,"pageNo":0},{"_id":"556fa3034320a23113b65ead","itemId":"537010b85f8032211000053b","flip":0,"rot":0,"z":9,"y":63,"x":8,"pageNo":0},{"_id":"556fa3034320a23113b65eae","itemId":"52e1a4cf0313180c0f000011","flip":0,"rot":0,"z":10,"y":68,"x":42,"pageNo":0},{"_id":"556fa3034320a23113b65eaf","itemId":"5335dbb2b5f62ad163000011","flip":0,"rot":0,"z":11,"y":66,"x":64,"pageNo":0},{"_id":"556fa3034320a23113b65eb0","itemId":"54e139087771fce9535b72b3","flip":0,"rot":0,"z":12,"y":67,"x":93,"pageNo":0},{"_id":"556fa3034320a23113b65eb1","itemId":"547d0e9b80de45d13dbfc64f","flip":0,"rot":0,"z":13,"y":71,"x":121,"pageNo":0},{"_id":"556fa3034320a23113b65eb2","itemId":"54dcb4a21faa519e46000ac3","flip":0,"rot":0,"z":14,"y":38,"x":124,"pageNo":0},{"_id":"556fa3034320a23113b65eb3","itemId":"532352db9e082fb578000038","flip":0,"rot":0,"z":15,"y":95,"x":10,"pageNo":0},{"_id":"556fa3034320a23113b65eb4","itemId":"52c8bdde4bf10d0e76000058","flip":0,"rot":0,"z":16,"y":95,"x":36,"pageNo":0},{"_id":"556fa3034320a23113b65eb5","itemId":"52426e095bcfe7ca6d000024","flip":0,"rot":0,"z":17,"y":94,"x":66,"pageNo":0},{"_id":"556fa3034320a23113b65eb6","itemId":"52c1ef7226a5fce768000030","flip":0,"rot":0,"z":18,"y":94,"x":95,"pageNo":0},{"_id":"556fa3034320a23113b65eb7","itemId":"52eee76f9757e7773400037e","flip":0,"rot":0,"z":19,"y":96,"x":122,"pageNo":0},{"_id":"556fa3034320a23113b65eb8","itemId":"528546a153bb2e2c3700000d","flip":0,"rot":0,"z":20,"y":127,"x":13,"pageNo":0},{"_id":"556fa3034320a23113b65eb9","itemId":"52e30b14ca3a11a0370000bd","flip":0,"rot":0,"z":21,"y":123,"x":38,"pageNo":0},{"_id":"556fa3034320a23113b65eba","itemId":"55134d85da78b709089a2e15","flip":0,"rot":0,"z":22,"y":123,"x":63,"pageNo":0},{"_id":"556fa3034320a23113b65ebb","itemId":"5521a37ad13b2c612b7ec29c","flip":0,"rot":0,"z":23,"y":123,"x":95,"pageNo":0},{"_id":"557334531fde4019087959ac","itemId":"53e4ebb67189f3c96bec2d27","flip":0,"rot":0,"z":0,"y":9,"x":12,"pageNo":2},{"_id":"557334531fde4019087959ad","itemId":"53e3e8da9d9883b858b5fa95","flip":0,"rot":0,"z":1,"y":11,"x":31,"pageNo":2},{"_id":"557334531fde4019087959ae","itemId":"53e3e17b3e31a07f46f3d48a","flip":0,"rot":0,"z":2,"y":10,"x":47,"pageNo":2},{"_id":"557334531fde4019087959af","itemId":"53e3f0bb9d9883b858b5faa6","flip":0,"rot":0,"z":3,"y":12,"x":73,"pageNo":2},{"_id":"557334531fde4019087959b0","itemId":"53e3f01d9d9883b858b5faa5","flip":0,"rot":0,"z":4,"y":13,"x":103,"pageNo":2},{"_id":"557334531fde4019087959b1","itemId":"53e3ef51eb15a0fb2e0412af","flip":0,"rot":0,"z":5,"y":27,"x":77,"pageNo":2},{"_id":"557334531fde4019087959b2","itemId":"53e3ef28eb15a0fb2e0412ae","flip":0,"rot":0,"z":6,"y":30,"x":105,"pageNo":2},{"_id":"557334531fde4019087959b3","itemId":"53e3e9113e31a07f46f3d4a2","flip":0,"rot":0,"z":7,"y":34,"x":11,"pageNo":2},{"_id":"557334531fde4019087959b4","itemId":"53e3e15b5c0466185230e173","flip":0,"rot":0,"z":8,"y":39,"x":29,"pageNo":2},{"_id":"557334531fde4019087959b5","itemId":"53e3e186eb15a0fb2e041291","flip":0,"rot":0,"z":9,"y":38,"x":49,"pageNo":2},{"_id":"557334531fde4019087959b6","itemId":"53e3e1483e31a07f46f3d488","flip":0,"rot":0,"z":10,"y":64,"x":9,"pageNo":2},{"_id":"557334531fde4019087959b7","itemId":"53e3e16d3e31a07f46f3d489","flip":0,"rot":0,"z":11,"y":65,"x":31,"pageNo":2},{"_id":"557334531fde4019087959b8","itemId":"527b969c1326f6c07100005b","flip":0,"rot":0,"z":12,"y":99,"x":11,"pageNo":2},{"_id":"557334531fde4019087959b9","itemId":"54b6aac5004b6a2223aa048a","flip":0,"rot":0,"z":13,"y":97,"x":28,"pageNo":2},{"_id":"557334531fde4019087959ba","itemId":"527b95af1326f6c07100005a","flip":0,"rot":0,"z":14,"y":96,"x":47,"pageNo":2},{"_id":"557334531fde4019087959bb","itemId":"527b95444353775c66000069","flip":0,"rot":0,"z":15,"y":114,"x":8,"pageNo":2},{"_id":"557334531fde4019087959bc","itemId":"52e330724fb646a63400012a","flip":0,"rot":0,"z":16,"y":48,"x":76,"pageNo":2},{"_id":"557334531fde4019087959bd","itemId":"527b9589934eaa5d61000053","flip":0,"rot":0,"z":17,"y":114,"x":29,"pageNo":2},{"_id":"557334531fde4019087959be","itemId":"54b6ab9de8248a8c1be0386a","flip":0,"rot":0,"z":18,"y":114,"x":48,"pageNo":2},{"_id":"557334531fde4019087959bf","itemId":"527b96372876450e63000071","flip":0,"rot":0,"z":19,"y":95,"x":67,"pageNo":2},{"_id":"557334531fde4019087959c0","itemId":"53b43fc1b4e092ca249958df","flip":0,"rot":0,"z":20,"y":114,"x":67,"pageNo":2},{"_id":"557334531fde4019087959c1","itemId":"551fa628b7dc93632b321d45","flip":0,"rot":0,"z":21,"y":95,"x":95,"pageNo":2},{"_id":"557334531fde4019087959c2","itemId":"551faf162e26f54b3ae55795","flip":0,"rot":0,"z":22,"y":95,"x":124,"pageNo":2},{"_id":"557334531fde4019087959c3","itemId":"551facbb60ad870f08ccb2c2","flip":0,"rot":0,"z":23,"y":115,"x":93,"pageNo":2},{"_id":"557334531fde4019087959c4","itemId":"551fa651b7dc93632b321d46","flip":0,"rot":0,"z":24,"y":116,"x":123,"pageNo":2},{"_id":"557334531fde4019087959c5","itemId":"537a4947709a076801c35cde","flip":0,"rot":0,"z":25,"y":45,"x":103,"pageNo":2},{"_id":"557334531fde4019087959c6","itemId":"549da4ed1051ad7b05e214ce","flip":0,"rot":0,"z":26,"y":63,"x":79,"pageNo":2},{"_id":"557335ce1fde4019087959cf","itemId":"540f30b747fffb116c373343","flip":0,"rot":0,"z":0,"y":6,"x":5,"pageNo":3},{"_id":"557335ce1fde4019087959d0","itemId":"546b96704929422260eb7b5f","flip":0,"rot":0,"z":1,"y":10,"x":67,"pageNo":3},{"_id":"557335ce1fde4019087959d1","itemId":"52c1be64437e97806500004c","flip":0,"rot":0,"z":2,"y":10,"x":38,"pageNo":3},{"_id":"557335ce1fde4019087959d2","itemId":"54df47a1d1e9f7e753a2fbc0","flip":0,"rot":0,"z":3,"y":8,"x":96,"pageNo":3},{"_id":"557335ce1fde4019087959d3","itemId":"547ed600a5cfea9f624ff5a3","flip":0,"rot":0,"z":4,"y":11,"x":115,"pageNo":3},{"_id":"557335ce1fde4019087959d4","itemId":"548ee88e7a643e294922940b","flip":0,"rot":0,"z":5,"y":30,"x":7,"pageNo":3},{"_id":"557335ce1fde4019087959d5","itemId":"548ee89fce1b7dde3b99cec3","flip":0,"rot":0,"z":6,"y":29,"x":38,"pageNo":3},{"_id":"557335ce1fde4019087959d6","itemId":"5403b067aa8682c6294ef6b0","flip":0,"rot":0,"z":7,"y":29,"x":95,"pageNo":3},{"_id":"557335ce1fde4019087959d7","itemId":"52eedf9a5fb53ca3700003a7","flip":0,"rot":0,"z":8,"y":27,"x":124,"pageNo":3},{"_id":"557335ce1fde4019087959d8","itemId":"52c2e5f0ff9c49fa6a000108","flip":0,"rot":0,"z":9,"y":38,"x":59,"pageNo":3},{"_id":"557335ce1fde4019087959d9","itemId":"5465d96efe3dc99656b0ac99","flip":0,"rot":0,"z":10,"y":43,"x":81,"pageNo":3},{"_id":"557335ce1fde4019087959da","itemId":"546b840b2420198e63e71698","flip":0,"rot":0,"z":11,"y":48,"x":10,"pageNo":3},{"_id":"557335ce1fde4019087959db","itemId":"53407484c5d0d6e910000228","flip":0,"rot":0,"z":12,"y":57,"x":38,"pageNo":3},{"_id":"557335ce1fde4019087959dc","itemId":"546a6d5ada892c9e5883485e","flip":0,"rot":0,"z":13,"y":51,"x":116,"pageNo":3},{"_id":"557335ce1fde4019087959dd","itemId":"546a74b0452d38ff5ca123b8","flip":0,"rot":0,"z":14,"y":67,"x":67,"pageNo":3},{"_id":"557335ce1fde4019087959de","itemId":"547847056914c935464b60aa","flip":0,"rot":0,"z":15,"y":67,"x":86,"pageNo":3},{"_id":"557335ce1fde4019087959df","itemId":"547d0e9b80de45d13dbfc64f","flip":0,"rot":0,"z":16,"y":67,"x":133,"pageNo":3},{"_id":"557335ce1fde4019087959e0","itemId":"54874f7f1c4690c7207d53b5","flip":0,"rot":0,"z":17,"y":76,"x":114,"pageNo":3},{"_id":"557335ce1fde4019087959e1","itemId":"5488c42835e607a02511539c","flip":0,"rot":0,"z":18,"y":95,"x":133,"pageNo":3},{"_id":"557335ce1fde4019087959e2","itemId":"540db607511f9a2542e6b517","flip":0,"rot":0,"z":19,"y":67,"x":29,"pageNo":3},{"_id":"557335ce1fde4019087959e3","itemId":"548323a73a7f7fe071f2acf1","flip":0,"rot":0,"z":20,"y":77,"x":7,"pageNo":3},{"_id":"557335ce1fde4019087959e4","itemId":"5483c248a65ccee37481915d","flip":0,"rot":0,"z":21,"y":88,"x":26,"pageNo":3},{"_id":"557335ce1fde4019087959e5","itemId":"551e622287c9209f49b6c3b8","flip":0,"rot":0,"z":22,"y":94,"x":62,"pageNo":3},{"_id":"557335ce1fde4019087959e6","itemId":"54f1a9143535e5733c89c88d","flip":0,"rot":0,"z":23,"y":113,"x":68,"pageNo":3},{"_id":"557335ce1fde4019087959e7","itemId":"551564a721bca5e2140313b7","flip":0,"rot":0,"z":24,"y":95,"x":89,"pageNo":3},{"_id":"557335ce1fde4019087959e8","itemId":"5515641910db390e08628bce","flip":0,"rot":0,"z":25,"y":95,"x":95,"pageNo":3},{"_id":"557335ce1fde4019087959e9","itemId":"5514e5ac1c6726cc143ef989","flip":0,"rot":0,"z":26,"y":104,"x":46,"pageNo":3},{"_id":"557335ce1fde4019087959ea","itemId":"5514e56b81650f4d147fed15","flip":0,"rot":0,"z":27,"y":112,"x":33,"pageNo":3},{"_id":"557335ce1fde4019087959eb","itemId":"5514e64654fb2b1f0d924a09","flip":0,"rot":0,"z":28,"y":125,"x":47,"pageNo":3},{"_id":"557335ce1fde4019087959ec","itemId":"5514e5d054fb2b1f0d924a06","flip":0,"rot":0,"z":29,"y":132,"x":31,"pageNo":3},{"_id":"557335ce1fde4019087959ed","itemId":"52a8cb9db1bc76e43e000009","flip":0,"rot":0,"z":30,"y":12,"x":130,"pageNo":3},{"_id":"557335ce1fde4019087959ee","itemId":"529a4fa6d81a44802100002e","flip":0,"rot":0,"z":31,"y":115,"x":112,"pageNo":3},{"_id":"557335ce1fde4019087959ef","itemId":"534620be6188b013090000fa","flip":0,"rot":0,"z":32,"y":105,"x":10,"pageNo":3},{"_id":"557335ce1fde4019087959f0","itemId":"54fca02c3815dac20cce05ad","flip":0,"rot":0,"z":33,"y":127,"x":92,"pageNo":3},{"_id":"557335ce1fde4019087959f1","itemId":"5450b71af449b0cd19667885","flip":0,"rot":0,"z":34,"y":133,"x":81,"pageNo":3},{"_id":"558f541900ca09b03db72983","itemId":"554831f8429e5776269b5ca2","flip":0,"rot":0,"z":0,"y":14,"x":8,"pageNo":4},{"_id":"558f541900ca09b03db72984","itemId":"5572faadf56405242759647d","flip":0,"rot":0,"z":1,"y":10,"x":29,"pageNo":4},{"_id":"558f541900ca09b03db72985","itemId":"53d4f1a056e404981dd296ba","flip":0,"rot":0,"z":2,"y":9,"x":56,"pageNo":4},{"_id":"558f541900ca09b03db72986","itemId":"5356a1eadf6b0c465e000b15","flip":0,"rot":0,"z":3,"y":12,"x":82,"pageNo":4},{"_id":"558f541900ca09b03db72987","itemId":"51f876fdd6c88f072f00001e","flip":0,"rot":0,"z":4,"y":9,"x":102,"pageNo":4},{"_id":"558f541900ca09b03db72988","itemId":"52425d469bcc7ed273000013","flip":0,"rot":0,"z":5,"y":11,"x":125,"pageNo":4},{"_id":"558f541900ca09b03db72989","itemId":"5413729aa87e76646339596e","flip":0,"rot":0,"z":6,"y":36,"x":7,"pageNo":4},{"_id":"558f541900ca09b03db7298a","itemId":"5532a84fc335b8cf72f2cc99","flip":0,"rot":0,"z":7,"y":36,"x":37,"pageNo":4},{"_id":"558f541900ca09b03db7298b","itemId":"54d774e8f96cfa6854bca770","flip":0,"rot":0,"z":8,"y":40,"x":55,"pageNo":4},{"_id":"558f541900ca09b03db7298c","itemId":"53d3beabea6042b14e19b36c","flip":0,"rot":0,"z":9,"y":34,"x":75,"pageNo":4}]}