{"isCreator":false,"contents":[{"_id":"55861ff16ffd509c4e72ac59","itemId":"52432c570c74f92909000031","flip":0,"rot":0,"z":0,"y":12,"x":14,"pageNo":0},{"_id":"55861ff16ffd509c4e72ac5a","itemId":"5251010c1824dac65b000075","flip":0,"rot":0,"z":1,"y":11,"x":32,"pageNo":0},{"_id":"55861ff16ffd509c4e72ac5b","itemId":"544565e58aeafdd866cc2696","flip":0,"rot":0,"z":2,"y":12,"x":46,"pageNo":0},{"_id":"55861ff16ffd509c4e72ac5c","itemId":"52dd88deaeb61c96590000b3","flip":0,"rot":0,"z":3,"y":11,"x":67,"pageNo":0},{"_id":"55861ff16ffd509c4e72ac5d","itemId":"52dd891bd06aeb9d1e0000a8","flip":0,"rot":0,"z":4,"y":10,"x":86,"pageNo":0},{"_id":"55861ff16ffd509c4e72ac5e","itemId":"5296a2819683544a5c000061","flip":0,"rot":0,"z":5,"y":11,"x":107,"pageNo":0},{"_id":"55861ff16ffd509c4e72ac5f","itemId":"54e932db9b1bf0301d5d2013","flip":0,"rot":0,"z":6,"y":31,"x":105,"pageNo":0},{"_id":"55861ff16ffd509c4e72ac60","itemId":"54478a9afed270d77d580f46","flip":0,"rot":0,"z":7,"y":50,"x":108,"pageNo":0},{"_id":"55861ff16ffd509c4e72ac61","itemId":"52c04fa5c36c65704a000020","flip":0,"rot":0,"z":8,"y":30,"x":85,"pageNo":0},{"_id":"55861ff16ffd509c4e72ac62","itemId":"52c0507cc4063b4120000024","flip":0,"rot":0,"z":9,"y":49,"x":87,"pageNo":0},{"_id":"55861ff16ffd509c4e72ac63","itemId":"51fa5a8d7e81995f5b000004","flip":0,"rot":0,"z":10,"y":29,"x":27,"pageNo":0},{"_id":"55861ff16ffd509c4e72ac64","itemId":"50372a99f5d33dc56f00000b","flip":0,"rot":0,"z":11,"y":32,"x":47,"pageNo":0},{"_id":"55861ff16ffd509c4e72ac65","itemId":"524649473fffd063780000e4","flip":0,"rot":0,"z":12,"y":50,"x":12,"pageNo":0},{"_id":"55861ff16ffd509c4e72ac66","itemId":"525ae48a13fb33dc0e0000d7","flip":0,"rot":0,"z":13,"y":49,"x":31,"pageNo":0},{"_id":"55861ff16ffd509c4e72ac67","itemId":"525ae3b44d5adb76600000e4","flip":0,"rot":0,"z":14,"y":51,"x":51,"pageNo":0},{"_id":"55861ff16ffd509c4e72ac68","itemId":"533a15edf11d41522c0000c4","flip":0,"rot":0,"z":15,"y":10,"x":124,"pageNo":0},{"_id":"55861ff16ffd509c4e72ac69","itemId":"537d178aa64302d3012be47e","flip":0,"rot":0,"z":16,"y":31,"x":66,"pageNo":0},{"_id":"55861ff16ffd509c4e72ac6a","itemId":"537d185fa64302d3012be482","flip":0,"rot":0,"z":17,"y":49,"x":68,"pageNo":0},{"_id":"55861ff16ffd509c4e72ac6b","itemId":"54e6a127a8e20a527067b8fe","flip":0,"rot":0,"z":18,"y":31,"x":125,"pageNo":0},{"_id":"55861ff16ffd509c4e72ac6c","itemId":"5516fd78e648fa9208983b6a","flip":0,"rot":0,"z":19,"y":48,"x":125,"pageNo":0},{"_id":"55861ff16ffd509c4e72ac6d","itemId":"54398c6de5e7a70815aab38e","flip":0,"rot":0,"z":20,"y":66,"x":7,"pageNo":0},{"_id":"55861ff16ffd509c4e72ac6e","itemId":"51f70d798167570f3c000013","flip":0,"rot":0,"z":21,"y":70,"x":32,"pageNo":0},{"_id":"55861ff16ffd509c4e72ac6f","itemId":"52a8d7877f7c48c52d000012","flip":0,"rot":0,"z":22,"y":67,"x":48,"pageNo":0},{"_id":"55861ff16ffd509c4e72ac70","itemId":"533b987d6c67045921000422","flip":0,"rot":0,"z":23,"y":68,"x":65,"pageNo":0},{"_id":"55861ff16ffd509c4e72ac71","itemId":"52d616b48c054c88560000a4","flip":0,"rot":0,"z":24,"y":71,"x":87,"pageNo":0},{"_id":"55861ff16ffd509c4e72ac72","itemId":"52bfc1d30ea50783360000a0","flip":0,"rot":0,"z":25,"y":69,"x":105,"pageNo":0},{"_id":"55861ff16ffd509c4e72ac73","itemId":"51fd7adcb66a27e070000007","flip":0,"rot":0,"z":26,"y":67,"x":124,"pageNo":0},{"_id":"55861ff16ffd509c4e72ac74","itemId":"53f3573eafc8524c5797ff3d","flip":0,"rot":0,"z":27,"y":86,"x":9,"pageNo":0},{"_id":"55861ff16ffd509c4e72ac75","itemId":"54676089d30960d46f6620c4","flip":0,"rot":0,"z":28,"y":86,"x":25,"pageNo":0},{"_id":"55861ff16ffd509c4e72ac76","itemId":"53d94d5b81201de73431006d","flip":0,"rot":0,"z":29,"y":87,"x":47,"pageNo":0},{"_id":"55861ff16ffd509c4e72ac77","itemId":"54f219e226eca60e34db4eb1","flip":0,"rot":0,"z":30,"y":88,"x":69,"pageNo":0},{"_id":"55861ff16ffd509c4e72ac78","itemId":"554aeff1a7272758192919a8","flip":0,"rot":0,"z":31,"y":89,"x":84,"pageNo":0},{"_id":"55861ff16ffd509c4e72ac79","itemId":"551c7550ee2f3b1108030366","flip":0,"rot":0,"z":32,"y":88,"x":128,"pageNo":0},{"_id":"55861ff16ffd509c4e72ac7a","itemId":"5492feceb4958b60543cb8ef","flip":0,"rot":0,"z":33,"y":89,"x":100,"pageNo":0},{"_id":"55861ff16ffd509c4e72ac7b","itemId":"52c4e8dde8c579f14f000306","flip":0,"rot":0,"z":34,"y":108,"x":10,"pageNo":0},{"_id":"55861ff16ffd509c4e72ac7c","itemId":"531cc5b99aa72cbc74000312","flip":0,"rot":0,"z":35,"y":105,"x":30,"pageNo":0},{"_id":"55861ff16ffd509c4e72ac7d","itemId":"544ba07aeed6c5fe396cb407","flip":0,"rot":0,"z":36,"y":107,"x":50,"pageNo":0},{"_id":"55861ff16ffd509c4e72ac7e","itemId":"54aee3bcf98a806148f34c73","flip":0,"rot":0,"z":37,"y":105,"x":66,"pageNo":0},{"_id":"55861ff16ffd509c4e72ac7f","itemId":"54aefcca6e00db01304b439e","flip":0,"rot":0,"z":38,"y":104,"x":86,"pageNo":0},{"_id":"55861ff16ffd509c4e72ac80","itemId":"54e47b4b3f30e0bd0aa0bb59","flip":0,"rot":0,"z":39,"y":106,"x":106,"pageNo":0},{"_id":"55861ff16ffd509c4e72ac81","itemId":"55073b819e5d8deb13fd0113","flip":0,"rot":0,"z":40,"y":106,"x":125,"pageNo":0},{"_id":"55861ff16ffd509c4e72ac82","itemId":"5516ffd1f9d70e5e257e897e","flip":0,"rot":0,"z":41,"y":126,"x":9,"pageNo":0},{"_id":"55861ff16ffd509c4e72ac83","itemId":"5211a428e659ff417c00002d","flip":0,"rot":0,"z":42,"y":124,"x":29,"pageNo":0},{"_id":"55861ff16ffd509c4e72ac84","itemId":"5200c801ded2a87054000005","flip":0,"rot":0,"z":43,"y":125,"x":51,"pageNo":0},{"_id":"55861ff16ffd509c4e72ac85","itemId":"52aa9ebe459ee89a30000099","flip":0,"rot":0,"z":44,"y":124,"x":66,"pageNo":0},{"_id":"55861ff16ffd509c4e72ac86","itemId":"54ee40f767969d1126ecd7e4","flip":0,"rot":0,"z":45,"y":125,"x":88,"pageNo":0},{"_id":"55861ff16ffd509c4e72ac87","itemId":"52462cdee1488381780000a3","flip":0,"rot":0,"z":46,"y":124,"x":102,"pageNo":0},{"_id":"55861ff16ffd509c4e72ac88","itemId":"5585a795e8d8d0b6150d718e","flip":0,"rot":0,"z":47,"y":31,"x":7,"pageNo":0},{"_id":"5588920e0c7b7c441d0a21f2","itemId":"530f675c578328584c000017","flip":0,"rot":0,"z":0,"y":10,"x":10,"pageNo":1},{"_id":"5588920e0c7b7c441d0a21f3","itemId":"530f688ee3020aa16d000017","flip":0,"rot":0,"z":1,"y":49,"x":9,"pageNo":1},{"_id":"5588920e0c7b7c441d0a21f4","itemId":"530f681974d2c01825000016","flip":0,"rot":0,"z":2,"y":32,"x":13,"pageNo":1},{"_id":"5588920e0c7b7c441d0a21f5","itemId":"535ec0d77775df24090000a6","flip":0,"rot":0,"z":3,"y":10,"x":29,"pageNo":1},{"_id":"5588920e0c7b7c441d0a21f6","itemId":"535ddacbb4f498f9270000ca","flip":0,"rot":0,"z":4,"y":32,"x":30,"pageNo":1},{"_id":"5588920e0c7b7c441d0a21f7","itemId":"535dd94ab4f498f9270000c9","flip":0,"rot":0,"z":5,"y":49,"x":31,"pageNo":1},{"_id":"5588920e0c7b7c441d0a21f8","itemId":"535dd9d3ef82e76d740000ec","flip":0,"rot":0,"z":6,"y":69,"x":29,"pageNo":1},{"_id":"5588920e0c7b7c441d0a21f9","itemId":"535ee69b5e314c2a3b0000cb","flip":0,"rot":0,"z":7,"y":86,"x":29,"pageNo":1},{"_id":"5588920e0c7b7c441d0a21fa","itemId":"524b55a4323811343d000098","flip":0,"rot":0,"z":8,"y":11,"x":52,"pageNo":1},{"_id":"5588920e0c7b7c441d0a21fb","itemId":"552087432cef120d084f305f","flip":0,"rot":0,"z":9,"y":7,"x":66,"pageNo":1},{"_id":"5588920e0c7b7c441d0a21fc","itemId":"54fe6d634c93c821213c4848","flip":0,"rot":0,"z":10,"y":31,"x":49,"pageNo":1},{"_id":"5588920e0c7b7c441d0a21fd","itemId":"54f5f747294d2a8c1812bb6d","flip":0,"rot":0,"z":11,"y":32,"x":67,"pageNo":1},{"_id":"5588920e0c7b7c441d0a21fe","itemId":"54ec766e82d1b30b24706147","flip":0,"rot":0,"z":12,"y":48,"x":48,"pageNo":1},{"_id":"5588920e0c7b7c441d0a21ff","itemId":"54ec798dd606add21468396c","flip":0,"rot":0,"z":13,"y":67,"x":48,"pageNo":1},{"_id":"5588920e0c7b7c441d0a2200","itemId":"54ec79145c886f95143cc481","flip":0,"rot":0,"z":14,"y":86,"x":48,"pageNo":1},{"_id":"5588920e0c7b7c441d0a2201","itemId":"54f5d93f6b425e150cd0ef62","flip":0,"rot":0,"z":15,"y":67,"x":9,"pageNo":1},{"_id":"5588920e0c7b7c441d0a2202","itemId":"54f5d73c1f05e80f0c3285c6","flip":0,"rot":0,"z":16,"y":81,"x":7,"pageNo":1},{"_id":"5588920e0c7b7c441d0a2203","itemId":"54f60be2579389130c360efb","flip":0,"rot":0,"z":17,"y":51,"x":66,"pageNo":1},{"_id":"5588920e0c7b7c441d0a2204","itemId":"54e716f83d85b07a4c30d63e","flip":0,"rot":0,"z":18,"y":67,"x":67,"pageNo":1},{"_id":"5588920e0c7b7c441d0a2205","itemId":"54e71f7287fc1c784c72d6b9","flip":0,"rot":0,"z":19,"y":85,"x":69,"pageNo":1},{"_id":"5588920e0c7b7c441d0a2206","itemId":"54e95b61b3f490927cd2585e","flip":0,"rot":0,"z":20,"y":8,"x":85,"pageNo":1},{"_id":"5588920e0c7b7c441d0a2207","itemId":"54e95bc36ffa6c2a1d77ad17","flip":0,"rot":0,"z":21,"y":29,"x":86,"pageNo":1},{"_id":"5588920e0c7b7c441d0a2208","itemId":"54e95c96ba43ad666d3bf169","flip":0,"rot":0,"z":22,"y":49,"x":87,"pageNo":1},{"_id":"5588920e0c7b7c441d0a2209","itemId":"54e95f4214f45844175961ce","flip":0,"rot":0,"z":23,"y":68,"x":86,"pageNo":1},{"_id":"5588920e0c7b7c441d0a220a","itemId":"52c40e88c4f07e744c0001f4","flip":0,"rot":0,"z":24,"y":14,"x":105,"pageNo":1},{"_id":"5588920e0c7b7c441d0a220b","itemId":"52c40e5dd930666a690001c1","flip":0,"rot":0,"z":25,"y":28,"x":101,"pageNo":1},{"_id":"5588920e0c7b7c441d0a220c","itemId":"52c3ff01cc6ee5af4f0001e0","flip":0,"rot":0,"z":26,"y":48,"x":105,"pageNo":1},{"_id":"5588920e0c7b7c441d0a220d","itemId":"52c4258f26a5fce768000235","flip":0,"rot":0,"z":27,"y":67,"x":105,"pageNo":1},{"_id":"5588920e0c7b7c441d0a220e","itemId":"52c425c726a5fce768000236","flip":0,"rot":0,"z":28,"y":11,"x":122,"pageNo":1},{"_id":"5588920e0c7b7c441d0a220f","itemId":"52c41b2626a5fce76800022d","flip":0,"rot":0,"z":29,"y":33,"x":123,"pageNo":1},{"_id":"5588920e0c7b7c441d0a2210","itemId":"52c3ec27ff9c49fa6a0001fe","flip":0,"rot":0,"z":30,"y":50,"x":124,"pageNo":1},{"_id":"5588920e0c7b7c441d0a2211","itemId":"52c3fb76cc6ee5af4f0001de","flip":0,"rot":0,"z":31,"y":71,"x":126,"pageNo":1},{"_id":"5588920e0c7b7c441d0a2212","itemId":"54e93c0f732863947ca87e5b","flip":0,"rot":0,"z":32,"y":86,"x":85,"pageNo":1},{"_id":"5588920e0c7b7c441d0a2213","itemId":"529e1455831774cb77000006","flip":0,"rot":0,"z":33,"y":88,"x":104,"pageNo":1},{"_id":"5588920e0c7b7c441d0a2214","itemId":"52c74c3b2bcf787b41000076","flip":0,"rot":0,"z":34,"y":105,"x":0,"pageNo":1},{"_id":"5588920e0c7b7c441d0a2215","itemId":"524bf4ac2cb21f4e1500001d","flip":0,"rot":0,"z":35,"y":105,"x":29,"pageNo":1},{"_id":"5588920e0c7b7c441d0a2216","itemId":"524bf62b1a55674c2200000a","flip":0,"rot":0,"z":36,"y":124,"x":29,"pageNo":1},{"_id":"5588920e0c7b7c441d0a2217","itemId":"52c6837ff159cbfa2a000111","flip":0,"rot":0,"z":37,"y":105,"x":48,"pageNo":1},{"_id":"5588920e0c7b7c441d0a2218","itemId":"52dea76bad6f8b716c000028","flip":0,"rot":0,"z":38,"y":105,"x":67,"pageNo":1},{"_id":"5588920e0c7b7c441d0a2219","itemId":"52dea4a714a4d7a13e000010","flip":0,"rot":0,"z":39,"y":107,"x":88,"pageNo":1},{"_id":"5588920e0c7b7c441d0a221a","itemId":"52dea1d7ad6f8b716c000017","flip":0,"rot":0,"z":40,"y":126,"x":87,"pageNo":1},{"_id":"5588920e0c7b7c441d0a221b","itemId":"530e8c7a01deeb1737000010","flip":0,"rot":0,"z":41,"y":123,"x":48,"pageNo":1},{"_id":"5588920e0c7b7c441d0a221c","itemId":"53ac704a1a7c0f9d54e495ae","flip":0,"rot":0,"z":42,"y":124,"x":104,"pageNo":1},{"_id":"5588920e0c7b7c441d0a221d","itemId":"52463df6656c1d9b3f0000c3","flip":0,"rot":0,"z":43,"y":103,"x":104,"pageNo":1},{"_id":"5588920e0c7b7c441d0a221e","itemId":"53c884d19d65e3be6dce0589","flip":0,"rot":0,"z":44,"y":88,"x":123,"pageNo":1},{"_id":"5588920e0c7b7c441d0a221f","itemId":"548c7e00a58b5fdb1055f73a","flip":0,"rot":0,"z":45,"y":106,"x":125,"pageNo":1},{"_id":"5588920e0c7b7c441d0a2220","itemId":"556b3a01b708b0f00fa73304","flip":0,"rot":0,"z":46,"y":124,"x":69,"pageNo":1},{"_id":"558893590c7b7c441d0a2223","itemId":"534ac92f52e9265b140002cf","flip":0,"rot":0,"z":0,"y":9,"x":12,"pageNo":2},{"_id":"558893590c7b7c441d0a2224","itemId":"534ac8ef52e9265b140002ce","flip":0,"rot":0,"z":1,"y":32,"x":11,"pageNo":2},{"_id":"558893590c7b7c441d0a2225","itemId":"534ac94f52e9265b140002d0","flip":0,"rot":0,"z":2,"y":52,"x":8,"pageNo":2},{"_id":"558893590c7b7c441d0a2226","itemId":"54e43f7e56b47f71109df86f","flip":0,"rot":0,"z":3,"y":9,"x":32,"pageNo":2},{"_id":"558893590c7b7c441d0a2227","itemId":"53781cca6167af213345df7a","flip":0,"rot":0,"z":4,"y":30,"x":27,"pageNo":2},{"_id":"558893590c7b7c441d0a2228","itemId":"52a12fde387a978865000015","flip":0,"rot":0,"z":5,"y":51,"x":28,"pageNo":2},{"_id":"558893590c7b7c441d0a2229","itemId":"5378145e639f6906023889f9","flip":0,"rot":0,"z":6,"y":70,"x":10,"pageNo":2},{"_id":"558893590c7b7c441d0a222a","itemId":"523566a100ff67237d000004","flip":0,"rot":0,"z":7,"y":66,"x":28,"pageNo":2},{"_id":"558893590c7b7c441d0a222b","itemId":"5370061fdf29c9ad1000051c","flip":0,"rot":0,"z":8,"y":65,"x":50,"pageNo":2},{"_id":"558893590c7b7c441d0a222c","itemId":"537005fafac7f08b10000515","flip":0,"rot":0,"z":9,"y":46,"x":45,"pageNo":2},{"_id":"558893590c7b7c441d0a222d","itemId":"54e7f4bc793ab826137a4fbe","flip":0,"rot":0,"z":10,"y":10,"x":48,"pageNo":2},{"_id":"558893590c7b7c441d0a222e","itemId":"54e7f5cfd8cdb62813e50e59","flip":0,"rot":0,"z":11,"y":25,"x":48,"pageNo":2},{"_id":"558893590c7b7c441d0a222f","itemId":"534473d19610383366000011","flip":0,"rot":0,"z":12,"y":13,"x":68,"pageNo":2},{"_id":"558893590c7b7c441d0a2230","itemId":"52c0d2bd0f4abcec4e0000af","flip":0,"rot":0,"z":13,"y":30,"x":68,"pageNo":2},{"_id":"558893590c7b7c441d0a2231","itemId":"53232cb91d1961b077000004","flip":0,"rot":0,"z":14,"y":88,"x":10,"pageNo":2},{"_id":"558893590c7b7c441d0a2232","itemId":"53220b79250105e239000004","flip":0,"rot":0,"z":15,"y":87,"x":28,"pageNo":2},{"_id":"558893590c7b7c441d0a2233","itemId":"53220d3a406f72d62f000012","flip":0,"rot":0,"z":16,"y":86,"x":44,"pageNo":2},{"_id":"558893590c7b7c441d0a2234","itemId":"532209868ef605716b000078","flip":0,"rot":0,"z":17,"y":85,"x":66,"pageNo":2},{"_id":"558893590c7b7c441d0a2235","itemId":"53e95a6a736874c115a5d065","flip":0,"rot":0,"z":18,"y":87,"x":85,"pageNo":2},{"_id":"558893590c7b7c441d0a2236","itemId":"540b0537b9fe1633764586d4","flip":0,"rot":0,"z":19,"y":50,"x":69,"pageNo":2},{"_id":"558893590c7b7c441d0a2237","itemId":"52443312eb65203a49000015","flip":0,"rot":0,"z":20,"y":68,"x":66,"pageNo":2},{"_id":"558893590c7b7c441d0a2238","itemId":"53366c18a8104b8e460001b8","flip":0,"rot":0,"z":21,"y":10,"x":86,"pageNo":2},{"_id":"558893590c7b7c441d0a2239","itemId":"54ff85d6728ab6202403c8f1","flip":0,"rot":0,"z":22,"y":30,"x":87,"pageNo":2},{"_id":"558893590c7b7c441d0a223a","itemId":"52c10ba70a7c71fe230000f6","flip":0,"rot":0,"z":23,"y":49,"x":84,"pageNo":2},{"_id":"558893590c7b7c441d0a223b","itemId":"52c5f47979a3711c2b000064","flip":0,"rot":0,"z":24,"y":66,"x":83,"pageNo":2},{"_id":"558893590c7b7c441d0a223c","itemId":"52fdab9d8428e5267d000375","flip":0,"rot":0,"z":25,"y":31,"x":100,"pageNo":2},{"_id":"558893590c7b7c441d0a223d","itemId":"52fdad326483a800760002f0","flip":0,"rot":0,"z":26,"y":10,"x":105,"pageNo":2},{"_id":"558893590c7b7c441d0a223e","itemId":"550a059e4301126d1a560bd2","flip":0,"rot":0,"z":27,"y":48,"x":107,"pageNo":2},{"_id":"558893590c7b7c441d0a223f","itemId":"52fe61cd8428e5267d000468","flip":0,"rot":0,"z":28,"y":9,"x":126,"pageNo":2},{"_id":"558893590c7b7c441d0a2240","itemId":"52fdd29ad031cd813c000314","flip":0,"rot":0,"z":29,"y":29,"x":123,"pageNo":2},{"_id":"558893590c7b7c441d0a2241","itemId":"52fdcdb96483a80076000317","flip":0,"rot":0,"z":30,"y":50,"x":123,"pageNo":2},{"_id":"558893590c7b7c441d0a2242","itemId":"5470e34da288030b0fe676c8","flip":0,"rot":0,"z":31,"y":67,"x":106,"pageNo":2},{"_id":"558893590c7b7c441d0a2243","itemId":"553fbe1e630d8ea30dcb9022","flip":0,"rot":0,"z":32,"y":68,"x":125,"pageNo":2},{"_id":"558893590c7b7c441d0a2244","itemId":"5324c023c526ba1061000008","flip":0,"rot":0,"z":33,"y":86,"x":105,"pageNo":2},{"_id":"558893590c7b7c441d0a2245","itemId":"5324a4c049fd946a7200009f","flip":0,"rot":0,"z":34,"y":85,"x":122,"pageNo":2},{"_id":"558893590c7b7c441d0a2246","itemId":"5324c8c67cb853b10200001c","flip":0,"rot":0,"z":35,"y":106,"x":121,"pageNo":2},{"_id":"558893590c7b7c441d0a2247","itemId":"55675ede3fdf866c52a9e81b","flip":0,"rot":0,"z":36,"y":105,"x":105,"pageNo":2},{"_id":"558893590c7b7c441d0a2248","itemId":"5523c3d2248ae95332a4314c","flip":0,"rot":0,"z":37,"y":107,"x":87,"pageNo":2}]}