{"isCreator":false,"contents":[{"_id":"5570eb437fd8549f6d9ce9f8","itemId":"54c51f9bedc7a3915601a411","flip":0,"rot":0,"z":0,"y":7,"x":12,"pageNo":0},{"_id":"5570eb437fd8549f6d9ce9f9","itemId":"5547cd0c3154405b0fa9da87","flip":0,"rot":0,"z":1,"y":10,"x":38,"pageNo":0},{"_id":"5570eb437fd8549f6d9ce9fa","itemId":"55527421c601ef5347165207","flip":0,"rot":0,"z":2,"y":10,"x":67,"pageNo":0},{"_id":"5570eb437fd8549f6d9ce9fb","itemId":"5466d2bbda892c9e58833f1c","flip":0,"rot":0,"z":3,"y":13,"x":111,"pageNo":0},{"_id":"5570eb437fd8549f6d9ce9fc","itemId":"54f4b20b11c5240243414eb0","flip":0,"rot":0,"z":4,"y":48,"x":10,"pageNo":0},{"_id":"5570eb437fd8549f6d9ce9fd","itemId":"545154418404d0ca2a8a2ede","flip":0,"rot":0,"z":5,"y":44,"x":43,"pageNo":0},{"_id":"5570eb437fd8549f6d9ce9fe","itemId":"5471db18a0c1fa5817f1427b","flip":0,"rot":0,"z":6,"y":43,"x":86,"pageNo":0},{"_id":"5570eb437fd8549f6d9ce9ff","itemId":"5471dba4b92c0f3971866ae3","flip":0,"rot":0,"z":7,"y":81,"x":88,"pageNo":0},{"_id":"5570eb437fd8549f6d9cea00","itemId":"53d01da51ca95abc3f8b12a2","flip":0,"rot":0,"z":8,"y":46,"x":123,"pageNo":0},{"_id":"5570eb437fd8549f6d9cea01","itemId":"54f1f83f9b97c9eb446e09c2","flip":0,"rot":0,"z":9,"y":84,"x":6,"pageNo":0},{"_id":"5570eb437fd8549f6d9cea02","itemId":"54f1fccd60110c8e158b602e","flip":0,"rot":0,"z":10,"y":82,"x":44,"pageNo":0},{"_id":"5570eb437fd8549f6d9cea03","itemId":"555f6ea191332f430d30f05d","flip":0,"rot":0,"z":11,"y":82,"x":123,"pageNo":0},{"_id":"5570eb437fd8549f6d9cea04","itemId":"54bacfdd37dc482a49e8659e","flip":0,"rot":0,"z":12,"y":118,"x":11,"pageNo":0},{"_id":"5570eb437fd8549f6d9cea05","itemId":"54027f85e60d15990956aa52","flip":0,"rot":0,"z":13,"y":119,"x":49,"pageNo":0},{"_id":"5570eb437fd8549f6d9cea06","itemId":"5471dcbbbb507d5c17b699d4","flip":0,"rot":0,"z":14,"y":122,"x":85,"pageNo":0},{"_id":"5570eb437fd8549f6d9cea07","itemId":"54a85f8977f255ff7bdeafc1","flip":0,"rot":0,"z":15,"y":114,"x":124,"pageNo":0},{"_id":"5573547c5e3e3ca36dd94277","itemId":"546e4fdffbface580abe2593","flip":0,"rot":0,"z":0,"y":10,"x":10,"pageNo":1},{"_id":"5573547c5e3e3ca36dd94278","itemId":"54ea596c84c315cc096ca016","flip":0,"rot":0,"z":1,"y":10,"x":38,"pageNo":1},{"_id":"5573547c5e3e3ca36dd94279","itemId":"5474e02389b3b2552bf7db18","flip":0,"rot":0,"z":2,"y":10,"x":67,"pageNo":1},{"_id":"5573547c5e3e3ca36dd9427a","itemId":"54ad5378a8412d8c3b577960","flip":0,"rot":0,"z":3,"y":23,"x":112,"pageNo":1},{"_id":"5573547c5e3e3ca36dd9427b","itemId":"53ee1ac94c003f122bf38d27","flip":0,"rot":0,"z":4,"y":35,"x":15,"pageNo":1},{"_id":"5573547c5e3e3ca36dd9427c","itemId":"5372d3d06cbb5a6519e532ed","flip":0,"rot":0,"z":5,"y":75,"x":63,"pageNo":1},{"_id":"5573547c5e3e3ca36dd9427d","itemId":"5372d02f7e98ea276b701dd0","flip":0,"rot":0,"z":6,"y":76,"x":48,"pageNo":1},{"_id":"5573547c5e3e3ca36dd9427e","itemId":"54e630fe72ce3c4f70b10697","flip":0,"rot":0,"z":7,"y":38,"x":86,"pageNo":1},{"_id":"5573547c5e3e3ca36dd9427f","itemId":"539e3490a34fc429538c039f","flip":0,"rot":0,"z":8,"y":38,"x":48,"pageNo":1},{"_id":"5573547c5e3e3ca36dd94280","itemId":"54f4c1782fc8f19c3ae24db7","flip":0,"rot":0,"z":9,"y":57,"x":114,"pageNo":1},{"_id":"5573547c5e3e3ca36dd94281","itemId":"54f4c1596a73e5d4099a83bd","flip":0,"rot":0,"z":10,"y":97,"x":118,"pageNo":1},{"_id":"5573547c5e3e3ca36dd94282","itemId":"54ec91210a74891f17d9d72a","flip":0,"rot":0,"z":11,"y":78,"x":18,"pageNo":1},{"_id":"5573547c5e3e3ca36dd94283","itemId":"53b86f4a1477c5fb26d463be","flip":0,"rot":0,"z":12,"y":114,"x":19,"pageNo":1},{"_id":"5573547c5e3e3ca36dd94284","itemId":"54832115a65ccee374818f4b","flip":0,"rot":0,"z":13,"y":101,"x":65,"pageNo":1},{"_id":"5573547c5e3e3ca36dd94285","itemId":"534629de6188b01309000105","flip":0,"rot":0,"z":14,"y":133,"x":102,"pageNo":1},{"_id":"5573547c5e3e3ca36dd94286","itemId":"539639202486a0e8097db20f","flip":0,"rot":0,"z":15,"y":127,"x":55,"pageNo":1},{"_id":"55798d929a49141708969c4d","itemId":"54ed4563e3449ba1274b44e1","flip":0,"rot":0,"z":0,"y":19,"x":19,"pageNo":2},{"_id":"55798d929a49141708969c4e","itemId":"54ed47581d51242918049a57","flip":0,"rot":0,"z":1,"y":19,"x":48,"pageNo":2},{"_id":"55798d929a49141708969c4f","itemId":"54ed4abf76feab4f189744ae","flip":0,"rot":0,"z":2,"y":19,"x":76,"pageNo":2},{"_id":"55798d929a49141708969c50","itemId":"54ed4c248c7bc22d18b60364","flip":0,"rot":0,"z":3,"y":57,"x":19,"pageNo":2},{"_id":"55798d929a49141708969c51","itemId":"54ed49089f681aa32702ac61","flip":0,"rot":0,"z":4,"y":57,"x":48,"pageNo":2},{"_id":"55798d929a49141708969c52","itemId":"536d3d2588c310ad0e000059","flip":0,"rot":0,"z":5,"y":14,"x":112,"pageNo":2},{"_id":"55798d929a49141708969c53","itemId":"544cc9aef06c47f141f4bd6f","flip":0,"rot":0,"z":6,"y":42,"x":85,"pageNo":2},{"_id":"55798d929a49141708969c54","itemId":"53f0ccbfb30ad7d810ccb723","flip":0,"rot":0,"z":7,"y":48,"x":114,"pageNo":2},{"_id":"55798d929a49141708969c55","itemId":"548dfeafdb52f4bb1390abe4","flip":0,"rot":0,"z":8,"y":94,"x":20,"pageNo":2},{"_id":"55798d929a49141708969c56","itemId":"53e1669a6c445baf47a785c3","flip":0,"rot":0,"z":9,"y":93,"x":58,"pageNo":2},{"_id":"55798d929a49141708969c57","itemId":"5483bbbffd9b9fe1748110c0","flip":0,"rot":0,"z":10,"y":88,"x":98,"pageNo":2},{"_id":"55798d929a49141708969c58","itemId":"5470a037daba1d8e145903c4","flip":0,"rot":0,"z":11,"y":124,"x":95,"pageNo":2},{"_id":"558f32e6714155b63d5ee021","itemId":"53f512ab6a06871904441238","flip":0,"rot":0,"z":0,"y":19,"x":19,"pageNo":3},{"_id":"558f32e6714155b63d5ee022","itemId":"550be8032f7b6b1208c19276","flip":0,"rot":0,"z":1,"y":19,"x":57,"pageNo":3},{"_id":"558f32e6714155b63d5ee023","itemId":"53ea16909393c38c3daf3349","flip":0,"rot":0,"z":2,"y":22,"x":101,"pageNo":3},{"_id":"558f32e6714155b63d5ee024","itemId":"539b82ab6420d6e0164ebf91","flip":0,"rot":0,"z":3,"y":47,"x":16,"pageNo":3},{"_id":"558f32e6714155b63d5ee025","itemId":"5353e7225283d854340007b7","flip":0,"rot":0,"z":4,"y":46,"x":50,"pageNo":3},{"_id":"558f32e6714155b63d5ee026","itemId":"5353e50133d5a59e7f00080c","flip":0,"rot":0,"z":5,"y":43,"x":82,"pageNo":3},{"_id":"558f32e6714155b63d5ee027","itemId":"5372ba2cae35967719dea036","flip":0,"rot":0,"z":6,"y":61,"x":120,"pageNo":3},{"_id":"558f32e6714155b63d5ee028","itemId":"53a11cec2d328d574dbe8e8e","flip":0,"rot":0,"z":7,"y":90,"x":16,"pageNo":3},{"_id":"558f32e6714155b63d5ee029","itemId":"5343091adbd8b6bb1c00001c","flip":0,"rot":0,"z":8,"y":87,"x":58,"pageNo":3},{"_id":"558f32e6714155b63d5ee02a","itemId":"54230f2ca5d25142041b9716","flip":0,"rot":0,"z":9,"y":93,"x":102,"pageNo":3},{"_id":"558f32e6714155b63d5ee02b","itemId":"53e93ebe307eac506fcc7083","flip":0,"rot":0,"z":10,"y":122,"x":43,"pageNo":3},{"_id":"558f32e6714155b63d5ee02c","itemId":"53a129a06ee611954073bca5","flip":0,"rot":0,"z":11,"y":125,"x":94,"pageNo":3}]}