{"isCreator":false,"contents":[{"_id":"556feb085e3e3ca36dd92484","itemId":"52ca28065c6bcd355f00011a","flip":0,"rot":0,"z":0,"y":11,"x":10,"pageNo":0},{"_id":"556feb085e3e3ca36dd92485","itemId":"52507b3260713be20c000031","flip":0,"rot":0,"z":1,"y":10,"x":29,"pageNo":0},{"_id":"556feb085e3e3ca36dd92486","itemId":"549e4c0a8fed247f0571df7e","flip":0,"rot":0,"z":2,"y":10,"x":48,"pageNo":0},{"_id":"556feb085e3e3ca36dd92487","itemId":"554fe1f6d162e7d636735758","flip":0,"rot":0,"z":3,"y":10,"x":66,"pageNo":0},{"_id":"556feb085e3e3ca36dd92488","itemId":"5503505e9fdc5c6259536201","flip":0,"rot":0,"z":4,"y":10,"x":88,"pageNo":0},{"_id":"556feb085e3e3ca36dd92489","itemId":"55621984d6285ba04d8e1c1c","flip":0,"rot":0,"z":5,"y":13,"x":125,"pageNo":0},{"_id":"556feb085e3e3ca36dd9248a","itemId":"556219724ec6da9e4d7c767b","flip":0,"rot":0,"z":6,"y":10,"x":102,"pageNo":0}]}