{"isCreator":false,"contents":[{"_id":"5c7777b3804ddd4fbd3838be","itemId":"52c2ab52d930666a6900009d","flip":0,"rot":0,"z":0,"y":10,"x":10,"pageNo":0},{"_id":"5c7777b3804ddd4fbd3838bf","itemId":"531b74e09aa72cbc740000dd","flip":0,"rot":0,"z":1,"y":10,"x":29,"pageNo":0},{"_id":"5c7777b3804ddd4fbd3838c0","itemId":"531a865f9e919f03680000a3","flip":0,"rot":0,"z":2,"y":10,"x":48,"pageNo":0},{"_id":"5c7777b3804ddd4fbd3838c1","itemId":"53ab66dfe03f79340dd8ce7c","flip":0,"rot":0,"z":3,"y":10,"x":67,"pageNo":0},{"_id":"5c7777b3804ddd4fbd3838c2","itemId":"54f6017af89bb9d83ce9ef79","flip":0,"rot":0,"z":4,"y":10,"x":86,"pageNo":0},{"_id":"5c7777b3804ddd4fbd3838c3","itemId":"54d1310fcd07a44f31735d72","flip":0,"rot":0,"z":5,"y":10,"x":105,"pageNo":0},{"_id":"5c7777b3804ddd4fbd3838c4","itemId":"524b664c628fb84114000079","flip":0,"rot":0,"z":6,"y":11,"x":127,"pageNo":0},{"_id":"5c7777b3804ddd4fbd3838c5","itemId":"52c89929b14e90d15c000020","flip":0,"rot":0,"z":7,"y":31,"x":9,"pageNo":0},{"_id":"5c7777b3804ddd4fbd3838c6","itemId":"52ed959d9d6be7bb3f000181","flip":0,"rot":0,"z":8,"y":31,"x":33,"pageNo":0},{"_id":"5c7777b3804ddd4fbd3838c7","itemId":"5247169c3a330d84330001b9","flip":0,"rot":0,"z":9,"y":31,"x":52,"pageNo":0},{"_id":"5c7777b3804ddd4fbd3838c8","itemId":"5529c1b84c4b33723f2b8375","flip":0,"rot":0,"z":10,"y":29,"x":67,"pageNo":0}]}