{"isCreator":false,"contents":[{"_id":"556f632f4921cb55128ee77f","itemId":"545e47a17ad4e26445f6ca1c","flip":0,"rot":0,"z":0,"y":8,"x":8,"pageNo":1},{"_id":"556f632f4921cb55128ee780","itemId":"545124fb7977c8d61d41e0d8","flip":0,"rot":0,"z":1,"y":10,"x":38,"pageNo":1},{"_id":"556f632f4921cb55128ee781","itemId":"5490575f7a7780026549f939","flip":0,"rot":0,"z":2,"y":10,"x":67,"pageNo":1},{"_id":"556f632f4921cb55128ee782","itemId":"545137c881fb66da1df96d16","flip":0,"rot":0,"z":3,"y":9,"x":93,"pageNo":1},{"_id":"556f632f4921cb55128ee783","itemId":"54517751f7db23cd4fbb6e6e","flip":0,"rot":0,"z":4,"y":9,"x":120,"pageNo":1},{"_id":"556f632f4921cb55128ee784","itemId":"547b15b2a117c05f47770dfb","flip":0,"rot":0,"z":5,"y":37,"x":8,"pageNo":1},{"_id":"556f632f4921cb55128ee785","itemId":"54512949d9f7b5b054e64ae9","flip":0,"rot":0,"z":6,"y":36,"x":36,"pageNo":1},{"_id":"556f632f4921cb55128ee786","itemId":"549ad4ddee94480902a8022a","flip":0,"rot":0,"z":7,"y":37,"x":66,"pageNo":1},{"_id":"556f632f4921cb55128ee787","itemId":"549a9c299729688628b65785","flip":0,"rot":0,"z":8,"y":36,"x":97,"pageNo":1},{"_id":"556f632f4921cb55128ee788","itemId":"546ab01fda892c9e58834952","flip":0,"rot":0,"z":9,"y":38,"x":124,"pageNo":1},{"_id":"556f9994f564052427594e2f","itemId":"547d273f7e7c6fcd3d02b909","flip":0,"rot":0,"z":0,"y":6,"x":7,"pageNo":3},{"_id":"556f9994f564052427594e30","itemId":"544fd849089603a04858a1ce","flip":0,"rot":0,"z":1,"y":11,"x":36,"pageNo":3},{"_id":"556f9994f564052427594e31","itemId":"53e1181431d4c6cc069fbb02","flip":0,"rot":0,"z":2,"y":9,"x":68,"pageNo":3},{"_id":"556f9994f564052427594e32","itemId":"53b62d7ab4e092ca24995c16","flip":0,"rot":0,"z":3,"y":10,"x":92,"pageNo":3},{"_id":"556f9994f564052427594e33","itemId":"550c2c2783c21e7910c31950","flip":0,"rot":0,"z":4,"y":10,"x":124,"pageNo":3},{"_id":"556f9994f564052427594e34","itemId":"555eaa804fa6b8f42542d93b","flip":0,"rot":0,"z":5,"y":38,"x":10,"pageNo":3},{"_id":"556f9994f564052427594e35","itemId":"548541e15dcfcba253c32748","flip":0,"rot":0,"z":6,"y":39,"x":37,"pageNo":3},{"_id":"556f9994f564052427594e36","itemId":"552719434b94aa2e0ba075e9","flip":0,"rot":0,"z":7,"y":39,"x":65,"pageNo":3},{"_id":"556f9994f564052427594e37","itemId":"5477f4f5d1098f2237ab7fdb","flip":0,"rot":0,"z":8,"y":35,"x":93,"pageNo":3},{"_id":"556f9994f564052427594e38","itemId":"54b5763eb1e3d6b90dcb18ca","flip":0,"rot":0,"z":9,"y":37,"x":123,"pageNo":3},{"_id":"556f99b6cfe2e85312ec5305","itemId":"5458fa82dd27e21d258b9dea","flip":0,"rot":0,"z":0,"y":6,"x":9,"pageNo":4},{"_id":"556f99b6cfe2e85312ec5306","itemId":"53b4acadb324cdb2097dd463","flip":0,"rot":0,"z":1,"y":9,"x":39,"pageNo":4},{"_id":"556f99b6cfe2e85312ec5307","itemId":"53a0a527617f1ea72506d983","flip":0,"rot":0,"z":2,"y":10,"x":67,"pageNo":4},{"_id":"556f99b6cfe2e85312ec5308","itemId":"54f7d323fb593b501d2a7e54","flip":0,"rot":0,"z":3,"y":9,"x":92,"pageNo":4},{"_id":"556f99b6cfe2e85312ec5309","itemId":"548e040f3f3a19c11331b4c1","flip":0,"rot":0,"z":4,"y":9,"x":124,"pageNo":4},{"_id":"556f99b6cfe2e85312ec530a","itemId":"5399220f3221c8013d7d5b63","flip":0,"rot":0,"z":5,"y":36,"x":7,"pageNo":4},{"_id":"556f99b6cfe2e85312ec530b","itemId":"546e998e4da50e7c047a3a65","flip":0,"rot":0,"z":6,"y":36,"x":36,"pageNo":4},{"_id":"556fa69e5e3e3ca36dd920d3","itemId":"54707cd294ed8b92147ca9b7","flip":0,"rot":0,"z":0,"y":8,"x":10,"pageNo":5},{"_id":"556fa69e5e3e3ca36dd920d4","itemId":"54926b0761f30b92089cef6f","flip":0,"rot":0,"z":1,"y":9,"x":35,"pageNo":5},{"_id":"556fa69e5e3e3ca36dd920d5","itemId":"543a89592ab77a9c0ef0e3a0","flip":0,"rot":0,"z":2,"y":10,"x":66,"pageNo":5},{"_id":"556fa69e5e3e3ca36dd920d6","itemId":"546a11aceb8d1ad86f8d1d70","flip":0,"rot":0,"z":3,"y":10,"x":97,"pageNo":5},{"_id":"556fa69e5e3e3ca36dd920d7","itemId":"5462616b2f1d3eaf50eaf28e","flip":0,"rot":0,"z":4,"y":5,"x":123,"pageNo":5},{"_id":"556fa69e5e3e3ca36dd920d8","itemId":"54fc9962c64879cd0c5194fe","flip":0,"rot":0,"z":5,"y":40,"x":9,"pageNo":5},{"_id":"556fa69e5e3e3ca36dd920d9","itemId":"54209b3fcb2d052265a2cb12","flip":0,"rot":0,"z":6,"y":38,"x":36,"pageNo":5},{"_id":"556fa69e5e3e3ca36dd920da","itemId":"5463c16c2c95e0035447f50b","flip":0,"rot":0,"z":7,"y":36,"x":67,"pageNo":5},{"_id":"556fa69e5e3e3ca36dd920db","itemId":"54162189c6b427bf6857f1e6","flip":0,"rot":0,"z":8,"y":37,"x":94,"pageNo":5},{"_id":"556fa69e5e3e3ca36dd920dc","itemId":"54fd9f9df00a79e215856549","flip":0,"rot":0,"z":9,"y":38,"x":122,"pageNo":5},{"_id":"556fa69e5e3e3ca36dd920dd","itemId":"5464ff8bc2cb9649573ef439","flip":0,"rot":0,"z":10,"y":65,"x":11,"pageNo":5},{"_id":"556fa69e5e3e3ca36dd920de","itemId":"544e976d259fd0dc48105415","flip":0,"rot":0,"z":11,"y":67,"x":35,"pageNo":5},{"_id":"556fa69e5e3e3ca36dd920df","itemId":"53923b7a5c3aaabf07612cf8","flip":0,"rot":0,"z":12,"y":69,"x":66,"pageNo":5},{"_id":"556fa69e5e3e3ca36dd920e0","itemId":"550bf77325e1f4631781f3a0","flip":0,"rot":0,"z":13,"y":65,"x":97,"pageNo":5},{"_id":"556fa69e5e3e3ca36dd920e1","itemId":"53d7b94943b231be0b77a310","flip":0,"rot":0,"z":14,"y":67,"x":124,"pageNo":5},{"_id":"556fa69e5e3e3ca36dd920e2","itemId":"54e426e5198e79917110ea3e","flip":0,"rot":0,"z":15,"y":99,"x":9,"pageNo":5},{"_id":"556fa69e5e3e3ca36dd920e3","itemId":"545907d9d257a0f3152547e5","flip":0,"rot":0,"z":16,"y":98,"x":39,"pageNo":5},{"_id":"556fa69e5e3e3ca36dd920e4","itemId":"53a0822c6ee611954073bb44","flip":0,"rot":0,"z":17,"y":95,"x":65,"pageNo":5},{"_id":"55983b2f71f3d60b1c245993","itemId":"54c61dcd3df419f155769ee6","flip":0,"rot":0,"z":0,"y":10,"x":10,"pageNo":0},{"_id":"55983b2f71f3d60b1c245994","itemId":"5394bf7df8807b914b117b07","flip":0,"rot":0,"z":1,"y":38,"x":10,"pageNo":0},{"_id":"55983b2f71f3d60b1c245995","itemId":"54871fe5505fccaf59dea29c","flip":0,"rot":0,"z":2,"y":39,"x":121,"pageNo":0},{"_id":"55983b2f71f3d60b1c245996","itemId":"54b2972713fdb55446ed7bc9","flip":0,"rot":0,"z":3,"y":63,"x":8,"pageNo":0},{"_id":"55983b2f71f3d60b1c245997","itemId":"54b3c91387ea99306e676ca6","flip":0,"rot":0,"z":4,"y":66,"x":65,"pageNo":0},{"_id":"55983b2f71f3d60b1c245998","itemId":"54047ec2a8ae726f4b84fcaf","flip":0,"rot":0,"z":5,"y":66,"x":123,"pageNo":0},{"_id":"55983b2f71f3d60b1c245999","itemId":"551fa14260ad870f08ccb23c","flip":0,"rot":0,"z":6,"y":93,"x":8,"pageNo":0},{"_id":"55983b2f71f3d60b1c24599a","itemId":"548442b26b6508df747f4013","flip":0,"rot":0,"z":7,"y":94,"x":37,"pageNo":0},{"_id":"55983b2f71f3d60b1c24599b","itemId":"5391c17d7793ec237dbe56d5","flip":0,"rot":0,"z":8,"y":91,"x":64,"pageNo":0},{"_id":"55983b2f71f3d60b1c24599c","itemId":"539649415c42e8990aafeb49","flip":0,"rot":0,"z":9,"y":95,"x":124,"pageNo":0},{"_id":"55983b2f71f3d60b1c24599d","itemId":"5504ef3147b0ea8f5f68d3ff","flip":0,"rot":0,"z":10,"y":122,"x":6,"pageNo":0},{"_id":"55983b2f71f3d60b1c24599e","itemId":"5541ab063bc7ff430b1eba2c","flip":0,"rot":0,"z":11,"y":126,"x":37,"pageNo":0},{"_id":"55983b2f71f3d60b1c24599f","itemId":"53ea24d278b5d81a3d1e1a52","flip":0,"rot":0,"z":12,"y":122,"x":65,"pageNo":0},{"_id":"55983b2f71f3d60b1c2459a0","itemId":"54b2968f0eae9dc73bea7165","flip":0,"rot":0,"z":13,"y":38,"x":65,"pageNo":0},{"_id":"55983b2f71f3d60b1c2459a1","itemId":"546dee4f2dd3831e58ff38c1","flip":0,"rot":0,"z":14,"y":38,"x":95,"pageNo":0},{"_id":"55983b2f71f3d60b1c2459a2","itemId":"5391d6a97bdf676502f92bea","flip":0,"rot":0,"z":15,"y":67,"x":95,"pageNo":0},{"_id":"55983b2f71f3d60b1c2459a3","itemId":"546a9e07365cba015d89d2a9","flip":0,"rot":0,"z":16,"y":93,"x":95,"pageNo":0},{"_id":"55983b2f71f3d60b1c2459a4","itemId":"53eb9f388534266f180e0fd2","flip":0,"rot":0,"z":17,"y":124,"x":95,"pageNo":0},{"_id":"55983b2f71f3d60b1c2459a5","itemId":"542a2a011b65581f4b95d23f","flip":0,"rot":0,"z":18,"y":67,"x":38,"pageNo":0},{"_id":"55983b2f71f3d60b1c2459a6","itemId":"5580160b4c58858a36e27ee1","flip":0,"rot":0,"z":19,"y":35,"x":38,"pageNo":0},{"_id":"55983b3ad213f551191cca6c","itemId":"540f2032257c053b6b07e277","flip":0,"rot":0,"z":0,"y":12,"x":8,"pageNo":2},{"_id":"55983b3ad213f551191cca6d","itemId":"544686bd18c3bb344d71dd56","flip":0,"rot":0,"z":1,"y":10,"x":38,"pageNo":2},{"_id":"55983b3ad213f551191cca6e","itemId":"550608dade7c46d3092052c9","flip":0,"rot":0,"z":2,"y":10,"x":67,"pageNo":2},{"_id":"55983b3ad213f551191cca6f","itemId":"5502f80a9b2b712d4cd4b4e6","flip":0,"rot":0,"z":3,"y":11,"x":98,"pageNo":2},{"_id":"55983b3ad213f551191cca70","itemId":"53ea5cbd042b83434227f0f2","flip":0,"rot":0,"z":4,"y":11,"x":125,"pageNo":2},{"_id":"55983b3ad213f551191cca71","itemId":"544ef858063c12e94a3f9f8c","flip":0,"rot":0,"z":5,"y":37,"x":10,"pageNo":2},{"_id":"55983b3ad213f551191cca72","itemId":"54f38bc8b3894c103456e417","flip":0,"rot":0,"z":6,"y":35,"x":36,"pageNo":2},{"_id":"55983b3ad213f551191cca73","itemId":"543c3c4a16bb979b37c39244","flip":0,"rot":0,"z":7,"y":39,"x":67,"pageNo":2},{"_id":"55983b3ad213f551191cca74","itemId":"54b5792f21106ba30db3ec98","flip":0,"rot":0,"z":8,"y":41,"x":94,"pageNo":2},{"_id":"55983b3ad213f551191cca75","itemId":"542ef453132d57064a9a3e62","flip":0,"rot":0,"z":9,"y":36,"x":120,"pageNo":2},{"_id":"55983b3ad213f551191cca76","itemId":"5487c12dfc8fcbc822485555","flip":0,"rot":0,"z":10,"y":70,"x":7,"pageNo":2},{"_id":"55983b3ad213f551191cca77","itemId":"5411f6a3c9ab288436c68df9","flip":0,"rot":0,"z":11,"y":67,"x":38,"pageNo":2},{"_id":"55983b3ad213f551191cca78","itemId":"540e3dcd35caeb7160a1ec7b","flip":0,"rot":0,"z":12,"y":68,"x":65,"pageNo":2},{"_id":"55983b3ad213f551191cca79","itemId":"53dd1d4047a7f34a03ffde77","flip":0,"rot":0,"z":13,"y":66,"x":94,"pageNo":2}]}