{"isCreator":false,"contents":[{"_id":"5570f47be4f38b1c088d5764","itemId":"52ed61359d2056b56b0000e0","flip":0,"rot":0,"z":0,"y":29,"x":18,"pageNo":1},{"_id":"5570f47be4f38b1c088d5765","itemId":"5535b9c6fb94aea65cec4476","flip":0,"rot":0,"z":1,"y":10,"x":114,"pageNo":1},{"_id":"5570f47be4f38b1c088d5766","itemId":"5535b8c5823e5b6404cc9d49","flip":0,"rot":0,"z":2,"y":38,"x":114,"pageNo":1},{"_id":"5570f47be4f38b1c088d5767","itemId":"5517aeef75ebdf0e08b337dd","flip":0,"rot":0,"z":3,"y":24,"x":68,"pageNo":1},{"_id":"5570f47be4f38b1c088d5768","itemId":"53aa2ab32fc23257101f052a","flip":0,"rot":0,"z":4,"y":57,"x":19,"pageNo":1},{"_id":"5570f47be4f38b1c088d5769","itemId":"54ed829a8c7bc22d18b6060a","flip":0,"rot":0,"z":5,"y":66,"x":70,"pageNo":1},{"_id":"5570f47be4f38b1c088d576a","itemId":"533c5f4304212a8f610000d5","flip":0,"rot":0,"z":6,"y":76,"x":19,"pageNo":1},{"_id":"5570f47be4f38b1c088d576b","itemId":"53afd3f2d26bc46475360ca4","flip":0,"rot":0,"z":7,"y":74,"x":113,"pageNo":1},{"_id":"5570f47be4f38b1c088d576c","itemId":"53efc96eea0028240e142f1c","flip":0,"rot":0,"z":8,"y":108,"x":59,"pageNo":1},{"_id":"5570f47be4f38b1c088d576d","itemId":"544ad4774376622d15261cb8","flip":0,"rot":0,"z":9,"y":105,"x":19,"pageNo":1},{"_id":"5570f47be4f38b1c088d576e","itemId":"551eebd2eca3fa652bf65a72","flip":0,"rot":0,"z":10,"y":124,"x":48,"pageNo":1},{"_id":"5570f47be4f38b1c088d576f","itemId":"541f155857ca22c77851d579","flip":0,"rot":0,"z":11,"y":105,"x":95,"pageNo":1},{"_id":"5574dd035e3e3ca36dd950ee","itemId":"530e924b1576f1424f000017","flip":0,"rot":0,"z":0,"y":10,"x":19,"pageNo":0},{"_id":"5574dd035e3e3ca36dd950ef","itemId":"53f3916b937fb02a73ffec7b","flip":0,"rot":0,"z":1,"y":13,"x":64,"pageNo":0},{"_id":"5574dd035e3e3ca36dd950f0","itemId":"533f88158fcb4317390000bf","flip":0,"rot":0,"z":2,"y":52,"x":19,"pageNo":0},{"_id":"5574dd035e3e3ca36dd950f1","itemId":"52e96c4ab28ec43664000013","flip":0,"rot":0,"z":3,"y":57,"x":67,"pageNo":0},{"_id":"5574dd035e3e3ca36dd950f2","itemId":"533f3878e07fc9ac01000013","flip":0,"rot":0,"z":4,"y":93,"x":23,"pageNo":0},{"_id":"5574dd035e3e3ca36dd950f3","itemId":"5428c648d72905ba29897829","flip":0,"rot":0,"z":5,"y":95,"x":61,"pageNo":0},{"_id":"5574dd035e3e3ca36dd950f4","itemId":"5377e68d6167af213345df19","flip":0,"rot":0,"z":6,"y":95,"x":105,"pageNo":0},{"_id":"5574dd035e3e3ca36dd950f5","itemId":"52a3024ef938b2ce0a000051","flip":0,"rot":0,"z":7,"y":57,"x":105,"pageNo":0},{"_id":"5574dd035e3e3ca36dd950f6","itemId":"545038486d101b9516412991","flip":0,"rot":0,"z":8,"y":10,"x":114,"pageNo":0},{"_id":"5574dd035e3e3ca36dd950f7","itemId":"54f8ac7ddc0f3e766e019def","flip":0,"rot":0,"z":9,"y":131,"x":19,"pageNo":0},{"_id":"5574dd035e3e3ca36dd950f8","itemId":"54e92fa26ffa6c2a1d77aaf5","flip":0,"rot":0,"z":10,"y":124,"x":86,"pageNo":0},{"_id":"5574dd035e3e3ca36dd950f9","itemId":"5544bcc6651bd3c62d3c58e8","flip":0,"rot":0,"z":11,"y":124,"x":57,"pageNo":0},{"_id":"5574dd13a9cf104f12f14a68","itemId":"5415e66caeef93cf29f0e253","flip":0,"rot":0,"z":0,"y":21,"x":22,"pageNo":2},{"_id":"5574dd13a9cf104f12f14a69","itemId":"533b5c1bf11d41522c000334","flip":0,"rot":0,"z":1,"y":19,"x":57,"pageNo":2},{"_id":"5574dd13a9cf104f12f14a6a","itemId":"53b730521477c5fb26d46283","flip":0,"rot":0,"z":2,"y":21,"x":102,"pageNo":2},{"_id":"5574dd13a9cf104f12f14a6b","itemId":"548cc383a355031211ef2e43","flip":0,"rot":0,"z":3,"y":48,"x":19,"pageNo":2},{"_id":"5574dd13a9cf104f12f14a6c","itemId":"5431d3a678d4ab4f0c27e094","flip":0,"rot":0,"z":4,"y":45,"x":57,"pageNo":2},{"_id":"5574dd13a9cf104f12f14a6d","itemId":"5339c4c2911aef514b00001c","flip":0,"rot":0,"z":5,"y":52,"x":100,"pageNo":2},{"_id":"5574dd13a9cf104f12f14a6e","itemId":"53090b11fd8f21ce0a0003a9","flip":0,"rot":0,"z":6,"y":98,"x":23,"pageNo":2},{"_id":"5574dd13a9cf104f12f14a6f","itemId":"5377beaba64302d3012bdd24","flip":0,"rot":0,"z":7,"y":76,"x":67,"pageNo":2},{"_id":"5574dd13a9cf104f12f14a70","itemId":"538695cb639f690602389aff","flip":0,"rot":0,"z":8,"y":95,"x":105,"pageNo":2},{"_id":"5574dd13a9cf104f12f14a71","itemId":"54625ac34930021f0ccb1b51","flip":0,"rot":0,"z":9,"y":124,"x":48,"pageNo":2},{"_id":"5574dd13a9cf104f12f14a72","itemId":"52a2325ca227ee6630000006","flip":0,"rot":0,"z":10,"y":126,"x":89,"pageNo":2},{"_id":"55798d27ab8067571e3c89f3","itemId":"55168b5357bf0e2a21d479ad","flip":0,"rot":0,"z":0,"y":12,"x":21,"pageNo":4},{"_id":"55798d27ab8067571e3c89f4","itemId":"5516ad6eae6dfe2b214e3e88","flip":0,"rot":0,"z":1,"y":10,"x":57,"pageNo":4},{"_id":"55798d27ab8067571e3c89f5","itemId":"54b5546208e835df0b5b4c95","flip":0,"rot":0,"z":2,"y":19,"x":95,"pageNo":4},{"_id":"55798d27ab8067571e3c89f6","itemId":"52e983f7b28ec43664000043","flip":0,"rot":0,"z":3,"y":68,"x":22,"pageNo":4},{"_id":"55798d27ab8067571e3c89f7","itemId":"52ebc9c3357d155e1800000c","flip":0,"rot":0,"z":4,"y":67,"x":70,"pageNo":4},{"_id":"55798d27ab8067571e3c89f8","itemId":"53097467fd8f21ce0a00049f","flip":0,"rot":0,"z":5,"y":70,"x":113,"pageNo":4},{"_id":"55798d27ab8067571e3c89f9","itemId":"533f6b12e07fc9ac01000083","flip":0,"rot":0,"z":6,"y":113,"x":25,"pageNo":4},{"_id":"55798d27ab8067571e3c89fa","itemId":"52a431cdfd8792cf58000003","flip":0,"rot":0,"z":7,"y":95,"x":76,"pageNo":4},{"_id":"55798d27ab8067571e3c89fb","itemId":"53c3c4ee2487bf6f581f72f9","flip":0,"rot":0,"z":8,"y":114,"x":76,"pageNo":4},{"_id":"558f54961d179d264bc0ef9a","itemId":"53261ef0168445e542000097","flip":0,"rot":0,"z":0,"y":19,"x":19,"pageNo":3},{"_id":"558f54961d179d264bc0ef9b","itemId":"538e8e7263ab326b2264767e","flip":0,"rot":0,"z":1,"y":20,"x":66,"pageNo":3},{"_id":"558f54961d179d264bc0ef9c","itemId":"533f403e8fcb431739000021","flip":0,"rot":0,"z":2,"y":13,"x":105,"pageNo":3},{"_id":"558f54961d179d264bc0ef9d","itemId":"530b460e24d6fda66700074e","flip":0,"rot":0,"z":3,"y":42,"x":105,"pageNo":3},{"_id":"558f54961d179d264bc0ef9e","itemId":"53b037cfd26bc46475360cee","flip":0,"rot":0,"z":4,"y":48,"x":67,"pageNo":3},{"_id":"558f54961d179d264bc0ef9f","itemId":"536a4cb0b40986122a000652","flip":0,"rot":0,"z":5,"y":62,"x":19,"pageNo":3},{"_id":"558f54961d179d264bc0efa0","itemId":"53994ab03221c8013d7d5b9d","flip":0,"rot":0,"z":6,"y":77,"x":105,"pageNo":3},{"_id":"558f54961d179d264bc0efa1","itemId":"544eaf230753faf1115814f5","flip":0,"rot":0,"z":7,"y":67,"x":67,"pageNo":3},{"_id":"558f54961d179d264bc0efa2","itemId":"52cc4052376e3d586000001b","flip":0,"rot":0,"z":8,"y":99,"x":28,"pageNo":3},{"_id":"558f54961d179d264bc0efa3","itemId":"533f7340e07fc9ac0100009b","flip":0,"rot":0,"z":9,"y":109,"x":84,"pageNo":3},{"_id":"558f54961d179d264bc0efa4","itemId":"53285112477f76ab7e00000d","flip":0,"rot":0,"z":10,"y":130,"x":44,"pageNo":3},{"_id":"558f54cc1d179d264bc0efa5","itemId":"52a366370af3703242000022","flip":0,"rot":0,"z":0,"y":28,"x":20,"pageNo":5},{"_id":"558f54cc1d179d264bc0efa6","itemId":"53b33fa37d9051ee18fa56df","flip":0,"rot":0,"z":1,"y":10,"x":67,"pageNo":5},{"_id":"558f54cc1d179d264bc0efa7","itemId":"52a8f87048f25eeb42000018","flip":0,"rot":0,"z":2,"y":57,"x":67,"pageNo":5},{"_id":"558f54cc1d179d264bc0efa8","itemId":"5468daf792ce62b459f2ddff","flip":0,"rot":0,"z":3,"y":57,"x":19,"pageNo":5},{"_id":"558f54cc1d179d264bc0efa9","itemId":"545136708404d0ca2a8a2e9c","flip":0,"rot":0,"z":4,"y":10,"x":114,"pageNo":5},{"_id":"558f54cc1d179d264bc0efaa","itemId":"537f61a26167af213345e8c2","flip":0,"rot":0,"z":5,"y":38,"x":114,"pageNo":5},{"_id":"558f54cc1d179d264bc0efab","itemId":"54ee83e84530b7132619a4da","flip":0,"rot":0,"z":6,"y":94,"x":19,"pageNo":5},{"_id":"558f54cc1d179d264bc0efac","itemId":"5506ba5b83aeb5e00d3264fd","flip":0,"rot":0,"z":7,"y":92,"x":53,"pageNo":5},{"_id":"558f54cc1d179d264bc0efad","itemId":"5308d803d9989a6142000333","flip":0,"rot":0,"z":8,"y":92,"x":110,"pageNo":5}]}