{"isCreator":false,"contents":[{"_id":"55983c58bbff99091c9e327c","itemId":"54a4cc03371279fd7b0b24da","flip":0,"rot":0,"z":0,"y":10,"x":10,"pageNo":1},{"_id":"55983c58bbff99091c9e327d","itemId":"548cfbcff5a3bd0e1183ff93","flip":0,"rot":0,"z":1,"y":10,"x":124,"pageNo":1},{"_id":"55983c58bbff99091c9e327e","itemId":"549dbd6913b214070271f1d1","flip":0,"rot":0,"z":2,"y":10,"x":95,"pageNo":1},{"_id":"55983c58bbff99091c9e327f","itemId":"548db626db29eabd1335ff69","flip":0,"rot":0,"z":3,"y":0,"x":38,"pageNo":1},{"_id":"55983c58bbff99091c9e3280","itemId":"548dac2e616d7dc26589bf5a","flip":0,"rot":0,"z":4,"y":0,"x":67,"pageNo":1},{"_id":"55983c58bbff99091c9e3281","itemId":"54972e5776f716c57dbd1f6d","flip":0,"rot":0,"z":5,"y":29,"x":38,"pageNo":1},{"_id":"55983c58bbff99091c9e3282","itemId":"548e07a9a2996b9e2410f122","flip":0,"rot":0,"z":6,"y":29,"x":10,"pageNo":1},{"_id":"55983c58bbff99091c9e3283","itemId":"5488ef85bfb728ae09fa28f4","flip":0,"rot":0,"z":7,"y":31,"x":70,"pageNo":1},{"_id":"55983c58bbff99091c9e3284","itemId":"54a5b3b0d2276b7f11875f1e","flip":0,"rot":0,"z":8,"y":32,"x":127,"pageNo":1},{"_id":"55983c58bbff99091c9e3285","itemId":"54a4c712c96c278a35aca1bd","flip":0,"rot":0,"z":9,"y":38,"x":105,"pageNo":1},{"_id":"55983c58bbff99091c9e3286","itemId":"54a4c2ca77f255ff7bde9d63","flip":0,"rot":0,"z":10,"y":57,"x":10,"pageNo":1},{"_id":"55983c58bbff99091c9e3287","itemId":"549dbd1d1be3c18828ac045f","flip":0,"rot":0,"z":11,"y":57,"x":29,"pageNo":1},{"_id":"55983c58bbff99091c9e3288","itemId":"549dac93ee94480902a80e8a","flip":0,"rot":0,"z":12,"y":57,"x":86,"pageNo":1},{"_id":"55983c58bbff99091c9e3289","itemId":"549f234f2508057d058c270b","flip":0,"rot":0,"z":13,"y":57,"x":105,"pageNo":1},{"_id":"55983c58bbff99091c9e328a","itemId":"549f233aee94480902a8156e","flip":0,"rot":0,"z":14,"y":57,"x":124,"pageNo":1},{"_id":"55983c58bbff99091c9e328b","itemId":"548790a6baaa592e63558086","flip":0,"rot":0,"z":15,"y":57,"x":57,"pageNo":1},{"_id":"55983c58bbff99091c9e328c","itemId":"5512e23f1ab8e8431c2f2e89","flip":0,"rot":0,"z":16,"y":84,"x":10,"pageNo":1},{"_id":"55983c58bbff99091c9e328d","itemId":"551e1abe87c9209f49b6c2cf","flip":0,"rot":0,"z":17,"y":86,"x":29,"pageNo":1},{"_id":"55983c58bbff99091c9e328e","itemId":"551e1a848ed583850ce120d7","flip":0,"rot":0,"z":18,"y":86,"x":48,"pageNo":1},{"_id":"55983c58bbff99091c9e328f","itemId":"551ae548f11fe9180d5e3b23","flip":0,"rot":0,"z":19,"y":76,"x":76,"pageNo":1},{"_id":"55983c58bbff99091c9e3290","itemId":"5516b033d8a4195a25c8475e","flip":0,"rot":0,"z":20,"y":114,"x":10,"pageNo":1},{"_id":"55983c58bbff99091c9e3291","itemId":"551754f4f9aebf8e0f1b58f2","flip":0,"rot":0,"z":21,"y":114,"x":29,"pageNo":1},{"_id":"55983c58bbff99091c9e3292","itemId":"55438e7c5366754d1a179b76","flip":0,"rot":0,"z":22,"y":105,"x":48,"pageNo":1},{"_id":"55983c58bbff99091c9e3293","itemId":"5515ff0357bf0e2a21d4736a","flip":0,"rot":0,"z":23,"y":114,"x":68,"pageNo":1},{"_id":"55983c58bbff99091c9e3294","itemId":"54f6cd135342d590181ad77c","flip":0,"rot":0,"z":24,"y":82,"x":100,"pageNo":1},{"_id":"55983c58bbff99091c9e3295","itemId":"54be7ff5ab89a86f46d4589a","flip":0,"rot":0,"z":25,"y":86,"x":125,"pageNo":1},{"_id":"55983c58bbff99091c9e3296","itemId":"54e10b563827a1397656efc1","flip":0,"rot":0,"z":26,"y":111,"x":86,"pageNo":1},{"_id":"55983c58bbff99091c9e3297","itemId":"54fd07a5baf3a3b10cf9a5cb","flip":0,"rot":0,"z":27,"y":117,"x":111,"pageNo":1},{"_id":"55983c77cbc6b14d194f53f9","itemId":"539b21bef978c4a56abea78b","flip":0,"rot":0,"z":0,"y":13,"x":13,"pageNo":0},{"_id":"55983c77cbc6b14d194f53fa","itemId":"54679566d30960d46f662144","flip":0,"rot":0,"z":1,"y":14,"x":39,"pageNo":0},{"_id":"55983c77cbc6b14d194f53fb","itemId":"542337a83eea299d0b608b60","flip":0,"rot":0,"z":2,"y":14,"x":75,"pageNo":0},{"_id":"55983c77cbc6b14d194f53fc","itemId":"53ae034507682b3934587c49","flip":0,"rot":0,"z":3,"y":12,"x":127,"pageNo":0},{"_id":"55983c77cbc6b14d194f53fd","itemId":"546c08f4482ed9a123294e52","flip":0,"rot":0,"z":4,"y":38,"x":0,"pageNo":0},{"_id":"55983c77cbc6b14d194f53fe","itemId":"5513618693a9aa7a0f0cb924","flip":0,"rot":0,"z":5,"y":38,"x":38,"pageNo":0},{"_id":"55983c77cbc6b14d194f53ff","itemId":"54d6918f69001acf31bd99c4","flip":0,"rot":0,"z":6,"y":38,"x":76,"pageNo":0},{"_id":"55983c77cbc6b14d194f5400","itemId":"54b85db34f55fa1527aea9fb","flip":0,"rot":0,"z":7,"y":48,"x":105,"pageNo":0},{"_id":"55983c77cbc6b14d194f5401","itemId":"546be07f3824fd1c60e4474c","flip":0,"rot":0,"z":8,"y":80,"x":9,"pageNo":0},{"_id":"55983c77cbc6b14d194f5402","itemId":"552b0edfd5e62d753f00a292","flip":0,"rot":0,"z":9,"y":114,"x":67,"pageNo":0},{"_id":"55983c77cbc6b14d194f5403","itemId":"54717d87bdaab15b7a74fea9","flip":0,"rot":0,"z":10,"y":111,"x":96,"pageNo":0},{"_id":"55983c77cbc6b14d194f5404","itemId":"540648d296ef041d78236016","flip":0,"rot":0,"z":11,"y":73,"x":42,"pageNo":0},{"_id":"55983c77cbc6b14d194f5405","itemId":"552992531cefddcf6078f831","flip":0,"rot":0,"z":12,"y":73,"x":58,"pageNo":0},{"_id":"55983c77cbc6b14d194f5406","itemId":"550a0869455fd8852ac6804b","flip":0,"rot":0,"z":13,"y":77,"x":82,"pageNo":0},{"_id":"55983c77cbc6b14d194f5407","itemId":"54f52cfe576a1ba23a1ecafa","flip":0,"rot":0,"z":14,"y":115,"x":8,"pageNo":0},{"_id":"55983c77cbc6b14d194f5408","itemId":"54f62c71f89bb9d83ce9fd70","flip":0,"rot":0,"z":15,"y":112,"x":22,"pageNo":0},{"_id":"55983c77cbc6b14d194f5409","itemId":"54a094ceee94480902a81c69","flip":0,"rot":0,"z":16,"y":111,"x":31,"pageNo":0},{"_id":"55983c77cbc6b14d194f540a","itemId":"54a094c513b214070271fd1d","flip":0,"rot":0,"z":17,"y":112,"x":45,"pageNo":0},{"_id":"55983c77cbc6b14d194f540b","itemId":"557c8fa11b402f247dc4870e","flip":0,"rot":0,"z":18,"y":82,"x":115,"pageNo":0},{"_id":"55983c77cbc6b14d194f540c","itemId":"556cefabfa8baac4159cc84b","flip":0,"rot":0,"z":19,"y":100,"x":126,"pageNo":0},{"_id":"55983c8471f3d60b1c2459c6","itemId":"54a30e45b5b3d28e77dd7ee9","flip":0,"rot":0,"z":0,"y":13,"x":13,"pageNo":2},{"_id":"55983c8471f3d60b1c2459c7","itemId":"5484a383d807aa76121ddcdf","flip":0,"rot":0,"z":1,"y":10,"x":38,"pageNo":2},{"_id":"55983c8471f3d60b1c2459c8","itemId":"549ec3d0a9de8f0302e0024c","flip":0,"rot":0,"z":2,"y":10,"x":76,"pageNo":2},{"_id":"55983c8471f3d60b1c2459c9","itemId":"549f8ba413b214070271f9fa","flip":0,"rot":0,"z":3,"y":10,"x":114,"pageNo":2},{"_id":"55983c8471f3d60b1c2459ca","itemId":"549f4332e09d5d0502b93e84","flip":0,"rot":0,"z":4,"y":38,"x":10,"pageNo":2},{"_id":"55983c8471f3d60b1c2459cb","itemId":"53b58c471477c5fb26d46067","flip":0,"rot":0,"z":5,"y":38,"x":48,"pageNo":2},{"_id":"55983c8471f3d60b1c2459cc","itemId":"5502e6e4da9cbd704a6b34fd","flip":0,"rot":0,"z":6,"y":76,"x":10,"pageNo":2},{"_id":"55983c8471f3d60b1c2459cd","itemId":"553351056852f2d3722ddae0","flip":0,"rot":0,"z":7,"y":76,"x":38,"pageNo":2},{"_id":"55983c8471f3d60b1c2459ce","itemId":"55322aa7fb94aea65cec210f","flip":0,"rot":0,"z":8,"y":76,"x":67,"pageNo":2},{"_id":"55983c8471f3d60b1c2459cf","itemId":"5517ca73067556920f2c7c7f","flip":0,"rot":0,"z":9,"y":76,"x":95,"pageNo":2},{"_id":"55983c8471f3d60b1c2459d0","itemId":"550a131cdede396b1abbb114","flip":0,"rot":0,"z":10,"y":114,"x":31,"pageNo":2},{"_id":"55983c8471f3d60b1c2459d1","itemId":"5502c8584c9464ab1107338a","flip":0,"rot":0,"z":11,"y":114,"x":57,"pageNo":2},{"_id":"55983c8471f3d60b1c2459d2","itemId":"54ea77fa8ce458ca0963873f","flip":0,"rot":0,"z":12,"y":112,"x":116,"pageNo":2},{"_id":"55983c8471f3d60b1c2459d3","itemId":"552b277cb5b015155128aef4","flip":0,"rot":0,"z":13,"y":76,"x":124,"pageNo":2},{"_id":"55983c8471f3d60b1c2459d4","itemId":"551af2354dbe33d1182d71a6","flip":0,"rot":0,"z":14,"y":38,"x":86,"pageNo":2},{"_id":"55983c8471f3d60b1c2459d5","itemId":"54edf3cd70dff0c7208fb21d","flip":0,"rot":0,"z":15,"y":116,"x":89,"pageNo":2},{"_id":"55983c8471f3d60b1c2459d6","itemId":"548b8e01dd0ae41011ee5235","flip":0,"rot":0,"z":16,"y":43,"x":120,"pageNo":2},{"_id":"55983cba51fa050d1c718d06","itemId":"54fbe226448daacf09c483db","flip":0,"rot":0,"z":0,"y":10,"x":10,"pageNo":3},{"_id":"55983cba51fa050d1c718d07","itemId":"54faac641c970fa9726c8405","flip":0,"rot":0,"z":1,"y":10,"x":38,"pageNo":3},{"_id":"55983cba51fa050d1c718d08","itemId":"550600e404937ad2091fa800","flip":0,"rot":0,"z":2,"y":10,"x":67,"pageNo":3},{"_id":"55983cba51fa050d1c718d09","itemId":"54f4f32852fb76004379f94e","flip":0,"rot":0,"z":3,"y":14,"x":96,"pageNo":3},{"_id":"55983cba51fa050d1c718d0a","itemId":"54f813fd66988c521dd60b2a","flip":0,"rot":0,"z":4,"y":10,"x":114,"pageNo":3},{"_id":"55983cba51fa050d1c718d0b","itemId":"54f81098db2a3c57499630d1","flip":0,"rot":0,"z":5,"y":50,"x":9,"pageNo":3},{"_id":"55983cba51fa050d1c718d0c","itemId":"5511edaa633e7bde20247e67","flip":0,"rot":0,"z":6,"y":49,"x":38,"pageNo":3},{"_id":"55983cba51fa050d1c718d0d","itemId":"5390bc6676eb21df5def5c53","flip":0,"rot":0,"z":7,"y":50,"x":63,"pageNo":3},{"_id":"55983cba51fa050d1c718d0e","itemId":"53c6ecf1132437db5ac391b6","flip":0,"rot":0,"z":8,"y":48,"x":95,"pageNo":3},{"_id":"55983cba51fa050d1c718d0f","itemId":"5390c55576eb21df5def5c5f","flip":0,"rot":0,"z":9,"y":68,"x":66,"pageNo":3},{"_id":"55983cba51fa050d1c718d10","itemId":"54eed81567969d1126ecdc21","flip":0,"rot":0,"z":10,"y":48,"x":114,"pageNo":3},{"_id":"55983cba51fa050d1c718d11","itemId":"54ba86ec37dc482a49e862f8","flip":0,"rot":0,"z":11,"y":86,"x":10,"pageNo":3},{"_id":"55983cba51fa050d1c718d12","itemId":"54b84a276b2e2e13278a5fd8","flip":0,"rot":0,"z":12,"y":86,"x":38,"pageNo":3},{"_id":"55983cba51fa050d1c718d13","itemId":"5510f75819cc18d70ad393e6","flip":0,"rot":0,"z":13,"y":86,"x":76,"pageNo":3},{"_id":"55983cba51fa050d1c718d14","itemId":"555d72229d354be05382bf23","flip":0,"rot":0,"z":14,"y":93,"x":103,"pageNo":3},{"_id":"55983cba51fa050d1c718d15","itemId":"555d74e2baf36ec042b7ff81","flip":0,"rot":0,"z":15,"y":95,"x":122,"pageNo":3},{"_id":"55983cba51fa050d1c718d16","itemId":"55392080f5506b38670f5290","flip":0,"rot":0,"z":16,"y":126,"x":42,"pageNo":3},{"_id":"55983cba51fa050d1c718d17","itemId":"5390de3476eb21df5def5c9a","flip":0,"rot":0,"z":17,"y":124,"x":67,"pageNo":3},{"_id":"55983cba51fa050d1c718d18","itemId":"53908d779749a3ff5c227a41","flip":0,"rot":0,"z":18,"y":124,"x":95,"pageNo":3},{"_id":"55983cba51fa050d1c718d19","itemId":"5466ab94365cba015d89c974","flip":0,"rot":0,"z":19,"y":9,"x":61,"pageNo":3},{"_id":"55983cba51fa050d1c718d1a","itemId":"53f2a8a91fc5fe77686b4baf","flip":0,"rot":0,"z":20,"y":11,"x":88,"pageNo":3},{"_id":"55983cba51fa050d1c718d1b","itemId":"54d374b9c198e08c4718d1f3","flip":0,"rot":0,"z":21,"y":12,"x":103,"pageNo":3},{"_id":"55983cba51fa050d1c718d1c","itemId":"554d8f3234f2aa5a1cd5ec08","flip":0,"rot":0,"z":22,"y":43,"x":11,"pageNo":3},{"_id":"55983cba51fa050d1c718d1d","itemId":"54eef3ec88063ec7640ef215","flip":0,"rot":0,"z":23,"y":47,"x":34,"pageNo":3},{"_id":"55983cba51fa050d1c718d1e","itemId":"54cd91623350eb441c85906c","flip":0,"rot":0,"z":24,"y":46,"x":60,"pageNo":3},{"_id":"55983cba51fa050d1c718d1f","itemId":"542e8f3815d1379251541c56","flip":0,"rot":0,"z":25,"y":48,"x":89,"pageNo":3},{"_id":"55983cba51fa050d1c718d20","itemId":"553ec4325fe6cfd20c84817e","flip":0,"rot":0,"z":26,"y":45,"x":121,"pageNo":3},{"_id":"55983cba51fa050d1c718d21","itemId":"550eb33c7fbd5a7c1bd66f9c","flip":0,"rot":0,"z":27,"y":82,"x":9,"pageNo":3},{"_id":"55983cba51fa050d1c718d22","itemId":"54df8d90e33832b16bba6f4a","flip":0,"rot":0,"z":28,"y":80,"x":21,"pageNo":3},{"_id":"55983cba51fa050d1c718d23","itemId":"53b21ea5e52943b1011eb267","flip":0,"rot":0,"z":29,"y":86,"x":50,"pageNo":3},{"_id":"55983cfc1b02b1410a370347","itemId":"5516ce6557bf0e2a21d47cd6","flip":0,"rot":0,"z":0,"y":1,"x":13,"pageNo":5},{"_id":"55983cfc1b02b1410a370348","itemId":"551f393aeca3fa652bf65eb6","flip":0,"rot":0,"z":1,"y":37,"x":10,"pageNo":5},{"_id":"55983cfc1b02b1410a370349","itemId":"551f32d1eca3fa652bf65e49","flip":0,"rot":0,"z":2,"y":39,"x":34,"pageNo":5},{"_id":"55983cfc1b02b1410a37034a","itemId":"551f31dc2d85aa4f3aebc402","flip":0,"rot":0,"z":3,"y":39,"x":66,"pageNo":5},{"_id":"55983cfc1b02b1410a37034b","itemId":"5515ef89bce76a410fc1558d","flip":0,"rot":0,"z":4,"y":0,"x":38,"pageNo":5},{"_id":"55983cfc1b02b1410a37034c","itemId":"556cc7a5fb1fe19111b5f421","flip":0,"rot":0,"z":5,"y":76,"x":38,"pageNo":5},{"_id":"55983cfc1b02b1410a37034d","itemId":"551493530d04dde4147b79a6","flip":0,"rot":0,"z":6,"y":67,"x":10,"pageNo":5},{"_id":"55983cfc1b02b1410a37034e","itemId":"556cdc2fbc067c755f199dc4","flip":0,"rot":0,"z":7,"y":76,"x":67,"pageNo":5},{"_id":"55983cfc1b02b1410a37034f","itemId":"556f22a0c341466b113faca3","flip":0,"rot":0,"z":8,"y":76,"x":95,"pageNo":5},{"_id":"55983cfc1b02b1410a370350","itemId":"55722a535af8861a08b095b6","flip":0,"rot":0,"z":9,"y":106,"x":18,"pageNo":5},{"_id":"55983cfc1b02b1410a370351","itemId":"556259c51dffeb1b08bcec6a","flip":0,"rot":0,"z":10,"y":109,"x":51,"pageNo":5},{"_id":"55983cfc1b02b1410a370352","itemId":"557260d25af8861a08b09720","flip":0,"rot":0,"z":11,"y":106,"x":80,"pageNo":5},{"_id":"55983cfc1b02b1410a370353","itemId":"5560b60c9011df5f2fbe46ba","flip":0,"rot":0,"z":12,"y":105,"x":105,"pageNo":5},{"_id":"55983d25c1b7cd2413579c0b","itemId":"538bbe4991037b077f293dfc","flip":0,"rot":0,"z":0,"y":10,"x":10,"pageNo":4},{"_id":"55983d25c1b7cd2413579c0c","itemId":"53e6d020dee1eefb0f1d0f0c","flip":0,"rot":0,"z":1,"y":10,"x":48,"pageNo":4},{"_id":"55983d25c1b7cd2413579c0d","itemId":"53b1ca5e195ea89e33f35828","flip":0,"rot":0,"z":2,"y":13,"x":80,"pageNo":4},{"_id":"55983d25c1b7cd2413579c0e","itemId":"5399eaedafd92f3852b0498e","flip":0,"rot":0,"z":3,"y":11,"x":15,"pageNo":4},{"_id":"55983d25c1b7cd2413579c0f","itemId":"5338ed155733e5685a000712","flip":0,"rot":0,"z":4,"y":47,"x":14,"pageNo":4}]}