{"isCreator":false,"contents":[{"_id":"5574dcb95176bd1908c5a646","itemId":"540627cf3f8be9d7555d407e","flip":0,"rot":0,"z":0,"y":10,"x":95,"pageNo":0},{"_id":"5574dcb95176bd1908c5a647","itemId":"540627a4addd05f077860a48","flip":0,"rot":0,"z":1,"y":10,"x":67,"pageNo":0},{"_id":"5574dcb95176bd1908c5a648","itemId":"52c420cc26a5fce768000230","flip":0,"rot":0,"z":2,"y":10,"x":38,"pageNo":0},{"_id":"5574dcb95176bd1908c5a649","itemId":"52c4202a9fb172526a0001f9","flip":0,"rot":0,"z":3,"y":10,"x":10,"pageNo":0},{"_id":"5574dcb95176bd1908c5a64a","itemId":"5547fac63154405b0fa9de3d","flip":0,"rot":0,"z":4,"y":38,"x":10,"pageNo":0},{"_id":"5574dcb95176bd1908c5a64b","itemId":"52d685a1c0848a8c4e000113","flip":0,"rot":0,"z":5,"y":12,"x":123,"pageNo":0},{"_id":"5574dcb95176bd1908c5a64c","itemId":"54906f476ddfeab94ecf127a","flip":0,"rot":0,"z":6,"y":39,"x":40,"pageNo":0},{"_id":"5574dcb95176bd1908c5a64d","itemId":"5554fd3b330df6541c9c5f3f","flip":0,"rot":0,"z":7,"y":38,"x":68,"pageNo":0},{"_id":"5574dcb95176bd1908c5a64e","itemId":"5509ee8aa16d7133193b8761","flip":0,"rot":0,"z":8,"y":39,"x":94,"pageNo":0},{"_id":"5574dcb95176bd1908c5a64f","itemId":"54c826a99ec3817d010f6451","flip":0,"rot":0,"z":9,"y":40,"x":124,"pageNo":0},{"_id":"5574dcb95176bd1908c5a650","itemId":"54ed7f611d51242918049b09","flip":0,"rot":0,"z":10,"y":66,"x":11,"pageNo":0},{"_id":"5574dcb95176bd1908c5a651","itemId":"54ed826b6247c5773da63683","flip":0,"rot":0,"z":11,"y":95,"x":11,"pageNo":0},{"_id":"5574dcb95176bd1908c5a652","itemId":"538b76d172bf05b96b336502","flip":0,"rot":0,"z":12,"y":68,"x":38,"pageNo":0},{"_id":"5574dcb95176bd1908c5a653","itemId":"5554f46c46ec111408c054e4","flip":0,"rot":0,"z":13,"y":67,"x":67,"pageNo":0},{"_id":"5574dcb95176bd1908c5a654","itemId":"54e94a265d0f582c1d92f3e6","flip":0,"rot":0,"z":14,"y":67,"x":123,"pageNo":0},{"_id":"5574dcb95176bd1908c5a655","itemId":"54e949e74a1853646dfef600","flip":0,"rot":0,"z":15,"y":97,"x":123,"pageNo":0},{"_id":"5574dcb95176bd1908c5a656","itemId":"54e94cb8f368602e1d3a634f","flip":0,"rot":0,"z":16,"y":96,"x":37,"pageNo":0},{"_id":"5574dcb95176bd1908c5a657","itemId":"53ec14e8f06a31de1b4677da","flip":0,"rot":0,"z":17,"y":96,"x":69,"pageNo":0},{"_id":"5574dcb95176bd1908c5a658","itemId":"553add15c6d8972d14d176a9","flip":0,"rot":0,"z":18,"y":125,"x":11,"pageNo":0},{"_id":"5574dcb95176bd1908c5a659","itemId":"553add298ca694f603bd45df","flip":0,"rot":0,"z":19,"y":125,"x":39,"pageNo":0},{"_id":"5574dcb95176bd1908c5a65a","itemId":"547cc12cf662739e534d1a0f","flip":0,"rot":0,"z":20,"y":124,"x":64,"pageNo":0},{"_id":"5574dcb95176bd1908c5a65b","itemId":"547cc4041a68477a308032de","flip":0,"rot":0,"z":21,"y":126,"x":94,"pageNo":0},{"_id":"5574dcb95176bd1908c5a65c","itemId":"538b76b091037b077f293d3a","flip":0,"rot":0,"z":22,"y":87,"x":92,"pageNo":0},{"_id":"5574dcc67d24d8a56d927d64","itemId":"520dbb9141bc44d51000002c","flip":0,"rot":0,"z":0,"y":10,"x":10,"pageNo":1},{"_id":"5574dcc67d24d8a56d927d65","itemId":"520d77139e47248158000016","flip":0,"rot":0,"z":1,"y":12,"x":37,"pageNo":1}]}