{"isCreator":false,"contents":[{"_id":"55969d31bbff99091c9e2c68","itemId":"559347acbb60a86261aba9f5","flip":0,"rot":0,"z":0,"y":6,"x":8,"pageNo":0},{"_id":"55969d31bbff99091c9e2c69","itemId":"5592e67a30349d616a0676d0","flip":0,"rot":0,"z":1,"y":6,"x":28,"pageNo":0},{"_id":"55969d31bbff99091c9e2c6a","itemId":"5590860773c7034118bc5511","flip":0,"rot":0,"z":2,"y":6,"x":48,"pageNo":0},{"_id":"55969d31bbff99091c9e2c6b","itemId":"558df369731ba02f3e0a87c7","flip":0,"rot":0,"z":3,"y":6,"x":67,"pageNo":0},{"_id":"55969d31bbff99091c9e2c6c","itemId":"558df03b982f852d3e7db98e","flip":0,"rot":0,"z":4,"y":6,"x":87,"pageNo":0},{"_id":"55969d31bbff99091c9e2c6d","itemId":"558deff271bd44294600d92a","flip":0,"rot":0,"z":5,"y":6,"x":108,"pageNo":0},{"_id":"55969d31bbff99091c9e2c6e","itemId":"5578d20d513663551e35bded","flip":0,"rot":0,"z":6,"y":5,"x":127,"pageNo":0},{"_id":"55969d31bbff99091c9e2c6f","itemId":"5578ceb4819285127806bef4","flip":0,"rot":0,"z":7,"y":40,"x":6,"pageNo":0},{"_id":"55969d31bbff99091c9e2c70","itemId":"556e949a9ceee6a00b5f374e","flip":0,"rot":0,"z":8,"y":40,"x":27,"pageNo":0},{"_id":"55969d31bbff99091c9e2c71","itemId":"556e9318d7835e8367c4b941","flip":0,"rot":0,"z":9,"y":40,"x":47,"pageNo":0},{"_id":"55969d31bbff99091c9e2c72","itemId":"556e8f42ae0ad5c1201ff4e4","flip":0,"rot":0,"z":10,"y":39,"x":66,"pageNo":0},{"_id":"55969d31bbff99091c9e2c73","itemId":"556cc310b189504e02cb00b3","flip":0,"rot":0,"z":11,"y":40,"x":87,"pageNo":0},{"_id":"55969d31bbff99091c9e2c74","itemId":"5565ebebb82d845a7cdb87d3","flip":0,"rot":0,"z":12,"y":39,"x":108,"pageNo":0},{"_id":"55969d31bbff99091c9e2c75","itemId":"555913b1cb9260de53a1d9be","flip":0,"rot":0,"z":13,"y":38,"x":128,"pageNo":0},{"_id":"55969d31bbff99091c9e2c76","itemId":"5553663dd162e7d636737823","flip":0,"rot":0,"z":14,"y":71,"x":5,"pageNo":0},{"_id":"55969d31bbff99091c9e2c77","itemId":"554146dce15025410b3679f7","flip":0,"rot":0,"z":15,"y":71,"x":27,"pageNo":0},{"_id":"55969d31bbff99091c9e2c78","itemId":"55404e1ecf28580011f00bbe","flip":0,"rot":0,"z":16,"y":70,"x":50,"pageNo":0},{"_id":"55969d31bbff99091c9e2c79","itemId":"553d4624c6d8972d14d19f5a","flip":0,"rot":0,"z":17,"y":70,"x":67,"pageNo":0},{"_id":"55969d31bbff99091c9e2c7a","itemId":"55340ec8c335b8cf72f2d81a","flip":0,"rot":0,"z":18,"y":69,"x":86,"pageNo":0},{"_id":"55969d31bbff99091c9e2c7b","itemId":"552a0b3231c3d4d160409687","flip":0,"rot":0,"z":19,"y":69,"x":105,"pageNo":0},{"_id":"55969d31bbff99091c9e2c7c","itemId":"5526abe2a74bce223c35b844","flip":0,"rot":0,"z":20,"y":67,"x":127,"pageNo":0},{"_id":"55969d31bbff99091c9e2c7d","itemId":"5526a849322cb7243cf4b7d5","flip":0,"rot":0,"z":21,"y":101,"x":4,"pageNo":0},{"_id":"55969d31bbff99091c9e2c7e","itemId":"552003a87a2c481108c50b03","flip":0,"rot":0,"z":22,"y":101,"x":25,"pageNo":0},{"_id":"55969d31bbff99091c9e2c7f","itemId":"551f6aca52f5b619089f060e","flip":0,"rot":0,"z":23,"y":100,"x":45,"pageNo":0},{"_id":"55969d31bbff99091c9e2c80","itemId":"551ee9f7eca3fa652bf65a61","flip":0,"rot":0,"z":24,"y":100,"x":66,"pageNo":0},{"_id":"55969d31bbff99091c9e2c81","itemId":"551e9b1981e9229b49217595","flip":0,"rot":0,"z":25,"y":103,"x":88,"pageNo":0},{"_id":"55969d31bbff99091c9e2c82","itemId":"551e9b102e26f54b3ae544c2","flip":0,"rot":0,"z":26,"y":102,"x":108,"pageNo":0},{"_id":"55969d31bbff99091c9e2c83","itemId":"551e9af7d13b2c612b7eb3ba","flip":0,"rot":0,"z":27,"y":102,"x":130,"pageNo":0}]}