{"isCreator":false,"contents":[{"_id":"55969e74c1b7cd24135795bd","itemId":"54e255db6a62160e520a2ae3","flip":0,"rot":0,"z":0,"y":4,"x":1,"pageNo":0},{"_id":"55969e74c1b7cd24135795be","itemId":"54e17bbfea71c30c528715f9","flip":0,"rot":0,"z":1,"y":3,"x":21,"pageNo":0},{"_id":"55969e74c1b7cd24135795bf","itemId":"54df9128e33832b16bba6fba","flip":0,"rot":0,"z":2,"y":3,"x":40,"pageNo":0},{"_id":"55969e74c1b7cd24135795c0","itemId":"54d2c49721a31e4644e847c2","flip":0,"rot":0,"z":3,"y":1,"x":60,"pageNo":0},{"_id":"55969e74c1b7cd24135795c1","itemId":"54bd3d1533ce6a515f12e219","flip":0,"rot":0,"z":4,"y":2,"x":87,"pageNo":0},{"_id":"55969e74c1b7cd24135795c2","itemId":"54a98ec2b993419f28921208","flip":0,"rot":0,"z":5,"y":2,"x":107,"pageNo":0}]}