{"isCreator":false,"contents":[{"_id":"55972e2b25abb120135db075","itemId":"55972da3c1b7cd2413579830","flip":0,"rot":0,"z":0,"y":0,"x":29,"pageNo":0},{"_id":"55972e2b25abb120135db076","itemId":"5564f7ee2ab0380978d96b11","flip":0,"rot":0,"z":1,"y":48,"x":29,"pageNo":0},{"_id":"55972e2b25abb120135db077","itemId":"5561ef46cf7ae2612fe7f4c2","flip":0,"rot":0,"z":2,"y":48,"x":48,"pageNo":0},{"_id":"55972e2b25abb120135db078","itemId":"5561ee3f6127e35d2fcb62b7","flip":0,"rot":0,"z":3,"y":32,"x":28,"pageNo":0},{"_id":"55972e2b25abb120135db079","itemId":"5561efcec75133a44da2269a","flip":0,"rot":0,"z":4,"y":51,"x":7,"pageNo":0}]}