{"isCreator":false,"contents":[{"_id":"60c3d6bdbb261b1ffff38ff2","itemId":"55a7e0510b6ad1054d45999c","flip":0,"rot":0,"z":0,"y":38,"x":10,"pageNo":0},{"_id":"60c3d6bdbb261b1ffff38ff3","itemId":"550608dade7c46d3092052c9","flip":0,"rot":0,"z":1,"y":42,"x":86,"pageNo":0},{"_id":"60c3d6bdbb261b1ffff38ff4","itemId":"5580160b4c58858a36e27ee1","flip":0,"rot":0,"z":2,"y":36,"x":123,"pageNo":0},{"_id":"60c3d6bdbb261b1ffff38ff5","itemId":"53b7219db4e092ca24995d00","flip":0,"rot":0,"z":3,"y":76,"x":10,"pageNo":0},{"_id":"60c3d6bdbb261b1ffff38ff6","itemId":"53a0a527617f1ea72506d983","flip":0,"rot":0,"z":4,"y":38,"x":48,"pageNo":0},{"_id":"60c3d6bdbb261b1ffff38ff7","itemId":"542ef453132d57064a9a3e62","flip":0,"rot":0,"z":5,"y":76,"x":48,"pageNo":0},{"_id":"60c3d6bdbb261b1ffff38ff8","itemId":"549b891ba9de8f0302dff646","flip":0,"rot":0,"z":6,"y":76,"x":86,"pageNo":0},{"_id":"60c3d6bdbb261b1ffff38ff9","itemId":"54b3c91387ea99306e676ca6","flip":0,"rot":0,"z":7,"y":76,"x":124,"pageNo":0},{"_id":"60c3d6bdbb261b1ffff38ffa","itemId":"54b2955c6dfbde096a8cc7bd","flip":0,"rot":0,"z":8,"y":118,"x":121,"pageNo":0},{"_id":"60c3d6bdbb261b1ffff38ffb","itemId":"55a231c3ba02495b7fc5df05","flip":0,"rot":0,"z":9,"y":11,"x":12,"pageNo":0}]}