{"isCreator":false,"contents":[{"_id":"55dcbf31ad38c73a3c45897a","itemId":"55ccacd9aa79915726302b43","flip":0,"rot":0,"z":0,"y":7,"x":4,"pageNo":0},{"_id":"55dcbf31ad38c73a3c45897b","itemId":"55ccbfcd7361455b29fb5595","flip":0,"rot":0,"z":1,"y":8,"x":22,"pageNo":0},{"_id":"55dcbf31ad38c73a3c45897c","itemId":"55ccbff644d3f1312b7d770b","flip":0,"rot":0,"z":2,"y":8,"x":43,"pageNo":0},{"_id":"55dcbf31ad38c73a3c45897d","itemId":"55cd2f2d79879585331eda29","flip":0,"rot":0,"z":3,"y":34,"x":3,"pageNo":0},{"_id":"55dcbf31ad38c73a3c45897e","itemId":"55cd2f53e7690afc0e5eae3e","flip":0,"rot":0,"z":4,"y":36,"x":24,"pageNo":0},{"_id":"55dcbf31ad38c73a3c45897f","itemId":"55cd2f84e7690afc0e5eae40","flip":0,"rot":0,"z":5,"y":35,"x":44,"pageNo":0},{"_id":"55dcbf31ad38c73a3c458980","itemId":"55cd2fa2ccf2cb88334671b2","flip":0,"rot":0,"z":6,"y":34,"x":66,"pageNo":0},{"_id":"55dcbf31ad38c73a3c458981","itemId":"55cd2fcd49d49485326dc007","flip":0,"rot":0,"z":7,"y":33,"x":83,"pageNo":0},{"_id":"55dcbf31ad38c73a3c458982","itemId":"55ccc0399bc25d552a7981de","flip":0,"rot":0,"z":8,"y":9,"x":63,"pageNo":0},{"_id":"55dcbf31ad38c73a3c458983","itemId":"55cd2ff6f62cbf87335fb51c","flip":0,"rot":0,"z":9,"y":35,"x":102,"pageNo":0},{"_id":"55dcbf31ad38c73a3c458984","itemId":"55cd30abc27d4f8132d7f08b","flip":0,"rot":0,"z":10,"y":37,"x":120,"pageNo":0},{"_id":"55dcbf31ad38c73a3c458985","itemId":"55cd3093c27d4f8132d7f089","flip":0,"rot":0,"z":11,"y":37,"x":136,"pageNo":0},{"_id":"55dcbf31ad38c73a3c458986","itemId":"55cd30eaf62cbf87335fb521","flip":0,"rot":0,"z":12,"y":63,"x":3,"pageNo":0},{"_id":"55dcbf31ad38c73a3c458987","itemId":"55cd31103fa8cdff0ea2ad11","flip":0,"rot":0,"z":13,"y":62,"x":26,"pageNo":0},{"_id":"55dcbf31ad38c73a3c458988","itemId":"55cd313ac27d4f8132d7f093","flip":0,"rot":0,"z":14,"y":62,"x":48,"pageNo":0},{"_id":"55dcbf31ad38c73a3c458989","itemId":"55cd315cccf2cb88334671e3","flip":0,"rot":0,"z":15,"y":63,"x":73,"pageNo":0},{"_id":"55dcbf31ad38c73a3c45898a","itemId":"55cd3245ccf2cb88334671ea","flip":0,"rot":0,"z":16,"y":63,"x":94,"pageNo":0},{"_id":"55dcbf31ad38c73a3c45898b","itemId":"55cd39d6dddbc5fe0efbd91e","flip":0,"rot":0,"z":17,"y":64,"x":114,"pageNo":0},{"_id":"55dcbf31ad38c73a3c45898c","itemId":"55ce3e2232898b7c28589295","flip":0,"rot":0,"z":18,"y":64,"x":135,"pageNo":0},{"_id":"55dcbf31ad38c73a3c45898d","itemId":"55ce4a702d076ba44b7638fa","flip":0,"rot":0,"z":19,"y":84,"x":4,"pageNo":0},{"_id":"55dcbf31ad38c73a3c45898e","itemId":"55ccc0962d5e65582afabf60","flip":0,"rot":0,"z":20,"y":9,"x":81,"pageNo":0},{"_id":"55dcbf31ad38c73a3c45898f","itemId":"55cd2e7af62cbf87335fb4f8","flip":0,"rot":0,"z":21,"y":10,"x":100,"pageNo":0},{"_id":"55dcbf31ad38c73a3c458990","itemId":"55cd2ea5e0bf56843323b59c","flip":0,"rot":0,"z":22,"y":10,"x":119,"pageNo":0},{"_id":"55dcbf31ad38c73a3c458991","itemId":"55cd2f04dddbc5fe0efbd8d7","flip":0,"rot":0,"z":23,"y":9,"x":137,"pageNo":0},{"_id":"55dcbf31ad38c73a3c458992","itemId":"55d0fb6a113f0ea32cdc1891","flip":0,"rot":0,"z":24,"y":86,"x":53,"pageNo":0},{"_id":"55dcbf31ad38c73a3c458993","itemId":"55ce5eb4f09fc1304c9639c0","flip":0,"rot":0,"z":25,"y":87,"x":32,"pageNo":0},{"_id":"55dcbf31ad38c73a3c458994","itemId":"55d3b210880751003a94dee7","flip":0,"rot":0,"z":26,"y":86,"x":76,"pageNo":0},{"_id":"55dcbf31ad38c73a3c458995","itemId":"55d7d06f23d7b04473f83773","flip":0,"rot":0,"z":27,"y":76,"x":105,"pageNo":0}]}