{"isCreator":false,"contents":[{"_id":"561f8b57fe4c087711930015","itemId":"560909ca22adc8ef41b46cea","flip":0,"rot":0,"z":0,"y":0,"x":38,"pageNo":0},{"_id":"561f8b57fe4c087711930016","itemId":"5609085a410ee4e242c3caa7","flip":0,"rot":0,"z":1,"y":19,"x":10,"pageNo":0},{"_id":"561f8b57fe4c087711930017","itemId":"56090aee293921af41bce72b","flip":0,"rot":0,"z":2,"y":19,"x":29,"pageNo":0},{"_id":"561f8b57fe4c087711930018","itemId":"56090b8322adc8ef41b46ced","flip":0,"rot":0,"z":3,"y":19,"x":48,"pageNo":0},{"_id":"561f8b57fe4c087711930019","itemId":"56090c223dab5181111e0051","flip":0,"rot":0,"z":4,"y":19,"x":67,"pageNo":0},{"_id":"561f8b57fe4c08771193001a","itemId":"56090d068e1e7ef1418f007f","flip":0,"rot":0,"z":5,"y":38,"x":10,"pageNo":0},{"_id":"561f8b57fe4c08771193001b","itemId":"56090d3e8e1e7ef1418f0080","flip":0,"rot":0,"z":6,"y":38,"x":29,"pageNo":0},{"_id":"561f8b57fe4c08771193001c","itemId":"56090d93410ee4e242c3caae","flip":0,"rot":0,"z":7,"y":38,"x":48,"pageNo":0},{"_id":"561f8b57fe4c08771193001d","itemId":"56090e62293921af41bce73b","flip":0,"rot":0,"z":8,"y":38,"x":67,"pageNo":0},{"_id":"561f8b57fe4c08771193001e","itemId":"56090ec0cadc58ad41ed8eb7","flip":0,"rot":0,"z":9,"y":57,"x":10,"pageNo":0},{"_id":"561f8b57fe4c08771193001f","itemId":"56090eea198505f54146b372","flip":0,"rot":0,"z":10,"y":57,"x":29,"pageNo":0},{"_id":"561f8b57fe4c087711930020","itemId":"56090f28fdc26b7e11054e5d","flip":0,"rot":0,"z":11,"y":57,"x":48,"pageNo":0},{"_id":"561f8b57fe4c087711930021","itemId":"56090f4a22adc8ef41b46cf1","flip":0,"rot":0,"z":12,"y":57,"x":67,"pageNo":0},{"_id":"5620ae9d3bc1a7c735e70a8f","itemId":"560909ca22adc8ef41b46cea","flip":0,"rot":0,"z":0,"y":0,"x":38,"pageNo":1},{"_id":"5620ae9d3bc1a7c735e70a90","itemId":"56090fc05526caab4125e66e","flip":0,"rot":0,"z":1,"y":19,"x":9,"pageNo":1},{"_id":"5620ae9d3bc1a7c735e70a91","itemId":"56090fed5526caab4125e66f","flip":0,"rot":0,"z":2,"y":19,"x":28,"pageNo":1},{"_id":"5620ae9d3bc1a7c735e70a92","itemId":"560910268e1e7ef1418f0084","flip":0,"rot":0,"z":3,"y":17,"x":51,"pageNo":1},{"_id":"5620ae9d3bc1a7c735e70a93","itemId":"56091065f58220ac41bf7a40","flip":0,"rot":0,"z":4,"y":17,"x":70,"pageNo":1},{"_id":"5620ae9d3bc1a7c735e70a94","itemId":"560911555526caab4125e677","flip":0,"rot":0,"z":5,"y":38,"x":10,"pageNo":1},{"_id":"5620ae9d3bc1a7c735e70a95","itemId":"5609118ffdc26b7e11054e65","flip":0,"rot":0,"z":6,"y":36,"x":32,"pageNo":1},{"_id":"5620ae9d3bc1a7c735e70a96","itemId":"560911c34223f080118b31bd","flip":0,"rot":0,"z":7,"y":36,"x":49,"pageNo":1},{"_id":"5620ae9d3bc1a7c735e70a97","itemId":"560911facadc58ad41ed8ec0","flip":0,"rot":0,"z":8,"y":36,"x":68,"pageNo":1},{"_id":"5620ae9d3bc1a7c735e70a98","itemId":"561ca3fbda450d6767cfb561","flip":0,"rot":0,"z":9,"y":57,"x":10,"pageNo":1},{"_id":"5620ae9d3bc1a7c735e70a99","itemId":"561cab38492fc47b6062b6a0","flip":0,"rot":0,"z":10,"y":57,"x":29,"pageNo":1},{"_id":"5620ae9d3bc1a7c735e70a9a","itemId":"561f8815054a9ca81ea5bdee","flip":0,"rot":0,"z":11,"y":54,"x":68,"pageNo":1},{"_id":"5620ae9d3bc1a7c735e70a9b","itemId":"561f8756e3af35fe201c6928","flip":0,"rot":0,"z":12,"y":58,"x":49,"pageNo":1},{"_id":"5630d5a8013e7e5917646bc8","itemId":"561f885b9bf43bae1e9ef24a","flip":0,"rot":0,"z":0,"y":19,"x":10,"pageNo":2},{"_id":"5630d5a8013e7e5917646bc9","itemId":"560909ca22adc8ef41b46cea","flip":0,"rot":0,"z":1,"y":-3,"x":42,"pageNo":2},{"_id":"5630d5a8013e7e5917646bca","itemId":"561f892747c79268118a5a4a","flip":0,"rot":0,"z":2,"y":18,"x":51,"pageNo":2},{"_id":"5630d5a8013e7e5917646bcb","itemId":"561f895d054a9ca81ea5bdf1","flip":0,"rot":0,"z":3,"y":18,"x":70,"pageNo":2},{"_id":"5630d5a8013e7e5917646bcc","itemId":"561f89d307725a6d110df36d","flip":0,"rot":0,"z":4,"y":36,"x":13,"pageNo":2},{"_id":"5630d5a8013e7e5917646bcd","itemId":"561f8a89aa4964721111b9f9","flip":0,"rot":0,"z":5,"y":37,"x":31,"pageNo":2},{"_id":"5630d5a8013e7e5917646bce","itemId":"561f8b8be3af35fe201c6940","flip":0,"rot":0,"z":6,"y":36,"x":47,"pageNo":2},{"_id":"5630d5a8013e7e5917646bcf","itemId":"561f8bf29bf43bae1e9ef25e","flip":0,"rot":0,"z":7,"y":37,"x":69,"pageNo":2},{"_id":"5630d5a8013e7e5917646bd0","itemId":"561f8bc4bf3aa2f920bc710b","flip":0,"rot":0,"z":8,"y":56,"x":14,"pageNo":2},{"_id":"5630d5a8013e7e5917646bd1","itemId":"5620ae8b354830c235b2409c","flip":0,"rot":0,"z":9,"y":54,"x":52,"pageNo":2},{"_id":"5630d5a8013e7e5917646bd2","itemId":"5620ae345f2ab8cd35d579b1","flip":0,"rot":0,"z":10,"y":57,"x":29,"pageNo":2},{"_id":"5630d5a8013e7e5917646bd3","itemId":"561f88efb118b8a31eb2cfde","flip":0,"rot":0,"z":11,"y":19,"x":29,"pageNo":2},{"_id":"5630d5a8013e7e5917646bd4","itemId":"5620aefbe596d5bd33008b28","flip":0,"rot":0,"z":12,"y":57,"x":67,"pageNo":2}]}