{"isCreator":false,"contents":[{"_id":"565b3d83b107a23072c990da","itemId":"561794ed56928aad14a63310","flip":0,"rot":0,"z":0,"y":0,"x":10,"pageNo":0},{"_id":"565b3d83b107a23072c990db","itemId":"565b3bd4ffe6b3274d7d0427","flip":0,"rot":0,"z":1,"y":7,"x":117,"pageNo":0},{"_id":"565b3d83b107a23072c990dc","itemId":"5505188857c64dd850b92fb1","flip":0,"rot":0,"z":2,"y":31,"x":17,"pageNo":0},{"_id":"565b3d83b107a23072c990dd","itemId":"55051871331e3bc30ed46497","flip":0,"rot":0,"z":3,"y":78,"x":25,"pageNo":0}]}