{"isCreator":false,"contents":[{"_id":"565b3b5ba5647b284da2be45","itemId":"56175c7191ec8353544f32a2","flip":0,"rot":0,"z":0,"y":13,"x":119,"pageNo":0},{"_id":"565b3b5ba5647b284da2be46","itemId":"561794dcb1a1b62f13946d32","flip":0,"rot":0,"z":1,"y":7,"x":53,"pageNo":0},{"_id":"565b3b5ba5647b284da2be47","itemId":"565b3b518d8ad82b72f0b824","flip":0,"rot":0,"z":2,"y":41,"x":8,"pageNo":0},{"_id":"565b3b5ba5647b284da2be48","itemId":"5617926d32bfd92e130706ad","flip":0,"rot":0,"z":3,"y":10,"x":10,"pageNo":0}]}