{"isCreator":false,"contents":[{"_id":"565b3d7106ac0ee7436e85bc","itemId":"56175c7191ec8353544f32a2","flip":0,"rot":0,"z":0,"y":9,"x":110,"pageNo":0},{"_id":"565b3d7106ac0ee7436e85bd","itemId":"561794dcb1a1b62f13946d32","flip":0,"rot":0,"z":1,"y":10,"x":48,"pageNo":0},{"_id":"565b3d7106ac0ee7436e85be","itemId":"565b3b518d8ad82b72f0b824","flip":0,"rot":0,"z":2,"y":39,"x":7,"pageNo":0},{"_id":"565b3d7106ac0ee7436e85bf","itemId":"5617926d32bfd92e130706ad","flip":0,"rot":0,"z":3,"y":10,"x":10,"pageNo":0}]}