{"isCreator":false,"contents":[{"_id":"5644c246bb8261af66938f1c","itemId":"55ee5ca921300da9226777d3","flip":0,"rot":0,"z":0,"y":131,"x":38,"pageNo":0},{"_id":"5644c246bb8261af66938f1d","itemId":"54cef996d010242203cd46ae","flip":0,"rot":0,"z":1,"y":119,"x":38,"pageNo":0},{"_id":"5644c246bb8261af66938f1e","itemId":"56179b3688773ebc14935cf0","flip":0,"rot":0,"z":2,"y":19,"x":57,"pageNo":0},{"_id":"5644c246bb8261af66938f1f","itemId":"55b9ad0d4f0527ac378d398e","flip":0,"rot":0,"z":3,"y":36,"x":38,"pageNo":0},{"_id":"5644c246bb8261af66938f20","itemId":"55071383d3691cbb16e461a9","flip":0,"rot":0,"z":4,"y":38,"x":19,"pageNo":0},{"_id":"5644c246bb8261af66938f21","itemId":"561796e432bfd92e130706e2","flip":0,"rot":0,"z":5,"y":70,"x":11,"pageNo":0},{"_id":"5644c246bb8261af66938f22","itemId":"560b36ce31430eb84437e7fb","flip":0,"rot":0,"z":6,"y":70,"x":70,"pageNo":0},{"_id":"5644c246bb8261af66938f23","itemId":"5617522d4ad70b3521e7b3e1","flip":0,"rot":0,"z":7,"y":45,"x":69,"pageNo":0},{"_id":"5644c246bb8261af66938f24","itemId":"5617cad334bcc2591541428b","flip":0,"rot":0,"z":8,"y":67,"x":38,"pageNo":0},{"_id":"5644c246bb8261af66938f25","itemId":"56179492142a4d5a15a78135","flip":0,"rot":0,"z":9,"y":95,"x":10,"pageNo":0},{"_id":"5644c246bb8261af66938f26","itemId":"54e001416a62160e520a0e07","flip":0,"rot":0,"z":10,"y":95,"x":67,"pageNo":0},{"_id":"565b3b0aa3b4ff2d4d57d4f4","itemId":"55ee37be57cd1fa23cc994eb","flip":0,"rot":0,"z":0,"y":95,"x":10,"pageNo":1},{"_id":"565b3b0aa3b4ff2d4d57d4f5","itemId":"55ee418a9ca2ae7021d39f13","flip":0,"rot":0,"z":1,"y":95,"x":67,"pageNo":1},{"_id":"565b3b0aa3b4ff2d4d57d4f6","itemId":"55ee4068b6e8e3a43ce8beb7","flip":0,"rot":0,"z":2,"y":95,"x":38,"pageNo":1},{"_id":"565b3b0aa3b4ff2d4d57d4f7","itemId":"563a324e965f1c746e653952","flip":0,"rot":0,"z":3,"y":66,"x":38,"pageNo":1},{"_id":"565b3b0aa3b4ff2d4d57d4f8","itemId":"5617522d4ad70b3521e7b3e1","flip":0,"rot":0,"z":4,"y":0,"x":10,"pageNo":1},{"_id":"565b3b0aa3b4ff2d4d57d4f9","itemId":"55b9ad0d4f0527ac378d398e","flip":0,"rot":0,"z":5,"y":0,"x":38,"pageNo":1},{"_id":"565b3b0aa3b4ff2d4d57d4fa","itemId":"55071383d3691cbb16e461a9","flip":0,"rot":0,"z":6,"y":0,"x":67,"pageNo":1},{"_id":"565b3b0aa3b4ff2d4d57d4fb","itemId":"55ee5ca921300da9226777d3","flip":0,"rot":0,"z":7,"y":105,"x":11,"pageNo":1},{"_id":"565b3b0aa3b4ff2d4d57d4fc","itemId":"55ee5ca921300da9226777d3","flip":0,"rot":0,"z":8,"y":104,"x":39,"pageNo":1},{"_id":"565b3b0aa3b4ff2d4d57d4fd","itemId":"55ee5ca921300da9226777d3","flip":0,"rot":0,"z":9,"y":105,"x":68,"pageNo":1},{"_id":"565b3b0aa3b4ff2d4d57d4fe","itemId":"56179b3688773ebc14935cf0","flip":0,"rot":0,"z":10,"y":38,"x":57,"pageNo":1}]}