{"isCreator":false,"contents":[{"_id":"565b3b9906ac0ee7436e856a","itemId":"561794ed56928aad14a63310","flip":0,"rot":0,"z":0,"y":0,"x":10,"pageNo":0},{"_id":"565b3b9906ac0ee7436e856b","itemId":"54e166bee33832b16bbab47c","flip":0,"rot":0,"z":1,"y":37,"x":5,"pageNo":0},{"_id":"565b3b9906ac0ee7436e856c","itemId":"5644c1054bab8ebd052851bc","flip":0,"rot":0,"z":2,"y":38,"x":41,"pageNo":0},{"_id":"565b3b9906ac0ee7436e856d","itemId":"55085e4b86ee5cd1092ab89f","flip":0,"rot":0,"z":3,"y":37,"x":67,"pageNo":0},{"_id":"565b3b9906ac0ee7436e856e","itemId":"550796b3c8db6fa115f64897","flip":0,"rot":0,"z":4,"y":39,"x":97,"pageNo":0},{"_id":"565b3b9906ac0ee7436e856f","itemId":"56175e07a383f6053ac18d6b","flip":0,"rot":0,"z":5,"y":7,"x":121,"pageNo":0}]}