{"isCreator":false,"contents":[{"_id":"568fa4a998b8e3d111359e96","itemId":"551c3a6c894ef74b468d690d","flip":0,"rot":0,"z":0,"y":3,"x":4,"pageNo":1},{"_id":"568fa4a998b8e3d111359e97","itemId":"551c451b9dd5a6cb18cdb594","flip":0,"rot":0,"z":1,"y":3,"x":82,"pageNo":1},{"_id":"568fa4a998b8e3d111359e98","itemId":"551c4594a0218215086bcc9c","flip":0,"rot":0,"z":2,"y":3,"x":102,"pageNo":1},{"_id":"568fa4a998b8e3d111359e99","itemId":"551c47cc894ef74b468d6984","flip":0,"rot":0,"z":3,"y":3,"x":122,"pageNo":1},{"_id":"568fa4a998b8e3d111359e9a","itemId":"551da49a3d4fde890c744dc1","flip":0,"rot":0,"z":4,"y":24,"x":2,"pageNo":1},{"_id":"568fa4a998b8e3d111359e9b","itemId":"551dae71a425a7870cd334e6","flip":0,"rot":0,"z":5,"y":24,"x":23,"pageNo":1},{"_id":"568fa4a998b8e3d111359e9c","itemId":"551db35f3d4fde890c744f52","flip":0,"rot":0,"z":6,"y":24,"x":42,"pageNo":1},{"_id":"568fa4a998b8e3d111359e9d","itemId":"551db8ed95d1f75f2b4bc32f","flip":0,"rot":0,"z":7,"y":25,"x":64,"pageNo":1},{"_id":"568fa4a998b8e3d111359e9e","itemId":"551dc4e4eca3fa652bf64f33","flip":0,"rot":0,"z":8,"y":25,"x":85,"pageNo":1},{"_id":"568fa4a998b8e3d111359e9f","itemId":"551dd76f2d85aa4f3aebb333","flip":0,"rot":0,"z":9,"y":25,"x":104,"pageNo":1},{"_id":"568fa4a998b8e3d111359ea0","itemId":"551deb70b77ce64d3a8f18de","flip":0,"rot":0,"z":10,"y":26,"x":127,"pageNo":1},{"_id":"568fa4a998b8e3d111359ea1","itemId":"551dff89a425a7870cd33a86","flip":0,"rot":0,"z":11,"y":47,"x":2,"pageNo":1},{"_id":"568fa4a998b8e3d111359ea2","itemId":"551c3df6bbab46130868a317","flip":0,"rot":0,"z":12,"y":3,"x":24,"pageNo":1},{"_id":"568fa4a998b8e3d111359ea3","itemId":"551efc8cc46d5317081d64ee","flip":0,"rot":0,"z":13,"y":45,"x":106,"pageNo":1},{"_id":"568fa4a998b8e3d111359ea4","itemId":"551e95cdc8a7219d49558412","flip":0,"rot":0,"z":14,"y":45,"x":86,"pageNo":1},{"_id":"568fa4a998b8e3d111359ea5","itemId":"551e0c72b77ce64d3a8f19e3","flip":0,"rot":0,"z":15,"y":46,"x":66,"pageNo":1},{"_id":"568fa4a998b8e3d111359ea6","itemId":"551f0edc95d1f75f2b4bd155","flip":0,"rot":0,"z":16,"y":69,"x":86,"pageNo":1},{"_id":"568fa4a998b8e3d111359ea7","itemId":"551f0b3e77847d1d0802f340","flip":0,"rot":0,"z":17,"y":70,"x":66,"pageNo":1},{"_id":"568fa4a998b8e3d111359ea8","itemId":"551f07eac8a7219d49558740","flip":0,"rot":0,"z":18,"y":70,"x":46,"pageNo":1},{"_id":"568fa4a998b8e3d111359ea9","itemId":"551f039987c9209f49b6cb38","flip":0,"rot":0,"z":19,"y":70,"x":24,"pageNo":1},{"_id":"56d1b8ac06272ee413a03a4b","itemId":"552efbdbef745ae165cbe5e5","flip":0,"rot":0,"z":0,"y":3,"x":3,"pageNo":2},{"_id":"56d1b8ac06272ee413a03a4c","itemId":"552efc326b55d53a51056539","flip":0,"rot":0,"z":1,"y":3,"x":25,"pageNo":2},{"_id":"56d1b8ac06272ee413a03a4d","itemId":"552efc3bd8bde6950e86c04c","flip":0,"rot":0,"z":2,"y":3,"x":47,"pageNo":2},{"_id":"56d1b8ac06272ee413a03a4e","itemId":"552efc50d8bde6950e86c04e","flip":0,"rot":0,"z":3,"y":3,"x":70,"pageNo":2},{"_id":"56d1b8ac06272ee413a03a4f","itemId":"552efca8d274ad2776537303","flip":0,"rot":0,"z":4,"y":3,"x":134,"pageNo":2},{"_id":"56d1b8ac06272ee413a03a50","itemId":"552efc8db7b50a38517fab39","flip":0,"rot":0,"z":5,"y":3,"x":114,"pageNo":2},{"_id":"56d1b8ac06272ee413a03a51","itemId":"552efc6aef745ae165cbe5e6","flip":0,"rot":0,"z":6,"y":3,"x":93,"pageNo":2},{"_id":"56d1b8ac06272ee413a03a52","itemId":"552efcc3ede9332976f24537","flip":0,"rot":0,"z":7,"y":24,"x":1,"pageNo":2},{"_id":"56d1b8ac06272ee413a03a53","itemId":"552efcd56b55d53a5105656e","flip":0,"rot":0,"z":8,"y":24,"x":23,"pageNo":2},{"_id":"56d1b8ac06272ee413a03a54","itemId":"552efce76b55d53a5105656f","flip":0,"rot":0,"z":9,"y":24,"x":43,"pageNo":2},{"_id":"56d1b8ac06272ee413a03a55","itemId":"552efd096b55d53a51056570","flip":0,"rot":0,"z":10,"y":24,"x":64,"pageNo":2},{"_id":"56d1b8ac06272ee413a03a56","itemId":"552efd20ede9332976f2453a","flip":0,"rot":0,"z":11,"y":24,"x":84,"pageNo":2},{"_id":"56d1b8ac06272ee413a03a57","itemId":"552efd377e5f2fe765fddeeb","flip":0,"rot":0,"z":12,"y":24,"x":104,"pageNo":2},{"_id":"56d1b8ac06272ee413a03a58","itemId":"552efd50ede9332976f2453d","flip":0,"rot":0,"z":13,"y":24,"x":124,"pageNo":2},{"_id":"56d1b8ac06272ee413a03a59","itemId":"552efd627e5f2fe765fddeec","flip":0,"rot":0,"z":14,"y":46,"x":2,"pageNo":2},{"_id":"56d1b8ac06272ee413a03a5a","itemId":"552f976bd274ad2776537700","flip":0,"rot":0,"z":15,"y":46,"x":23,"pageNo":2},{"_id":"56d1b8ac06272ee413a03a5b","itemId":"552f977bd274ad2776537701","flip":0,"rot":0,"z":16,"y":45,"x":42,"pageNo":2},{"_id":"56d1b8ac06272ee413a03a5c","itemId":"552f978c3b935f1908f158a8","flip":0,"rot":0,"z":17,"y":46,"x":62,"pageNo":2},{"_id":"56d1b8ac06272ee413a03a5d","itemId":"552f97b6acddba3c51251d33","flip":0,"rot":0,"z":18,"y":46,"x":82,"pageNo":2},{"_id":"56d1b8ac06272ee413a03a5e","itemId":"552f97d5aa1f6e36515eeb0f","flip":0,"rot":0,"z":19,"y":46,"x":103,"pageNo":2},{"_id":"56d1b8ac06272ee413a03a5f","itemId":"552f97ee50043e2576d499a6","flip":0,"rot":0,"z":20,"y":47,"x":125,"pageNo":2},{"_id":"56d1b8ac06272ee413a03a60","itemId":"552f9824516dbc16081ad817","flip":0,"rot":0,"z":21,"y":68,"x":3,"pageNo":2},{"_id":"56d1b8ac06272ee413a03a61","itemId":"552f984eef745ae165cbe700","flip":0,"rot":0,"z":22,"y":67,"x":25,"pageNo":2},{"_id":"56d1b8ac06272ee413a03a62","itemId":"552f9877d274ad2776537705","flip":0,"rot":0,"z":23,"y":67,"x":47,"pageNo":2},{"_id":"56d1b8ac06272ee413a03a63","itemId":"552f988bacddba3c51251d36","flip":0,"rot":0,"z":24,"y":67,"x":70,"pageNo":2},{"_id":"56d1b8ac06272ee413a03a64","itemId":"552f98993521cde565cfa822","flip":0,"rot":0,"z":25,"y":68,"x":92,"pageNo":2},{"_id":"57562baa242bbe1513a756e8","itemId":"520f1e736dc80fb246000034","flip":0,"rot":0,"z":0,"y":3,"x":4,"pageNo":0},{"_id":"57562baa242bbe1513a756e9","itemId":"520f1fa00ddf605e49000031","flip":0,"rot":0,"z":1,"y":3,"x":47,"pageNo":0},{"_id":"57562baa242bbe1513a756ea","itemId":"520f20c1e06f57e47a000033","flip":0,"rot":0,"z":2,"y":3,"x":89,"pageNo":0},{"_id":"57562baa242bbe1513a756eb","itemId":"520f21040ddf605e49000036","flip":0,"rot":0,"z":3,"y":3,"x":131,"pageNo":0},{"_id":"57562baa242bbe1513a756ec","itemId":"520f1ff96d8fe43233000027","flip":0,"rot":0,"z":4,"y":3,"x":68,"pageNo":0},{"_id":"57562baa242bbe1513a756ed","itemId":"520f213f6dc80fb246000038","flip":0,"rot":0,"z":5,"y":26,"x":5,"pageNo":0},{"_id":"57562baa242bbe1513a756ee","itemId":"520f2229d075cc134d00002e","flip":0,"rot":0,"z":6,"y":25,"x":65,"pageNo":0},{"_id":"57562baa242bbe1513a756ef","itemId":"520f23026d8fe4323300002c","flip":0,"rot":0,"z":7,"y":26,"x":108,"pageNo":0},{"_id":"57562baa242bbe1513a756f0","itemId":"520f2337d075cc134d000030","flip":0,"rot":0,"z":8,"y":26,"x":130,"pageNo":0},{"_id":"57562baa242bbe1513a756f1","itemId":"520f23f6e06f57e47a000036","flip":0,"rot":0,"z":9,"y":50,"x":5,"pageNo":0},{"_id":"57562baa242bbe1513a756f2","itemId":"520f207be06f57e47a000032","flip":0,"rot":0,"z":10,"y":2,"x":112,"pageNo":0},{"_id":"57562baa242bbe1513a756f3","itemId":"520f22a1217a6d4e4a00003c","flip":0,"rot":0,"z":11,"y":25,"x":88,"pageNo":0},{"_id":"57562baa242bbe1513a756f4","itemId":"520f25856dc80fb246000039","flip":0,"rot":0,"z":12,"y":47,"x":110,"pageNo":0},{"_id":"57562baa242bbe1513a756f5","itemId":"520f25bd6dc80fb24600003a","flip":0,"rot":0,"z":13,"y":47,"x":131,"pageNo":0},{"_id":"57562baa242bbe1513a756f6","itemId":"520f244e9423311133000033","flip":0,"rot":0,"z":14,"y":49,"x":28,"pageNo":0},{"_id":"57562baa242bbe1513a756f7","itemId":"520f2648d075cc134d000032","flip":0,"rot":0,"z":15,"y":70,"x":49,"pageNo":0},{"_id":"57562baa242bbe1513a756f8","itemId":"520f26929423311133000036","flip":0,"rot":0,"z":16,"y":69,"x":70,"pageNo":0},{"_id":"57562baa242bbe1513a756f9","itemId":"520f25f09423311133000035","flip":0,"rot":0,"z":17,"y":71,"x":5,"pageNo":0},{"_id":"57562baa242bbe1513a756fa","itemId":"520f2625e06f57e47a000037","flip":0,"rot":0,"z":18,"y":70,"x":27,"pageNo":0},{"_id":"57562baa242bbe1513a756fb","itemId":"520f27026dc80fb24600003b","flip":0,"rot":0,"z":19,"y":70,"x":90,"pageNo":0},{"_id":"57562baa242bbe1513a756fc","itemId":"520f24ca9423311133000034","flip":0,"rot":0,"z":20,"y":47,"x":48,"pageNo":0},{"_id":"57562baa242bbe1513a756fd","itemId":"520f25356d8fe4323300002e","flip":0,"rot":0,"z":21,"y":47,"x":90,"pageNo":0},{"_id":"57562baa242bbe1513a756fe","itemId":"520f1eb46d8fe43233000026","flip":0,"rot":0,"z":22,"y":3,"x":26,"pageNo":0},{"_id":"57562baa242bbe1513a756ff","itemId":"520f21e3e06f57e47a000034","flip":0,"rot":0,"z":23,"y":25,"x":45,"pageNo":0},{"_id":"57562baa242bbe1513a75700","itemId":"520f21a76d8fe4323300002b","flip":0,"rot":0,"z":24,"y":25,"x":25,"pageNo":0},{"_id":"57562baa242bbe1513a75701","itemId":"520f250b6d8fe4323300002d","flip":0,"rot":0,"z":25,"y":48,"x":69,"pageNo":0},{"_id":"57562baa242bbe1513a75702","itemId":"550fa5bcb6039f9512ae02dc","flip":0,"rot":0,"z":26,"y":101,"x":92,"pageNo":0},{"_id":"57562baa242bbe1513a75703","itemId":"548de463ffd5f3c665924e8a","flip":0,"rot":0,"z":27,"y":94,"x":52,"pageNo":0},{"_id":"57562baa242bbe1513a75704","itemId":"552bf4dba74b44a4463a7cf7","flip":0,"rot":0,"z":28,"y":93,"x":17,"pageNo":0}]}