{"isCreator":false,"contents":[{"_id":"56dc852c5df7747d14f3fd15","itemId":"56afb5351cbb646b0fa259b3","flip":0,"rot":0,"z":0,"y":-2,"x":7,"pageNo":0},{"_id":"56dc852c5df7747d14f3fd16","itemId":"56afb6a0fcfb631e13d36738","flip":0,"rot":0,"z":1,"y":-2,"x":31,"pageNo":0},{"_id":"56dc852c5df7747d14f3fd17","itemId":"56afb7669e145b2313dd07f0","flip":0,"rot":0,"z":2,"y":-2,"x":54,"pageNo":0},{"_id":"56dc852c5df7747d14f3fd18","itemId":"56afb833fb6d1b7a0fb3603d","flip":0,"rot":0,"z":3,"y":-2,"x":79,"pageNo":0},{"_id":"56dc852c5df7747d14f3fd19","itemId":"56afb88afb6d1b7a0fb3603e","flip":0,"rot":0,"z":4,"y":-2,"x":104,"pageNo":0},{"_id":"56dc852c5df7747d14f3fd1a","itemId":"56afb9645f71b09972db541d","flip":0,"rot":0,"z":5,"y":-2,"x":131,"pageNo":0},{"_id":"56dc852c5df7747d14f3fd1b","itemId":"56afb9e4c602032413d9d7da","flip":0,"rot":0,"z":6,"y":23,"x":7,"pageNo":0},{"_id":"56dc852c5df7747d14f3fd1c","itemId":"56afba41d9d4a6740fcd89e7","flip":0,"rot":0,"z":7,"y":23,"x":31,"pageNo":0},{"_id":"56dc852c5df7747d14f3fd1d","itemId":"56b00285ffe4bb6d0f8a2a0e","flip":0,"rot":0,"z":8,"y":23,"x":56,"pageNo":0},{"_id":"56dc852c5df7747d14f3fd1e","itemId":"56b003067295806e0f14f64f","flip":0,"rot":0,"z":9,"y":22,"x":81,"pageNo":0},{"_id":"56dc852c5df7747d14f3fd1f","itemId":"56b00571ccf70a25137db2c9","flip":0,"rot":0,"z":10,"y":21,"x":106,"pageNo":0},{"_id":"56dc852c5df7747d14f3fd20","itemId":"56b005dd7295806e0f14f657","flip":0,"rot":0,"z":11,"y":22,"x":132,"pageNo":0},{"_id":"56dc852c5df7747d14f3fd21","itemId":"56b006a7ad24a9730f99ece7","flip":0,"rot":0,"z":12,"y":46,"x":8,"pageNo":0},{"_id":"56dc852c5df7747d14f3fd22","itemId":"56b157d01c28952c0c19d117","flip":0,"rot":0,"z":13,"y":46,"x":32,"pageNo":0},{"_id":"56dc852c5df7747d14f3fd23","itemId":"56b669283434fe0c139f3fdb","flip":0,"rot":0,"z":14,"y":47,"x":57,"pageNo":0},{"_id":"56dc852c5df7747d14f3fd24","itemId":"56b669ae1fb787680f5f26d2","flip":0,"rot":0,"z":15,"y":46,"x":83,"pageNo":0},{"_id":"56dc852c5df7747d14f3fd25","itemId":"56b66a12254d1e75142f9de7","flip":0,"rot":0,"z":16,"y":46,"x":107,"pageNo":0},{"_id":"56dc852c5df7747d14f3fd26","itemId":"56b75d184ee2a47d0fa8c678","flip":0,"rot":0,"z":17,"y":69,"x":33,"pageNo":0},{"_id":"56dc852c5df7747d14f3fd27","itemId":"56c63d8aa117f42c1370bc4a","flip":0,"rot":0,"z":18,"y":69,"x":57,"pageNo":0},{"_id":"56dc852c5df7747d14f3fd28","itemId":"56c7c31fc607820f13cc18ff","flip":0,"rot":0,"z":19,"y":69,"x":85,"pageNo":0},{"_id":"56dc852c5df7747d14f3fd29","itemId":"56c7cb371d17476c0ffe604c","flip":0,"rot":0,"z":20,"y":69,"x":109,"pageNo":0},{"_id":"56dc852c5df7747d14f3fd2a","itemId":"56c88a8291f5852e13906710","flip":0,"rot":0,"z":21,"y":70,"x":131,"pageNo":0},{"_id":"56dc852c5df7747d14f3fd2b","itemId":"56cbb9379af561770f447753","flip":0,"rot":0,"z":22,"y":91,"x":7,"pageNo":0},{"_id":"56dc852c5df7747d14f3fd2c","itemId":"56cbb9ebe63eb06c0fd500ff","flip":0,"rot":0,"z":23,"y":46,"x":131,"pageNo":0},{"_id":"56dc852c5df7747d14f3fd2d","itemId":"56cbba7035283a1713f5569d","flip":0,"rot":0,"z":24,"y":69,"x":9,"pageNo":0},{"_id":"56dc852c5df7747d14f3fd2e","itemId":"56dc6cfee0e19b730f947538","flip":0,"rot":0,"z":25,"y":91,"x":31,"pageNo":0},{"_id":"56dc852c5df7747d14f3fd2f","itemId":"56dc8250411f39790f210516","flip":0,"rot":0,"z":26,"y":90,"x":55,"pageNo":0},{"_id":"56dc852c5df7747d14f3fd30","itemId":"56dc82c72bf1633713d998e0","flip":0,"rot":0,"z":27,"y":90,"x":83,"pageNo":0},{"_id":"56dc852c5df7747d14f3fd31","itemId":"56dc83142bf1633713d998e6","flip":0,"rot":0,"z":28,"y":90,"x":110,"pageNo":0},{"_id":"56dc852c5df7747d14f3fd32","itemId":"56dc85132bf1633713d998fb","flip":0,"rot":0,"z":29,"y":91,"x":134,"pageNo":0},{"_id":"57d83e81c83dcf3a13f04d5e","itemId":"5735cfccb6250216134309ca","flip":0,"rot":0,"z":0,"y":-2,"x":3,"pageNo":1},{"_id":"57d83e81c83dcf3a13f04d5f","itemId":"5735d1650b746d2213c83bb3","flip":0,"rot":0,"z":1,"y":-3,"x":94,"pageNo":1},{"_id":"57d83e81c83dcf3a13f04d60","itemId":"5735d1018b76f71c13ad757e","flip":0,"rot":0,"z":2,"y":-4,"x":72,"pageNo":1},{"_id":"57d83e81c83dcf3a13f04d61","itemId":"5735d0a15b5fdb820f5dc71a","flip":0,"rot":0,"z":3,"y":-3,"x":48,"pageNo":1},{"_id":"57d83e81c83dcf3a13f04d62","itemId":"5735d045e87cea780fb0e2ef","flip":0,"rot":0,"z":4,"y":-4,"x":26,"pageNo":1},{"_id":"57d83e81c83dcf3a13f04d63","itemId":"5735d2a9d8233e1c1366225d","flip":0,"rot":0,"z":5,"y":-3,"x":116,"pageNo":1},{"_id":"57d83e81c83dcf3a13f04d64","itemId":"5742fa2ca7258b1a130e8a9d","flip":0,"rot":0,"z":6,"y":20,"x":4,"pageNo":1},{"_id":"57d83e81c83dcf3a13f04d65","itemId":"57d83db0cf9b5a990f67ecec","flip":0,"rot":0,"z":7,"y":20,"x":51,"pageNo":1},{"_id":"57d83e81c83dcf3a13f04d66","itemId":"57d83e4268e9103f133b8c1e","flip":0,"rot":0,"z":8,"y":20,"x":26,"pageNo":1},{"_id":"57d83e81c83dcf3a13f04d67","itemId":"57d83beaa3264d1a1399b9aa","flip":0,"rot":0,"z":9,"y":21,"x":73,"pageNo":1},{"_id":"57d83e81c83dcf3a13f04d68","itemId":"57d83bb4ab1d689e0fd7873c","flip":0,"rot":0,"z":10,"y":23,"x":96,"pageNo":1}]}