{"isCreator":false,"contents":[{"_id":"56affc28ffe4bb6d0f8a29e6","itemId":"56aff785ab47ef740f809385","flip":0,"rot":0,"z":0,"y":-4,"x":6,"pageNo":0},{"_id":"56affc28ffe4bb6d0f8a29e7","itemId":"56aff7eb8d172f8a729dd53c","flip":0,"rot":0,"z":1,"y":-3,"x":44,"pageNo":0},{"_id":"56affc28ffe4bb6d0f8a29e8","itemId":"56aff85fe9db222a13df43b0","flip":0,"rot":0,"z":2,"y":-3,"x":82,"pageNo":0},{"_id":"56affc28ffe4bb6d0f8a29e9","itemId":"56aff89a5f71b09972db5663","flip":0,"rot":0,"z":3,"y":-4,"x":116,"pageNo":0},{"_id":"56affc28ffe4bb6d0f8a29ea","itemId":"56aff8cd5e16217a0f59539f","flip":0,"rot":0,"z":4,"y":16,"x":5,"pageNo":0},{"_id":"56affc28ffe4bb6d0f8a29eb","itemId":"56aff96ebe497b9072f89a77","flip":0,"rot":0,"z":5,"y":15,"x":112,"pageNo":0},{"_id":"56affc28ffe4bb6d0f8a29ec","itemId":"56aff945f544a6790f3890dd","flip":0,"rot":0,"z":6,"y":17,"x":75,"pageNo":0},{"_id":"56affc28ffe4bb6d0f8a29ed","itemId":"56aff91c5e74102413d27988","flip":0,"rot":0,"z":7,"y":16,"x":45,"pageNo":0},{"_id":"56affc28ffe4bb6d0f8a29ee","itemId":"56aff8eeab47ef740f809398","flip":0,"rot":0,"z":8,"y":15,"x":21,"pageNo":0},{"_id":"56affc28ffe4bb6d0f8a29ef","itemId":"56aff9f85f71b09972db566a","flip":0,"rot":0,"z":9,"y":33,"x":7,"pageNo":0},{"_id":"56affc28ffe4bb6d0f8a29f0","itemId":"56affa59fa97047f0f4f6f23","flip":0,"rot":0,"z":10,"y":36,"x":49,"pageNo":0},{"_id":"56affc28ffe4bb6d0f8a29f1","itemId":"56affa9276ba0c750f5d2f33","flip":0,"rot":0,"z":11,"y":36,"x":91,"pageNo":0},{"_id":"56affc28ffe4bb6d0f8a29f2","itemId":"56affad8aa2b49f2124fa566","flip":0,"rot":0,"z":12,"y":63,"x":-5,"pageNo":0},{"_id":"56affc28ffe4bb6d0f8a29f3","itemId":"56affafbe9db222a13df43bd","flip":0,"rot":0,"z":13,"y":63,"x":16,"pageNo":0},{"_id":"56affc28ffe4bb6d0f8a29f4","itemId":"56affb232f3d6d770fe0fe84","flip":0,"rot":0,"z":14,"y":64,"x":53,"pageNo":0},{"_id":"56affc28ffe4bb6d0f8a29f5","itemId":"56affb0cfc2f1b840f92165f","flip":0,"rot":0,"z":15,"y":64,"x":34,"pageNo":0},{"_id":"56affc28ffe4bb6d0f8a29f6","itemId":"56affb3cff8fe16b0f909e6e","flip":0,"rot":0,"z":16,"y":63,"x":72,"pageNo":0},{"_id":"56affc28ffe4bb6d0f8a29f7","itemId":"56affb47aa2b49f2124fa56a","flip":0,"rot":0,"z":17,"y":63,"x":91,"pageNo":0},{"_id":"56affc28ffe4bb6d0f8a29f8","itemId":"56affbb3fa97047f0f4f6f2a","flip":0,"rot":0,"z":18,"y":64,"x":110,"pageNo":0},{"_id":"56affc28ffe4bb6d0f8a29f9","itemId":"56affbbdbe497b9072f89a82","flip":0,"rot":0,"z":19,"y":64,"x":129,"pageNo":0},{"_id":"56affc28ffe4bb6d0f8a29fa","itemId":"56affbc55f71b09972db5675","flip":0,"rot":0,"z":20,"y":83,"x":-4,"pageNo":0},{"_id":"56affc28ffe4bb6d0f8a29fb","itemId":"56affbcf8d172f8a729dd5a5","flip":0,"rot":0,"z":21,"y":84,"x":16,"pageNo":0}]}