{"isCreator":false,"contents":[{"_id":"57217aae12c5cf24136150d6","itemId":"57216d885a2531850f533e35","flip":0,"rot":0,"z":0,"y":-2,"x":7,"pageNo":0},{"_id":"57217aae12c5cf24136150d7","itemId":"57216e2912c5cf24136150aa","flip":0,"rot":0,"z":1,"y":5,"x":52,"pageNo":0},{"_id":"57217aae12c5cf24136150d8","itemId":"57216f9012c5cf24136150b2","flip":0,"rot":0,"z":2,"y":-1,"x":88,"pageNo":0},{"_id":"57217aae12c5cf24136150d9","itemId":"572170585a906331134f085c","flip":0,"rot":0,"z":3,"y":-1,"x":124,"pageNo":0},{"_id":"57217aae12c5cf24136150da","itemId":"57217a9d2815f2ec13040ab1","flip":0,"rot":0,"z":4,"y":17,"x":10,"pageNo":0},{"_id":"57217aae12c5cf24136150db","itemId":"572179e0a61dc219138bcfc8","flip":0,"rot":0,"z":5,"y":17,"x":45,"pageNo":0},{"_id":"57217aae12c5cf24136150dc","itemId":"5721796718c9527a0f8c14c7","flip":0,"rot":0,"z":6,"y":17,"x":75,"pageNo":0}]}