{"isCreator":false,"contents":[{"_id":"5785ffb757c55f22131adc5e","itemId":"5785b7ad2909f32313fcf7cb","flip":0,"rot":0,"z":0,"y":6,"x":6,"pageNo":0},{"_id":"5785ffb757c55f22131adc5f","itemId":"5785b7ccf159ab760f39784e","flip":0,"rot":0,"z":1,"y":11,"x":33,"pageNo":0},{"_id":"5785ffb757c55f22131adc60","itemId":"5785b7e55eaad031134fc0c5","flip":0,"rot":0,"z":2,"y":9,"x":51,"pageNo":0},{"_id":"5785ffb757c55f22131adc61","itemId":"5785cf0415ad311d13d752f9","flip":0,"rot":0,"z":3,"y":10,"x":68,"pageNo":0},{"_id":"5785ffb757c55f22131adc62","itemId":"5785cf310077ef1114871970","flip":0,"rot":0,"z":4,"y":10,"x":86,"pageNo":0},{"_id":"5785ffb757c55f22131adc63","itemId":"5785cf542a25c0800fd81e71","flip":0,"rot":0,"z":5,"y":10,"x":104,"pageNo":0},{"_id":"5785ffb757c55f22131adc64","itemId":"5785cf7992160228132b7886","flip":0,"rot":0,"z":6,"y":9,"x":123,"pageNo":0},{"_id":"5785ffb757c55f22131adc65","itemId":"5785cfa49c388b1e1353460f","flip":0,"rot":0,"z":7,"y":41,"x":7,"pageNo":0},{"_id":"5785ffb757c55f22131adc66","itemId":"5785cfbc2a25c0800fd81e86","flip":0,"rot":0,"z":8,"y":36,"x":30,"pageNo":0},{"_id":"5785ffb757c55f22131adc67","itemId":"5785cfdb8ebecd1913726d32","flip":0,"rot":0,"z":9,"y":38,"x":48,"pageNo":0},{"_id":"5785ffb757c55f22131adc68","itemId":"5785cff192160228132b788c","flip":0,"rot":0,"z":10,"y":39,"x":66,"pageNo":0},{"_id":"5785ffb757c55f22131adc69","itemId":"5785d00a2909f32313fcf8d1","flip":0,"rot":0,"z":11,"y":40,"x":89,"pageNo":0},{"_id":"5785ffb757c55f22131adc6a","itemId":"5785d02b8ebecd1913726d37","flip":0,"rot":0,"z":12,"y":37,"x":106,"pageNo":0},{"_id":"5785ffb757c55f22131adc6b","itemId":"5785d03fa204221f13f4266e","flip":0,"rot":0,"z":13,"y":40,"x":122,"pageNo":0},{"_id":"5785ffb757c55f22131adc6c","itemId":"5785d05fe214031e13df3886","flip":0,"rot":0,"z":14,"y":67,"x":7,"pageNo":0},{"_id":"5785ffb757c55f22131adc6d","itemId":"5785d076e214031e13df3887","flip":0,"rot":0,"z":15,"y":65,"x":26,"pageNo":0},{"_id":"5785ffb757c55f22131adc6e","itemId":"5785d0933fe812850fc0179f","flip":0,"rot":0,"z":16,"y":65,"x":48,"pageNo":0},{"_id":"5785ffb757c55f22131adc6f","itemId":"5785d0ae3fe812850fc017a0","flip":0,"rot":0,"z":17,"y":67,"x":68,"pageNo":0},{"_id":"5785ffb757c55f22131adc70","itemId":"5785d365cb0ccd2813a30c58","flip":0,"rot":0,"z":18,"y":66,"x":86,"pageNo":0},{"_id":"5785ffb757c55f22131adc71","itemId":"5785d0f637f33c1313a29835","flip":0,"rot":0,"z":19,"y":66,"x":104,"pageNo":0},{"_id":"5785ffb757c55f22131adc72","itemId":"5785d1478ebecd1913726d49","flip":0,"rot":0,"z":20,"y":66,"x":126,"pageNo":0},{"_id":"5785ffb757c55f22131adc73","itemId":"5785d11457c55f22131adb4e","flip":0,"rot":0,"z":21,"y":93,"x":8,"pageNo":0},{"_id":"5785ffb757c55f22131adc74","itemId":"5785d1298412691913430bdc","flip":0,"rot":0,"z":22,"y":96,"x":32,"pageNo":0},{"_id":"5785ffb757c55f22131adc75","itemId":"5785d37fae2ca5860f23ae84","flip":0,"rot":0,"z":23,"y":95,"x":50,"pageNo":0},{"_id":"5785ffb757c55f22131adc76","itemId":"5785d3983fe812850fc017dc","flip":0,"rot":0,"z":24,"y":99,"x":69,"pageNo":0},{"_id":"5785ffb757c55f22131adc77","itemId":"5785d3af35b00f1e13fc13cd","flip":0,"rot":0,"z":25,"y":95,"x":86,"pageNo":0}]}