{"isCreator":false,"contents":[{"_id":"58e2d71494da30fb0fcf3907","itemId":"577098f2d4cdb72513100d3a","flip":0,"rot":0,"z":0,"y":56,"x":66,"pageNo":0},{"_id":"58e2d71494da30fb0fcf3908","itemId":"57b13d0ef710ff281338c028","flip":0,"rot":0,"z":1,"y":61,"x":135,"pageNo":0},{"_id":"58e2d71494da30fb0fcf3909","itemId":"57a3f8007609fd24135e7ca1","flip":0,"rot":0,"z":2,"y":-7,"x":-3,"pageNo":0},{"_id":"58e2d71494da30fb0fcf390a","itemId":"52f07b667eb5172f2a0000c6","flip":0,"rot":0,"z":3,"y":7,"x":30,"pageNo":0},{"_id":"58e2d71494da30fb0fcf390b","itemId":"52f1da7a9c500928440000d8","flip":0,"rot":0,"z":4,"y":6,"x":56,"pageNo":0},{"_id":"58e2d71494da30fb0fcf390c","itemId":"575aea22c35a86281392641c","flip":0,"rot":0,"z":5,"y":-15,"x":100,"pageNo":0},{"_id":"58e2d71494da30fb0fcf390d","itemId":"57b1497dde5acc2f13aaeb33","flip":0,"rot":0,"z":6,"y":93,"x":132,"pageNo":0},{"_id":"58e2d71494da30fb0fcf390e","itemId":"55e202e43fa1a9bd0cb6a974","flip":0,"rot":0,"z":7,"y":112,"x":4,"pageNo":0},{"_id":"58e2d71494da30fb0fcf390f","itemId":"57a3f6f4c88947980f38ab8b","flip":0,"rot":0,"z":8,"y":111,"x":24,"pageNo":0},{"_id":"58e2d71494da30fb0fcf3910","itemId":"57a3f77b22763a251389753e","flip":0,"rot":0,"z":9,"y":111,"x":44,"pageNo":0},{"_id":"58e2d71494da30fb0fcf3911","itemId":"578420c97158ce3513df8e4b","flip":0,"rot":0,"z":10,"y":56,"x":1,"pageNo":0},{"_id":"58e2d71494da30fb0fcf3912","itemId":"5699bcf3b2d0dcd411f372a5","flip":0,"rot":0,"z":11,"y":78,"x":16,"pageNo":0},{"_id":"58e2d71494da30fb0fcf3913","itemId":"5521deee87c9209f49b6f1e6","flip":0,"rot":0,"z":12,"y":54,"x":33,"pageNo":0},{"_id":"58e2d71494da30fb0fcf3914","itemId":"57b13cff957c7920134dbdc7","flip":0,"rot":0,"z":13,"y":100,"x":68,"pageNo":0},{"_id":"58e2d71494da30fb0fcf3915","itemId":"57b13cf40abc6c1c13489eb0","flip":0,"rot":0,"z":14,"y":58,"x":109,"pageNo":0},{"_id":"58e2d71494da30fb0fcf3916","itemId":"57b13d5010196721135b2394","flip":0,"rot":0,"z":15,"y":32,"x":133,"pageNo":0},{"_id":"58e2d71494da30fb0fcf3917","itemId":"57b13d30f710ff281338c029","flip":0,"rot":0,"z":16,"y":33,"x":115,"pageNo":0},{"_id":"58e2d71494da30fb0fcf3918","itemId":"55c743716502c6b749e2c26a","flip":0,"rot":0,"z":17,"y":34,"x":96,"pageNo":0},{"_id":"58e2d71494da30fb0fcf3919","itemId":"55de36b63548a7895384e953","flip":0,"rot":0,"z":18,"y":35,"x":79,"pageNo":0},{"_id":"58e2d71494da30fb0fcf391a","itemId":"55c0a5f53e27541a0ca75678","flip":0,"rot":0,"z":19,"y":36,"x":59,"pageNo":0},{"_id":"58e2d71494da30fb0fcf391b","itemId":"55a14fab5af8e4ce76e73874","flip":0,"rot":0,"z":20,"y":35,"x":44,"pageNo":0},{"_id":"58e2d71494da30fb0fcf391c","itemId":"5588fde70c7b7c441d0a2498","flip":0,"rot":0,"z":21,"y":36,"x":29,"pageNo":0},{"_id":"58e2d71494da30fb0fcf391d","itemId":"5596191a03739b5e1215c18f","flip":0,"rot":0,"z":22,"y":36,"x":15,"pageNo":0},{"_id":"58e2d71494da30fb0fcf391e","itemId":"55a0a89d54dd51396ab40572","flip":0,"rot":0,"z":23,"y":34,"x":0,"pageNo":0},{"_id":"58e2d71494da30fb0fcf391f","itemId":"554da6d7c601ef53471632fc","flip":0,"rot":0,"z":24,"y":95,"x":115,"pageNo":0},{"_id":"58e2d71494da30fb0fcf3920","itemId":"54fb5bf93e47badd0974c924","flip":0,"rot":0,"z":25,"y":78,"x":50,"pageNo":0},{"_id":"58e2d71494da30fb0fcf3921","itemId":"5673728d0316bbc250991aeb","flip":0,"rot":0,"z":26,"y":76,"x":89,"pageNo":0},{"_id":"58e2d71494da30fb0fcf3922","itemId":"57ab3a3bb801f92513674001","flip":0,"rot":0,"z":27,"y":6,"x":81,"pageNo":0}]}