{"isCreator":false,"contents":[{"_id":"57f2dd2742c8e33f13951c92","itemId":"57ef0152747f52b70f2f9053","flip":0,"rot":0,"z":0,"y":-4,"x":43,"pageNo":0},{"_id":"57f2dd2742c8e33f13951c93","itemId":"545946094fad95f1190d9f3b","flip":0,"rot":0,"z":1,"y":19,"x":94,"pageNo":0},{"_id":"57f2dd2742c8e33f13951c94","itemId":"57139b86b607891913054ef4","flip":0,"rot":0,"z":2,"y":51,"x":77,"pageNo":0},{"_id":"57f2dd2742c8e33f13951c95","itemId":"57e9e2919a767b341357590d","flip":0,"rot":0,"z":3,"y":-10,"x":71,"pageNo":0},{"_id":"57f2dd2742c8e33f13951c96","itemId":"57e9e3dff6b9b82c1306b88c","flip":0,"rot":0,"z":4,"y":-8,"x":96,"pageNo":0},{"_id":"57f2dd2742c8e33f13951c97","itemId":"55d264876cf3a33e1f6f9fc7","flip":0,"rot":0,"z":5,"y":2,"x":23,"pageNo":0},{"_id":"57f2dd2742c8e33f13951c98","itemId":"57e9ddbf41942ead0f8eb543","flip":0,"rot":0,"z":6,"y":6,"x":0,"pageNo":0},{"_id":"57f2dd2742c8e33f13951c99","itemId":"56acfaa1ade3336a0f739ef8","flip":0,"rot":0,"z":7,"y":2,"x":5,"pageNo":0},{"_id":"57f2dd2742c8e33f13951c9a","itemId":"57ef013c1beaccdd14294198","flip":0,"rot":0,"z":8,"y":-11,"x":19,"pageNo":0},{"_id":"57f2dd2742c8e33f13951c9b","itemId":"53814be16167af213345ead5","flip":0,"rot":0,"z":9,"y":18,"x":41,"pageNo":0},{"_id":"57f2dd2742c8e33f13951c9c","itemId":"5491f2e6da71ee936f31b13e","flip":0,"rot":0,"z":10,"y":20,"x":59,"pageNo":0},{"_id":"57f2dd2742c8e33f13951c9d","itemId":"53a06190026ba7b9229ec0a8","flip":0,"rot":0,"z":11,"y":15,"x":78,"pageNo":0},{"_id":"57f2dd2742c8e33f13951c9e","itemId":"54e0da5ce33832b16bba9899","flip":0,"rot":0,"z":12,"y":1,"x":135,"pageNo":0},{"_id":"57f2dd2742c8e33f13951c9f","itemId":"56af7682066f4f0f13885882","flip":0,"rot":0,"z":13,"y":12,"x":111,"pageNo":0},{"_id":"57f2dd2742c8e33f13951ca0","itemId":"575a2b71d04b382e13e13f03","flip":0,"rot":0,"z":14,"y":17,"x":134,"pageNo":0},{"_id":"57f2dd2742c8e33f13951ca1","itemId":"577554077cad278a0f7db983","flip":0,"rot":0,"z":15,"y":42,"x":109,"pageNo":0},{"_id":"57f2dd2742c8e33f13951ca2","itemId":"52ca37949206ccd77900014c","flip":0,"rot":0,"z":16,"y":58,"x":121,"pageNo":0},{"_id":"57f2dd2742c8e33f13951ca3","itemId":"546c0ccf21bfaa876416d4ee","flip":0,"rot":0,"z":17,"y":35,"x":7,"pageNo":0},{"_id":"57f2dd2742c8e33f13951ca4","itemId":"57a2b8ab00ac8d0b14fb1b87","flip":0,"rot":0,"z":18,"y":60,"x":2,"pageNo":0},{"_id":"57f2dd2742c8e33f13951ca5","itemId":"555bc93508de74c2421337f0","flip":0,"rot":0,"z":19,"y":34,"x":12,"pageNo":0},{"_id":"57f2dd2742c8e33f13951ca6","itemId":"577e7fea91777a28132b6d62","flip":0,"rot":0,"z":20,"y":40,"x":43,"pageNo":0}]}