{"isCreator":false,"contents":[{"_id":"57fc20efb38d9bb10fa81eec","itemId":"5726c517413bf32713ebac03","flip":0,"rot":0,"z":0,"y":13,"x":12,"pageNo":0},{"_id":"57fc20efb38d9bb10fa81eed","itemId":"570c24c7d179d52813fa4a75","flip":0,"rot":0,"z":1,"y":9,"x":36,"pageNo":0},{"_id":"57fc20efb38d9bb10fa81eee","itemId":"56f732da6a756a830fd4afe2","flip":0,"rot":0,"z":2,"y":14,"x":73,"pageNo":0},{"_id":"57fc20efb38d9bb10fa81eef","itemId":"56d37fe91a50c86e0f2cf8b9","flip":0,"rot":0,"z":3,"y":16,"x":107,"pageNo":0},{"_id":"57fc20efb38d9bb10fa81ef0","itemId":"56d37c2184dd4c3513a9fd94","flip":0,"rot":0,"z":4,"y":53,"x":13,"pageNo":0},{"_id":"57fc20efb38d9bb10fa81ef1","itemId":"56ce2c7d7d220d6a0f36de2c","flip":0,"rot":0,"z":5,"y":56,"x":39,"pageNo":0},{"_id":"57fc20efb38d9bb10fa81ef2","itemId":"56cdb27241d96c680f31c847","flip":0,"rot":0,"z":6,"y":56,"x":64,"pageNo":0},{"_id":"57fc20efb38d9bb10fa81ef3","itemId":"56c83af71a29186f0fb75d14","flip":0,"rot":0,"z":7,"y":59,"x":95,"pageNo":0},{"_id":"57fc20efb38d9bb10fa81ef4","itemId":"56c3bd351f6dc8760f329457","flip":0,"rot":0,"z":8,"y":98,"x":14,"pageNo":0},{"_id":"57fc20efb38d9bb10fa81ef5","itemId":"56c2d11585e6d1720f458d01","flip":0,"rot":0,"z":9,"y":100,"x":50,"pageNo":0},{"_id":"57fc20efb38d9bb10fa81ef6","itemId":"56c13c7f8f79d96a0f96e3ff","flip":0,"rot":0,"z":10,"y":101,"x":83,"pageNo":0},{"_id":"57fc20efb38d9bb10fa81ef7","itemId":"56c148cd654ad21713cf9865","flip":0,"rot":0,"z":11,"y":100,"x":117,"pageNo":0},{"_id":"57fc213aec9d37a013160424","itemId":"56c10e0b7e81a4700f32d3b5","flip":0,"rot":0,"z":0,"y":11,"x":8,"pageNo":1},{"_id":"57fc213aec9d37a013160425","itemId":"56c10d2b7e81a4700f32d3b1","flip":0,"rot":0,"z":1,"y":15,"x":38,"pageNo":1},{"_id":"57fc213aec9d37a013160426","itemId":"56c10cb2f0871b7f0fdc8f91","flip":0,"rot":0,"z":2,"y":16,"x":73,"pageNo":1},{"_id":"57fc213aec9d37a013160427","itemId":"56c10c8c4092e617133d0d56","flip":0,"rot":0,"z":3,"y":19,"x":107,"pageNo":1},{"_id":"57fc213aec9d37a013160428","itemId":"56c10c3e654ad21713cf9645","flip":0,"rot":0,"z":4,"y":54,"x":10,"pageNo":1},{"_id":"57fc213aec9d37a013160429","itemId":"56c10b2151a0e2720f4209c7","flip":0,"rot":0,"z":5,"y":57,"x":38,"pageNo":1},{"_id":"57fc213aec9d37a01316042a","itemId":"56c109e03a5ed0710f4136d1","flip":0,"rot":0,"z":6,"y":59,"x":77,"pageNo":1},{"_id":"57fc213aec9d37a01316042b","itemId":"56c109baf0871b7f0fdc8f7e","flip":0,"rot":0,"z":7,"y":59,"x":109,"pageNo":1},{"_id":"57fc213aec9d37a01316042c","itemId":"56a3f0ee189748730f95e19b","flip":0,"rot":0,"z":8,"y":101,"x":25,"pageNo":1},{"_id":"57fc213aec9d37a01316042d","itemId":"56a3f0c38eefe5780f350508","flip":0,"rot":0,"z":9,"y":103,"x":45,"pageNo":1},{"_id":"57fc213aec9d37a01316042e","itemId":"569eca3ba74d76db1117aade","flip":0,"rot":0,"z":10,"y":101,"x":75,"pageNo":1},{"_id":"57fc213aec9d37a01316042f","itemId":"569d67368dd0b5310e17bdd0","flip":0,"rot":0,"z":11,"y":102,"x":106,"pageNo":1},{"_id":"5828f56a8ec265c10fd81f67","itemId":"574fac54209c640d131725c8","flip":0,"rot":0,"z":0,"y":11,"x":10,"pageNo":2},{"_id":"5828f56a8ec265c10fd81f68","itemId":"574793da2d25a82313865fca","flip":0,"rot":0,"z":1,"y":14,"x":39,"pageNo":2},{"_id":"5828f56a8ec265c10fd81f69","itemId":"570ecab44a38870a137958c8","flip":0,"rot":0,"z":2,"y":23,"x":73,"pageNo":2},{"_id":"5828f56a8ec265c10fd81f6a","itemId":"56db236b572aee26130f42c8","flip":0,"rot":0,"z":3,"y":20,"x":98,"pageNo":2},{"_id":"5828f56a8ec265c10fd81f6b","itemId":"573d2536c6d1142a133b100d","flip":0,"rot":0,"z":4,"y":63,"x":17,"pageNo":2},{"_id":"5828f56a8ec265c10fd81f6c","itemId":"572ba429ea62ce1c1388ee67","flip":0,"rot":0,"z":5,"y":68,"x":48,"pageNo":2},{"_id":"5828f56a8ec265c10fd81f6d","itemId":"572ba4193dc04b39132aebe3","flip":0,"rot":0,"z":6,"y":73,"x":79,"pageNo":2},{"_id":"5828f56a8ec265c10fd81f6e","itemId":"572ba400a5dbf2851472ad32","flip":0,"rot":0,"z":7,"y":69,"x":107,"pageNo":2},{"_id":"5828f56a8ec265c10fd81f6f","itemId":"56b7e3de070739670fa413a0","flip":0,"rot":0,"z":8,"y":100,"x":32,"pageNo":2},{"_id":"5828f56a8ec265c10fd81f70","itemId":"56b7a965cd4e546f0faeba08","flip":0,"rot":0,"z":9,"y":103,"x":60,"pageNo":2},{"_id":"5828f56a8ec265c10fd81f71","itemId":"56b67c7c6574837d0f41a26f","flip":0,"rot":0,"z":10,"y":106,"x":97,"pageNo":2},{"_id":"5828f5bdfbf0da3613cb49ff","itemId":"56aff0878f5172171389ad2d","flip":0,"rot":0,"z":0,"y":16,"x":13,"pageNo":3},{"_id":"5828f5bdfbf0da3613cb4a00","itemId":"56acddecfb22222613002581","flip":0,"rot":0,"z":1,"y":15,"x":43,"pageNo":3},{"_id":"5828f5bdfbf0da3613cb4a01","itemId":"56a3f0ee189748730f95e19b","flip":0,"rot":0,"z":2,"y":19,"x":85,"pageNo":3},{"_id":"5828f5bdfbf0da3613cb4a02","itemId":"56a3f0c38eefe5780f350508","flip":0,"rot":0,"z":3,"y":17,"x":115,"pageNo":3},{"_id":"5828f5bdfbf0da3613cb4a03","itemId":"5696c9b2e696e3de70e5c586","flip":0,"rot":0,"z":4,"y":59,"x":24,"pageNo":3},{"_id":"5828f5bdfbf0da3613cb4a04","itemId":"5695df48ccdeaf3d0e6404d9","flip":0,"rot":0,"z":5,"y":64,"x":63,"pageNo":3},{"_id":"5828f5bdfbf0da3613cb4a05","itemId":"569221b9c30848d94228dc74","flip":0,"rot":0,"z":6,"y":64,"x":93,"pageNo":3},{"_id":"5828f5bdfbf0da3613cb4a06","itemId":"569091ba5f1c311b26d6ae70","flip":0,"rot":0,"z":7,"y":99,"x":34,"pageNo":3},{"_id":"5828f5bdfbf0da3613cb4a07","itemId":"568efa4296a98fc42ef3554a","flip":0,"rot":0,"z":8,"y":102,"x":71,"pageNo":3},{"_id":"5828f625625f200d13eda9f3","itemId":"568dd40e411ff14a632c6517","flip":0,"rot":0,"z":0,"y":14,"x":15,"pageNo":4},{"_id":"5828f625625f200d13eda9f4","itemId":"5689ff1ff51e7a2b3ed48b3f","flip":0,"rot":0,"z":1,"y":17,"x":65,"pageNo":4},{"_id":"5828f625625f200d13eda9f5","itemId":"5688da1830a42d896a980aa0","flip":0,"rot":0,"z":2,"y":22,"x":100,"pageNo":4},{"_id":"5828f625625f200d13eda9f6","itemId":"5684352b41d5178e6a9fbe73","flip":0,"rot":0,"z":3,"y":64,"x":19,"pageNo":4},{"_id":"5828f625625f200d13eda9f7","itemId":"568332e15f3cf466158b31ea","flip":0,"rot":0,"z":4,"y":67,"x":64,"pageNo":4},{"_id":"5828f625625f200d13eda9f8","itemId":"56807aec5f3cf466158b22f1","flip":0,"rot":0,"z":5,"y":70,"x":112,"pageNo":4},{"_id":"5828f625625f200d13eda9f9","itemId":"56807a51f33bd7353ec47506","flip":0,"rot":0,"z":6,"y":95,"x":91,"pageNo":4},{"_id":"5828f625625f200d13eda9fa","itemId":"567e3616ecbdfe261d5421c7","flip":0,"rot":0,"z":7,"y":105,"x":41,"pageNo":4},{"_id":"5828f64d625f200d13eda9fc","itemId":"567eda9e55cc6ee111728186","flip":0,"rot":0,"z":0,"y":18,"x":14,"pageNo":5},{"_id":"5828f64d625f200d13eda9fd","itemId":"5674ace144539f524c6892b2","flip":0,"rot":0,"z":1,"y":22,"x":52,"pageNo":5},{"_id":"5828f64d625f200d13eda9fe","itemId":"566e215adc9dc32023168db2","flip":0,"rot":0,"z":2,"y":25,"x":91,"pageNo":5},{"_id":"5828f64d625f200d13eda9ff","itemId":"566caba236b63f635f4882b4","flip":0,"rot":0,"z":3,"y":20,"x":121,"pageNo":5},{"_id":"5828f64d625f200d13edaa00","itemId":"566c788a36b63f635f488115","flip":0,"rot":0,"z":4,"y":68,"x":25,"pageNo":5},{"_id":"5828f64d625f200d13edaa01","itemId":"566b17216cbc916b3229149f","flip":0,"rot":0,"z":5,"y":72,"x":65,"pageNo":5},{"_id":"5828f64d625f200d13edaa02","itemId":"566a30100bb408653204dad5","flip":0,"rot":0,"z":6,"y":74,"x":94,"pageNo":5},{"_id":"5828f64d625f200d13edaa03","itemId":"56625dd002220c8706bb8f3e","flip":0,"rot":0,"z":7,"y":73,"x":129,"pageNo":5},{"_id":"5828f64d625f200d13edaa04","itemId":"5659c751117081a61c593e95","flip":0,"rot":0,"z":8,"y":105,"x":43,"pageNo":5},{"_id":"5828f64d625f200d13edaa05","itemId":"56592e93d88c58141d7ee47b","flip":0,"rot":0,"z":9,"y":105,"x":82,"pageNo":5},{"_id":"5828f64d625f200d13edaa06","itemId":"5658a103019dcd510a63a6f1","flip":0,"rot":0,"z":10,"y":105,"x":117,"pageNo":5},{"_id":"5828f6578ec265c10fd81f7b","itemId":"5655ba0375031a4a713b6575","flip":0,"rot":0,"z":0,"y":17,"x":19,"pageNo":6},{"_id":"5828f6578ec265c10fd81f7c","itemId":"5650e112d341066c697dc9ea","flip":0,"rot":0,"z":1,"y":23,"x":63,"pageNo":6}]}