{"isCreator":false,"contents":[{"_id":"5ab572211f83a913846ffa69","itemId":"57afd370d304b12113663e03","flip":0,"rot":0,"z":0,"y":28,"x":62,"pageNo":4},{"_id":"5ab572211f83a913846ffa6a","itemId":"551c439cbbab46130868a3de","flip":0,"rot":0,"z":1,"y":61,"x":41,"pageNo":4},{"_id":"5ab572211f83a913846ffa6b","itemId":"551c451b9dd5a6cb18cdb594","flip":0,"rot":0,"z":2,"y":61,"x":61,"pageNo":4},{"_id":"5ab572211f83a913846ffa6c","itemId":"551dd76f2d85aa4f3aebb333","flip":0,"rot":0,"z":3,"y":61,"x":0,"pageNo":4},{"_id":"5ab572211f83a913846ffa6d","itemId":"551c3df6bbab46130868a317","flip":0,"rot":0,"z":4,"y":80,"x":1,"pageNo":4},{"_id":"5ab572211f83a913846ffa6e","itemId":"551c3a6c894ef74b468d690d","flip":0,"rot":0,"z":5,"y":60,"x":20,"pageNo":4},{"_id":"5ab572211f83a913846ffa6f","itemId":"551f0b3e77847d1d0802f340","flip":0,"rot":0,"z":6,"y":81,"x":20,"pageNo":4},{"_id":"5ab572211f83a913846ffa70","itemId":"551e04308ed583850ce11ff2","flip":0,"rot":0,"z":7,"y":99,"x":1,"pageNo":4},{"_id":"5ab572211f83a913846ffa71","itemId":"551c3a6c894ef74b468d690d","flip":0,"rot":0,"z":8,"y":98,"x":19,"pageNo":4},{"_id":"5ab572211f83a913846ffa72","itemId":"551dae71a425a7870cd334e6","flip":0,"rot":0,"z":9,"y":99,"x":59,"pageNo":4},{"_id":"5ab572211f83a913846ffa73","itemId":"551e0c72b77ce64d3a8f19e3","flip":0,"rot":0,"z":10,"y":99,"x":39,"pageNo":4},{"_id":"5ab572211f83a913846ffa74","itemId":"551e95cdc8a7219d49558412","flip":0,"rot":0,"z":11,"y":99,"x":76,"pageNo":4},{"_id":"5ab572211f83a913846ffa75","itemId":"568f041cfb88b71d3721e2d3","flip":0,"rot":0,"z":12,"y":66,"x":104,"pageNo":4},{"_id":"5ab5726a3d1efa13967fd39c","itemId":"579a87ddd837f41213340ff3","flip":0,"rot":0,"z":0,"y":4,"x":26,"pageNo":2},{"_id":"5ab5726a3d1efa13967fd39d","itemId":"579d5eb8efc35a211365d62a","flip":0,"rot":0,"z":1,"y":3,"x":6,"pageNo":2},{"_id":"5ab5726a3d1efa13967fd39e","itemId":"577e7fea91777a28132b6d62","flip":0,"rot":0,"z":2,"y":33,"x":4,"pageNo":2},{"_id":"5ab5726a3d1efa13967fd39f","itemId":"5726c517413bf32713ebac03","flip":0,"rot":0,"z":3,"y":61,"x":4,"pageNo":2},{"_id":"5ab5726a3d1efa13967fd3a0","itemId":"57f143fa44bcdf53149b3830","flip":0,"rot":0,"z":4,"y":60,"x":30,"pageNo":2},{"_id":"5ab5726a3d1efa13967fd3a1","itemId":"53e3e7805c0466185230e17c","flip":0,"rot":0,"z":5,"y":8,"x":45,"pageNo":2},{"_id":"5ab5726a3d1efa13967fd3a2","itemId":"5804e531fa4864c713fc0f85","flip":0,"rot":0,"z":6,"y":2,"x":102,"pageNo":2},{"_id":"5ab5726a3d1efa13967fd3a3","itemId":"54d7f98c83e5329b43c2e54d","flip":0,"rot":0,"z":7,"y":38,"x":48,"pageNo":2},{"_id":"5ab5726a3d1efa13967fd3a4","itemId":"578b7bcbcc12e82113de402b","flip":0,"rot":0,"z":8,"y":29,"x":73,"pageNo":2},{"_id":"5ab5726a3d1efa13967fd3a5","itemId":"57894152fa3662840f197c07","flip":0,"rot":0,"z":9,"y":28,"x":96,"pageNo":2},{"_id":"5ab5726a3d1efa13967fd3a6","itemId":"582885a378dd43b30fd78a56","flip":0,"rot":0,"z":10,"y":27,"x":116,"pageNo":2},{"_id":"5ab5726a3d1efa13967fd3a7","itemId":"57e707b891a5e04813c6825f","flip":0,"rot":0,"z":11,"y":63,"x":86,"pageNo":2},{"_id":"5ab5726a3d1efa13967fd3a8","itemId":"57b673956b28682813c3b3b0","flip":0,"rot":0,"z":12,"y":64,"x":109,"pageNo":2},{"_id":"5ab5726a3d1efa13967fd3a9","itemId":"5739dcc6507c0220132da49e","flip":0,"rot":0,"z":13,"y":95,"x":26,"pageNo":2},{"_id":"5ab5726a3d1efa13967fd3aa","itemId":"5739e6f2ea17ec2c13e85319","flip":0,"rot":0,"z":14,"y":93,"x":44,"pageNo":2},{"_id":"5ab5726a3d1efa13967fd3ab","itemId":"57c24cf8884b9a3b13e6ada9","flip":0,"rot":0,"z":15,"y":91,"x":61,"pageNo":2},{"_id":"5ab5726a3d1efa13967fd3ac","itemId":"5764280650c13d1a1359c6dc","flip":0,"rot":0,"z":16,"y":90,"x":79,"pageNo":2},{"_id":"5ab5726a3d1efa13967fd3ad","itemId":"577f567d3f261c7c0fbc9e63","flip":0,"rot":0,"z":17,"y":75,"x":60,"pageNo":2},{"_id":"5ab5726a3d1efa13967fd3ae","itemId":"58730dd61025c345130fa2ba","flip":0,"rot":0,"z":18,"y":91,"x":104,"pageNo":2},{"_id":"5ab5726a3d1efa13967fd3af","itemId":"587326371458f87313fc056b","flip":0,"rot":0,"z":19,"y":93,"x":121,"pageNo":2},{"_id":"5ab5726a3d1efa13967fd3b0","itemId":"581e58df7a625c1e13aaeaa7","flip":0,"rot":0,"z":20,"y":110,"x":0,"pageNo":2},{"_id":"5ab5726a3d1efa13967fd3b1","itemId":"5791887e332c8f7e0fa410ea","flip":0,"rot":0,"z":21,"y":66,"x":128,"pageNo":2},{"_id":"5ab5726a3d1efa13967fd3b2","itemId":"596186880423a19113d8262c","flip":0,"rot":0,"z":22,"y":35,"x":134,"pageNo":2},{"_id":"5ab5726a3d1efa13967fd3b3","itemId":"5807bec7b9b90619137e0a8a","flip":0,"rot":0,"z":23,"y":33,"x":63,"pageNo":2},{"_id":"5ab5726a3d1efa13967fd3b4","itemId":"57f1f699c56b5e1614da30f4","flip":0,"rot":0,"z":24,"y":-1,"x":74,"pageNo":2},{"_id":"5ab5726a3d1efa13967fd3b5","itemId":"56833d448cff37303efef184","flip":0,"rot":0,"z":25,"y":5,"x":54,"pageNo":2},{"_id":"5ab5726a3d1efa13967fd3b6","itemId":"577dc91408537528135fe727","flip":0,"rot":0,"z":26,"y":37,"x":28,"pageNo":2},{"_id":"5ab572c8e46cd61390c47a08","itemId":"5814c3821e82d0b70f30a5ea","flip":0,"rot":0,"z":0,"y":30,"x":1,"pageNo":3},{"_id":"5ab572c8e46cd61390c47a09","itemId":"57ef0967a281da04136f2c6c","flip":0,"rot":0,"z":1,"y":-7,"x":-1,"pageNo":3},{"_id":"5ab572c8e46cd61390c47a0a","itemId":"57f6817a159aeb591371beae","flip":0,"rot":0,"z":2,"y":-3,"x":27,"pageNo":3},{"_id":"5ab572c8e46cd61390c47a0b","itemId":"573f86f8d1f14a7a0f36ed22","flip":0,"rot":0,"z":3,"y":-3,"x":52,"pageNo":3},{"_id":"5ab572c8e46cd61390c47a0c","itemId":"581d00822d3bcd6a136d9f68","flip":0,"rot":0,"z":4,"y":-2,"x":68,"pageNo":3},{"_id":"5ab572c8e46cd61390c47a0d","itemId":"57815472c7052a7f0f7e3ac5","flip":0,"rot":0,"z":5,"y":0,"x":87,"pageNo":3},{"_id":"5ab572c8e46cd61390c47a0e","itemId":"581a88703e6fd2105cd6a460","flip":0,"rot":0,"z":6,"y":0,"x":103,"pageNo":3},{"_id":"5ab572c8e46cd61390c47a0f","itemId":"573f96b45396782c1309f02f","flip":0,"rot":0,"z":7,"y":29,"x":24,"pageNo":3},{"_id":"5ab572c8e46cd61390c47a10","itemId":"575af87ad57c0213131e931c","flip":0,"rot":0,"z":8,"y":28,"x":38,"pageNo":3},{"_id":"5ab572c8e46cd61390c47a11","itemId":"5759e5a170ca173713b4c4d8","flip":0,"rot":0,"z":9,"y":28,"x":59,"pageNo":3},{"_id":"5ab572c8e46cd61390c47a12","itemId":"579d87487dab4426134f7374","flip":0,"rot":0,"z":10,"y":30,"x":81,"pageNo":3},{"_id":"5ab572c8e46cd61390c47a13","itemId":"57b112dc018a748d0fe20dc7","flip":0,"rot":0,"z":11,"y":33,"x":102,"pageNo":3},{"_id":"5ab572c8e46cd61390c47a14","itemId":"57367420a87d3d2213df3772","flip":0,"rot":0,"z":12,"y":30,"x":115,"pageNo":3},{"_id":"5ab572c8e46cd61390c47a15","itemId":"57367429245f6b17132eb7e9","flip":0,"rot":0,"z":13,"y":61,"x":7,"pageNo":3},{"_id":"5ab572c8e46cd61390c47a16","itemId":"5737d542e8194f0f130b794d","flip":0,"rot":0,"z":14,"y":61,"x":33,"pageNo":3},{"_id":"5ab572c8e46cd61390c47a17","itemId":"5739b1c5b177b031138f69c7","flip":0,"rot":0,"z":15,"y":62,"x":58,"pageNo":3},{"_id":"5ab572c8e46cd61390c47a18","itemId":"57369aded5df20f413454e87","flip":0,"rot":0,"z":16,"y":63,"x":81,"pageNo":3},{"_id":"5ab572c8e46cd61390c47a19","itemId":"5873267a76a6868214753d67","flip":0,"rot":0,"z":17,"y":60,"x":102,"pageNo":3},{"_id":"5ab572c8e46cd61390c47a1a","itemId":"58730401ceb619e90ff19603","flip":0,"rot":0,"z":18,"y":66,"x":122,"pageNo":3},{"_id":"5ab572c8e46cd61390c47a1b","itemId":"58744d566aec58da0fed433b","flip":0,"rot":0,"z":19,"y":93,"x":6,"pageNo":3},{"_id":"5ab572c8e46cd61390c47a1c","itemId":"58730d08476f854613b4a37a","flip":0,"rot":0,"z":20,"y":93,"x":28,"pageNo":3},{"_id":"5ab572c8e46cd61390c47a1d","itemId":"57e1af1f77fd263f14fa27aa","flip":0,"rot":0,"z":21,"y":95,"x":49,"pageNo":3},{"_id":"5ab572c8e46cd61390c47a1e","itemId":"57d41af4aea666191380dc06","flip":0,"rot":0,"z":22,"y":89,"x":64,"pageNo":3},{"_id":"5ab572c8e46cd61390c47a1f","itemId":"57ba66f8bf5f772713730609","flip":0,"rot":0,"z":23,"y":95,"x":82,"pageNo":3},{"_id":"5ab572c8e46cd61390c47a20","itemId":"57acdffe835fd8910f06be33","flip":0,"rot":0,"z":24,"y":94,"x":97,"pageNo":3},{"_id":"5ab572c8e46cd61390c47a21","itemId":"595fd7a78a82549713feabb5","flip":0,"rot":0,"z":25,"y":93,"x":109,"pageNo":3},{"_id":"5ab572c8e46cd61390c47a22","itemId":"595fd5e62781bbb0130e6267","flip":0,"rot":0,"z":26,"y":86,"x":137,"pageNo":3},{"_id":"5ab572c8e46cd61390c47a23","itemId":"59d02afc2e3b5d8a13326be9","flip":0,"rot":0,"z":27,"y":37,"x":134,"pageNo":3},{"_id":"5ab572c8e46cd61390c47a24","itemId":"5a614fcf07e133b00f0dfa1c","flip":0,"rot":0,"z":28,"y":8,"x":121,"pageNo":3},{"_id":"5ace9e145caf06135bdf6e89","itemId":"57fd2c742c5f235a144d8d2f","flip":0,"rot":0,"z":0,"y":0,"x":75,"pageNo":1},{"_id":"5ace9e145caf06135bdf6e8a","itemId":"57cf34b57ab3872113793dee","flip":0,"rot":0,"z":1,"y":4,"x":105,"pageNo":1},{"_id":"5ace9e145caf06135bdf6e8b","itemId":"57fd699134c9bf17138af738","flip":0,"rot":0,"z":2,"y":0,"x":92,"pageNo":1},{"_id":"5ace9e145caf06135bdf6e8c","itemId":"57ef2e6e1beaccdd14294352","flip":0,"rot":0,"z":3,"y":30,"x":78,"pageNo":1},{"_id":"5ace9e145caf06135bdf6e8d","itemId":"57e1af1f77fd263f14fa27aa","flip":0,"rot":0,"z":4,"y":1,"x":60,"pageNo":1},{"_id":"5ace9e145caf06135bdf6e8e","itemId":"58717b7651a85622146bb61f","flip":0,"rot":0,"z":5,"y":3,"x":42,"pageNo":1},{"_id":"5ace9e145caf06135bdf6e8f","itemId":"5838e31fef0e1be40f7d17f3","flip":0,"rot":0,"z":6,"y":6,"x":22,"pageNo":1},{"_id":"5ace9e145caf06135bdf6e90","itemId":"583b833ba190255b14ac4117","flip":0,"rot":0,"z":7,"y":5,"x":4,"pageNo":1},{"_id":"5ace9e145caf06135bdf6e91","itemId":"57cff6befc0e2126134d24b3","flip":0,"rot":0,"z":8,"y":33,"x":0,"pageNo":1},{"_id":"5ace9e145caf06135bdf6e92","itemId":"5837714719f2ece40f34b793","flip":0,"rot":0,"z":9,"y":30,"x":17,"pageNo":1},{"_id":"5ace9e145caf06135bdf6e93","itemId":"57e32adcaa6ae3aa0fed02c7","flip":0,"rot":0,"z":10,"y":29,"x":92,"pageNo":1},{"_id":"5ace9e145caf06135bdf6e94","itemId":"584383ba68c64371136d6404","flip":0,"rot":0,"z":11,"y":29,"x":41,"pageNo":1},{"_id":"5ace9e145caf06135bdf6e95","itemId":"57abaeca3e12982c1352b5f4","flip":0,"rot":0,"z":12,"y":28,"x":60,"pageNo":1},{"_id":"5ace9e145caf06135bdf6e96","itemId":"57aba5429896d14b1337db65","flip":0,"rot":0,"z":13,"y":26,"x":109,"pageNo":1},{"_id":"5ace9e145caf06135bdf6e97","itemId":"57aa7efb74162b2213957221","flip":0,"rot":0,"z":14,"y":24,"x":130,"pageNo":1},{"_id":"5ace9e145caf06135bdf6e98","itemId":"583767b10e0ed5701366cda7","flip":0,"rot":0,"z":15,"y":60,"x":5,"pageNo":1},{"_id":"5ace9e145caf06135bdf6e99","itemId":"57e6bf0e89b48a1513dd5ff3","flip":0,"rot":0,"z":16,"y":61,"x":26,"pageNo":1},{"_id":"5ace9e145caf06135bdf6e9a","itemId":"57e84e87d77b101f13eb5a9c","flip":0,"rot":0,"z":17,"y":58,"x":47,"pageNo":1},{"_id":"5ace9e145caf06135bdf6e9b","itemId":"58691ecb2910adc213fa9eb6","flip":0,"rot":0,"z":18,"y":59,"x":74,"pageNo":1},{"_id":"5ace9e145caf06135bdf6e9c","itemId":"58644250f41a77b2136053db","flip":0,"rot":0,"z":19,"y":56,"x":102,"pageNo":1},{"_id":"5ace9e145caf06135bdf6e9d","itemId":"585fadc4a226bbdc0fda2836","flip":0,"rot":0,"z":20,"y":54,"x":129,"pageNo":1},{"_id":"5ace9e145caf06135bdf6e9e","itemId":"585d7b082f996c3513c5b263","flip":0,"rot":0,"z":21,"y":90,"x":3,"pageNo":1},{"_id":"5ace9e145caf06135bdf6e9f","itemId":"584db4e9070824e60fb689d5","flip":0,"rot":0,"z":22,"y":90,"x":23,"pageNo":1},{"_id":"5ace9e145caf06135bdf6ea0","itemId":"5845f26bbc28cee80f91591f","flip":0,"rot":0,"z":23,"y":90,"x":43,"pageNo":1},{"_id":"5ace9e145caf06135bdf6ea1","itemId":"587277eb7bef37721383fe7c","flip":0,"rot":0,"z":24,"y":84,"x":118,"pageNo":1},{"_id":"5ace9e145caf06135bdf6ea2","itemId":"58727a67daa5825413612a64","flip":0,"rot":0,"z":25,"y":86,"x":98,"pageNo":1},{"_id":"5ace9e145caf06135bdf6ea3","itemId":"58727a9da0865d701311f8e5","flip":0,"rot":0,"z":26,"y":81,"x":78,"pageNo":1},{"_id":"5ace9e145caf06135bdf6ea4","itemId":"58727adbec2f1d6e1386f9a7","flip":0,"rot":0,"z":27,"y":82,"x":60,"pageNo":1},{"_id":"5ace9e145caf06135bdf6ea5","itemId":"58744d566aec58da0fed433b","flip":0,"rot":0,"z":28,"y":89,"x":135,"pageNo":1},{"_id":"5ace9e145caf06135bdf6ea6","itemId":"5687f85df51e7a2b3ed46d72","flip":0,"rot":0,"z":29,"y":108,"x":59,"pageNo":1},{"_id":"5b10aa9552a5c20f64cab877","itemId":"5798af78e03a301e139536c4","flip":0,"rot":0,"z":0,"y":38,"x":9,"pageNo":0},{"_id":"5b10aa9552a5c20f64cab878","itemId":"57ec49cd45243f5113308830","flip":0,"rot":0,"z":1,"y":6,"x":88,"pageNo":0},{"_id":"5b10aa9552a5c20f64cab879","itemId":"5839c368074220ea0ff206ed","flip":0,"rot":0,"z":2,"y":8,"x":107,"pageNo":0},{"_id":"5b10aa9552a5c20f64cab87a","itemId":"57f07e9f804a3dfd12b09c5a","flip":0,"rot":0,"z":3,"y":36,"x":121,"pageNo":0},{"_id":"5b10aa9552a5c20f64cab87b","itemId":"57effc441093753613eda440","flip":0,"rot":0,"z":4,"y":34,"x":84,"pageNo":0},{"_id":"5b10aa9552a5c20f64cab87c","itemId":"58288cd9e9c4c64513005b67","flip":0,"rot":0,"z":5,"y":35,"x":102,"pageNo":0},{"_id":"5b10aa9552a5c20f64cab87d","itemId":"569b5a4247d394da11aa3841","flip":0,"rot":0,"z":6,"y":41,"x":120,"pageNo":0},{"_id":"5b10aa9552a5c20f64cab87e","itemId":"54d73d450cd96b7e5893df4b","flip":0,"rot":0,"z":7,"y":61,"x":0,"pageNo":0},{"_id":"5b10aa9552a5c20f64cab87f","itemId":"5776cf581997ab3f133814af","flip":0,"rot":0,"z":8,"y":68,"x":24,"pageNo":0},{"_id":"5b10aa9552a5c20f64cab880","itemId":"57e707b891a5e04813c6825f","flip":0,"rot":0,"z":9,"y":68,"x":42,"pageNo":0},{"_id":"5b10aa9552a5c20f64cab881","itemId":"58730287a2ea18dc0fd4fe21","flip":0,"rot":0,"z":10,"y":59,"x":104,"pageNo":0},{"_id":"5b10aa9552a5c20f64cab882","itemId":"587301551458f87313fc0410","flip":0,"rot":0,"z":11,"y":58,"x":123,"pageNo":0},{"_id":"5b10aa9552a5c20f64cab883","itemId":"587301198be7c6aa14c903c5","flip":0,"rot":0,"z":12,"y":86,"x":0,"pageNo":0},{"_id":"5b10aa9552a5c20f64cab884","itemId":"5872fddaceb619e90ff195c2","flip":0,"rot":0,"z":13,"y":94,"x":36,"pageNo":0},{"_id":"5b10aa9552a5c20f64cab885","itemId":"586b1ffb8ee8ea9613703768","flip":0,"rot":0,"z":14,"y":88,"x":89,"pageNo":0},{"_id":"5b10aa9552a5c20f64cab886","itemId":"58710eb89190d03a130d6fe9","flip":0,"rot":0,"z":15,"y":88,"x":73,"pageNo":0},{"_id":"5b10aa9552a5c20f64cab887","itemId":"586a852cd874f57b1342e251","flip":0,"rot":0,"z":16,"y":93,"x":108,"pageNo":0},{"_id":"5b10aa9552a5c20f64cab888","itemId":"5869aa8f2910adc213faa39a","flip":0,"rot":0,"z":17,"y":85,"x":123,"pageNo":0},{"_id":"5b10aa9552a5c20f64cab889","itemId":"57aabef6a6e3c48c0fb8148f","flip":0,"rot":0,"z":18,"y":106,"x":-9,"pageNo":0},{"_id":"5b10aa9552a5c20f64cab88a","itemId":"55c536c7acc66aef3192685c","flip":0,"rot":0,"z":19,"y":13,"x":79,"pageNo":0},{"_id":"5b10aa9552a5c20f64cab88b","itemId":"5872fe7cc9c8959e142d67f3","flip":0,"rot":0,"z":20,"y":91,"x":18,"pageNo":0},{"_id":"5b10aa9552a5c20f64cab88c","itemId":"5872fb62c9c8959e142d67df","flip":0,"rot":0,"z":21,"y":90,"x":55,"pageNo":0},{"_id":"5b10aa9552a5c20f64cab88d","itemId":"57aa950923fcb027131163f7","flip":0,"rot":0,"z":22,"y":64,"x":53,"pageNo":0},{"_id":"5b10aa9552a5c20f64cab88e","itemId":"5845f26bbc28cee80f91591f","flip":0,"rot":0,"z":23,"y":12,"x":125,"pageNo":0},{"_id":"5b10aa9552a5c20f64cab88f","itemId":"56175eeaa4e14052549beea9","flip":0,"rot":0,"z":24,"y":5,"x":7,"pageNo":0},{"_id":"5b10aa9552a5c20f64cab890","itemId":"5776cf581997ab3f133814af","flip":0,"rot":0,"z":25,"y":-4,"x":34,"pageNo":0},{"_id":"5b10aa9552a5c20f64cab891","itemId":"584b2349817fa7d80fe08561","flip":0,"rot":0,"z":26,"y":-1,"x":49,"pageNo":0},{"_id":"5b10aa9552a5c20f64cab892","itemId":"55ebd5747cf85fb261a3c2fa","flip":0,"rot":0,"z":27,"y":13,"x":-2,"pageNo":0},{"_id":"5b10aa9552a5c20f64cab893","itemId":"579ec513468a8c22134837a4","flip":0,"rot":0,"z":28,"y":15,"x":32,"pageNo":0},{"_id":"5b10aa9552a5c20f64cab894","itemId":"5823e71c81980c47130d0ced","flip":0,"rot":0,"z":29,"y":19,"x":51,"pageNo":0},{"_id":"5b10aa9552a5c20f64cab895","itemId":"57cc38226da306900f88f3d0","flip":0,"rot":0,"z":30,"y":14,"x":68,"pageNo":0},{"_id":"5b10aa9552a5c20f64cab896","itemId":"57d8878868e9103f133b8e4f","flip":0,"rot":0,"z":31,"y":41,"x":27,"pageNo":0},{"_id":"5b10aa9552a5c20f64cab897","itemId":"5763a26f52c694211313082c","flip":0,"rot":0,"z":32,"y":49,"x":47,"pageNo":0},{"_id":"5b10aa9552a5c20f64cab898","itemId":"578d1b3f5427d72013240e9c","flip":0,"rot":0,"z":33,"y":43,"x":61,"pageNo":0},{"_id":"5b10aa9552a5c20f64cab899","itemId":"560814fc5526caab4125e0f6","flip":0,"rot":0,"z":34,"y":59,"x":86,"pageNo":0},{"_id":"5b10aa9552a5c20f64cab89a","itemId":"5ada5b46579e1f6dabf1c515","flip":0,"rot":0,"z":35,"y":115,"x":31,"pageNo":0},{"_id":"5b10aa9552a5c20f64cab89b","itemId":"54ef524a96d8f6fc2cde2825","flip":0,"rot":0,"z":36,"y":117,"x":73,"pageNo":0}]}