{"isCreator":false,"contents":[{"_id":"58d34450c474bf7a1435739e","itemId":"54dcb4a21faa519e46000ac3","flip":0,"rot":0,"z":0,"y":9,"x":129,"pageNo":0},{"_id":"58d34450c474bf7a1435739f","itemId":"5756de3b84d4702a13ad63ec","flip":0,"rot":0,"z":1,"y":54,"x":118,"pageNo":0},{"_id":"58d34450c474bf7a143573a0","itemId":"5756de3b84d4702a13ad63ec","flip":0,"rot":0,"z":2,"y":106,"x":106,"pageNo":0},{"_id":"58d34450c474bf7a143573a1","itemId":"5756de3b84d4702a13ad63ec","flip":0,"rot":0,"z":3,"y":14,"x":92,"pageNo":0},{"_id":"58d34450c474bf7a143573a2","itemId":"5756de3b84d4702a13ad63ec","flip":0,"rot":0,"z":4,"y":24,"x":26,"pageNo":0},{"_id":"58d34450c474bf7a143573a3","itemId":"5756de3b84d4702a13ad63ec","flip":0,"rot":0,"z":5,"y":80,"x":29,"pageNo":0},{"_id":"58d34450c474bf7a143573a4","itemId":"5756de3b84d4702a13ad63ec","flip":0,"rot":0,"z":6,"y":106,"x":11,"pageNo":0},{"_id":"58d34450c474bf7a143573a5","itemId":"5756de3b84d4702a13ad63ec","flip":0,"rot":0,"z":7,"y":31,"x":62,"pageNo":0},{"_id":"58d34450c474bf7a143573a6","itemId":"5756de3b84d4702a13ad63ec","flip":0,"rot":0,"z":8,"y":40,"x":3,"pageNo":0},{"_id":"58d34450c474bf7a143573a7","itemId":"559cdc062fdac9c50eb4fb73","flip":0,"rot":0,"z":9,"y":109,"x":53,"pageNo":0}]}