{"isCreator":false,"contents":[{"_id":"5a3ce63ba67374a513b763d4","itemId":"5713c846fd65302d137e57ca","flip":0,"rot":0,"z":0,"y":-1,"x":0,"pageNo":0},{"_id":"5a3ce63ba67374a513b763d5","itemId":"57a3a4b05affbb1b138f26b2","flip":0,"rot":0,"z":1,"y":20,"x":1,"pageNo":0},{"_id":"5a3ce63ba67374a513b763d6","itemId":"551754f4f9aebf8e0f1b58f2","flip":0,"rot":0,"z":2,"y":50,"x":2,"pageNo":0},{"_id":"5a3ce63ba67374a513b763d7","itemId":"56b39af7a46052730fea5937","flip":0,"rot":0,"z":3,"y":71,"x":3,"pageNo":0},{"_id":"5a3ce63ba67374a513b763d8","itemId":"55156eaccc6231e614e69ffd","flip":0,"rot":0,"z":4,"y":90,"x":2,"pageNo":0},{"_id":"5a3ce63ba67374a513b763d9","itemId":"56b4ffd73540855672f15300","flip":0,"rot":0,"z":5,"y":115,"x":0,"pageNo":0},{"_id":"5a3ce63ba67374a513b763da","itemId":"56bcc4abdb321a5e740169a1","flip":0,"rot":0,"z":6,"y":-1,"x":22,"pageNo":0},{"_id":"5a3ce63ba67374a513b763db","itemId":"57a3a51dbf0928960fca521c","flip":0,"rot":0,"z":7,"y":19,"x":21,"pageNo":0},{"_id":"5a3ce63ba67374a513b763dc","itemId":"5516b033d8a4195a25c8475e","flip":0,"rot":0,"z":8,"y":48,"x":19,"pageNo":0},{"_id":"5a3ce63ba67374a513b763dd","itemId":"56b4c76a7935bcb0146ae99c","flip":0,"rot":0,"z":9,"y":72,"x":21,"pageNo":0},{"_id":"5a3ce63ba67374a513b763de","itemId":"550e672eb6039f9512adfd47","flip":0,"rot":0,"z":10,"y":90,"x":20,"pageNo":0},{"_id":"5a3ce63ba67374a513b763df","itemId":"57610afe082f56760ffbb768","flip":0,"rot":0,"z":11,"y":115,"x":20,"pageNo":0},{"_id":"5a3ce63ba67374a513b763e0","itemId":"592b092bf6c0bdf60f184c66","flip":0,"rot":0,"z":12,"y":116,"x":38,"pageNo":0},{"_id":"5a3ce63ba67374a513b763e1","itemId":"55177638ae6dfe2b214e4e92","flip":0,"rot":0,"z":13,"y":89,"x":38,"pageNo":0},{"_id":"5a3ce63ba67374a513b763e2","itemId":"56ab85e6dc6bbf2413c56463","flip":0,"rot":0,"z":14,"y":73,"x":40,"pageNo":0},{"_id":"5a3ce63ba67374a513b763e3","itemId":"56cd12ff984c171213df7b10","flip":0,"rot":0,"z":15,"y":49,"x":37,"pageNo":0},{"_id":"5a3ce63ba67374a513b763e4","itemId":"5516041715c92f450f2c8ccf","flip":0,"rot":0,"z":16,"y":1,"x":37,"pageNo":0},{"_id":"5a3ce63ba67374a513b763e5","itemId":"55168e80453c5d9608d3c35f","flip":0,"rot":0,"z":17,"y":20,"x":37,"pageNo":0},{"_id":"5a3ce63ba67374a513b763e6","itemId":"575fe90c7d83d31713e20f9d","flip":0,"rot":0,"z":18,"y":1,"x":55,"pageNo":0},{"_id":"5a3ce63ba67374a513b763e7","itemId":"5516a6c0453c5d9608d3c442","flip":0,"rot":0,"z":19,"y":-2,"x":75,"pageNo":0},{"_id":"5a3ce63ba67374a513b763e8","itemId":"55438e7c5366754d1a179b76","flip":0,"rot":0,"z":20,"y":20,"x":53,"pageNo":0},{"_id":"5a3ce63ba67374a513b763e9","itemId":"575fbfd33ca99f2d13ed24c0","flip":0,"rot":0,"z":21,"y":50,"x":57,"pageNo":0},{"_id":"5a3ce63ba67374a513b763ea","itemId":"56ab77f198fc952d13669be4","flip":0,"rot":0,"z":22,"y":70,"x":60,"pageNo":0},{"_id":"5a3ce63ba67374a513b763eb","itemId":"56b4fea7e814e1730f6241b7","flip":0,"rot":0,"z":23,"y":95,"x":57,"pageNo":0},{"_id":"5a3ce63ba67374a513b763ec","itemId":"592b0d04063c1f7113032ae6","flip":0,"rot":0,"z":24,"y":110,"x":57,"pageNo":0},{"_id":"5a3ce63ba67374a513b763ed","itemId":"592b09cdce2103f50f782ff1","flip":0,"rot":0,"z":25,"y":113,"x":77,"pageNo":0},{"_id":"5a3ce63ba67374a513b763ee","itemId":"576141f165a7237c0f04a159","flip":0,"rot":0,"z":26,"y":86,"x":82,"pageNo":0},{"_id":"5a3ce63ba67374a513b763ef","itemId":"551754f4f9aebf8e0f1b58f2","flip":0,"rot":0,"z":27,"y":74,"x":81,"pageNo":0},{"_id":"5a3ce63ba67374a513b763f0","itemId":"575fb070d197db7e0fad51ff","flip":0,"rot":0,"z":28,"y":50,"x":79,"pageNo":0},{"_id":"5a3ce63ba67374a513b763f1","itemId":"56b4fdd07891dd6072eb2b13","flip":0,"rot":0,"z":29,"y":27,"x":79,"pageNo":0},{"_id":"5a3ce63ba67374a513b763f2","itemId":"56ab6c8ac69b103110adcd43","flip":0,"rot":0,"z":30,"y":2,"x":96,"pageNo":0},{"_id":"5a3ce63ba67374a513b763f3","itemId":"550e287014a6800908bb3b18","flip":0,"rot":0,"z":31,"y":25,"x":94,"pageNo":0},{"_id":"5a3ce63ba67374a513b763f4","itemId":"559f603bdc8295be5c081c1f","flip":0,"rot":0,"z":32,"y":49,"x":98,"pageNo":0},{"_id":"5a3ce63ba67374a513b763f5","itemId":"56be289377ea526b0fcb39f2","flip":0,"rot":0,"z":33,"y":60,"x":98,"pageNo":0},{"_id":"5a3ce63ba67374a513b763f6","itemId":"57613fa8b64a2d2713def243","flip":0,"rot":0,"z":34,"y":86,"x":102,"pageNo":0},{"_id":"5a3ce63ba67374a513b763f7","itemId":"592b095a063c1f7113032ac6","flip":0,"rot":0,"z":35,"y":109,"x":97,"pageNo":0},{"_id":"5a3ce63ba67374a513b763f8","itemId":"592b097ef6c0bdf60f184c69","flip":0,"rot":0,"z":36,"y":1,"x":114,"pageNo":0},{"_id":"5a3ce63ba67374a513b763f9","itemId":"59289914f9bb53f60f588137","flip":0,"rot":0,"z":37,"y":19,"x":116,"pageNo":0},{"_id":"5a3ce63ba67374a513b763fa","itemId":"592b0d5af350f3ed0f7255a2","flip":0,"rot":0,"z":38,"y":44,"x":116,"pageNo":0},{"_id":"5a3ce63ba67374a513b763fb","itemId":"592b079ece2103f50f782fd6","flip":0,"rot":0,"z":39,"y":68,"x":117,"pageNo":0},{"_id":"5a3ce63ba67374a513b763fc","itemId":"592b0d376c2084c013b46c66","flip":0,"rot":0,"z":40,"y":91,"x":119,"pageNo":0},{"_id":"5a3ce63ba67374a513b763fd","itemId":"5928978a4f3279ae14f4f1f8","flip":0,"rot":0,"z":41,"y":109,"x":117,"pageNo":0},{"_id":"5a3ce63ba67374a513b763fe","itemId":"592b0c7aea0483f90f8d89fd","flip":0,"rot":0,"z":42,"y":2,"x":131,"pageNo":0},{"_id":"5a3ce63ba67374a513b763ff","itemId":"592b0cb32e67dc72130d2433","flip":0,"rot":0,"z":43,"y":21,"x":131,"pageNo":0},{"_id":"5a3ce63ba67374a513b76400","itemId":"596b8e1ba9b7091a146ddf7e","flip":0,"rot":0,"z":44,"y":35,"x":135,"pageNo":0},{"_id":"5a3ce63ba67374a513b76401","itemId":"5a14a04cb7be72c2136a269d","flip":0,"rot":0,"z":45,"y":57,"x":135,"pageNo":0}]}