{"isCreator":false,"contents":[{"_id":"5861ff112ccb594f13252f28","itemId":"585eddfc10d0b1df0f49b4c0","flip":0,"rot":0,"z":0,"y":8,"x":14,"pageNo":0},{"_id":"5861ff112ccb594f13252f29","itemId":"585f488e7676627213979664","flip":0,"rot":0,"z":1,"y":16,"x":55,"pageNo":0},{"_id":"5861ff112ccb594f13252f2a","itemId":"585f4d3ac6526f7a136d6b58","flip":0,"rot":0,"z":2,"y":9,"x":84,"pageNo":0},{"_id":"5861ff112ccb594f13252f2b","itemId":"5856f70b22f34e8513a28d3c","flip":0,"rot":0,"z":3,"y":13,"x":116,"pageNo":0},{"_id":"5861ff112ccb594f13252f2c","itemId":"5849ac9b9cb94d33133d010a","flip":0,"rot":0,"z":4,"y":47,"x":36,"pageNo":0},{"_id":"5861ff112ccb594f13252f2d","itemId":"584c47b602e891e30f5ad644","flip":0,"rot":0,"z":5,"y":63,"x":10,"pageNo":0},{"_id":"5861ff112ccb594f13252f2e","itemId":"58386795124a2c6e134be6c6","flip":0,"rot":0,"z":6,"y":51,"x":72,"pageNo":0},{"_id":"5861ff112ccb594f13252f2f","itemId":"58338d338cbb3bc013f67dd3","flip":0,"rot":0,"z":7,"y":52,"x":118,"pageNo":0},{"_id":"5861ff112ccb594f13252f30","itemId":"5829de34fa77365b1311e36b","flip":0,"rot":0,"z":8,"y":95,"x":29,"pageNo":0},{"_id":"5861ff112ccb594f13252f31","itemId":"57d8878868e9103f133b8e4f","flip":0,"rot":0,"z":9,"y":92,"x":64,"pageNo":0},{"_id":"5861ff112ccb594f13252f32","itemId":"576add893462451013a3eb6a","flip":0,"rot":0,"z":10,"y":93,"x":97,"pageNo":0},{"_id":"5861ff112ccb594f13252f33","itemId":"569055ba3cb192dd1c6f5a05","flip":0,"rot":0,"z":11,"y":78,"x":120,"pageNo":0},{"_id":"5865e70ddf932fe00fcd724f","itemId":"57b20e96747ae106137e6c97","flip":0,"rot":0,"z":0,"y":12,"x":16,"pageNo":1},{"_id":"5865e70ddf932fe00fcd7250","itemId":"57a3c78ae628438c0ff69fc5","flip":0,"rot":0,"z":1,"y":13,"x":77,"pageNo":1},{"_id":"5865e70ddf932fe00fcd7251","itemId":"579a87ddd837f41213340ff3","flip":0,"rot":0,"z":2,"y":38,"x":22,"pageNo":1},{"_id":"5865e70ddf932fe00fcd7252","itemId":"577dc91408537528135fe727","flip":0,"rot":0,"z":3,"y":30,"x":91,"pageNo":1},{"_id":"5865e70ddf932fe00fcd7253","itemId":"57a20b70fb262c7b0f94c82e","flip":0,"rot":0,"z":4,"y":8,"x":122,"pageNo":1},{"_id":"5865e70ddf932fe00fcd7254","itemId":"5789a5e6df798b7c0f1c61fb","flip":0,"rot":0,"z":5,"y":42,"x":116,"pageNo":1},{"_id":"5865e70ddf932fe00fcd7255","itemId":"5764b4c40f9d79211345d25a","flip":0,"rot":0,"z":6,"y":51,"x":92,"pageNo":1},{"_id":"5865e70ddf932fe00fcd7256","itemId":"5771a0ad6aec15840f1a1489","flip":0,"rot":0,"z":7,"y":68,"x":11,"pageNo":1},{"_id":"5865e70ddf932fe00fcd7257","itemId":"574dfdd55dd2841d13ac0047","flip":0,"rot":0,"z":8,"y":81,"x":116,"pageNo":1},{"_id":"5865e70ddf932fe00fcd7258","itemId":"5682f25567b39b946ae89496","flip":0,"rot":0,"z":9,"y":98,"x":33,"pageNo":1},{"_id":"5865e70ddf932fe00fcd7259","itemId":"566ea1a94832b17005f9b702","flip":0,"rot":0,"z":10,"y":90,"x":89,"pageNo":1},{"_id":"5865e70ddf932fe00fcd725a","itemId":"5766e255cb07890c13fd8798","flip":0,"rot":0,"z":11,"y":84,"x":57,"pageNo":1},{"_id":"5865e70ddf932fe00fcd725b","itemId":"5775c382f51202860ffd1597","flip":0,"rot":0,"z":12,"y":49,"x":57,"pageNo":1},{"_id":"5865e70ddf932fe00fcd725c","itemId":"5828a782415ea14d131ddf9f","flip":0,"rot":0,"z":13,"y":10,"x":43,"pageNo":1},{"_id":"59fa94c52152f9f90fb2e37e","itemId":"574919b3983597890f807db4","flip":0,"rot":0,"z":0,"y":12,"x":16,"pageNo":2},{"_id":"59fa94c52152f9f90fb2e37f","itemId":"573516499f7f744213fb2bfa","flip":0,"rot":0,"z":1,"y":4,"x":119,"pageNo":2},{"_id":"59fa94c52152f9f90fb2e380","itemId":"57319fb52b255a7c0f0c62fe","flip":0,"rot":0,"z":2,"y":24,"x":97,"pageNo":2},{"_id":"59fa94c52152f9f90fb2e381","itemId":"5738b5068914d20f13fbc9f4","flip":0,"rot":0,"z":3,"y":5,"x":75,"pageNo":2},{"_id":"59fa94c52152f9f90fb2e382","itemId":"574137108f8b09850f4ede7b","flip":0,"rot":0,"z":4,"y":24,"x":46,"pageNo":2},{"_id":"59fa94c52152f9f90fb2e383","itemId":"5729caf39b58322813db8a8b","flip":0,"rot":0,"z":5,"y":47,"x":16,"pageNo":2},{"_id":"59fa94c52152f9f90fb2e384","itemId":"572582591cbbec1f13e81afa","flip":0,"rot":0,"z":6,"y":46,"x":121,"pageNo":2},{"_id":"59fa94c52152f9f90fb2e385","itemId":"57231b805cfe2e820fb3c48e","flip":0,"rot":0,"z":7,"y":47,"x":73,"pageNo":2},{"_id":"59fa94c52152f9f90fb2e386","itemId":"571d730c36f52a2113983af1","flip":0,"rot":0,"z":8,"y":74,"x":110,"pageNo":2},{"_id":"59fa94c52152f9f90fb2e387","itemId":"56ddc1329f82c431131a73d7","flip":0,"rot":0,"z":9,"y":65,"x":49,"pageNo":2},{"_id":"59fa94c52152f9f90fb2e388","itemId":"56a3a12772224c6f0f46f35d","flip":0,"rot":0,"z":10,"y":85,"x":16,"pageNo":2},{"_id":"59fa94c52152f9f90fb2e389","itemId":"56a314b45d89336504bdf107","flip":0,"rot":0,"z":11,"y":106,"x":53,"pageNo":2}]}