{"isCreator":false,"contents":[{"_id":"5886e531d510bc7913577490","itemId":"588382ef52697a83138b184d","flip":0,"rot":0,"z":0,"y":8,"x":4,"pageNo":1},{"_id":"5886e531d510bc7913577491","itemId":"5883833976a7ef8413ad4a1f","flip":0,"rot":0,"z":1,"y":13,"x":20,"pageNo":1},{"_id":"5886e531d510bc7913577492","itemId":"5883835d4965d68a13d69bf6","flip":0,"rot":0,"z":2,"y":9,"x":41,"pageNo":1},{"_id":"5886e531d510bc7913577493","itemId":"588383550ee3bde40fb401e2","flip":0,"rot":1,"z":3,"y":12,"x":60,"pageNo":1},{"_id":"5886e531d510bc7913577494","itemId":"5883839fa2f8947d13dc248a","flip":0,"rot":0,"z":4,"y":11,"x":80,"pageNo":1},{"_id":"5886e531d510bc7913577495","itemId":"588383c0f8a10983133818a8","flip":0,"rot":0,"z":5,"y":13,"x":99,"pageNo":1},{"_id":"5886e531d510bc7913577496","itemId":"588383d8a2f8947d13dc24a2","flip":0,"rot":0,"z":6,"y":10,"x":114,"pageNo":1},{"_id":"5886e531d510bc7913577497","itemId":"588383cc20cfe9841346bad0","flip":0,"rot":1,"z":7,"y":12,"x":135,"pageNo":1},{"_id":"5886e531d510bc7913577498","itemId":"5883863be7af733e13aedc5e","flip":0,"rot":0,"z":8,"y":38,"x":19,"pageNo":1},{"_id":"5886e531d510bc7913577499","itemId":"588386c10ee3bde40fb4023a","flip":0,"rot":0,"z":9,"y":79,"x":19,"pageNo":1},{"_id":"5886e531d510bc791357749a","itemId":"58838734a2f8947d13dc250b","flip":0,"rot":0,"z":10,"y":55,"x":21,"pageNo":1},{"_id":"5886e531d510bc791357749b","itemId":"5883878552697a83138b18bb","flip":0,"rot":0,"z":11,"y":38,"x":41,"pageNo":1},{"_id":"5886e531d510bc791357749c","itemId":"588387f87a6b32eb0f0e9523","flip":0,"rot":0,"z":12,"y":40,"x":73,"pageNo":1},{"_id":"5886e531d510bc791357749d","itemId":"5883880952ea3631139966a9","flip":0,"rot":0,"z":13,"y":38,"x":97,"pageNo":1},{"_id":"5886e531d510bc791357749e","itemId":"58838844ecd9188a13377c5c","flip":0,"rot":0,"z":14,"y":77,"x":95,"pageNo":1},{"_id":"5886e531d510bc791357749f","itemId":"58838839ecd9188a13377c5a","flip":0,"rot":0,"z":15,"y":77,"x":78,"pageNo":1},{"_id":"5886e531d510bc79135774a0","itemId":"57e1ea41ea551e341386e5db","flip":0,"rot":0,"z":16,"y":78,"x":44,"pageNo":1},{"_id":"5886e531d510bc79135774a1","itemId":"58838bb60132803d13fd5c98","flip":0,"rot":0,"z":17,"y":40,"x":118,"pageNo":1},{"_id":"5886e531d510bc79135774a2","itemId":"58839eba5fb20d9013bf89a0","flip":0,"rot":0,"z":18,"y":39,"x":136,"pageNo":1},{"_id":"5886e531d510bc79135774a3","itemId":"5883ac335fb20d9013bf8b50","flip":0,"rot":0,"z":19,"y":105,"x":86,"pageNo":1},{"_id":"5886e531d510bc79135774a4","itemId":"5886e4fc2daa72eb0fcea5e4","flip":0,"rot":0,"z":20,"y":106,"x":91,"pageNo":1},{"_id":"5886e531d510bc79135774a5","itemId":"5886e50b9786e77613447ec3","flip":0,"rot":0,"z":21,"y":76,"x":120,"pageNo":1},{"_id":"5a469ba799a4dd8d1341259e","itemId":"58cac3dac03fda0010451a4e","flip":0,"rot":0,"z":0,"y":21,"x":8,"pageNo":4},{"_id":"5a469ba799a4dd8d1341259f","itemId":"58cac49f51fad9fa0f2ad17b","flip":0,"rot":0,"z":1,"y":38,"x":8,"pageNo":4},{"_id":"5a469ba799a4dd8d134125a0","itemId":"592acb89bd3d488013fdd3ce","flip":0,"rot":0,"z":2,"y":57,"x":9,"pageNo":4},{"_id":"5a469ba799a4dd8d134125a1","itemId":"592acbfd6c2084c013b4674f","flip":0,"rot":0,"z":3,"y":20,"x":30,"pageNo":4},{"_id":"5a469ba799a4dd8d134125a2","itemId":"592acbe5bd3d488013fdd3d2","flip":0,"rot":0,"z":4,"y":37,"x":30,"pageNo":4},{"_id":"5a469ba799a4dd8d134125a3","itemId":"592acb8201f2f7b413f04939","flip":0,"rot":0,"z":5,"y":55,"x":29,"pageNo":4},{"_id":"5a469ba799a4dd8d134125a4","itemId":"595594e1cdec047b14dfc7fd","flip":0,"rot":0,"z":6,"y":22,"x":47,"pageNo":4},{"_id":"5a469ba799a4dd8d134125a5","itemId":"595594eb5c7ea6901300bc64","flip":0,"rot":0,"z":7,"y":39,"x":51,"pageNo":4},{"_id":"5a469ba799a4dd8d134125a6","itemId":"595594f67768927113723f9d","flip":0,"rot":0,"z":8,"y":58,"x":50,"pageNo":4},{"_id":"5a469ba799a4dd8d134125a7","itemId":"58b1172815e32e0416428a6d","flip":0,"rot":0,"z":9,"y":86,"x":67,"pageNo":4},{"_id":"5a9b645f31bfe4be0fc816cf","itemId":"5882d702aa43ce5a1305db40","flip":0,"rot":0,"z":0,"y":8,"x":-2,"pageNo":0},{"_id":"5a9b645f31bfe4be0fc816d0","itemId":"5882dc3b33cbe36613878819","flip":0,"rot":3,"z":1,"y":33,"x":22,"pageNo":0},{"_id":"5a9b645f31bfe4be0fc816d1","itemId":"5882e633bc3c039213fb4ee9","flip":0,"rot":0,"z":2,"y":10,"x":112,"pageNo":0},{"_id":"5a9b645f31bfe4be0fc816d2","itemId":"5882d877aa43ce5a1305db5b","flip":0,"rot":3,"z":3,"y":30,"x":96,"pageNo":0},{"_id":"5a9b645f31bfe4be0fc816d3","itemId":"5882e24f48fb29e20fdae2a6","flip":0,"rot":0,"z":4,"y":48,"x":113,"pageNo":0},{"_id":"5a9b645f31bfe4be0fc816d4","itemId":"5882e2773f66b33f1303f119","flip":0,"rot":2,"z":5,"y":48,"x":19,"pageNo":0},{"_id":"5a9b645f31bfe4be0fc816d5","itemId":"5882d95f16b08060137df4da","flip":0,"rot":0,"z":6,"y":67,"x":59,"pageNo":0},{"_id":"5a9b645f31bfe4be0fc816d6","itemId":"5882dff185edb65f137881cc","flip":0,"rot":0,"z":7,"y":114,"x":10,"pageNo":0},{"_id":"5a9b645f31bfe4be0fc816d7","itemId":"5882df5e856e8edc0f7f75cc","flip":0,"rot":0,"z":8,"y":114,"x":29,"pageNo":0},{"_id":"5a9b645f31bfe4be0fc816d8","itemId":"5882dfe626f4a1671391f0b4","flip":0,"rot":0,"z":9,"y":114,"x":48,"pageNo":0},{"_id":"5a9b645f31bfe4be0fc816d9","itemId":"5882dfa5aa43ce5a1305dba1","flip":0,"rot":0,"z":10,"y":95,"x":10,"pageNo":0},{"_id":"5a9b645f31bfe4be0fc816da","itemId":"5882df1b856e8edc0f7f75c8","flip":0,"rot":0,"z":11,"y":93,"x":30,"pageNo":0},{"_id":"5a9b645f31bfe4be0fc816db","itemId":"5882df8e16b08060137df4f9","flip":0,"rot":0,"z":12,"y":93,"x":49,"pageNo":0},{"_id":"5a9b645f31bfe4be0fc816dc","itemId":"588381d85fb20d9013bf87c0","flip":0,"rot":0,"z":13,"y":91,"x":73,"pageNo":0},{"_id":"5a9b645f31bfe4be0fc816dd","itemId":"588381255fb20d9013bf87be","flip":0,"rot":0,"z":14,"y":115,"x":88,"pageNo":0},{"_id":"5a9b645f31bfe4be0fc816de","itemId":"5883813052ea3631139965f7","flip":0,"rot":0,"z":15,"y":95,"x":95,"pageNo":0},{"_id":"5a9b645f31bfe4be0fc816df","itemId":"5882db483f66b33f1303f083","flip":0,"rot":0,"z":16,"y":115,"x":64,"pageNo":0},{"_id":"5a9b645f31bfe4be0fc816e0","itemId":"5886e4c3920dea82133da821","flip":0,"rot":0,"z":17,"y":71,"x":9,"pageNo":0},{"_id":"5a9b645f31bfe4be0fc816e1","itemId":"5882ddf1df4bb9451351597d","flip":0,"rot":0,"z":18,"y":79,"x":111,"pageNo":0},{"_id":"5a9b645f31bfe4be0fc816e2","itemId":"5882dc01aa43ce5a1305db82","flip":0,"rot":0,"z":19,"y":86,"x":124,"pageNo":0},{"_id":"5a9b645f31bfe4be0fc816e3","itemId":"5882d99616b08060137df4dd","flip":0,"rot":0,"z":20,"y":67,"x":114,"pageNo":0},{"_id":"5a9b645f31bfe4be0fc816e4","itemId":"5882da273f66b33f1303f07d","flip":0,"rot":0,"z":21,"y":86,"x":95,"pageNo":0},{"_id":"5a9b645f31bfe4be0fc816e5","itemId":"5882da6133cbe366138787f5","flip":0,"rot":0,"z":22,"y":57,"x":133,"pageNo":0},{"_id":"5a9b645f31bfe4be0fc816e6","itemId":"5882e6838e0a754f130d8510","flip":0,"rot":0,"z":23,"y":10,"x":133,"pageNo":0},{"_id":"5a9b645f31bfe4be0fc816e7","itemId":"5882e427698b7094137488e6","flip":0,"rot":0,"z":24,"y":48,"x":0,"pageNo":0},{"_id":"5a9b645f31bfe4be0fc816e8","itemId":"5882e39365c2aee90f33a768","flip":0,"rot":0,"z":25,"y":51,"x":37,"pageNo":0},{"_id":"5a9b645f31bfe4be0fc816e9","itemId":"5882e21333cbe3661387888c","flip":0,"rot":2,"z":26,"y":45,"x":94,"pageNo":0},{"_id":"5a9b645f31bfe4be0fc816ea","itemId":"5882e0ef26f4a1671391f0bc","flip":0,"rot":0,"z":27,"y":48,"x":67,"pageNo":0},{"_id":"5a9b645f31bfe4be0fc816eb","itemId":"5882e12d3f66b33f1303f110","flip":0,"rot":0,"z":28,"y":49,"x":53,"pageNo":0},{"_id":"5a9b645f31bfe4be0fc816ec","itemId":"5a9b5dc1f6a0925514f941e8","flip":0,"rot":0,"z":29,"y":29,"x":-1,"pageNo":0},{"_id":"5a9b645f31bfe4be0fc816ed","itemId":"5883813e902b69de0ff8b8f4","flip":0,"rot":1,"z":30,"y":95,"x":114,"pageNo":0},{"_id":"5a9b645f31bfe4be0fc816ee","itemId":"5883826f02a5af3713cae730","flip":0,"rot":2,"z":31,"y":113,"x":108,"pageNo":0},{"_id":"5a9b645f31bfe4be0fc816ef","itemId":"5882dd2a33cbe3661387881d","flip":0,"rot":0,"z":32,"y":76,"x":76,"pageNo":0},{"_id":"5a9b645f31bfe4be0fc816f0","itemId":"5882d6d616b08060137df4ce","flip":0,"rot":2,"z":33,"y":10,"x":19,"pageNo":0},{"_id":"5a9b645f31bfe4be0fc816f1","itemId":"5882d6c9a9c0ab62137ada49","flip":0,"rot":0,"z":34,"y":10,"x":57,"pageNo":0},{"_id":"5a9b645f31bfe4be0fc816f2","itemId":"5882d6f385edb65f1378818a","flip":0,"rot":2,"z":35,"y":10,"x":38,"pageNo":0},{"_id":"5a9b645f31bfe4be0fc816f3","itemId":"5882d858a09b5b3913d3ec7a","flip":0,"rot":0,"z":36,"y":29,"x":38,"pageNo":0},{"_id":"5a9b645f31bfe4be0fc816f4","itemId":"5882d801aa43ce5a1305db4c","flip":0,"rot":0,"z":37,"y":29,"x":77,"pageNo":0},{"_id":"5a9b645f31bfe4be0fc816f5","itemId":"5882d837aa43ce5a1305db4f","flip":0,"rot":0,"z":38,"y":29,"x":57,"pageNo":0},{"_id":"5a9b645f31bfe4be0fc816f6","itemId":"5882d908aa43ce5a1305db5d","flip":0,"rot":0,"z":39,"y":69,"x":37,"pageNo":0},{"_id":"5a9b645f31bfe4be0fc816f7","itemId":"5886e62bd510bc79135774ab","flip":0,"rot":0,"z":40,"y":12,"x":94,"pageNo":0},{"_id":"5a9b645f31bfe4be0fc816f8","itemId":"5886e6522daa72eb0fcea5ed","flip":0,"rot":0,"z":41,"y":6,"x":74,"pageNo":0},{"_id":"5a9b64e133bb86b10f10655d","itemId":"5886e62bd510bc79135774ab","flip":0,"rot":0,"z":0,"y":18,"x":49,"pageNo":2},{"_id":"5a9b64e133bb86b10f10655e","itemId":"5886e6522daa72eb0fcea5ed","flip":0,"rot":0,"z":1,"y":19,"x":22,"pageNo":2},{"_id":"5a9b64e133bb86b10f10655f","itemId":"5a9b5f1a96f7e9bd0f4cc8b1","flip":0,"rot":0,"z":2,"y":44,"x":24,"pageNo":2},{"_id":"5a9b64e133bb86b10f106560","itemId":"5a9b5dc1f6a0925514f941e8","flip":0,"rot":0,"z":3,"y":43,"x":56,"pageNo":2},{"_id":"5a9b64f7f6a0925514f94263","itemId":"5886e926e74e326313202d40","flip":0,"rot":0,"z":0,"y":14,"x":8,"pageNo":3},{"_id":"5a9b64f7f6a0925514f94264","itemId":"58872779fe292e7f1336c8f4","flip":0,"rot":0,"z":1,"y":29,"x":38,"pageNo":3},{"_id":"5a9b64f7f6a0925514f94265","itemId":"588814b01cf719e80fe2be5c","flip":0,"rot":0,"z":2,"y":8,"x":59,"pageNo":3},{"_id":"5a9b64f7f6a0925514f94266","itemId":"588819dec103cf7e13dbd10b","flip":0,"rot":0,"z":3,"y":27,"x":58,"pageNo":3},{"_id":"5a9b64f7f6a0925514f94267","itemId":"5886f3559548b0dd0f886d1b","flip":0,"rot":0,"z":4,"y":47,"x":42,"pageNo":3},{"_id":"5a9b64f7f6a0925514f94268","itemId":"58872a752facd6e60f4d0ceb","flip":0,"rot":0,"z":5,"y":50,"x":61,"pageNo":3},{"_id":"5a9b64f7f6a0925514f94269","itemId":"5886f0bd5e2a0475136abe42","flip":0,"rot":0,"z":6,"y":70,"x":40,"pageNo":3},{"_id":"5a9b64f7f6a0925514f9426a","itemId":"588818892d1a607213735c47","flip":0,"rot":0,"z":7,"y":66,"x":60,"pageNo":3},{"_id":"5a9b64f7f6a0925514f9426b","itemId":"5886eddd9786e77613447ee8","flip":0,"rot":0,"z":8,"y":66,"x":79,"pageNo":3},{"_id":"5a9b64f7f6a0925514f9426c","itemId":"588727ea7c73bc5213a4d7a3","flip":0,"rot":0,"z":9,"y":29,"x":76,"pageNo":3},{"_id":"5a9b64f7f6a0925514f9426d","itemId":"58881465ea875b711381d20c","flip":0,"rot":0,"z":10,"y":10,"x":38,"pageNo":3},{"_id":"5a9b64f7f6a0925514f9426e","itemId":"5886ef961dc2637c13ef0a2a","flip":0,"rot":0,"z":11,"y":48,"x":76,"pageNo":3},{"_id":"5a9b64f7f6a0925514f9426f","itemId":"5888147af88fbfdf0f957b1b","flip":0,"rot":0,"z":12,"y":10,"x":78,"pageNo":3},{"_id":"5a9b64f7f6a0925514f94270","itemId":"588729edfe292e7f1336c8f7","flip":0,"rot":0,"z":13,"y":107,"x":20,"pageNo":3},{"_id":"5a9b64f7f6a0925514f94271","itemId":"588729b666543c4613fb9462","flip":0,"rot":0,"z":14,"y":103,"x":51,"pageNo":3},{"_id":"5a9b64f7f6a0925514f94272","itemId":"588829df7bb85de20f9dfb9d","flip":0,"rot":0,"z":15,"y":12,"x":96,"pageNo":3},{"_id":"5a9b64f7f6a0925514f94273","itemId":"5886f2fef4c93f8613957c2f","flip":0,"rot":0,"z":16,"y":33,"x":98,"pageNo":3},{"_id":"5a9b64f7f6a0925514f94274","itemId":"5886f666d2f1346b13bbd075","flip":0,"rot":0,"z":17,"y":50,"x":98,"pageNo":3},{"_id":"5a9b64f7f6a0925514f94275","itemId":"58872925d33ba08613278760","flip":0,"rot":0,"z":18,"y":10,"x":114,"pageNo":3},{"_id":"5a9b64f7f6a0925514f94276","itemId":"58872f27ea875b711381c6ff","flip":0,"rot":0,"z":19,"y":51,"x":116,"pageNo":3},{"_id":"5a9b64f7f6a0925514f94277","itemId":"58872c2fe6be2879138e77b0","flip":0,"rot":0,"z":20,"y":87,"x":113,"pageNo":3},{"_id":"5a9b64f7f6a0925514f94278","itemId":"58873060c103cf7e13dbc5fd","flip":0,"rot":0,"z":21,"y":85,"x":97,"pageNo":3},{"_id":"5a9b64f7f6a0925514f94279","itemId":"588726c8033e4877131d3c4d","flip":0,"rot":0,"z":22,"y":57,"x":0,"pageNo":3},{"_id":"5a9b64f7f6a0925514f9427a","itemId":"5887284bf098324c13538cae","flip":0,"rot":0,"z":23,"y":29,"x":114,"pageNo":3},{"_id":"5a9b64f7f6a0925514f9427b","itemId":"58872f8cea875b711381c700","flip":0,"rot":0,"z":24,"y":67,"x":95,"pageNo":3},{"_id":"5a9b64f7f6a0925514f9427c","itemId":"58872f8cea875b711381c700","flip":0,"rot":0,"z":25,"y":67,"x":114,"pageNo":3},{"_id":"5a9b64f7f6a0925514f9427d","itemId":"588726cf07e2c180134cf753","flip":0,"rot":2,"z":26,"y":57,"x":19,"pageNo":3},{"_id":"5a9b64f7f6a0925514f9427e","itemId":"58872b87b82380e70fb77ab9","flip":0,"rot":0,"z":27,"y":86,"x":10,"pageNo":3},{"_id":"5a9b64f7f6a0925514f9427f","itemId":"5886ea288aa76d6a13d65ed4","flip":0,"rot":0,"z":28,"y":38,"x":10,"pageNo":3},{"_id":"5ada24485ed5956f502a765b","itemId":"5ad22ee247c43c0fb8a943c1","flip":0,"rot":0,"z":0,"y":11,"x":19,"pageNo":5},{"_id":"5ada24485ed5956f502a765c","itemId":"5ad22b11315d7d0fbfb654a3","flip":0,"rot":0,"z":1,"y":32,"x":17,"pageNo":5},{"_id":"5ada24485ed5956f502a765d","itemId":"5ad22d9cb6858a0fb3ded309","flip":0,"rot":0,"z":2,"y":50,"x":16,"pageNo":5},{"_id":"5ada24485ed5956f502a765e","itemId":"5ad230ece542831c52ab1350","flip":0,"rot":0,"z":3,"y":10,"x":42,"pageNo":5},{"_id":"5ada24485ed5956f502a765f","itemId":"5ace291929a76a0fb3b9ba92","flip":0,"rot":0,"z":4,"y":79,"x":20,"pageNo":5},{"_id":"5ada24485ed5956f502a7660","itemId":"5ace294b395a58136a5e8907","flip":0,"rot":0,"z":5,"y":79,"x":43,"pageNo":5},{"_id":"5ada24485ed5956f502a7661","itemId":"5882df1b856e8edc0f7f75c8","flip":0,"rot":0,"z":6,"y":78,"x":73,"pageNo":5},{"_id":"5ada24485ed5956f502a7662","itemId":"5ada1dfcff2c4f6f56d2b5ec","flip":0,"rot":0,"z":7,"y":77,"x":118,"pageNo":5},{"_id":"5ada24485ed5956f502a7663","itemId":"5ad22f31cc88461c461b41c6","flip":0,"rot":0,"z":8,"y":11,"x":68,"pageNo":5},{"_id":"5ada24485ed5956f502a7664","itemId":"5ad230ef1e19ad0fbac88362","flip":0,"rot":0,"z":9,"y":10,"x":88,"pageNo":5},{"_id":"5ada24485ed5956f502a7665","itemId":"5ad22f5a91d0db124baad75d","flip":0,"rot":1,"z":10,"y":31,"x":68,"pageNo":5},{"_id":"5ada24485ed5956f502a7666","itemId":"5ad22f5a91d0db124baad75d","flip":0,"rot":1,"z":11,"y":33,"x":65,"pageNo":5},{"_id":"5ada24485ed5956f502a7667","itemId":"5ace2a0ad86a01133634589a","flip":0,"rot":0,"z":12,"y":105,"x":24,"pageNo":5},{"_id":"5ada24485ed5956f502a7668","itemId":"5ace29db02f7050fb9f2a63c","flip":0,"rot":0,"z":13,"y":104,"x":50,"pageNo":5},{"_id":"5ada24485ed5956f502a7669","itemId":"5ace28d02d716f1329a9aa42","flip":0,"rot":0,"z":14,"y":46,"x":101,"pageNo":5}]}