{"isCreator":false,"contents":[{"_id":"5a891ce29798a86a1335a13b","itemId":"57a898803d940f950f409d8e","flip":0,"rot":0,"z":0,"y":132,"x":0,"pageNo":4},{"_id":"5a891ce29798a86a1335a13c","itemId":"57a884fd27efaa1613e3b5c8","flip":0,"rot":0,"z":1,"y":133,"x":19,"pageNo":4},{"_id":"5a891ce29798a86a1335a13d","itemId":"57a8c907dd1ef22513439dcb","flip":0,"rot":1,"z":2,"y":133,"x":40,"pageNo":4},{"_id":"5a891ce29798a86a1335a13e","itemId":"57a9d34e193b2f850f9b3d38","flip":0,"rot":1,"z":3,"y":133,"x":61,"pageNo":4},{"_id":"5a891ce29798a86a1335a13f","itemId":"57e6bb5489b48a1513dd5fd7","flip":0,"rot":0,"z":4,"y":115,"x":3,"pageNo":4},{"_id":"5a891ce29798a86a1335a140","itemId":"57a884fd27efaa1613e3b5c8","flip":0,"rot":0,"z":5,"y":110,"x":19,"pageNo":4},{"_id":"5a891ce29798a86a1335a141","itemId":"57e40edf34ddc7b713575bfd","flip":0,"rot":0,"z":6,"y":114,"x":38,"pageNo":4},{"_id":"5a891ce29798a86a1335a142","itemId":"57fe0504ffd9234613428a05","flip":0,"rot":0,"z":7,"y":59,"x":-1,"pageNo":4},{"_id":"5a891ce29798a86a1335a143","itemId":"573b6ba9d7fc2132139e96bb","flip":0,"rot":0,"z":8,"y":57,"x":18,"pageNo":4},{"_id":"5a891ce29798a86a1335a144","itemId":"57ff2c795d3fefac13260f8e","flip":0,"rot":0,"z":9,"y":57,"x":42,"pageNo":4},{"_id":"5a891ce29798a86a1335a145","itemId":"57fe0226e2a2fcff12ee1111","flip":0,"rot":0,"z":10,"y":58,"x":56,"pageNo":4},{"_id":"5a891ce29798a86a1335a146","itemId":"573b6ba9d7fc2132139e96bb","flip":0,"rot":0,"z":11,"y":58,"x":79,"pageNo":4},{"_id":"5a891ce29798a86a1335a147","itemId":"57fe00a90334da4f133cec0c","flip":0,"rot":0,"z":12,"y":57,"x":95,"pageNo":4},{"_id":"5a891ce29798a86a1335a148","itemId":"57fe041cc10a7f4713874eb1","flip":0,"rot":0,"z":13,"y":38,"x":0,"pageNo":4},{"_id":"5a891ce29798a86a1335a149","itemId":"57fe05e70c16bd2313646f9f","flip":0,"rot":0,"z":14,"y":38,"x":21,"pageNo":4},{"_id":"5a891ce29798a86a1335a14a","itemId":"57fe02fd137d0b28133245a9","flip":0,"rot":0,"z":15,"y":38,"x":42,"pageNo":4},{"_id":"5a891ce29798a86a1335a14b","itemId":"57fdef98e188de4013f9ce96","flip":0,"rot":0,"z":16,"y":21,"x":1,"pageNo":4},{"_id":"5a891ce29798a86a1335a14c","itemId":"57fdefcd0dfef7b10f2eec26","flip":0,"rot":0,"z":17,"y":17,"x":22,"pageNo":4},{"_id":"5a891ce29798a86a1335a14d","itemId":"57fdef48e136bef813a251e5","flip":0,"rot":0,"z":18,"y":19,"x":37,"pageNo":4},{"_id":"5a891ce29798a86a1335a14e","itemId":"57fdf0bb59894fac0fb1430f","flip":0,"rot":0,"z":19,"y":19,"x":58,"pageNo":4},{"_id":"5a891ce29798a86a1335a14f","itemId":"57fdf06572115d4b13e2d0ce","flip":0,"rot":0,"z":20,"y":17,"x":73,"pageNo":4},{"_id":"5a891ce29798a86a1335a150","itemId":"57fdf095e188de4013f9ce98","flip":0,"rot":0,"z":21,"y":19,"x":95,"pageNo":4},{"_id":"5a891ce29798a86a1335a151","itemId":"57fde77ce2adc6fa13e048cb","flip":0,"rot":0,"z":22,"y":18,"x":129,"pageNo":4},{"_id":"5a891ce29798a86a1335a152","itemId":"57fe05e70c16bd2313646f9f","flip":0,"rot":0,"z":23,"y":0,"x":-1,"pageNo":4},{"_id":"5a891ce29798a86a1335a153","itemId":"580095c083da615713e85e81","flip":0,"rot":0,"z":24,"y":1,"x":18,"pageNo":4},{"_id":"5a891ce29798a86a1335a154","itemId":"57fdeeef72115d4b13e2d0c8","flip":0,"rot":0,"z":25,"y":0,"x":76,"pageNo":4},{"_id":"5a891ce29798a86a1335a155","itemId":"57fde3f24ab40cb60fcdfe86","flip":0,"rot":0,"z":26,"y":0,"x":57,"pageNo":4},{"_id":"5a891ce29798a86a1335a156","itemId":"5a89116f65bc2647131ff604","flip":0,"rot":0,"z":27,"y":0,"x":0,"pageNo":4},{"_id":"5a891ce29798a86a1335a157","itemId":"5a89121877e169ac0f1a969e","flip":0,"rot":0,"z":28,"y":1,"x":20,"pageNo":4},{"_id":"5a891ce29798a86a1335a158","itemId":"5a89116f65bc2647131ff604","flip":0,"rot":0,"z":29,"y":55,"x":0,"pageNo":4},{"_id":"5a891ce29798a86a1335a159","itemId":"5a89116f65bc2647131ff604","flip":0,"rot":0,"z":30,"y":37,"x":2,"pageNo":4},{"_id":"5a891ce29798a86a1335a15a","itemId":"5a89116f65bc2647131ff604","flip":0,"rot":0,"z":31,"y":57,"x":18,"pageNo":4},{"_id":"5a891ce29798a86a1335a15b","itemId":"5a89116f65bc2647131ff604","flip":0,"rot":0,"z":32,"y":38,"x":19,"pageNo":4},{"_id":"5a891ce29798a86a1335a15c","itemId":"5a89116f65bc2647131ff604","flip":0,"rot":0,"z":33,"y":58,"x":38,"pageNo":4},{"_id":"5a891ce29798a86a1335a15d","itemId":"5a89116f65bc2647131ff604","flip":0,"rot":0,"z":34,"y":38,"x":36,"pageNo":4},{"_id":"5a891ce29798a86a1335a15e","itemId":"5a89116f65bc2647131ff604","flip":0,"rot":0,"z":35,"y":56,"x":60,"pageNo":4},{"_id":"5a891ce29798a86a1335a15f","itemId":"5a89116f65bc2647131ff604","flip":0,"rot":0,"z":36,"y":57,"x":76,"pageNo":4},{"_id":"5a891ce29798a86a1335a160","itemId":"5a89116f65bc2647131ff604","flip":0,"rot":0,"z":37,"y":57,"x":94,"pageNo":4},{"_id":"5a891ce29798a86a1335a161","itemId":"5a89121877e169ac0f1a969e","flip":0,"rot":0,"z":38,"y":20,"x":136,"pageNo":4},{"_id":"5a891ce29798a86a1335a162","itemId":"5a891782b1743ba60f49e81c","flip":0,"rot":0,"z":39,"y":2,"x":2,"pageNo":4},{"_id":"5a891ce29798a86a1335a163","itemId":"5a891cd21960905e13895a9c","flip":0,"rot":0,"z":40,"y":0,"x":18,"pageNo":4},{"_id":"5a891d1e6643f36413f802fe","itemId":"58838bb60132803d13fd5c98","flip":0,"rot":0,"z":0,"y":131,"x":1,"pageNo":7},{"_id":"5a891d1e6643f36413f802ff","itemId":"58839eba5fb20d9013bf89a0","flip":0,"rot":0,"z":1,"y":115,"x":2,"pageNo":7},{"_id":"5a891d1e6643f36413f80300","itemId":"5882d6c9a9c0ab62137ada49","flip":0,"rot":0,"z":2,"y":-2,"x":-2,"pageNo":7},{"_id":"5a891d1e6643f36413f80301","itemId":"5882d6d616b08060137df4ce","flip":0,"rot":0,"z":3,"y":1,"x":22,"pageNo":7},{"_id":"5a891d1e6643f36413f80302","itemId":"58872a752facd6e60f4d0ceb","flip":0,"rot":0,"z":4,"y":0,"x":38,"pageNo":7},{"_id":"5a891d1e6643f36413f80303","itemId":"592acbfd6c2084c013b4674f","flip":0,"rot":0,"z":5,"y":0,"x":57,"pageNo":7},{"_id":"5a891d1e6643f36413f80304","itemId":"5882d6d616b08060137df4ce","flip":0,"rot":0,"z":6,"y":1,"x":79,"pageNo":7},{"_id":"5a891d1e6643f36413f80305","itemId":"592acbe5bd3d488013fdd3d2","flip":0,"rot":0,"z":7,"y":0,"x":115,"pageNo":7},{"_id":"5a891d1e6643f36413f80306","itemId":"588381d85fb20d9013bf87c0","flip":0,"rot":0,"z":8,"y":0,"x":131,"pageNo":7},{"_id":"5a891d1e6643f36413f80307","itemId":"58872b87b82380e70fb77ab9","flip":0,"rot":1,"z":9,"y":17,"x":-1,"pageNo":7},{"_id":"5a891d1e6643f36413f80308","itemId":"5882d702aa43ce5a1305db40","flip":0,"rot":1,"z":10,"y":21,"x":21,"pageNo":7},{"_id":"5a891d1e6643f36413f80309","itemId":"5883813052ea3631139965f7","flip":0,"rot":0,"z":11,"y":17,"x":41,"pageNo":7},{"_id":"5a891d1e6643f36413f8030a","itemId":"58cac3dac03fda0010451a4e","flip":0,"rot":0,"z":12,"y":19,"x":57,"pageNo":7},{"_id":"5a891d1e6643f36413f8030b","itemId":"532209868ef605716b000078","flip":0,"rot":0,"z":13,"y":19,"x":95,"pageNo":7},{"_id":"5a891d1e6643f36413f8030c","itemId":"524083aa3378ee3a64000004","flip":0,"rot":0,"z":14,"y":22,"x":76,"pageNo":7},{"_id":"5a891d1e6643f36413f8030d","itemId":"58cac49f51fad9fa0f2ad17b","flip":0,"rot":0,"z":15,"y":21,"x":114,"pageNo":7},{"_id":"5a891d1e6643f36413f8030e","itemId":"5883813e902b69de0ff8b8f4","flip":0,"rot":1,"z":16,"y":21,"x":129,"pageNo":7},{"_id":"5a891d1e6643f36413f8030f","itemId":"5882d908aa43ce5a1305db5d","flip":0,"rot":0,"z":17,"y":35,"x":4,"pageNo":7},{"_id":"5a891d1e6643f36413f80310","itemId":"5882d801aa43ce5a1305db4c","flip":0,"rot":0,"z":18,"y":35,"x":18,"pageNo":7},{"_id":"5a891d1e6643f36413f80311","itemId":"5883878552697a83138b18bb","flip":0,"rot":0,"z":19,"y":38,"x":95,"pageNo":7},{"_id":"5a891d1e6643f36413f80312","itemId":"5882e633bc3c039213fb4ee9","flip":0,"rot":0,"z":20,"y":40,"x":114,"pageNo":7},{"_id":"5a891d1e6643f36413f80313","itemId":"5882e6838e0a754f130d8510","flip":0,"rot":0,"z":21,"y":41,"x":129,"pageNo":7},{"_id":"5a891d1e6643f36413f80314","itemId":"5882e0ef26f4a1671391f0bc","flip":0,"rot":0,"z":22,"y":56,"x":4,"pageNo":7},{"_id":"5a891d1e6643f36413f80315","itemId":"588729b666543c4613fb9462","flip":0,"rot":0,"z":23,"y":60,"x":20,"pageNo":7},{"_id":"5a891d1e6643f36413f80316","itemId":"5882e12d3f66b33f1303f110","flip":0,"rot":0,"z":24,"y":57,"x":42,"pageNo":7},{"_id":"5a891d1e6643f36413f80317","itemId":"588729edfe292e7f1336c8f7","flip":0,"rot":0,"z":25,"y":55,"x":58,"pageNo":7},{"_id":"5a891d1e6643f36413f80318","itemId":"5882e2773f66b33f1303f119","flip":0,"rot":0,"z":26,"y":55,"x":80,"pageNo":7},{"_id":"5a891d1e6643f36413f80319","itemId":"5882e21333cbe3661387888c","flip":0,"rot":0,"z":27,"y":56,"x":93,"pageNo":7},{"_id":"5a891d1e6643f36413f8031a","itemId":"5882e24f48fb29e20fdae2a6","flip":0,"rot":0,"z":28,"y":57,"x":114,"pageNo":7},{"_id":"5a891d1e6643f36413f8031b","itemId":"5882e39365c2aee90f33a768","flip":0,"rot":0,"z":29,"y":75,"x":0,"pageNo":7},{"_id":"5a891d1e6643f36413f8031c","itemId":"5882db483f66b33f1303f083","flip":0,"rot":0,"z":30,"y":76,"x":19,"pageNo":7},{"_id":"5a891d1e6643f36413f8031d","itemId":"5883863be7af733e13aedc5e","flip":0,"rot":0,"z":31,"y":96,"x":23,"pageNo":7},{"_id":"5a891d1e6643f36413f8031e","itemId":"58838734a2f8947d13dc250b","flip":0,"rot":0,"z":32,"y":114,"x":19,"pageNo":7},{"_id":"5a891d1e6643f36413f8031f","itemId":"588386c10ee3bde40fb4023a","flip":0,"rot":0,"z":33,"y":130,"x":23,"pageNo":7},{"_id":"5a891d1e6643f36413f80320","itemId":"588726c8033e4877131d3c4d","flip":0,"rot":0,"z":34,"y":77,"x":37,"pageNo":7},{"_id":"5a891d1e6643f36413f80321","itemId":"588726cf07e2c180134cf753","flip":0,"rot":1,"z":35,"y":76,"x":57,"pageNo":7},{"_id":"5a891d1e6643f36413f80322","itemId":"5883835d4965d68a13d69bf6","flip":0,"rot":0,"z":36,"y":78,"x":78,"pageNo":7},{"_id":"5a891d1e6643f36413f80323","itemId":"588383550ee3bde40fb401e2","flip":0,"rot":1,"z":37,"y":73,"x":95,"pageNo":7},{"_id":"5a891d1e6643f36413f80324","itemId":"5883833976a7ef8413ad4a1f","flip":0,"rot":0,"z":38,"y":79,"x":135,"pageNo":7},{"_id":"5a891d1e6643f36413f80325","itemId":"588382ef52697a83138b184d","flip":0,"rot":0,"z":39,"y":75,"x":118,"pageNo":7},{"_id":"5a891d1e6643f36413f80326","itemId":"5882dfa5aa43ce5a1305dba1","flip":0,"rot":0,"z":40,"y":98,"x":38,"pageNo":7},{"_id":"5a891d1e6643f36413f80327","itemId":"5882df1b856e8edc0f7f75c8","flip":0,"rot":0,"z":41,"y":95,"x":59,"pageNo":7},{"_id":"5a891d1e6643f36413f80328","itemId":"5882df8e16b08060137df4f9","flip":0,"rot":0,"z":42,"y":95,"x":77,"pageNo":7},{"_id":"5a891d1e6643f36413f80329","itemId":"5886e926e74e326313202d40","flip":0,"rot":0,"z":43,"y":98,"x":96,"pageNo":7},{"_id":"5a891d1e6643f36413f8032a","itemId":"5886ea288aa76d6a13d65ed4","flip":0,"rot":0,"z":44,"y":97,"x":133,"pageNo":7},{"_id":"5a891d1e6643f36413f8032b","itemId":"5882dd2a33cbe3661387881d","flip":0,"rot":0,"z":45,"y":117,"x":131,"pageNo":7},{"_id":"5a891d1e6643f36413f8032c","itemId":"5882dc01aa43ce5a1305db82","flip":0,"rot":0,"z":46,"y":118,"x":114,"pageNo":7},{"_id":"5a891d1e6643f36413f8032d","itemId":"5882dfe626f4a1671391f0b4","flip":0,"rot":0,"z":47,"y":114,"x":76,"pageNo":7},{"_id":"5a891d1e6643f36413f8032e","itemId":"5882df5e856e8edc0f7f75cc","flip":0,"rot":0,"z":48,"y":114,"x":57,"pageNo":7},{"_id":"5a891d1e6643f36413f8032f","itemId":"5882dff185edb65f137881cc","flip":0,"rot":0,"z":49,"y":114,"x":37,"pageNo":7},{"_id":"5a891d1e6643f36413f80330","itemId":"5882da6133cbe366138787f5","flip":0,"rot":0,"z":50,"y":132,"x":39,"pageNo":7},{"_id":"5a891d1e6643f36413f80331","itemId":"5882d99616b08060137df4dd","flip":0,"rot":0,"z":51,"y":132,"x":61,"pageNo":7},{"_id":"5a891d1e6643f36413f80332","itemId":"5882da273f66b33f1303f07d","flip":0,"rot":0,"z":52,"y":134,"x":78,"pageNo":7},{"_id":"5a891d1e6643f36413f80333","itemId":"5882ddf1df4bb9451351597d","flip":0,"rot":0,"z":53,"y":133,"x":95,"pageNo":7},{"_id":"5a891d1e6643f36413f80334","itemId":"5886e4fc2daa72eb0fcea5e4","flip":0,"rot":0,"z":54,"y":136,"x":113,"pageNo":7},{"_id":"5a891d1e6643f36413f80335","itemId":"5886e50b9786e77613447ec3","flip":0,"rot":0,"z":55,"y":132,"x":135,"pageNo":7},{"_id":"5a891d1e6643f36413f80336","itemId":"5a89121877e169ac0f1a969e","flip":0,"rot":0,"z":56,"y":57,"x":1,"pageNo":7},{"_id":"5a891d1e6643f36413f80337","itemId":"5a89121877e169ac0f1a969e","flip":0,"rot":0,"z":57,"y":39,"x":17,"pageNo":7},{"_id":"5a891d1e6643f36413f80338","itemId":"5a8911c39798a86a13359d7d","flip":0,"rot":0,"z":58,"y":56,"x":16,"pageNo":7},{"_id":"5a891d1e6643f36413f80339","itemId":"5a89121877e169ac0f1a969e","flip":0,"rot":0,"z":59,"y":59,"x":36,"pageNo":7},{"_id":"5a891d1e6643f36413f8033a","itemId":"5a8911c39798a86a13359d7d","flip":0,"rot":0,"z":60,"y":58,"x":56,"pageNo":7},{"_id":"5a891d1e6643f36413f8033b","itemId":"5a8911c39798a86a13359d7d","flip":0,"rot":0,"z":61,"y":56,"x":73,"pageNo":7},{"_id":"5a891d1e6643f36413f8033c","itemId":"5a89121877e169ac0f1a969e","flip":0,"rot":0,"z":62,"y":59,"x":97,"pageNo":7},{"_id":"5a891d1e6643f36413f8033d","itemId":"5a8911c39798a86a13359d7d","flip":0,"rot":0,"z":63,"y":59,"x":113,"pageNo":7},{"_id":"5a891d1e6643f36413f8033e","itemId":"5a89116f65bc2647131ff604","flip":0,"rot":0,"z":64,"y":133,"x":133,"pageNo":7},{"_id":"5a891d1e6643f36413f8033f","itemId":"5a89116f65bc2647131ff604","flip":0,"rot":0,"z":65,"y":132,"x":116,"pageNo":7},{"_id":"5a891d1e6643f36413f80340","itemId":"5a89116f65bc2647131ff604","flip":0,"rot":0,"z":66,"y":133,"x":95,"pageNo":7},{"_id":"5a891d1e6643f36413f80341","itemId":"5a89116f65bc2647131ff604","flip":0,"rot":0,"z":67,"y":133,"x":76,"pageNo":7},{"_id":"5a891d1e6643f36413f80342","itemId":"5a89116f65bc2647131ff604","flip":0,"rot":0,"z":68,"y":131,"x":58,"pageNo":7},{"_id":"5a891d1e6643f36413f80343","itemId":"5a89116f65bc2647131ff604","flip":0,"rot":0,"z":69,"y":130,"x":42,"pageNo":7},{"_id":"5a891d1e6643f36413f80344","itemId":"5a89116f65bc2647131ff604","flip":0,"rot":0,"z":70,"y":114,"x":75,"pageNo":7},{"_id":"5a891d1e6643f36413f80345","itemId":"5a89116f65bc2647131ff604","flip":0,"rot":0,"z":71,"y":117,"x":60,"pageNo":7},{"_id":"5a891d1e6643f36413f80346","itemId":"5a89116f65bc2647131ff604","flip":0,"rot":0,"z":72,"y":113,"x":39,"pageNo":7},{"_id":"5a891d1e6643f36413f80347","itemId":"5a89116f65bc2647131ff604","flip":0,"rot":0,"z":73,"y":93,"x":93,"pageNo":7},{"_id":"5a891d1e6643f36413f80348","itemId":"5a89116f65bc2647131ff604","flip":0,"rot":0,"z":74,"y":96,"x":76,"pageNo":7},{"_id":"5a891d1e6643f36413f80349","itemId":"5a89116f65bc2647131ff604","flip":0,"rot":0,"z":75,"y":95,"x":55,"pageNo":7},{"_id":"5a891d1e6643f36413f8034a","itemId":"5a89116f65bc2647131ff604","flip":0,"rot":0,"z":76,"y":95,"x":39,"pageNo":7},{"_id":"5a891d1e6643f36413f8034b","itemId":"5a891782b1743ba60f49e81c","flip":0,"rot":0,"z":77,"y":2,"x":1,"pageNo":7},{"_id":"5a891d1e6643f36413f8034c","itemId":"5a891d0677e169ac0f1a9879","flip":0,"rot":0,"z":78,"y":0,"x":17,"pageNo":7},{"_id":"5a891d22cd3b0028135d86f4","itemId":"5886e4c3920dea82133da821","flip":0,"rot":0,"z":0,"y":0,"x":0,"pageNo":8},{"_id":"5a891d22cd3b0028135d86f5","itemId":"5882e886ee815c481344fb01","flip":0,"rot":0,"z":1,"y":0,"x":131,"pageNo":8},{"_id":"5a891d22cd3b0028135d86f6","itemId":"592acb8201f2f7b413f04939","flip":0,"rot":1,"z":2,"y":2,"x":39,"pageNo":8},{"_id":"5a891d22cd3b0028135d86f7","itemId":"58873060c103cf7e13dbc5fd","flip":0,"rot":0,"z":3,"y":21,"x":136,"pageNo":8},{"_id":"5a891d22cd3b0028135d86f8","itemId":"592acb89bd3d488013fdd3ce","flip":0,"rot":0,"z":4,"y":0,"x":57,"pageNo":8},{"_id":"5a891d22cd3b0028135d86f9","itemId":"5882d801aa43ce5a1305db4c","flip":0,"rot":0,"z":5,"y":35,"x":21,"pageNo":8},{"_id":"5a891d22cd3b0028135d86fa","itemId":"5882d858a09b5b3913d3ec7a","flip":0,"rot":0,"z":6,"y":38,"x":0,"pageNo":8},{"_id":"5a891d22cd3b0028135d86fb","itemId":"5882d877aa43ce5a1305db5b","flip":0,"rot":3,"z":7,"y":40,"x":38,"pageNo":8},{"_id":"5a891d22cd3b0028135d86fc","itemId":"5882dc3b33cbe36613878819","flip":0,"rot":0,"z":8,"y":39,"x":76,"pageNo":8},{"_id":"5a891d22cd3b0028135d86fd","itemId":"5887284bf098324c13538cae","flip":0,"rot":0,"z":9,"y":39,"x":98,"pageNo":8},{"_id":"5a891d22cd3b0028135d86fe","itemId":"588727ea7c73bc5213a4d7a3","flip":0,"rot":0,"z":10,"y":38,"x":112,"pageNo":8},{"_id":"5a891d22cd3b0028135d86ff","itemId":"595594e1cdec047b14dfc7fd","flip":0,"rot":2,"z":11,"y":40,"x":133,"pageNo":8},{"_id":"5a891d22cd3b0028135d8700","itemId":"58872925d33ba08613278760","flip":0,"rot":0,"z":12,"y":78,"x":3,"pageNo":8},{"_id":"5a891d22cd3b0028135d8701","itemId":"588829df7bb85de20f9dfb9d","flip":0,"rot":3,"z":13,"y":61,"x":1,"pageNo":8},{"_id":"5a891d22cd3b0028135d8702","itemId":"58872c2fe6be2879138e77b0","flip":0,"rot":2,"z":14,"y":59,"x":20,"pageNo":8},{"_id":"5a891d22cd3b0028135d8703","itemId":"5882d837aa43ce5a1305db4f","flip":0,"rot":0,"z":15,"y":58,"x":41,"pageNo":8},{"_id":"5a891d22cd3b0028135d8704","itemId":"588819dec103cf7e13dbd10b","flip":0,"rot":0,"z":16,"y":78,"x":16,"pageNo":8},{"_id":"5a891d22cd3b0028135d8705","itemId":"595594f67768927113723f9d","flip":0,"rot":2,"z":17,"y":59,"x":78,"pageNo":8},{"_id":"5a891d22cd3b0028135d8706","itemId":"595594eb5c7ea6901300bc64","flip":0,"rot":2,"z":18,"y":59,"x":98,"pageNo":8},{"_id":"5a891d22cd3b0028135d8707","itemId":"58881465ea875b711381d20c","flip":0,"rot":0,"z":19,"y":114,"x":0,"pageNo":8},{"_id":"5a891d22cd3b0028135d8708","itemId":"588814b01cf719e80fe2be5c","flip":0,"rot":0,"z":20,"y":113,"x":19,"pageNo":8},{"_id":"5a891d22cd3b0028135d8709","itemId":"5888147af88fbfdf0f957b1b","flip":0,"rot":0,"z":21,"y":114,"x":38,"pageNo":8},{"_id":"5a891d22cd3b0028135d870a","itemId":"5882d95f16b08060137df4da","flip":0,"rot":0,"z":22,"y":98,"x":-1,"pageNo":8},{"_id":"5a891d22cd3b0028135d870b","itemId":"588383d8a2f8947d13dc24a2","flip":0,"rot":0,"z":23,"y":95,"x":77,"pageNo":8},{"_id":"5a891d22cd3b0028135d870c","itemId":"588383cc20cfe9841346bad0","flip":0,"rot":1,"z":24,"y":95,"x":97,"pageNo":8},{"_id":"5a891d22cd3b0028135d870d","itemId":"5883839fa2f8947d13dc248a","flip":0,"rot":0,"z":25,"y":95,"x":112,"pageNo":8},{"_id":"5a891d22cd3b0028135d870e","itemId":"588383c0f8a10983133818a8","flip":0,"rot":0,"z":26,"y":96,"x":134,"pageNo":8},{"_id":"5a891d22cd3b0028135d870f","itemId":"588381255fb20d9013bf87be","flip":0,"rot":0,"z":27,"y":115,"x":74,"pageNo":8},{"_id":"5a891d22cd3b0028135d8710","itemId":"5883826f02a5af3713cae730","flip":0,"rot":1,"z":28,"y":115,"x":92,"pageNo":8},{"_id":"5a891d22cd3b0028135d8711","itemId":"588387f87a6b32eb0f0e9523","flip":0,"rot":0,"z":29,"y":134,"x":74,"pageNo":8},{"_id":"5a891d22cd3b0028135d8712","itemId":"5883880952ea3631139966a9","flip":0,"rot":0,"z":30,"y":133,"x":96,"pageNo":8},{"_id":"5a891d22cd3b0028135d8713","itemId":"58838839ecd9188a13377c5a","flip":0,"rot":0,"z":31,"y":133,"x":113,"pageNo":8},{"_id":"5a891d22cd3b0028135d8714","itemId":"58838844ecd9188a13377c5c","flip":0,"rot":0,"z":32,"y":133,"x":130,"pageNo":8},{"_id":"5a891d22cd3b0028135d8715","itemId":"588818892d1a607213735c47","flip":0,"rot":0,"z":33,"y":76,"x":38,"pageNo":8},{"_id":"5a891d22cd3b0028135d8716","itemId":"58872f27ea875b711381c6ff","flip":0,"rot":2,"z":34,"y":76,"x":76,"pageNo":8},{"_id":"5a891d22cd3b0028135d8717","itemId":"58872f8cea875b711381c700","flip":0,"rot":2,"z":35,"y":76,"x":95,"pageNo":8},{"_id":"5a891d22cd3b0028135d8718","itemId":"58872779fe292e7f1336c8f4","flip":0,"rot":2,"z":36,"y":76,"x":114,"pageNo":8},{"_id":"5a891d22cd3b0028135d8719","itemId":"5a89116f65bc2647131ff604","flip":0,"rot":0,"z":37,"y":0,"x":2,"pageNo":8},{"_id":"5a891d22cd3b0028135d871a","itemId":"5a8911c39798a86a13359d7d","flip":0,"rot":0,"z":38,"y":40,"x":2,"pageNo":8},{"_id":"5a891d22cd3b0028135d871b","itemId":"5a89121877e169ac0f1a969e","flip":0,"rot":0,"z":39,"y":39,"x":17,"pageNo":8},{"_id":"5a891d22cd3b0028135d871c","itemId":"5a8911c39798a86a13359d7d","flip":0,"rot":0,"z":40,"y":37,"x":40,"pageNo":8},{"_id":"5a891d22cd3b0028135d871d","itemId":"5a89121877e169ac0f1a969e","flip":0,"rot":0,"z":41,"y":56,"x":38,"pageNo":8},{"_id":"5a891d22cd3b0028135d871e","itemId":"5a891782b1743ba60f49e81c","flip":0,"rot":0,"z":42,"y":0,"x":0,"pageNo":8},{"_id":"5a891d22cd3b0028135d871f","itemId":"5a891d0ca0f1305713123783","flip":0,"rot":0,"z":43,"y":1,"x":16,"pageNo":8},{"_id":"5a891dd56643f36413f8034d","itemId":"583256a5c509c8bb0f6dd856","flip":0,"rot":0,"z":0,"y":4,"x":1,"pageNo":5},{"_id":"5a891dd56643f36413f8034e","itemId":"524083aa3378ee3a64000004","flip":0,"rot":0,"z":1,"y":2,"x":17,"pageNo":5},{"_id":"5a891dd56643f36413f8034f","itemId":"581d6146b28b8075137118b6","flip":0,"rot":0,"z":2,"y":0,"x":36,"pageNo":5},{"_id":"5a891dd56643f36413f80350","itemId":"581d6015f535bfb20fdd8d9a","flip":0,"rot":1,"z":3,"y":18,"x":0,"pageNo":5},{"_id":"5a891dd56643f36413f80351","itemId":"524084243378ee3a64000005","flip":0,"rot":1,"z":4,"y":16,"x":22,"pageNo":5},{"_id":"5a891dd56643f36413f80352","itemId":"5240836dc9b4a8ef50000003","flip":0,"rot":0,"z":5,"y":38,"x":2,"pageNo":5},{"_id":"5a891dd56643f36413f80353","itemId":"54d4c0c05f6ea1cf5075f7e7","flip":0,"rot":0,"z":6,"y":39,"x":17,"pageNo":5},{"_id":"5a891dd56643f36413f80354","itemId":"52d230eba583bb4a7e00021e","flip":0,"rot":0,"z":7,"y":56,"x":-2,"pageNo":5},{"_id":"5a891dd56643f36413f80355","itemId":"536ed257fac7f08b100002fe","flip":0,"rot":0,"z":8,"y":57,"x":19,"pageNo":5},{"_id":"5a891dd56643f36413f80356","itemId":"537139a4df29c9ad10000693","flip":0,"rot":3,"z":9,"y":56,"x":39,"pageNo":5},{"_id":"5a891dd56643f36413f80357","itemId":"5371394788c310ad0e000612","flip":0,"rot":3,"z":10,"y":57,"x":57,"pageNo":5},{"_id":"5a891dd56643f36413f80358","itemId":"536ed68188c310ad0e0002cc","flip":1,"rot":2,"z":11,"y":56,"x":76,"pageNo":5},{"_id":"5a891dd56643f36413f80359","itemId":"543b9fbab70f844613e3e013","flip":0,"rot":1,"z":12,"y":57,"x":96,"pageNo":5},{"_id":"5a891dd56643f36413f8035a","itemId":"5371397adf29c9ad10000691","flip":1,"rot":2,"z":13,"y":55,"x":111,"pageNo":5},{"_id":"5a891dd56643f36413f8035b","itemId":"53232cb91d1961b077000004","flip":0,"rot":0,"z":14,"y":76,"x":0,"pageNo":5},{"_id":"5a891dd56643f36413f8035c","itemId":"581d66364dd09c3b1372aaaa","flip":0,"rot":0,"z":15,"y":76,"x":38,"pageNo":5},{"_id":"5a891dd56643f36413f8035d","itemId":"581d6bb9cfaddb2e13d40a95","flip":0,"rot":0,"z":16,"y":95,"x":19,"pageNo":5},{"_id":"5a891dd56643f36413f8035e","itemId":"53220d3a406f72d62f000012","flip":0,"rot":0,"z":17,"y":114,"x":19,"pageNo":5},{"_id":"5a891dd56643f36413f8035f","itemId":"53220b79250105e239000004","flip":0,"rot":0,"z":18,"y":133,"x":19,"pageNo":5},{"_id":"5a891dd56643f36413f80360","itemId":"581d663c5daa0a3a13487b50","flip":0,"rot":1,"z":19,"y":76,"x":57,"pageNo":5},{"_id":"5a891dd56643f36413f80361","itemId":"5a48a87147d046de13856b11","flip":0,"rot":0,"z":20,"y":77,"x":79,"pageNo":5},{"_id":"5a891dd56643f36413f80362","itemId":"5a48aa25f457b0751397bf51","flip":0,"rot":1,"z":21,"y":75,"x":98,"pageNo":5},{"_id":"5a891dd56643f36413f80363","itemId":"5a48aa1e3b10139f1394c65c","flip":0,"rot":0,"z":22,"y":75,"x":116,"pageNo":5},{"_id":"5a891dd56643f36413f80364","itemId":"5a48a850c32000f60fe87f2e","flip":0,"rot":0,"z":23,"y":75,"x":132,"pageNo":5},{"_id":"5a891dd56643f36413f80365","itemId":"58325970ac1b9223135a4d2c","flip":0,"rot":0,"z":24,"y":95,"x":57,"pageNo":5},{"_id":"5a891dd56643f36413f80366","itemId":"583259752d32a01d13bcc5ec","flip":0,"rot":0,"z":25,"y":95,"x":76,"pageNo":5},{"_id":"5a891dd56643f36413f80367","itemId":"58326ba16092952a135b305f","flip":0,"rot":0,"z":26,"y":93,"x":98,"pageNo":5},{"_id":"5a891dd56643f36413f80368","itemId":"5832596927cb5fc462c96f5f","flip":0,"rot":0,"z":27,"y":94,"x":113,"pageNo":5},{"_id":"5a891dd56643f36413f80369","itemId":"5832597a0e8b66b50f1360d9","flip":0,"rot":0,"z":28,"y":99,"x":134,"pageNo":5},{"_id":"5a891dd56643f36413f8036a","itemId":"58326c6431d8955f137d5b5c","flip":0,"rot":0,"z":29,"y":114,"x":56,"pageNo":5},{"_id":"5a891dd56643f36413f8036b","itemId":"58327bc1e8358db20f337b42","flip":0,"rot":0,"z":30,"y":115,"x":99,"pageNo":5},{"_id":"5a891dd56643f36413f8036c","itemId":"58326c698f2d6a5213f2dc2c","flip":0,"rot":0,"z":31,"y":114,"x":136,"pageNo":5},{"_id":"5a891dd56643f36413f8036d","itemId":"583400269377832713369e0d","flip":0,"rot":0,"z":32,"y":130,"x":58,"pageNo":5},{"_id":"5a891dd56643f36413f8036e","itemId":"5834001e52a8f7b00f914952","flip":0,"rot":0,"z":33,"y":132,"x":77,"pageNo":5},{"_id":"5a891dd56643f36413f8036f","itemId":"58326399add5604213f654ad","flip":0,"rot":0,"z":34,"y":134,"x":96,"pageNo":5},{"_id":"5a891dd56643f36413f80370","itemId":"583268bc3270735313739085","flip":0,"rot":0,"z":35,"y":131,"x":117,"pageNo":5},{"_id":"5a891dd56643f36413f80371","itemId":"583269143c0ab9b90f7d80ea","flip":0,"rot":0,"z":36,"y":133,"x":133,"pageNo":5},{"_id":"5a891dd56643f36413f80372","itemId":"5832625727cb5fc462c96fcb","flip":0,"rot":0,"z":37,"y":20,"x":37,"pageNo":5},{"_id":"5a891dd56643f36413f80373","itemId":"5832625727cb5fc462c96fcb","flip":0,"rot":1,"z":38,"y":18,"x":130,"pageNo":5},{"_id":"5a891dd56643f36413f80374","itemId":"581d730b8ce92db80f791d2b","flip":0,"rot":0,"z":39,"y":20,"x":114,"pageNo":5},{"_id":"5a891dd56643f36413f80375","itemId":"581d71b3faf05c6913cd4cdb","flip":0,"rot":0,"z":40,"y":22,"x":57,"pageNo":5},{"_id":"5a891dd56643f36413f80376","itemId":"524083aa3378ee3a64000004","flip":0,"rot":0,"z":41,"y":22,"x":78,"pageNo":5},{"_id":"5a891dd56643f36413f80377","itemId":"532209868ef605716b000078","flip":0,"rot":0,"z":42,"y":19,"x":99,"pageNo":5},{"_id":"5a891dd56643f36413f80378","itemId":"58326e60a32b3cc362ac3799","flip":0,"rot":0,"z":43,"y":37,"x":42,"pageNo":5},{"_id":"5a891dd56643f36413f80379","itemId":"581d73addae5423c137037c2","flip":0,"rot":0,"z":44,"y":36,"x":60,"pageNo":5},{"_id":"5a891dd56643f36413f8037a","itemId":"581d73b6bcaa9831134559b4","flip":0,"rot":0,"z":45,"y":38,"x":76,"pageNo":5},{"_id":"5a891dd56643f36413f8037b","itemId":"581d6b2495e69e3f133d5ec7","flip":0,"rot":0,"z":46,"y":35,"x":93,"pageNo":5},{"_id":"5a891dd56643f36413f8037c","itemId":"581d678af9fab2b40f4cf3e2","flip":0,"rot":0,"z":47,"y":36,"x":116,"pageNo":5},{"_id":"5a891dd56643f36413f8037d","itemId":"58326faa2662b0b70f9d9fc5","flip":0,"rot":0,"z":48,"y":40,"x":136,"pageNo":5},{"_id":"5a891dd56643f36413f8037e","itemId":"53c6ace1132437db5ac3912b","flip":0,"rot":0,"z":49,"y":75,"x":17,"pageNo":5},{"_id":"5a891dd56643f36413f8037f","itemId":"53718080fac7f08b1000070a","flip":1,"rot":0,"z":50,"y":59,"x":132,"pageNo":5},{"_id":"5a891dd56643f36413f80380","itemId":"5a89121877e169ac0f1a969e","flip":0,"rot":0,"z":51,"y":37,"x":19,"pageNo":5},{"_id":"5a891dd56643f36413f80381","itemId":"5a89121877e169ac0f1a969e","flip":0,"rot":0,"z":52,"y":60,"x":3,"pageNo":5},{"_id":"5a891dd56643f36413f80382","itemId":"5a8911c39798a86a13359d7d","flip":0,"rot":0,"z":53,"y":56,"x":20,"pageNo":5},{"_id":"5a891dd56643f36413f80383","itemId":"5a89121877e169ac0f1a969e","flip":0,"rot":0,"z":54,"y":57,"x":40,"pageNo":5},{"_id":"5a891dd56643f36413f80384","itemId":"5a8911c39798a86a13359d7d","flip":0,"rot":0,"z":55,"y":58,"x":58,"pageNo":5},{"_id":"5a891dd56643f36413f80385","itemId":"5a8911c39798a86a13359d7d","flip":0,"rot":0,"z":56,"y":58,"x":75,"pageNo":5},{"_id":"5a891dd56643f36413f80386","itemId":"5a89121877e169ac0f1a969e","flip":0,"rot":0,"z":57,"y":58,"x":94,"pageNo":5},{"_id":"5a891dd56643f36413f80387","itemId":"5a8911c39798a86a13359d7d","flip":0,"rot":0,"z":58,"y":56,"x":114,"pageNo":5},{"_id":"5a891dd56643f36413f80388","itemId":"5a8911c39798a86a13359d7d","flip":0,"rot":0,"z":59,"y":59,"x":134,"pageNo":5},{"_id":"5a891dd56643f36413f80389","itemId":"5a89116f65bc2647131ff604","flip":0,"rot":0,"z":60,"y":95,"x":74,"pageNo":5},{"_id":"5a891dd56643f36413f8038a","itemId":"5a89116f65bc2647131ff604","flip":0,"rot":0,"z":61,"y":95,"x":59,"pageNo":5},{"_id":"5a891dd56643f36413f8038b","itemId":"5a89116f65bc2647131ff604","flip":0,"rot":0,"z":62,"y":94,"x":133,"pageNo":5},{"_id":"5a891dd56643f36413f8038c","itemId":"5a89116f65bc2647131ff604","flip":0,"rot":0,"z":63,"y":135,"x":93,"pageNo":5},{"_id":"5a891dd56643f36413f8038d","itemId":"5a89116f65bc2647131ff604","flip":0,"rot":0,"z":64,"y":129,"x":112,"pageNo":5},{"_id":"5a891dd56643f36413f8038e","itemId":"5a89116f65bc2647131ff604","flip":0,"rot":0,"z":65,"y":132,"x":135,"pageNo":5},{"_id":"5a891dd56643f36413f8038f","itemId":"5a891782b1743ba60f49e81c","flip":0,"rot":0,"z":66,"y":2,"x":1,"pageNo":5},{"_id":"5a891dd56643f36413f80390","itemId":"5a891cf81960905e13895a9d","flip":0,"rot":0,"z":67,"y":1,"x":17,"pageNo":5},{"_id":"5a891dd56643f36413f80391","itemId":"581d5bbf33c8e7371380de42","flip":0,"rot":0,"z":68,"y":0,"x":133,"pageNo":5},{"_id":"5a9fb04f9d9d1e6a133f0133","itemId":"572d8b21eebbc82913668e90","flip":0,"rot":0,"z":0,"y":1,"x":0,"pageNo":2},{"_id":"5a9fb04f9d9d1e6a133f0134","itemId":"572d933dbdb74e0d13f0b814","flip":0,"rot":2,"z":1,"y":21,"x":-2,"pageNo":2},{"_id":"5a9fb04f9d9d1e6a133f0135","itemId":"573d982de4394a2f1385bb8a","flip":0,"rot":0,"z":2,"y":0,"x":19,"pageNo":2},{"_id":"5a9fb04f9d9d1e6a133f0136","itemId":"572d9e30592f69f912413f06","flip":0,"rot":0,"z":3,"y":35,"x":18,"pageNo":2},{"_id":"5a9fb04f9d9d1e6a133f0137","itemId":"572d8b496be2a71d13354bbf","flip":0,"rot":0,"z":4,"y":36,"x":1,"pageNo":2},{"_id":"5a9fb04f9d9d1e6a133f0138","itemId":"572db035c109630313109fea","flip":0,"rot":0,"z":5,"y":57,"x":-1,"pageNo":2},{"_id":"5a9fb04f9d9d1e6a133f0139","itemId":"573d9efd88d3442b135fe5b3","flip":0,"rot":0,"z":6,"y":59,"x":22,"pageNo":2},{"_id":"5a9fb04f9d9d1e6a133f013a","itemId":"573d9ef78e256629131294df","flip":0,"rot":1,"z":7,"y":54,"x":41,"pageNo":2},{"_id":"5a9fb04f9d9d1e6a133f013b","itemId":"573d9f16d3c48c16131bba27","flip":0,"rot":1,"z":8,"y":58,"x":58,"pageNo":2},{"_id":"5a9fb04f9d9d1e6a133f013c","itemId":"5507197d0cf64fb71623ad52","flip":0,"rot":0,"z":9,"y":77,"x":2,"pageNo":2},{"_id":"5a9fb04f9d9d1e6a133f013d","itemId":"550afdde6c5cafb6137b7327","flip":0,"rot":3,"z":10,"y":79,"x":20,"pageNo":2},{"_id":"5a9fb04f9d9d1e6a133f013e","itemId":"550afdde6c5cafb6137b7327","flip":0,"rot":0,"z":11,"y":75,"x":38,"pageNo":2},{"_id":"5a9fb04f9d9d1e6a133f013f","itemId":"5507206ec71159bd16f6b2b6","flip":0,"rot":2,"z":12,"y":95,"x":0,"pageNo":2},{"_id":"5a9fb04f9d9d1e6a133f0140","itemId":"552ff0255698d0617d6de08d","flip":0,"rot":0,"z":13,"y":95,"x":19,"pageNo":2},{"_id":"5a9fb04f9d9d1e6a133f0141","itemId":"552ff05d044f0d677db7c978","flip":0,"rot":1,"z":14,"y":95,"x":40,"pageNo":2},{"_id":"5a9fb04f9d9d1e6a133f0142","itemId":"550720600a121eef128d4015","flip":0,"rot":0,"z":15,"y":98,"x":59,"pageNo":2},{"_id":"5a9fb04f9d9d1e6a133f0143","itemId":"5507205972d7c2b916cf1bfd","flip":0,"rot":0,"z":16,"y":94,"x":77,"pageNo":2},{"_id":"5a9fb04f9d9d1e6a133f0144","itemId":"5516c8f8012a958c0f0beb00","flip":0,"rot":0,"z":17,"y":93,"x":112,"pageNo":2},{"_id":"5a9fb04f9d9d1e6a133f0145","itemId":"5507204f72d7c2b916cf1bfc","flip":0,"rot":0,"z":18,"y":94,"x":131,"pageNo":2},{"_id":"5a9fb04f9d9d1e6a133f0146","itemId":"55071a99455966f1124dc764","flip":0,"rot":0,"z":19,"y":118,"x":-1,"pageNo":2},{"_id":"5a9fb04f9d9d1e6a133f0147","itemId":"55071ab7d3691cbb16e46211","flip":0,"rot":1,"z":20,"y":116,"x":21,"pageNo":2},{"_id":"5a9fb04f9d9d1e6a133f0148","itemId":"55071bd35f896cd312bf07e3","flip":0,"rot":1,"z":21,"y":111,"x":38,"pageNo":2},{"_id":"5a9fb04f9d9d1e6a133f0149","itemId":"572daa6a5ac5ce0213f62425","flip":0,"rot":0,"z":22,"y":2,"x":130,"pageNo":2},{"_id":"5a9fb04f9d9d1e6a133f014a","itemId":"572d8bbc6813ff840fcf92a6","flip":0,"rot":2,"z":23,"y":19,"x":133,"pageNo":2},{"_id":"5a9fb04f9d9d1e6a133f014b","itemId":"572d8b547b0436850f52e62f","flip":0,"rot":2,"z":24,"y":40,"x":134,"pageNo":2},{"_id":"5a9fb04f9d9d1e6a133f014c","itemId":"550720450cf64fb71623ad8b","flip":0,"rot":0,"z":25,"y":112,"x":58,"pageNo":2},{"_id":"5a9fb04f9d9d1e6a133f014d","itemId":"5507203f455966f1124dc7a9","flip":0,"rot":0,"z":26,"y":117,"x":79,"pageNo":2},{"_id":"5a9fb04f9d9d1e6a133f014e","itemId":"5516c82a012a958c0f0beafd","flip":0,"rot":0,"z":27,"y":116,"x":115,"pageNo":2},{"_id":"5a9fb04f9d9d1e6a133f014f","itemId":"55072037455966f1124dc7a7","flip":0,"rot":0,"z":28,"y":117,"x":134,"pageNo":2},{"_id":"5a9fb04f9d9d1e6a133f0150","itemId":"550720e0455966f1124dc7b4","flip":0,"rot":0,"z":29,"y":135,"x":78,"pageNo":2},{"_id":"5a9fb04f9d9d1e6a133f0151","itemId":"55072067e5dcd5d8126110e1","flip":0,"rot":0,"z":30,"y":130,"x":93,"pageNo":2},{"_id":"5a9fb04f9d9d1e6a133f0152","itemId":"55197d4a5d6adea0317f6eee","flip":0,"rot":0,"z":31,"y":132,"x":112,"pageNo":2},{"_id":"5a9fb04f9d9d1e6a133f0153","itemId":"55197d2d2323d5c91557ca01","flip":0,"rot":0,"z":32,"y":133,"x":134,"pageNo":2},{"_id":"5a9fb04f9d9d1e6a133f0154","itemId":"55072014369febde12f21e80","flip":0,"rot":0,"z":33,"y":134,"x":2,"pageNo":2},{"_id":"5a9fb04f9d9d1e6a133f0155","itemId":"55071ef24cd0c7d5124686a5","flip":0,"rot":0,"z":34,"y":136,"x":22,"pageNo":2},{"_id":"5a9fb04f9d9d1e6a133f0156","itemId":"5507209c0a121eef128d4019","flip":0,"rot":0,"z":35,"y":133,"x":39,"pageNo":2},{"_id":"5a9fb04f9d9d1e6a133f0157","itemId":"5a89121877e169ac0f1a969e","flip":0,"rot":0,"z":36,"y":40,"x":19,"pageNo":2},{"_id":"5a9fb04f9d9d1e6a133f0158","itemId":"5a89121877e169ac0f1a969e","flip":0,"rot":0,"z":37,"y":58,"x":4,"pageNo":2},{"_id":"5a9fb04f9d9d1e6a133f0159","itemId":"5a8911c39798a86a13359d7d","flip":0,"rot":0,"z":38,"y":58,"x":19,"pageNo":2},{"_id":"5a9fb04f9d9d1e6a133f015a","itemId":"5a8911c39798a86a13359d7d","flip":0,"rot":0,"z":39,"y":58,"x":39,"pageNo":2},{"_id":"5a9fb04f9d9d1e6a133f015b","itemId":"5a8911c39798a86a13359d7d","flip":0,"rot":0,"z":40,"y":58,"x":58,"pageNo":2},{"_id":"5a9fb04f9d9d1e6a133f015c","itemId":"5a89116f65bc2647131ff604","flip":0,"rot":0,"z":41,"y":135,"x":129,"pageNo":2},{"_id":"5a9fb04f9d9d1e6a133f015d","itemId":"5a89116f65bc2647131ff604","flip":0,"rot":0,"z":42,"y":134,"x":114,"pageNo":2},{"_id":"5a9fb04f9d9d1e6a133f015e","itemId":"5a89116f65bc2647131ff604","flip":0,"rot":0,"z":43,"y":134,"x":99,"pageNo":2},{"_id":"5a9fb04f9d9d1e6a133f015f","itemId":"5a89116f65bc2647131ff604","flip":0,"rot":0,"z":44,"y":133,"x":78,"pageNo":2},{"_id":"5a9fb04f9d9d1e6a133f0160","itemId":"5a89116f65bc2647131ff604","flip":0,"rot":0,"z":45,"y":113,"x":72,"pageNo":2},{"_id":"5a9fb04f9d9d1e6a133f0161","itemId":"5a89116f65bc2647131ff604","flip":0,"rot":0,"z":46,"y":114,"x":57,"pageNo":2},{"_id":"5a9fb04f9d9d1e6a133f0162","itemId":"5a89116f65bc2647131ff604","flip":0,"rot":0,"z":47,"y":99,"x":75,"pageNo":2},{"_id":"5a9fb04f9d9d1e6a133f0163","itemId":"5a89116f65bc2647131ff604","flip":0,"rot":0,"z":48,"y":95,"x":57,"pageNo":2},{"_id":"5a9fb04f9d9d1e6a133f0164","itemId":"5a89116f65bc2647131ff604","flip":0,"rot":0,"z":49,"y":95,"x":133,"pageNo":2},{"_id":"5a9fb04f9d9d1e6a133f0165","itemId":"5a89116f65bc2647131ff604","flip":0,"rot":0,"z":50,"y":114,"x":133,"pageNo":2},{"_id":"5a9fb04f9d9d1e6a133f0166","itemId":"5a89121877e169ac0f1a969e","flip":0,"rot":0,"z":51,"y":134,"x":1,"pageNo":2},{"_id":"5a9fb04f9d9d1e6a133f0167","itemId":"5a891782b1743ba60f49e81c","flip":0,"rot":0,"z":52,"y":0,"x":0,"pageNo":2},{"_id":"5a9fb04f9d9d1e6a133f0168","itemId":"5a891ca5b1743ba60f49e82f","flip":0,"rot":0,"z":53,"y":0,"x":19,"pageNo":2},{"_id":"5a9fb04f9d9d1e6a133f0169","itemId":"572daa6a5ac5ce0213f62425","flip":0,"rot":2,"z":54,"y":38,"x":114,"pageNo":2},{"_id":"5a9fb04f9d9d1e6a133f016a","itemId":"572d8bbc6813ff840fcf92a6","flip":0,"rot":0,"z":55,"y":19,"x":114,"pageNo":2},{"_id":"5a9fb04f9d9d1e6a133f016b","itemId":"572d8b547b0436850f52e62f","flip":0,"rot":0,"z":56,"y":0,"x":114,"pageNo":2},{"_id":"5a9fb04f9d9d1e6a133f016c","itemId":"572dab885271fd0c13db6928","flip":0,"rot":0,"z":57,"y":0,"x":95,"pageNo":2},{"_id":"5a9fb04f9d9d1e6a133f016d","itemId":"572d8bc82be77d7a0f6930d3","flip":0,"rot":0,"z":58,"y":19,"x":95,"pageNo":2},{"_id":"5a9fb04f9d9d1e6a133f016e","itemId":"572d8bf5e6c06d0713b44ca4","flip":0,"rot":0,"z":59,"y":38,"x":95,"pageNo":2},{"_id":"5a9fb04f9d9d1e6a133f016f","itemId":"573d992e88d3442b135fe56b","flip":0,"rot":1,"z":60,"y":0,"x":38,"pageNo":2},{"_id":"5a9fb04f9d9d1e6a133f0170","itemId":"573d9aac866fce131319a2d5","flip":0,"rot":0,"z":61,"y":19,"x":19,"pageNo":2},{"_id":"5a9fb06ebd1b47b00f2fee91","itemId":"53220b79250105e239000004","flip":0,"rot":0,"z":0,"y":133,"x":0,"pageNo":3},{"_id":"5a9fb06ebd1b47b00f2fee92","itemId":"53220d3a406f72d62f000012","flip":0,"rot":0,"z":1,"y":114,"x":2,"pageNo":3},{"_id":"5a9fb06ebd1b47b00f2fee93","itemId":"54566945c2a42d543b633978","flip":0,"rot":0,"z":2,"y":95,"x":1,"pageNo":3},{"_id":"5a9fb06ebd1b47b00f2fee94","itemId":"57e9bd3a22b4773113d1ade7","flip":0,"rot":0,"z":3,"y":55,"x":1,"pageNo":3},{"_id":"5a9fb06ebd1b47b00f2fee95","itemId":"57f9fd5fb1338f7a13aa1d38","flip":0,"rot":0,"z":4,"y":57,"x":18,"pageNo":3},{"_id":"5a9fb06ebd1b47b00f2fee96","itemId":"57ef49adcdb2f6db14cda80d","flip":0,"rot":1,"z":5,"y":57,"x":38,"pageNo":3},{"_id":"5a9fb06ebd1b47b00f2fee97","itemId":"57ef4a121beaccdd1429441e","flip":0,"rot":0,"z":6,"y":57,"x":53,"pageNo":3},{"_id":"5a9fb06ebd1b47b00f2fee98","itemId":"57d3f5aef22deefd13d9e5a7","flip":0,"rot":0,"z":7,"y":93,"x":34,"pageNo":3},{"_id":"5a9fb06ebd1b47b00f2fee99","itemId":"53220d3a406f72d62f000012","flip":0,"rot":0,"z":8,"y":114,"x":41,"pageNo":3},{"_id":"5a9fb06ebd1b47b00f2fee9a","itemId":"57dcc6a073e66240137071f5","flip":0,"rot":0,"z":9,"y":132,"x":38,"pageNo":3},{"_id":"5a9fb06ebd1b47b00f2fee9b","itemId":"57ff261693835b214f28d30e","flip":0,"rot":0,"z":10,"y":115,"x":56,"pageNo":3},{"_id":"5a9fb06ebd1b47b00f2fee9c","itemId":"57ff270fe39609b00f65849d","flip":0,"rot":0,"z":11,"y":114,"x":76,"pageNo":3},{"_id":"5a9fb06ebd1b47b00f2fee9d","itemId":"57ff7882b0f958891376927a","flip":0,"rot":0,"z":12,"y":115,"x":94,"pageNo":3},{"_id":"5a9fb06ebd1b47b00f2fee9e","itemId":"57ff23055d9731274fbd454d","flip":0,"rot":0,"z":13,"y":115,"x":115,"pageNo":3},{"_id":"5a9fb06ebd1b47b00f2fee9f","itemId":"57ff271a38f033aa0f13e3ec","flip":0,"rot":0,"z":14,"y":115,"x":132,"pageNo":3},{"_id":"5a9fb06ebd1b47b00f2feea0","itemId":"57ff1b78dcd1db2813bdccf4","flip":0,"rot":0,"z":15,"y":132,"x":94,"pageNo":3},{"_id":"5a9fb06ebd1b47b00f2feea1","itemId":"57ff27b538f033aa0f13e3ee","flip":0,"rot":0,"z":16,"y":131,"x":118,"pageNo":3},{"_id":"5a9fb06ebd1b47b00f2feea2","itemId":"57ff282838f033aa0f13e3f0","flip":0,"rot":0,"z":17,"y":130,"x":131,"pageNo":3},{"_id":"5a9fb06ebd1b47b00f2feea3","itemId":"5240836dc9b4a8ef50000003","flip":0,"rot":0,"z":18,"y":38,"x":-2,"pageNo":3},{"_id":"5a9fb06ebd1b47b00f2feea4","itemId":"54d4c0c05f6ea1cf5075f7e7","flip":0,"rot":0,"z":19,"y":39,"x":22,"pageNo":3},{"_id":"5a9fb06ebd1b47b00f2feea5","itemId":"54565be460a27b6e6d70558d","flip":0,"rot":2,"z":20,"y":18,"x":2,"pageNo":3},{"_id":"5a9fb06ebd1b47b00f2feea6","itemId":"54566014c2a42d543b633959","flip":0,"rot":0,"z":21,"y":1,"x":0,"pageNo":3},{"_id":"5a9fb06ebd1b47b00f2feea7","itemId":"524083aa3378ee3a64000004","flip":0,"rot":0,"z":22,"y":3,"x":22,"pageNo":3},{"_id":"5a9fb06ebd1b47b00f2feea8","itemId":"524084243378ee3a64000005","flip":0,"rot":2,"z":23,"y":21,"x":17,"pageNo":3},{"_id":"5a9fb06ebd1b47b00f2feea9","itemId":"580093c34f9b28a70f0cbccd","flip":0,"rot":0,"z":24,"y":0,"x":57,"pageNo":3},{"_id":"5a9fb06ebd1b47b00f2feeaa","itemId":"54566f0d1b8501746d5281ba","flip":0,"rot":0,"z":25,"y":3,"x":36,"pageNo":3},{"_id":"5a9fb06ebd1b47b00f2feeab","itemId":"57fa0774ab4ac837138a20f4","flip":0,"rot":0,"z":26,"y":20,"x":37,"pageNo":3},{"_id":"5a9fb06ebd1b47b00f2feeac","itemId":"545660e33d481c563bae9752","flip":0,"rot":0,"z":27,"y":36,"x":36,"pageNo":3},{"_id":"5a9fb06ebd1b47b00f2feead","itemId":"545664203d481c563bae975a","flip":0,"rot":0,"z":28,"y":38,"x":57,"pageNo":3},{"_id":"5a9fb06ebd1b47b00f2feeae","itemId":"545669b4cc18ea51770967d4","flip":0,"rot":0,"z":29,"y":38,"x":95,"pageNo":3},{"_id":"5a9fb06ebd1b47b00f2feeaf","itemId":"5456642a60a27b6e6d70559a","flip":0,"rot":0,"z":30,"y":38,"x":76,"pageNo":3},{"_id":"5a9fb06ebd1b47b00f2feeb0","itemId":"54566347cc18ea51770967c7","flip":0,"rot":0,"z":31,"y":20,"x":59,"pageNo":3},{"_id":"5a9fb06ebd1b47b00f2feeb1","itemId":"524083aa3378ee3a64000004","flip":0,"rot":0,"z":32,"y":19,"x":76,"pageNo":3},{"_id":"5a9fb06ebd1b47b00f2feeb2","itemId":"53a1b9270022279c70def6f1","flip":0,"rot":0,"z":33,"y":1,"x":79,"pageNo":3},{"_id":"5a9fb06ebd1b47b00f2feeb3","itemId":"57d7af05364e403c1336e44a","flip":0,"rot":0,"z":34,"y":1,"x":96,"pageNo":3},{"_id":"5a9fb06ebd1b47b00f2feeb4","itemId":"580093ca5481ea0e1321ec9a","flip":0,"rot":0,"z":35,"y":0,"x":114,"pageNo":3},{"_id":"5a9fb06ebd1b47b00f2feeb5","itemId":"54566f2ed5541463388049cc","flip":0,"rot":0,"z":36,"y":3,"x":132,"pageNo":3},{"_id":"5a9fb06ebd1b47b00f2feeb6","itemId":"57fa0774ab4ac837138a20f4","flip":0,"rot":1,"z":37,"y":20,"x":131,"pageNo":3},{"_id":"5a9fb06ebd1b47b00f2feeb7","itemId":"545663533d481c563bae9758","flip":0,"rot":0,"z":38,"y":19,"x":112,"pageNo":3},{"_id":"5a9fb06ebd1b47b00f2feeb8","itemId":"532209868ef605716b000078","flip":0,"rot":0,"z":39,"y":18,"x":95,"pageNo":3},{"_id":"5a9fb06ebd1b47b00f2feeb9","itemId":"545660eed5541463388049a1","flip":0,"rot":0,"z":40,"y":38,"x":133,"pageNo":3},{"_id":"5a9fb06ebd1b47b00f2feeba","itemId":"5456608560a27b6e6d705593","flip":0,"rot":0,"z":41,"y":38,"x":114,"pageNo":3},{"_id":"5a9fb06ebd1b47b00f2feebb","itemId":"545b15495cbf0db6329ab6d7","flip":0,"rot":0,"z":42,"y":57,"x":114,"pageNo":3},{"_id":"5a9fb06ebd1b47b00f2feebc","itemId":"57dcc97ed447e93e13a75d8d","flip":0,"rot":0,"z":43,"y":57,"x":95,"pageNo":3},{"_id":"5a9fb06ebd1b47b00f2feebd","itemId":"5457f5a25a36fbca4789f995","flip":0,"rot":0,"z":44,"y":57,"x":76,"pageNo":3},{"_id":"5a9fb06ebd1b47b00f2feebe","itemId":"54566189ea3d3c726d201d1a","flip":0,"rot":0,"z":45,"y":76,"x":38,"pageNo":3},{"_id":"5a9fb06ebd1b47b00f2feebf","itemId":"545661923d481c563bae9754","flip":0,"rot":1,"z":46,"y":76,"x":57,"pageNo":3},{"_id":"5a9fb06ebd1b47b00f2feec0","itemId":"53c6ace1132437db5ac3912b","flip":0,"rot":0,"z":47,"y":76,"x":20,"pageNo":3},{"_id":"5a9fb06ebd1b47b00f2feec1","itemId":"5a89121877e169ac0f1a969e","flip":0,"rot":0,"z":48,"y":37,"x":16,"pageNo":3},{"_id":"5a9fb06ebd1b47b00f2feec2","itemId":"5a89121877e169ac0f1a969e","flip":0,"rot":0,"z":49,"y":58,"x":1,"pageNo":3},{"_id":"5a9fb06ebd1b47b00f2feec3","itemId":"5a8911c39798a86a13359d7d","flip":0,"rot":0,"z":50,"y":58,"x":37,"pageNo":3},{"_id":"5a9fb06ebd1b47b00f2feec4","itemId":"5a8911c39798a86a13359d7d","flip":0,"rot":0,"z":51,"y":55,"x":56,"pageNo":3},{"_id":"5a9fb06ebd1b47b00f2feec5","itemId":"5a89121877e169ac0f1a969e","flip":0,"rot":0,"z":52,"y":57,"x":77,"pageNo":3},{"_id":"5a9fb06ebd1b47b00f2feec6","itemId":"5a89121877e169ac0f1a969e","flip":0,"rot":0,"z":53,"y":57,"x":114,"pageNo":3},{"_id":"5a9fb06ebd1b47b00f2feec7","itemId":"5a89116f65bc2647131ff604","flip":0,"rot":0,"z":54,"y":130,"x":98,"pageNo":3},{"_id":"5a9fb06ebd1b47b00f2feec8","itemId":"5a89116f65bc2647131ff604","flip":0,"rot":0,"z":55,"y":132,"x":113,"pageNo":3},{"_id":"5a9fb06ebd1b47b00f2feec9","itemId":"5a89116f65bc2647131ff604","flip":0,"rot":0,"z":56,"y":134,"x":131,"pageNo":3},{"_id":"5a9fb06ebd1b47b00f2feeca","itemId":"5a89116f65bc2647131ff604","flip":0,"rot":0,"z":57,"y":114,"x":133,"pageNo":3},{"_id":"5a9fb06ebd1b47b00f2feecb","itemId":"5a89116f65bc2647131ff604","flip":0,"rot":0,"z":58,"y":116,"x":75,"pageNo":3},{"_id":"5a9fb06ebd1b47b00f2feecc","itemId":"5a89116f65bc2647131ff604","flip":0,"rot":0,"z":59,"y":116,"x":59,"pageNo":3},{"_id":"5a9fb06ebd1b47b00f2feecd","itemId":"5a891782b1743ba60f49e81c","flip":0,"rot":0,"z":60,"y":3,"x":2,"pageNo":3},{"_id":"5a9fb06ebd1b47b00f2feece","itemId":"5a891cc094615f6813b8a8cc","flip":0,"rot":0,"z":61,"y":1,"x":17,"pageNo":3},{"_id":"5a9fb06ebd1b47b00f2feecf","itemId":"59d1582bcf25e4fe0f53f346","flip":0,"rot":0,"z":62,"y":95,"x":76,"pageNo":3},{"_id":"5a9fb10e9d9d1e6a133f0172","itemId":"5832498573c364bc0fd70c46","flip":0,"rot":0,"z":0,"y":1,"x":1,"pageNo":6},{"_id":"5a9fb10e9d9d1e6a133f0173","itemId":"58325e35af31bb471314d072","flip":0,"rot":0,"z":1,"y":3,"x":18,"pageNo":6},{"_id":"5a9fb10e9d9d1e6a133f0174","itemId":"58325ece961bd7bd62d59a52","flip":0,"rot":0,"z":2,"y":4,"x":42,"pageNo":6},{"_id":"5a9fb10e9d9d1e6a133f0175","itemId":"58327c656866c7b80fa06edb","flip":0,"rot":0,"z":3,"y":2,"x":58,"pageNo":6},{"_id":"5a9fb10e9d9d1e6a133f0176","itemId":"58327c93a2b7096013749ab1","flip":0,"rot":0,"z":4,"y":0,"x":76,"pageNo":6},{"_id":"5a9fb10e9d9d1e6a133f0177","itemId":"583255787aac6e2813c2890b","flip":0,"rot":0,"z":5,"y":19,"x":0,"pageNo":6},{"_id":"5a9fb10e9d9d1e6a133f0178","itemId":"58325598961bd7bd62d599df","flip":0,"rot":0,"z":6,"y":18,"x":20,"pageNo":6},{"_id":"5a9fb10e9d9d1e6a133f0179","itemId":"583255afde433817139e2cc4","flip":0,"rot":0,"z":7,"y":19,"x":38,"pageNo":6},{"_id":"5a9fb10e9d9d1e6a133f017a","itemId":"581d685f0c88b44c13ed3f8e","flip":0,"rot":0,"z":8,"y":22,"x":59,"pageNo":6},{"_id":"5a9fb10e9d9d1e6a133f017b","itemId":"581d681ad8100777139d5dda","flip":0,"rot":0,"z":9,"y":20,"x":77,"pageNo":6},{"_id":"5a9fb10e9d9d1e6a133f017c","itemId":"583256148d9decbc0fdc2ea2","flip":0,"rot":0,"z":10,"y":18,"x":95,"pageNo":6},{"_id":"5a9fb10e9d9d1e6a133f017d","itemId":"58340f33dea2c22613f0963e","flip":0,"rot":0,"z":11,"y":20,"x":115,"pageNo":6},{"_id":"5a9fb10e9d9d1e6a133f017e","itemId":"58340f121b7c3db60f844948","flip":0,"rot":0,"z":12,"y":21,"x":135,"pageNo":6},{"_id":"5a9fb10e9d9d1e6a133f017f","itemId":"583259a72d32a01d13bcc5ee","flip":0,"rot":0,"z":13,"y":38,"x":0,"pageNo":6},{"_id":"5a9fb10e9d9d1e6a133f0180","itemId":"5832498573c364bc0fd70c46","flip":0,"rot":0,"z":14,"y":38,"x":23,"pageNo":6},{"_id":"5a9fb10e9d9d1e6a133f0181","itemId":"583259bfde433817139e2ce0","flip":0,"rot":0,"z":15,"y":42,"x":40,"pageNo":6},{"_id":"5a9fb10e9d9d1e6a133f0182","itemId":"5832c9f23256ae3113a27cfa","flip":0,"rot":0,"z":16,"y":41,"x":60,"pageNo":6},{"_id":"5a9fb10e9d9d1e6a133f0183","itemId":"5832498573c364bc0fd70c46","flip":0,"rot":0,"z":17,"y":37,"x":72,"pageNo":6},{"_id":"5a9fb10e9d9d1e6a133f0184","itemId":"5832ca0d3f3803c60fefe8ac","flip":0,"rot":0,"z":18,"y":38,"x":98,"pageNo":6},{"_id":"5a9fb10e9d9d1e6a133f0185","itemId":"58340199207a83bd0fdaab20","flip":0,"rot":0,"z":19,"y":40,"x":117,"pageNo":6},{"_id":"5a9fb10e9d9d1e6a133f0186","itemId":"583401ef867516b70fccaa66","flip":0,"rot":0,"z":20,"y":38,"x":133,"pageNo":6},{"_id":"5a9fb10e9d9d1e6a133f0187","itemId":"58395651d4b8547513f6da8c","flip":0,"rot":0,"z":21,"y":57,"x":3,"pageNo":6},{"_id":"5a9fb10e9d9d1e6a133f0188","itemId":"583aa96fa29cbae20fe980b7","flip":0,"rot":1,"z":22,"y":59,"x":23,"pageNo":6},{"_id":"5a9fb10e9d9d1e6a133f0189","itemId":"583aa943bb268548149f8f5d","flip":0,"rot":0,"z":23,"y":61,"x":41,"pageNo":6},{"_id":"5a9fb10e9d9d1e6a133f018a","itemId":"583a9727fbb9647013220169","flip":0,"rot":0,"z":24,"y":76,"x":0,"pageNo":6},{"_id":"5a9fb10e9d9d1e6a133f018b","itemId":"583a972d40a733ad1318e2b0","flip":0,"rot":0,"z":25,"y":76,"x":23,"pageNo":6},{"_id":"5a9fb10e9d9d1e6a133f018c","itemId":"5475d408d07ffa3d3067f78a","flip":0,"rot":0,"z":26,"y":114,"x":2,"pageNo":6},{"_id":"5a9fb10e9d9d1e6a133f018d","itemId":"5475da2c91901530313b8ab3","flip":0,"rot":1,"z":27,"y":133,"x":4,"pageNo":6},{"_id":"5a9fb10e9d9d1e6a133f018e","itemId":"5475da079eafd55c018da15b","flip":0,"rot":0,"z":28,"y":116,"x":22,"pageNo":6},{"_id":"5a9fb10e9d9d1e6a133f018f","itemId":"5475da541d4be15701869cb6","flip":0,"rot":1,"z":29,"y":115,"x":36,"pageNo":6},{"_id":"5a9fb10e9d9d1e6a133f0190","itemId":"5475e4558a778020324d827f","flip":0,"rot":0,"z":30,"y":130,"x":20,"pageNo":6},{"_id":"5a9fb10e9d9d1e6a133f0191","itemId":"5475e4688b92a51a32cea4c0","flip":0,"rot":0,"z":31,"y":133,"x":38,"pageNo":6},{"_id":"5a9fb10e9d9d1e6a133f0192","itemId":"5475eb4649df959b3730f6a6","flip":0,"rot":0,"z":32,"y":117,"x":57,"pageNo":6},{"_id":"5a9fb10e9d9d1e6a133f0193","itemId":"5475eadf4cdf04143350be53","flip":0,"rot":0,"z":33,"y":134,"x":61,"pageNo":6},{"_id":"5a9fb10e9d9d1e6a133f0194","itemId":"583a9bf47a65e26013effd25","flip":0,"rot":0,"z":34,"y":96,"x":19,"pageNo":6},{"_id":"5a9fb10e9d9d1e6a133f0195","itemId":"583ab15b9cf31adc0f493a7e","flip":0,"rot":0,"z":35,"y":97,"x":-2,"pageNo":6},{"_id":"5a9fb10e9d9d1e6a133f0196","itemId":"583398c92235d1c10f78e86f","flip":0,"rot":0,"z":36,"y":77,"x":56,"pageNo":6},{"_id":"5a9fb10e9d9d1e6a133f0197","itemId":"58340b8287bdf28a4f2052db","flip":0,"rot":0,"z":37,"y":57,"x":117,"pageNo":6},{"_id":"5a9fb10e9d9d1e6a133f0198","itemId":"583409c162cbe61313ade51d","flip":0,"rot":1,"z":38,"y":57,"x":133,"pageNo":6},{"_id":"5a9fb10e9d9d1e6a133f0199","itemId":"583403ef52a8f7b00f914962","flip":0,"rot":0,"z":39,"y":76,"x":114,"pageNo":6},{"_id":"5a9fb10e9d9d1e6a133f019a","itemId":"5834043cb675f85313ea2e27","flip":0,"rot":0,"z":40,"y":76,"x":133,"pageNo":6},{"_id":"5a9fb10e9d9d1e6a133f019b","itemId":"58340588c65b3f8b4f28fc96","flip":0,"rot":0,"z":41,"y":95,"x":114,"pageNo":6},{"_id":"5a9fb10e9d9d1e6a133f019c","itemId":"583405d31b7c3db60f844930","flip":0,"rot":0,"z":42,"y":99,"x":134,"pageNo":6},{"_id":"5a9fb10e9d9d1e6a133f019d","itemId":"583a8fe303e3e72b13c993ec","flip":0,"rot":0,"z":43,"y":134,"x":118,"pageNo":6},{"_id":"5a9fb10e9d9d1e6a133f019e","itemId":"583dee9b6b2e9296136cf79b","flip":0,"rot":0,"z":44,"y":136,"x":136,"pageNo":6},{"_id":"5a9fb10e9d9d1e6a133f019f","itemId":"58325c70c509c8bb0f6dd894","flip":0,"rot":0,"z":45,"y":0,"x":133,"pageNo":6},{"_id":"5a9fb10e9d9d1e6a133f01a0","itemId":"5a89116f65bc2647131ff604","flip":0,"rot":0,"z":46,"y":0,"x":2,"pageNo":6},{"_id":"5a9fb10e9d9d1e6a133f01a1","itemId":"5a89121877e169ac0f1a969e","flip":0,"rot":0,"z":47,"y":0,"x":17,"pageNo":6},{"_id":"5a9fb10e9d9d1e6a133f01a2","itemId":"5a8911c39798a86a13359d7d","flip":0,"rot":0,"z":48,"y":2,"x":36,"pageNo":6},{"_id":"5a9fb10e9d9d1e6a133f01a3","itemId":"5a89116f65bc2647131ff604","flip":0,"rot":0,"z":49,"y":38,"x":3,"pageNo":6},{"_id":"5a9fb10e9d9d1e6a133f01a4","itemId":"5a89116f65bc2647131ff604","flip":0,"rot":0,"z":50,"y":35,"x":20,"pageNo":6},{"_id":"5a9fb10e9d9d1e6a133f01a5","itemId":"5a89116f65bc2647131ff604","flip":0,"rot":0,"z":51,"y":34,"x":40,"pageNo":6},{"_id":"5a9fb10e9d9d1e6a133f01a6","itemId":"5a89116f65bc2647131ff604","flip":0,"rot":0,"z":52,"y":38,"x":56,"pageNo":6},{"_id":"5a9fb10e9d9d1e6a133f01a7","itemId":"5a89116f65bc2647131ff604","flip":0,"rot":0,"z":53,"y":36,"x":76,"pageNo":6},{"_id":"5a9fb10e9d9d1e6a133f01a8","itemId":"5a89116f65bc2647131ff604","flip":0,"rot":0,"z":54,"y":38,"x":94,"pageNo":6},{"_id":"5a9fb10e9d9d1e6a133f01a9","itemId":"5a89116f65bc2647131ff604","flip":0,"rot":0,"z":55,"y":42,"x":112,"pageNo":6},{"_id":"5a9fb10e9d9d1e6a133f01aa","itemId":"5a89116f65bc2647131ff604","flip":0,"rot":0,"z":56,"y":36,"x":129,"pageNo":6},{"_id":"5a9fb10e9d9d1e6a133f01ab","itemId":"5a891782b1743ba60f49e81c","flip":0,"rot":0,"z":57,"y":3,"x":1,"pageNo":6},{"_id":"5a9fb10e9d9d1e6a133f01ac","itemId":"5a891cff1960905e13895a9e","flip":0,"rot":0,"z":58,"y":0,"x":18,"pageNo":6},{"_id":"5a9fb10e9d9d1e6a133f01ad","itemId":"581d62ccfaf05c6913cd4c32","flip":0,"rot":0,"z":59,"y":1,"x":95,"pageNo":6},{"_id":"5a9fb10e9d9d1e6a133f01ae","itemId":"5832490d84a19a2d13a05f6c","flip":0,"rot":0,"z":60,"y":0,"x":113,"pageNo":6},{"_id":"5a9fb10e9d9d1e6a133f01af","itemId":"5a89116f65bc2647131ff604","flip":0,"rot":0,"z":61,"y":1,"x":112,"pageNo":6},{"_id":"5a9fb10e9d9d1e6a133f01b0","itemId":"583407a91b7c3db60f84493d","flip":0,"rot":0,"z":62,"y":114,"x":133,"pageNo":6},{"_id":"5a9fb10e9d9d1e6a133f01b1","itemId":"583408f5b675f85313ea2e63","flip":0,"rot":0,"z":63,"y":114,"x":114,"pageNo":6},{"_id":"5a9fb10e9d9d1e6a133f01b2","itemId":"5834046c87bdf28a4f2052cd","flip":0,"rot":0,"z":64,"y":114,"x":76,"pageNo":6},{"_id":"5a9fb10e9d9d1e6a133f01b3","itemId":"5834052c87bdf28a4f2052ce","flip":0,"rot":0,"z":65,"y":114,"x":95,"pageNo":6},{"_id":"5a9fb10e9d9d1e6a133f01b4","itemId":"58327cf8aa826fb90f7ff978","flip":0,"rot":0,"z":66,"y":95,"x":95,"pageNo":6},{"_id":"5a9fb10e9d9d1e6a133f01b5","itemId":"5a48d344c0779dfb0f49b5dd","flip":0,"rot":0,"z":67,"y":95,"x":76,"pageNo":6},{"_id":"5a9fb10e9d9d1e6a133f01b6","itemId":"581d60e0f535bfb20fdd8d9e","flip":0,"rot":0,"z":68,"y":76,"x":76,"pageNo":6},{"_id":"5a9fb10e9d9d1e6a133f01b7","itemId":"583254fade433817139e2cc1","flip":0,"rot":0,"z":69,"y":76,"x":95,"pageNo":6},{"_id":"5a9fb10e9d9d1e6a133f01b8","itemId":"581d782db28b80751371196f","flip":0,"rot":2,"z":70,"y":58,"x":94,"pageNo":6},{"_id":"5a9fb10e9d9d1e6a133f01b9","itemId":"581d7bcaafc4bd391330c6c6","flip":0,"rot":3,"z":71,"y":60,"x":72,"pageNo":6},{"_id":"5a9fb1543f65334f13d0606b","itemId":"5446abccad86619c53f6224c","flip":0,"rot":0,"z":0,"y":115,"x":116,"pageNo":1},{"_id":"5a9fb1543f65334f13d0606c","itemId":"5446abdb389bf2177c1c11c5","flip":0,"rot":0,"z":1,"y":116,"x":133,"pageNo":1},{"_id":"5a9fb1543f65334f13d0606d","itemId":"5446ae7d4311b69c427fa3cc","flip":0,"rot":0,"z":2,"y":134,"x":131,"pageNo":1},{"_id":"5a9fb1543f65334f13d0606e","itemId":"573b6b17b28d7538134967dd","flip":0,"rot":0,"z":3,"y":58,"x":1,"pageNo":1},{"_id":"5a9fb1543f65334f13d0606f","itemId":"573b6ba9d7fc2132139e96bb","flip":0,"rot":0,"z":4,"y":57,"x":19,"pageNo":1},{"_id":"5a9fb1543f65334f13d06070","itemId":"573b6ae9d7fc2132139e96b5","flip":0,"rot":0,"z":5,"y":58,"x":37,"pageNo":1},{"_id":"5a9fb1543f65334f13d06071","itemId":"573b6a123a081b2d13e355cb","flip":0,"rot":0,"z":6,"y":60,"x":56,"pageNo":1},{"_id":"5a9fb1543f65334f13d06072","itemId":"573b6ba9d7fc2132139e96bb","flip":0,"rot":0,"z":7,"y":58,"x":80,"pageNo":1},{"_id":"5a9fb1543f65334f13d06073","itemId":"573b6a8fd7fc2132139e96b3","flip":0,"rot":0,"z":8,"y":56,"x":95,"pageNo":1},{"_id":"5a9fb1543f65334f13d06074","itemId":"54b42e722bf6f3e96f701aea","flip":0,"rot":0,"z":9,"y":18,"x":134,"pageNo":1},{"_id":"5a9fb1543f65334f13d06075","itemId":"54b2b2dc13fdb55446ed7c7c","flip":0,"rot":0,"z":10,"y":4,"x":131,"pageNo":1},{"_id":"5a9fb1543f65334f13d06076","itemId":"5808577281eeeeb20fc42d85","flip":0,"rot":0,"z":11,"y":2,"x":78,"pageNo":1},{"_id":"5a9fb1543f65334f13d06077","itemId":"53b9b9e01477c5fb26d464f5","flip":0,"rot":0,"z":12,"y":1,"x":56,"pageNo":1},{"_id":"5a9fb1543f65334f13d06078","itemId":"54a60ed577f255ff7bdea428","flip":0,"rot":0,"z":13,"y":1,"x":18,"pageNo":1},{"_id":"5a9fb1543f65334f13d06079","itemId":"54b0876534321da344d28774","flip":0,"rot":0,"z":14,"y":0,"x":0,"pageNo":1},{"_id":"5a9fb1543f65334f13d0607a","itemId":"54af83341d97a4ec596ab854","flip":0,"rot":2,"z":15,"y":19,"x":1,"pageNo":1},{"_id":"5a9fb1543f65334f13d0607b","itemId":"54af834e1d97a4ec596ab855","flip":0,"rot":2,"z":16,"y":17,"x":18,"pageNo":1},{"_id":"5a9fb1543f65334f13d0607c","itemId":"54af83941d97a4ec596ab857","flip":0,"rot":2,"z":17,"y":20,"x":42,"pageNo":1},{"_id":"5a9fb1543f65334f13d0607d","itemId":"57160da300c929810ff12424","flip":0,"rot":0,"z":18,"y":38,"x":4,"pageNo":1},{"_id":"5a9fb1543f65334f13d0607e","itemId":"57160d961e61621913ef0313","flip":0,"rot":0,"z":19,"y":38,"x":19,"pageNo":1},{"_id":"5a9fb1543f65334f13d0607f","itemId":"5a672fd3dbdb4e6e13fd2047","flip":0,"rot":0,"z":20,"y":0,"x":95,"pageNo":1},{"_id":"5a9fb1543f65334f13d06080","itemId":"5a66f5215f18207313a09a51","flip":0,"rot":0,"z":21,"y":0,"x":114,"pageNo":1},{"_id":"5a9fb1543f65334f13d06081","itemId":"57416df75498cd04130d85d8","flip":0,"rot":2,"z":22,"y":19,"x":114,"pageNo":1},{"_id":"5a9fb1543f65334f13d06082","itemId":"52408b092e02fc7a64000006","flip":0,"rot":2,"z":23,"y":20,"x":95,"pageNo":1},{"_id":"5a9fb1543f65334f13d06083","itemId":"570cc437cb11f02613e42183","flip":0,"rot":2,"z":24,"y":22,"x":74,"pageNo":1},{"_id":"5a9fb1543f65334f13d06084","itemId":"5a89116f65bc2647131ff604","flip":0,"rot":0,"z":25,"y":0,"x":3,"pageNo":1},{"_id":"5a9fb1543f65334f13d06085","itemId":"5a89121877e169ac0f1a969e","flip":0,"rot":0,"z":26,"y":2,"x":18,"pageNo":1},{"_id":"5a9fb1543f65334f13d06086","itemId":"5a89116f65bc2647131ff604","flip":0,"rot":0,"z":27,"y":39,"x":21,"pageNo":1},{"_id":"5a9fb1543f65334f13d06087","itemId":"5a89116f65bc2647131ff604","flip":0,"rot":0,"z":28,"y":38,"x":3,"pageNo":1},{"_id":"5a9fb1543f65334f13d06088","itemId":"5a89116f65bc2647131ff604","flip":0,"rot":0,"z":29,"y":55,"x":2,"pageNo":1},{"_id":"5a9fb1543f65334f13d06089","itemId":"5a89116f65bc2647131ff604","flip":0,"rot":0,"z":30,"y":55,"x":20,"pageNo":1},{"_id":"5a9fb1543f65334f13d0608a","itemId":"5a89116f65bc2647131ff604","flip":0,"rot":0,"z":31,"y":57,"x":96,"pageNo":1},{"_id":"5a9fb1543f65334f13d0608b","itemId":"5a89116f65bc2647131ff604","flip":0,"rot":0,"z":32,"y":58,"x":77,"pageNo":1},{"_id":"5a9fb1543f65334f13d0608c","itemId":"5a89116f65bc2647131ff604","flip":0,"rot":0,"z":33,"y":53,"x":56,"pageNo":1},{"_id":"5a9fb1543f65334f13d0608d","itemId":"5a89116f65bc2647131ff604","flip":0,"rot":0,"z":34,"y":53,"x":39,"pageNo":1},{"_id":"5a9fb1543f65334f13d0608e","itemId":"5a89121877e169ac0f1a969e","flip":0,"rot":0,"z":35,"y":19,"x":134,"pageNo":1},{"_id":"5a9fb1543f65334f13d0608f","itemId":"5a8911c39798a86a13359d7d","flip":0,"rot":0,"z":36,"y":18,"x":114,"pageNo":1},{"_id":"5a9fb1543f65334f13d06090","itemId":"5a89116f65bc2647131ff604","flip":0,"rot":0,"z":37,"y":130,"x":134,"pageNo":1},{"_id":"5a9fb1543f65334f13d06091","itemId":"5a89116f65bc2647131ff604","flip":0,"rot":0,"z":38,"y":114,"x":133,"pageNo":1},{"_id":"5a9fb1543f65334f13d06092","itemId":"5a89116f65bc2647131ff604","flip":0,"rot":0,"z":39,"y":111,"x":115,"pageNo":1},{"_id":"5a9fb1543f65334f13d06093","itemId":"5a891782b1743ba60f49e81c","flip":0,"rot":0,"z":40,"y":0,"x":0,"pageNo":1},{"_id":"5a9fb1543f65334f13d06094","itemId":"5a891c8fcf77352d13868599","flip":0,"rot":0,"z":41,"y":1,"x":18,"pageNo":1},{"_id":"5a9fb1543f65334f13d06095","itemId":"56fa10b838852023135fa9ed","flip":0,"rot":0,"z":42,"y":38,"x":38,"pageNo":1},{"_id":"5a9fb1543f65334f13d06096","itemId":"56494a72d27f684d32d17ea0","flip":0,"rot":1,"z":43,"y":21,"x":59,"pageNo":1},{"_id":"5a9fb1543f65334f13d06097","itemId":"5a7134aa00b529b0137e2229","flip":0,"rot":1,"z":44,"y":38,"x":57,"pageNo":1},{"_id":"5a9fb1543f65334f13d06098","itemId":"5a8911c39798a86a13359d7d","flip":0,"rot":0,"z":45,"y":19,"x":57,"pageNo":1},{"_id":"5a9fb1543f65334f13d06099","itemId":"54e220e6ea71c30c52871ca2","flip":0,"rot":3,"z":46,"y":38,"x":76,"pageNo":1},{"_id":"5a9fb1543f65334f13d0609a","itemId":"59fe9658a7de0adc14742cc5","flip":0,"rot":3,"z":47,"y":38,"x":95,"pageNo":1},{"_id":"5a9fb1543f65334f13d0609b","itemId":"59fe97290afdbd7013f0d8d8","flip":0,"rot":0,"z":48,"y":36,"x":116,"pageNo":1},{"_id":"5a9fb1543f65334f13d0609c","itemId":"59fea6d1f2e15a0110b7ad24","flip":0,"rot":0,"z":49,"y":36,"x":134,"pageNo":1},{"_id":"5a9fb1543f65334f13d0609d","itemId":"54468d73f095deb9405b30ce","flip":0,"rot":0,"z":50,"y":114,"x":57,"pageNo":1},{"_id":"5a9fb1543f65334f13d0609e","itemId":"54469332c639b71b7b810db2","flip":0,"rot":0,"z":51,"y":133,"x":57,"pageNo":1},{"_id":"5a9fb1543f65334f13d0609f","itemId":"5446945ec2de0ea3417d4c84","flip":0,"rot":0,"z":52,"y":133,"x":19,"pageNo":1},{"_id":"5a9fb1543f65334f13d060a0","itemId":"54468c130ff6fafe78f0256a","flip":0,"rot":0,"z":53,"y":133,"x":0,"pageNo":1},{"_id":"5a9fb1543f65334f13d060a1","itemId":"54468b81b63010317a1c2841","flip":0,"rot":0,"z":54,"y":114,"x":0,"pageNo":1},{"_id":"5a9fb1543f65334f13d060a2","itemId":"54468bf1b63010317a1c2842","flip":0,"rot":1,"z":55,"y":114,"x":19,"pageNo":1},{"_id":"5a9fb1543f65334f13d060a3","itemId":"5446ade9389bf2177c1c11cc","flip":0,"rot":1,"z":56,"y":114,"x":38,"pageNo":1},{"_id":"5a9fb1543f65334f13d060a4","itemId":"5a89116f65bc2647131ff604","flip":0,"rot":0,"z":57,"y":0,"x":76,"pageNo":1},{"_id":"5a9fb1543f65334f13d060a5","itemId":"57d3d8b356c7151913da56a8","flip":0,"rot":0,"z":58,"y":75,"x":55,"pageNo":1},{"_id":"5a9fb1543f65334f13d060a6","itemId":"57867cf73a545825130bab2a","flip":0,"rot":0,"z":59,"y":76,"x":19,"pageNo":1},{"_id":"5a9fb1543f65334f13d060a7","itemId":"5781365a42385a211355f72c","flip":0,"rot":0,"z":60,"y":77,"x":37,"pageNo":1},{"_id":"5a9fb1543f65334f13d060a8","itemId":"5781364c1d70512713e1bd0f","flip":0,"rot":0,"z":61,"y":73,"x":1,"pageNo":1},{"_id":"5a9fb1543f65334f13d060a9","itemId":"574aa8d2054fef7e0f8c77a6","flip":0,"rot":0,"z":62,"y":95,"x":133,"pageNo":1},{"_id":"5a9fb1543f65334f13d060aa","itemId":"574aa8dfd845301e13a65494","flip":0,"rot":0,"z":63,"y":76,"x":133,"pageNo":1},{"_id":"5a9fb1543f65334f13d060ab","itemId":"574aa8d912f62428135d6525","flip":0,"rot":0,"z":64,"y":57,"x":133,"pageNo":1},{"_id":"5a9fb1543f65334f13d060ac","itemId":"5a73b88baa1dfab5139a9689","flip":0,"rot":2,"z":65,"y":57,"x":114,"pageNo":1},{"_id":"5a9fb1543f65334f13d060ad","itemId":"5a8911c39798a86a13359d7d","flip":0,"rot":0,"z":66,"y":57,"x":114,"pageNo":1},{"_id":"5a9fb1543f65334f13d060ae","itemId":"597b28d7d27096fc0f7692da","flip":0,"rot":2,"z":67,"y":76,"x":114,"pageNo":1},{"_id":"5a9fb1543f65334f13d060af","itemId":"5a89121877e169ac0f1a969e","flip":0,"rot":0,"z":68,"y":76,"x":114,"pageNo":1},{"_id":"5a9fb1543f65334f13d060b0","itemId":"597b28b72e4363fd0f181ee1","flip":0,"rot":0,"z":69,"y":95,"x":114,"pageNo":1},{"_id":"5a9fb1543f65334f13d060b1","itemId":"5a89121877e169ac0f1a969e","flip":0,"rot":0,"z":70,"y":95,"x":114,"pageNo":1},{"_id":"5a9fb1543f65334f13d060b2","itemId":"578136249167833013d8f844","flip":0,"rot":0,"z":71,"y":77,"x":75,"pageNo":1},{"_id":"5a9fb1543f65334f13d060b3","itemId":"54469286e81195a541ba012a","flip":0,"rot":0,"z":72,"y":133,"x":38,"pageNo":1},{"_id":"5a9fb1543f65334f13d060b4","itemId":"5a89121877e169ac0f1a969e","flip":0,"rot":0,"z":73,"y":133,"x":38,"pageNo":1},{"_id":"5a9fb1543f65334f13d060b5","itemId":"5446abd4222ab49a53f93852","flip":0,"rot":0,"z":74,"y":133,"x":114,"pageNo":1},{"_id":"5a9fb1543f65334f13d060b6","itemId":"5a89116f65bc2647131ff604","flip":0,"rot":0,"z":75,"y":133,"x":114,"pageNo":1},{"_id":"5a9fb1543f65334f13d060b7","itemId":"572d79b481e4d60813b118ce","flip":0,"rot":0,"z":76,"y":114,"x":76,"pageNo":1},{"_id":"5a9fb1543f65334f13d060b8","itemId":"572b09f57026511013533514","flip":0,"rot":0,"z":77,"y":114,"x":95,"pageNo":1},{"_id":"5a9fb1543f65334f13d060b9","itemId":"572b09a37026511013533513","flip":0,"rot":0,"z":78,"y":133,"x":76,"pageNo":1},{"_id":"5a9fb1543f65334f13d060ba","itemId":"572d8d7deebbc82913668ea7","flip":0,"rot":0,"z":79,"y":133,"x":95,"pageNo":1},{"_id":"5a9fb1543f65334f13d060bb","itemId":"5743655c04657c820f554dda","flip":0,"rot":0,"z":80,"y":95,"x":3,"pageNo":1},{"_id":"5a9fb1543f65334f13d060bc","itemId":"57436572e1b1690d13e480eb","flip":0,"rot":0,"z":81,"y":96,"x":19,"pageNo":1},{"_id":"5a9fb1543f65334f13d060bd","itemId":"574365c6e1b1690d13e480f0","flip":0,"rot":0,"z":82,"y":98,"x":41,"pageNo":1},{"_id":"5a9fb1543f65334f13d060be","itemId":"571e77858c6237780fc3e392","flip":0,"rot":0,"z":83,"y":94,"x":54,"pageNo":1},{"_id":"5a9fb1543f65334f13d060bf","itemId":"5a89116f65bc2647131ff604","flip":0,"rot":0,"z":84,"y":77,"x":0,"pageNo":1},{"_id":"5a9fb1543f65334f13d060c0","itemId":"5a89116f65bc2647131ff604","flip":0,"rot":0,"z":85,"y":75,"x":20,"pageNo":1},{"_id":"5a9fb1543f65334f13d060c1","itemId":"5a89116f65bc2647131ff604","flip":0,"rot":0,"z":86,"y":79,"x":36,"pageNo":1},{"_id":"5a9fb1543f65334f13d060c2","itemId":"5a89116f65bc2647131ff604","flip":0,"rot":0,"z":87,"y":94,"x":2,"pageNo":1},{"_id":"5a9fb1543f65334f13d060c3","itemId":"5a89116f65bc2647131ff604","flip":0,"rot":0,"z":88,"y":97,"x":17,"pageNo":1},{"_id":"5a9fb1543f65334f13d060c4","itemId":"5a89116f65bc2647131ff604","flip":0,"rot":0,"z":89,"y":93,"x":37,"pageNo":1},{"_id":"5a9fb1543f65334f13d060c5","itemId":"5a89116f65bc2647131ff604","flip":0,"rot":0,"z":90,"y":97,"x":56,"pageNo":1},{"_id":"5a9fb1543f65334f13d060c6","itemId":"5a89116f65bc2647131ff604","flip":0,"rot":0,"z":91,"y":76,"x":78,"pageNo":1},{"_id":"5a9fb1543f65334f13d060c7","itemId":"53aa234c0afc9faa174ca545","flip":0,"rot":0,"z":92,"y":95,"x":76,"pageNo":1},{"_id":"5a9fb1543f65334f13d060c8","itemId":"53aa22fe06c955ae71f2ed8c","flip":0,"rot":0,"z":93,"y":95,"x":95,"pageNo":1},{"_id":"5a9fb1543f65334f13d060c9","itemId":"56494a72d27f684d32d17ea0","flip":0,"rot":1,"z":94,"y":76,"x":95,"pageNo":1},{"_id":"5a9fb1543f65334f13d060ca","itemId":"5a8911c39798a86a13359d7d","flip":0,"rot":0,"z":95,"y":76,"x":95,"pageNo":1},{"_id":"639f0a0b69c02705afe0d96c","itemId":"524083aa3378ee3a64000004","flip":0,"rot":0,"z":0,"y":3,"x":0,"pageNo":0},{"_id":"639f0a0b69c02705afe0d96d","itemId":"570623f1ed4f60810f25836f","flip":0,"rot":0,"z":1,"y":0,"x":20,"pageNo":0},{"_id":"639f0a0b69c02705afe0d96e","itemId":"530fb8a4e3020aa16d0000a7","flip":0,"rot":3,"z":2,"y":3,"x":41,"pageNo":0},{"_id":"639f0a0b69c02705afe0d96f","itemId":"53a1bb060576b387473333f9","flip":0,"rot":0,"z":3,"y":3,"x":59,"pageNo":0},{"_id":"639f0a0b69c02705afe0d970","itemId":"53a1b9270022279c70def6f1","flip":0,"rot":0,"z":4,"y":2,"x":77,"pageNo":0},{"_id":"639f0a0b69c02705afe0d971","itemId":"57d7af05364e403c1336e44a","flip":0,"rot":0,"z":5,"y":3,"x":96,"pageNo":0},{"_id":"639f0a0b69c02705afe0d972","itemId":"53a1baef4223377348955861","flip":0,"rot":0,"z":6,"y":2,"x":115,"pageNo":0},{"_id":"639f0a0b69c02705afe0d973","itemId":"530fb8a4e3020aa16d0000a7","flip":0,"rot":0,"z":7,"y":2,"x":132,"pageNo":0},{"_id":"639f0a0b69c02705afe0d974","itemId":"524084243378ee3a64000005","flip":0,"rot":2,"z":8,"y":22,"x":2,"pageNo":0},{"_id":"639f0a0b69c02705afe0d975","itemId":"52408b092e02fc7a64000006","flip":0,"rot":2,"z":9,"y":21,"x":19,"pageNo":0},{"_id":"639f0a0b69c02705afe0d976","itemId":"54b2e0460eae9dc73bea74c2","flip":0,"rot":0,"z":10,"y":19,"x":40,"pageNo":0},{"_id":"639f0a0b69c02705afe0d977","itemId":"548e82758a04c0cc337fd1ad","flip":0,"rot":0,"z":11,"y":21,"x":58,"pageNo":0},{"_id":"639f0a0b69c02705afe0d978","itemId":"548e82031a246efb155c677b","flip":0,"rot":0,"z":12,"y":21,"x":77,"pageNo":0},{"_id":"639f0a0b69c02705afe0d979","itemId":"57d7b20a0096a1a40fac1372","flip":0,"rot":0,"z":13,"y":19,"x":96,"pageNo":0},{"_id":"639f0a0b69c02705afe0d97a","itemId":"548e82e604b4aad033e72578","flip":0,"rot":0,"z":14,"y":21,"x":114,"pageNo":0},{"_id":"639f0a0b69c02705afe0d97b","itemId":"54b2e0460eae9dc73bea74c2","flip":0,"rot":1,"z":15,"y":20,"x":133,"pageNo":0},{"_id":"639f0a0b69c02705afe0d97c","itemId":"5240836dc9b4a8ef50000003","flip":0,"rot":0,"z":16,"y":38,"x":2,"pageNo":0},{"_id":"639f0a0b69c02705afe0d97d","itemId":"54d4c0c05f6ea1cf5075f7e7","flip":0,"rot":0,"z":17,"y":38,"x":19,"pageNo":0},{"_id":"639f0a0b69c02705afe0d97e","itemId":"53b9b976410816742b267968","flip":0,"rot":2,"z":18,"y":40,"x":133,"pageNo":0},{"_id":"639f0a0b69c02705afe0d97f","itemId":"532326d889d556a60800000a","flip":0,"rot":1,"z":19,"y":38,"x":57,"pageNo":0},{"_id":"639f0a0b69c02705afe0d980","itemId":"53b9b976410816742b267968","flip":0,"rot":0,"z":20,"y":38,"x":41,"pageNo":0},{"_id":"639f0a0b69c02705afe0d981","itemId":"52d230eba583bb4a7e00021e","flip":0,"rot":0,"z":21,"y":56,"x":1,"pageNo":0},{"_id":"639f0a0b69c02705afe0d982","itemId":"536ed257fac7f08b100002fe","flip":0,"rot":0,"z":22,"y":59,"x":19,"pageNo":0},{"_id":"639f0a0b69c02705afe0d983","itemId":"537139a4df29c9ad10000693","flip":0,"rot":3,"z":23,"y":57,"x":41,"pageNo":0},{"_id":"639f0a0b69c02705afe0d984","itemId":"5371394788c310ad0e000612","flip":0,"rot":3,"z":24,"y":55,"x":59,"pageNo":0},{"_id":"639f0a0b69c02705afe0d985","itemId":"536ed68188c310ad0e0002cc","flip":1,"rot":2,"z":25,"y":57,"x":79,"pageNo":0},{"_id":"639f0a0b69c02705afe0d986","itemId":"543b9fbab70f844613e3e013","flip":0,"rot":1,"z":26,"y":56,"x":97,"pageNo":0},{"_id":"639f0a0b69c02705afe0d987","itemId":"5371397adf29c9ad10000691","flip":1,"rot":2,"z":27,"y":58,"x":115,"pageNo":0},{"_id":"639f0a0b69c02705afe0d988","itemId":"53718080fac7f08b1000070a","flip":1,"rot":0,"z":28,"y":54,"x":132,"pageNo":0},{"_id":"639f0a0b69c02705afe0d989","itemId":"53232cb91d1961b077000004","flip":0,"rot":0,"z":29,"y":76,"x":-1,"pageNo":0},{"_id":"639f0a0b69c02705afe0d98a","itemId":"5328a36e258cc3936b000010","flip":0,"rot":0,"z":30,"y":75,"x":39,"pageNo":0},{"_id":"639f0a0b69c02705afe0d98b","itemId":"5328a3c78b39b9e50900001b","flip":0,"rot":1,"z":31,"y":77,"x":61,"pageNo":0},{"_id":"639f0a0b69c02705afe0d98c","itemId":"54b2fb361f14459f4818d96f","flip":0,"rot":0,"z":32,"y":77,"x":76,"pageNo":0},{"_id":"639f0a0b69c02705afe0d98d","itemId":"54b2fb2d3a170c486cfa81d9","flip":0,"rot":1,"z":33,"y":77,"x":98,"pageNo":0},{"_id":"639f0a0b69c02705afe0d98e","itemId":"54b2fa1c679505ea1204cc09","flip":0,"rot":0,"z":34,"y":76,"x":111,"pageNo":0},{"_id":"639f0a0b69c02705afe0d98f","itemId":"54b2f9edc5fc31c960912cb2","flip":0,"rot":0,"z":35,"y":77,"x":132,"pageNo":0},{"_id":"639f0a0b69c02705afe0d990","itemId":"57d7ab8b955b490e1378a481","flip":0,"rot":0,"z":36,"y":97,"x":-1,"pageNo":0},{"_id":"639f0a0b69c02705afe0d991","itemId":"532209868ef605716b000078","flip":0,"rot":0,"z":37,"y":96,"x":18,"pageNo":0},{"_id":"639f0a0b69c02705afe0d992","itemId":"57d7abf629d3dcaa0fa62918","flip":0,"rot":0,"z":38,"y":97,"x":40,"pageNo":0},{"_id":"639f0a0b69c02705afe0d993","itemId":"57d8dbf62bc767451310ec30","flip":0,"rot":0,"z":39,"y":114,"x":0,"pageNo":0},{"_id":"639f0a0b69c02705afe0d994","itemId":"53220d3a406f72d62f000012","flip":0,"rot":0,"z":40,"y":114,"x":19,"pageNo":0},{"_id":"639f0a0b69c02705afe0d995","itemId":"57d8dbfef360b61613a742e8","flip":0,"rot":0,"z":41,"y":116,"x":39,"pageNo":0},{"_id":"639f0a0b69c02705afe0d996","itemId":"57d79d8a43647af912073a80","flip":0,"rot":0,"z":42,"y":130,"x":1,"pageNo":0},{"_id":"639f0a0b69c02705afe0d997","itemId":"53220b79250105e239000004","flip":0,"rot":0,"z":43,"y":130,"x":20,"pageNo":0},{"_id":"639f0a0b69c02705afe0d998","itemId":"57d79c904c12d34713b0b917","flip":0,"rot":0,"z":44,"y":132,"x":41,"pageNo":0},{"_id":"639f0a0b69c02705afe0d999","itemId":"552fd182d561613e6d240d89","flip":0,"rot":0,"z":45,"y":131,"x":57,"pageNo":0},{"_id":"639f0a0b69c02705afe0d99a","itemId":"552579403c6de0b8579df919","flip":0,"rot":0,"z":46,"y":130,"x":76,"pageNo":0},{"_id":"639f0a0b69c02705afe0d99b","itemId":"5339e07bf11d41522c00001f","flip":0,"rot":0,"z":47,"y":97,"x":57,"pageNo":0},{"_id":"639f0a0b69c02705afe0d99c","itemId":"5339dff0e59f66164e00001a","flip":0,"rot":0,"z":48,"y":95,"x":76,"pageNo":0},{"_id":"639f0a0b69c02705afe0d99d","itemId":"54b2fe48e31e454a6cf2eb2d","flip":0,"rot":0,"z":49,"y":95,"x":95,"pageNo":0},{"_id":"639f0a0b69c02705afe0d99e","itemId":"559637e3936e983a0a8fc30d","flip":0,"rot":0,"z":50,"y":98,"x":113,"pageNo":0},{"_id":"639f0a0b69c02705afe0d99f","itemId":"5339e061eda257300400001d","flip":0,"rot":0,"z":51,"y":99,"x":134,"pageNo":0},{"_id":"639f0a0b69c02705afe0d9a0","itemId":"543dbcbcdb1608315f03a413","flip":0,"rot":0,"z":52,"y":116,"x":131,"pageNo":0},{"_id":"639f0a0b69c02705afe0d9a1","itemId":"543dbcd5a51913531b244c58","flip":0,"rot":0,"z":53,"y":113,"x":54,"pageNo":0},{"_id":"639f0a0b69c02705afe0d9a2","itemId":"543dbc68c4838126676c8059","flip":0,"rot":0,"z":54,"y":114,"x":78,"pageNo":0},{"_id":"639f0a0b69c02705afe0d9a3","itemId":"54f053f03d289a4f7bca1808","flip":0,"rot":0,"z":55,"y":115,"x":94,"pageNo":0},{"_id":"639f0a0b69c02705afe0d9a4","itemId":"54aee6fef98a806148f34c8f","flip":0,"rot":0,"z":56,"y":114,"x":116,"pageNo":0},{"_id":"639f0a0b69c02705afe0d9a5","itemId":"54ae2b951d97a4ec596ab46c","flip":0,"rot":0,"z":57,"y":133,"x":96,"pageNo":0},{"_id":"639f0a0b69c02705afe0d9a6","itemId":"543dbc9bc4838126676c805a","flip":0,"rot":0,"z":58,"y":132,"x":115,"pageNo":0},{"_id":"639f0a0b69c02705afe0d9a7","itemId":"5357a6886686493e23000c35","flip":0,"rot":0,"z":59,"y":38,"x":95,"pageNo":0},{"_id":"639f0a0b69c02705afe0d9a8","itemId":"5a73be8eaa1dfab5139a9708","flip":0,"rot":0,"z":60,"y":38,"x":116,"pageNo":0},{"_id":"639f0a0b69c02705afe0d9a9","itemId":"540b5751d96ba35c2d91ab5c","flip":0,"rot":0,"z":61,"y":38,"x":76,"pageNo":0},{"_id":"639f0a0b69c02705afe0d9aa","itemId":"53c6ace1132437db5ac3912b","flip":0,"rot":0,"z":62,"y":78,"x":19,"pageNo":0},{"_id":"639f0a0b69c02705afe0d9ab","itemId":"5a89116f65bc2647131ff604","flip":0,"rot":0,"z":63,"y":97,"x":58,"pageNo":0},{"_id":"639f0a0b69c02705afe0d9ac","itemId":"5a8911c39798a86a13359d7d","flip":0,"rot":0,"z":64,"y":57,"x":19,"pageNo":0},{"_id":"639f0a0b69c02705afe0d9ad","itemId":"5a89121877e169ac0f1a969e","flip":0,"rot":0,"z":65,"y":38,"x":19,"pageNo":0},{"_id":"639f0a0b69c02705afe0d9ae","itemId":"5a89121877e169ac0f1a969e","flip":0,"rot":0,"z":66,"y":60,"x":37,"pageNo":0},{"_id":"639f0a0b69c02705afe0d9af","itemId":"5a8911c39798a86a13359d7d","flip":0,"rot":0,"z":67,"y":58,"x":59,"pageNo":0},{"_id":"639f0a0b69c02705afe0d9b0","itemId":"5a8911c39798a86a13359d7d","flip":0,"rot":0,"z":68,"y":58,"x":75,"pageNo":0},{"_id":"639f0a0b69c02705afe0d9b1","itemId":"5a89121877e169ac0f1a969e","flip":0,"rot":0,"z":69,"y":58,"x":95,"pageNo":0},{"_id":"639f0a0b69c02705afe0d9b2","itemId":"5a8911c39798a86a13359d7d","flip":0,"rot":0,"z":70,"y":59,"x":115,"pageNo":0},{"_id":"639f0a0b69c02705afe0d9b3","itemId":"5a8911c39798a86a13359d7d","flip":0,"rot":0,"z":71,"y":59,"x":133,"pageNo":0},{"_id":"639f0a0b69c02705afe0d9b4","itemId":"5a89116f65bc2647131ff604","flip":0,"rot":0,"z":72,"y":91,"x":78,"pageNo":0},{"_id":"639f0a0b69c02705afe0d9b5","itemId":"5a89116f65bc2647131ff604","flip":0,"rot":0,"z":73,"y":114,"x":58,"pageNo":0},{"_id":"639f0a0b69c02705afe0d9b6","itemId":"5a89116f65bc2647131ff604","flip":0,"rot":0,"z":74,"y":114,"x":76,"pageNo":0},{"_id":"639f0a0b69c02705afe0d9b7","itemId":"5a89116f65bc2647131ff604","flip":0,"rot":0,"z":75,"y":91,"x":133,"pageNo":0},{"_id":"639f0a0b69c02705afe0d9b8","itemId":"5a89116f65bc2647131ff604","flip":0,"rot":0,"z":76,"y":110,"x":134,"pageNo":0},{"_id":"639f0a0b69c02705afe0d9b9","itemId":"543dbca6a51913531b244c57","flip":0,"rot":0,"z":77,"y":131,"x":130,"pageNo":0},{"_id":"639f0a0b69c02705afe0d9ba","itemId":"5a89116f65bc2647131ff604","flip":0,"rot":0,"z":78,"y":134,"x":131,"pageNo":0},{"_id":"639f0a0b69c02705afe0d9bb","itemId":"5a89116f65bc2647131ff604","flip":0,"rot":0,"z":79,"y":133,"x":98,"pageNo":0},{"_id":"639f0a0b69c02705afe0d9bc","itemId":"5a89116f65bc2647131ff604","flip":0,"rot":0,"z":80,"y":134,"x":116,"pageNo":0},{"_id":"639f0a0b69c02705afe0d9bd","itemId":"5a891782b1743ba60f49e81c","flip":0,"rot":0,"z":81,"y":1,"x":2,"pageNo":0},{"_id":"639f0a0b69c02705afe0d9be","itemId":"5a891c78cf77352d13868598","flip":0,"rot":0,"z":82,"y":-2,"x":18,"pageNo":0},{"_id":"639f0a0b69c02705afe0d9bf","itemId":"5a89121877e169ac0f1a969e","flip":0,"rot":0,"z":83,"y":57,"x":0,"pageNo":0}]}