{"isCreator":false,"contents":[{"_id":"6333a2495fda053ae082cb5f","itemId":"5ca90eccf864333d94283646","flip":0,"rot":0,"z":0,"y":-2,"x":-3,"pageNo":0},{"_id":"6333a2495fda053ae082cb60","itemId":"5ca9214665b4a33d8d03270f","flip":0,"rot":0,"z":1,"y":133,"x":0,"pageNo":0},{"_id":"6333a2495fda053ae082cb61","itemId":"54b30740ea7500326e18d303","flip":0,"rot":0,"z":2,"y":132,"x":20,"pageNo":0},{"_id":"6333a2495fda053ae082cb62","itemId":"5ca921fc67b0c36ef0cb9999","flip":0,"rot":0,"z":3,"y":135,"x":76,"pageNo":0},{"_id":"6333a2495fda053ae082cb63","itemId":"5ca96985840dc605316792b1","flip":0,"rot":0,"z":4,"y":136,"x":1,"pageNo":0},{"_id":"6333a2495fda053ae082cb64","itemId":"5ca94e9310d8ec3d9a6163c3","flip":0,"rot":0,"z":5,"y":133,"x":19,"pageNo":0},{"_id":"6333a2495fda053ae082cb65","itemId":"5caa4a1810d8ec3d9a61691d","flip":0,"rot":0,"z":6,"y":-2,"x":-3,"pageNo":0},{"_id":"6333a2495fda053ae082cb66","itemId":"5caa4f2bc30d0f6ee4a40d56","flip":0,"rot":0,"z":7,"y":0,"x":0,"pageNo":0},{"_id":"6333a2495fda053ae082cb67","itemId":"5ca923a097e2ab0532273d7e","flip":0,"rot":0,"z":8,"y":133,"x":0,"pageNo":0},{"_id":"6333a2495fda053ae082cb68","itemId":"5ca9587a65b4a33d8d0329d9","flip":0,"rot":0,"z":9,"y":10,"x":9,"pageNo":0},{"_id":"6333a2495fda053ae082cb69","itemId":"5ca958850d7deb6ee31ce704","flip":0,"rot":0,"z":10,"y":10,"x":38,"pageNo":0},{"_id":"6333a2495fda053ae082cb6a","itemId":"5ca95a5ee8f18305363f14d7","flip":0,"rot":0,"z":11,"y":10,"x":66,"pageNo":0},{"_id":"6333a2495fda053ae082cb6b","itemId":"5ca96116946e411ab3e2145c","flip":0,"rot":0,"z":12,"y":67,"x":9,"pageNo":0},{"_id":"6333a2495fda053ae082cb6c","itemId":"5ca95a691b35cf6eea60bae3","flip":0,"rot":0,"z":13,"y":38,"x":9,"pageNo":0},{"_id":"6333a2495fda053ae082cb6d","itemId":"5ca95a7bff3e2f3b9be6fc5b","flip":0,"rot":0,"z":14,"y":38,"x":38,"pageNo":0},{"_id":"6333a2495fda053ae082cb6e","itemId":"5ca95b2367b0c36ef0cb9cc3","flip":0,"rot":0,"z":15,"y":38,"x":66,"pageNo":0},{"_id":"6333a2495fda053ae082cb6f","itemId":"5ca961d7946e411ab3e2146f","flip":0,"rot":0,"z":16,"y":67,"x":38,"pageNo":0},{"_id":"6333a2495fda053ae082cb70","itemId":"6333a1f15fda053ae082cb5e","flip":0,"rot":0,"z":17,"y":67,"x":66,"pageNo":0}]}