{"isCreator":false,"contents":[{"_id":"6333a612f8e098481626201e","itemId":"5ca923a097e2ab0532273d7e","flip":0,"rot":0,"z":0,"y":133,"x":-2,"pageNo":0},{"_id":"6333a612f8e098481626201f","itemId":"5ca9214665b4a33d8d03270f","flip":0,"rot":0,"z":1,"y":133,"x":-2,"pageNo":0},{"_id":"6333a612f8e0984816262020","itemId":"5ca96985840dc605316792b1","flip":0,"rot":0,"z":2,"y":136,"x":-2,"pageNo":0},{"_id":"6333a612f8e0984816262021","itemId":"5caa4b14946e411ab3e217d4","flip":0,"rot":0,"z":3,"y":1,"x":0,"pageNo":0},{"_id":"6333a612f8e0984816262022","itemId":"5ca90eccf864333d94283646","flip":0,"rot":0,"z":4,"y":2,"x":-2,"pageNo":0},{"_id":"6333a612f8e0984816262023","itemId":"5caa4d8865b4a33d8d032e9a","flip":0,"rot":0,"z":5,"y":0,"x":2,"pageNo":0},{"_id":"6333a612f8e0984816262024","itemId":"5caa4a1810d8ec3d9a61691d","flip":0,"rot":0,"z":6,"y":4,"x":-3,"pageNo":0},{"_id":"6333a612f8e0984816262025","itemId":"5ca90fa565b4a33d8d0325d9","flip":0,"rot":0,"z":7,"y":134,"x":77,"pageNo":0},{"_id":"6333a612f8e0984816262026","itemId":"5a4cbffe61fabdef0f1e7f6d","flip":0,"rot":0,"z":8,"y":29,"x":10,"pageNo":0},{"_id":"6333a612f8e0984816262027","itemId":"606c255ec05eab1f5575d87d","flip":0,"rot":0,"z":9,"y":10,"x":10,"pageNo":0},{"_id":"6333a612f8e0984816262028","itemId":"607a5852e3deed2597a8856a","flip":0,"rot":0,"z":10,"y":10,"x":29,"pageNo":0},{"_id":"6333a612f8e0984816262029","itemId":"5cc6743367b0c36ef0cc3a53","flip":0,"rot":0,"z":11,"y":29,"x":29,"pageNo":0},{"_id":"6333a612f8e098481626202a","itemId":"5beca0e069b0ec051c9b807d","flip":0,"rot":0,"z":12,"y":57,"x":10,"pageNo":0},{"_id":"6333a612f8e098481626202b","itemId":"5db9e48b30df41113b2e9dcd","flip":0,"rot":0,"z":13,"y":76,"x":10,"pageNo":0},{"_id":"6333a612f8e098481626202c","itemId":"5f47e2133a611005fba2e78b","flip":0,"rot":0,"z":14,"y":95,"x":10,"pageNo":0},{"_id":"6333a612f8e098481626202d","itemId":"5ca9678ef02c571aad647405","flip":0,"rot":0,"z":15,"y":57,"x":29,"pageNo":0},{"_id":"6333a612f8e098481626202e","itemId":"5dc9c6af364fd73310f65a09","flip":0,"rot":0,"z":16,"y":76,"x":29,"pageNo":0},{"_id":"6333a612f8e098481626202f","itemId":"5f90bed16d58b32e0416ad28","flip":0,"rot":0,"z":17,"y":95,"x":29,"pageNo":0},{"_id":"6333a612f8e0984816262030","itemId":"5caa4b1f1b35cf6eea60bf80","flip":0,"rot":0,"z":18,"y":48,"x":0,"pageNo":0},{"_id":"6333a612f8e0984816262031","itemId":"5caa4b1f1b35cf6eea60bf80","flip":0,"rot":0,"z":19,"y":122,"x":2,"pageNo":0},{"_id":"6333a6f19d02573ad57f4333","itemId":"5caa4a1810d8ec3d9a61691d","flip":0,"rot":0,"z":0,"y":-1,"x":0,"pageNo":2},{"_id":"6333a6f19d02573ad57f4334","itemId":"5ca90eccf864333d94283646","flip":0,"rot":0,"z":1,"y":-1,"x":-1,"pageNo":2},{"_id":"6333a6f19d02573ad57f4335","itemId":"5ca96985840dc605316792b1","flip":0,"rot":0,"z":2,"y":134,"x":-2,"pageNo":2},{"_id":"6333a6f19d02573ad57f4336","itemId":"5ca923a097e2ab0532273d7e","flip":0,"rot":0,"z":3,"y":133,"x":-1,"pageNo":2},{"_id":"6333a6f19d02573ad57f4337","itemId":"5caa4d8865b4a33d8d032e9a","flip":0,"rot":0,"z":4,"y":-4,"x":0,"pageNo":2},{"_id":"6333a6f19d02573ad57f4338","itemId":"5ca90fa565b4a33d8d0325d9","flip":0,"rot":2,"z":5,"y":1,"x":76,"pageNo":2},{"_id":"6333a6f19d02573ad57f4339","itemId":"5ca90c9bff3e2f3b9be6f924","flip":0,"rot":0,"z":6,"y":134,"x":75,"pageNo":2},{"_id":"6333a6f19d02573ad57f433a","itemId":"5ca946b8ff3e2f3b9be6fb41","flip":0,"rot":0,"z":7,"y":132,"x":74,"pageNo":2},{"_id":"6333a6f19d02573ad57f433b","itemId":"5ca9214665b4a33d8d03270f","flip":0,"rot":0,"z":8,"y":137,"x":-2,"pageNo":2},{"_id":"6333a6f19d02573ad57f433c","itemId":"5caa4b271b35cf6eea60bf81","flip":0,"rot":0,"z":9,"y":4,"x":0,"pageNo":2},{"_id":"6333a6f19d02573ad57f433d","itemId":"5d364c5ed15df4074b9faea6","flip":0,"rot":0,"z":10,"y":10,"x":10,"pageNo":2},{"_id":"6333a6f19d02573ad57f433e","itemId":"5d366865966fe37c18062a3f","flip":0,"rot":0,"z":11,"y":12,"x":25,"pageNo":2},{"_id":"6333a6f19d02573ad57f433f","itemId":"58b8c2508fc013f30ffcd70d","flip":0,"rot":0,"z":12,"y":31,"x":11,"pageNo":2},{"_id":"6333a6f19d02573ad57f4340","itemId":"5ca9683a1b35cf6eea60bc1a","flip":0,"rot":0,"z":13,"y":26,"x":25,"pageNo":2},{"_id":"6333a7af9d02573ad57f4341","itemId":"5ca96985840dc605316792b1","flip":0,"rot":0,"z":0,"y":134,"x":-3,"pageNo":1},{"_id":"6333a7af9d02573ad57f4342","itemId":"5ca923a097e2ab0532273d7e","flip":0,"rot":0,"z":1,"y":134,"x":1,"pageNo":1},{"_id":"6333a7af9d02573ad57f4343","itemId":"5ca90fa565b4a33d8d0325d9","flip":0,"rot":2,"z":2,"y":2,"x":75,"pageNo":1},{"_id":"6333a7af9d02573ad57f4344","itemId":"5ca9214665b4a33d8d03270f","flip":0,"rot":0,"z":3,"y":130,"x":0,"pageNo":1},{"_id":"6333a7af9d02573ad57f4345","itemId":"5ca90fa565b4a33d8d0325d9","flip":0,"rot":0,"z":4,"y":135,"x":77,"pageNo":1},{"_id":"6333a7af9d02573ad57f4346","itemId":"5dc74cd3633eea0604c1ffc5","flip":0,"rot":0,"z":5,"y":95,"x":10,"pageNo":1},{"_id":"6333a7af9d02573ad57f4347","itemId":"5dc9c6d1364fd73310f65a0b","flip":0,"rot":0,"z":6,"y":95,"x":29,"pageNo":1},{"_id":"6333a7af9d02573ad57f4348","itemId":"5ca9684feb91e43d8e13a2ca","flip":0,"rot":0,"z":7,"y":76,"x":29,"pageNo":1},{"_id":"6333a7af9d02573ad57f4349","itemId":"5b8459acfa05336dd105c89a","flip":0,"rot":0,"z":8,"y":76,"x":10,"pageNo":1},{"_id":"6333a7af9d02573ad57f434a","itemId":"5bf0655a739e6d05381a3ff5","flip":0,"rot":0,"z":9,"y":57,"x":10,"pageNo":1},{"_id":"6333a7af9d02573ad57f434b","itemId":"5ca9686d7d02bc3b9575be36","flip":0,"rot":0,"z":10,"y":57,"x":29,"pageNo":1},{"_id":"6333a7af9d02573ad57f434c","itemId":"5cef5c9c11509a0e1867b062","flip":0,"rot":0,"z":11,"y":38,"x":10,"pageNo":1},{"_id":"6333a7af9d02573ad57f434d","itemId":"5cef5d27ab7ead060b2ee57c","flip":0,"rot":0,"z":12,"y":38,"x":29,"pageNo":1},{"_id":"6333a7af9d02573ad57f434e","itemId":"5caa4d8865b4a33d8d032e9a","flip":0,"rot":0,"z":13,"y":-3,"x":-1,"pageNo":1},{"_id":"6333a7af9d02573ad57f434f","itemId":"5caa4a1810d8ec3d9a61691d","flip":0,"rot":0,"z":14,"y":-3,"x":-3,"pageNo":1},{"_id":"6333a7af9d02573ad57f4350","itemId":"5ca90eccf864333d94283646","flip":0,"rot":0,"z":15,"y":-3,"x":-1,"pageNo":1},{"_id":"6333a7af9d02573ad57f4351","itemId":"5caa4b1f1b35cf6eea60bf80","flip":0,"rot":0,"z":16,"y":0,"x":2,"pageNo":1},{"_id":"6333a7af9d02573ad57f4352","itemId":"62bdf20df1751d045d78de85","flip":0,"rot":0,"z":17,"y":8,"x":14,"pageNo":1},{"_id":"6333a7af9d02573ad57f4353","itemId":"5caa4b271b35cf6eea60bf81","flip":0,"rot":0,"z":18,"y":29,"x":0,"pageNo":1},{"_id":"6333a7af9d02573ad57f4354","itemId":"5caa4b271b35cf6eea60bf81","flip":0,"rot":0,"z":19,"y":122,"x":1,"pageNo":1},{"_id":"6333a7af9d02573ad57f4355","itemId":"6333a7a1118d333ad46a3cc2","flip":0,"rot":0,"z":20,"y":11,"x":29,"pageNo":1}]}