{"isCreator":false,"contents":[{"_id":"61a2b14c7a69124dfc7d6476","itemId":"5caa4b83f864333d94283e5a","flip":0,"rot":0,"z":0,"y":0,"x":0,"pageNo":0},{"_id":"61a2b14c7a69124dfc7d6477","itemId":"5b5fdd380667740b740fb752","flip":0,"rot":0,"z":1,"y":10,"x":10,"pageNo":0},{"_id":"61a2b14c7a69124dfc7d6478","itemId":"5ca97d0e7d02bc3b9575beac","flip":0,"rot":0,"z":2,"y":10,"x":29,"pageNo":0},{"_id":"61a2b14c7a69124dfc7d6479","itemId":"5bb2c552d528e44973b80030","flip":0,"rot":0,"z":3,"y":29,"x":10,"pageNo":0},{"_id":"61a2b14c7a69124dfc7d647a","itemId":"5ca923a097e2ab0532273d7e","flip":0,"rot":0,"z":4,"y":130,"x":-3,"pageNo":0},{"_id":"61a2b14c7a69124dfc7d647b","itemId":"5caa4a1810d8ec3d9a61691d","flip":0,"rot":0,"z":5,"y":-2,"x":-1,"pageNo":0},{"_id":"61a2b14c7a69124dfc7d647c","itemId":"5ca90eccf864333d94283646","flip":0,"rot":0,"z":6,"y":2,"x":1,"pageNo":0},{"_id":"61a2b14c7a69124dfc7d647d","itemId":"5ca96985840dc605316792b1","flip":0,"rot":0,"z":7,"y":133,"x":-1,"pageNo":0},{"_id":"61a2b14c7a69124dfc7d647e","itemId":"5ca9214665b4a33d8d03270f","flip":0,"rot":0,"z":8,"y":133,"x":-1,"pageNo":0},{"_id":"61a2b14c7a69124dfc7d647f","itemId":"5caa502995bd043ba2223ef3","flip":0,"rot":0,"z":9,"y":-3,"x":-1,"pageNo":0},{"_id":"61a2b14c7a69124dfc7d6480","itemId":"5cabe06a7b87131aba0d6759","flip":0,"rot":0,"z":10,"y":29,"x":29,"pageNo":0},{"_id":"61a2b14c7a69124dfc7d6481","itemId":"5ca97d44b8d1290537938265","flip":0,"rot":0,"z":11,"y":48,"x":29,"pageNo":0},{"_id":"61a2b14c7a69124dfc7d6482","itemId":"5cbf51a53a2bb60543d31820","flip":0,"rot":0,"z":12,"y":68,"x":27,"pageNo":0},{"_id":"61a2b14c7a69124dfc7d6483","itemId":"5ca90fa565b4a33d8d0325d9","flip":0,"rot":0,"z":13,"y":134,"x":75,"pageNo":0},{"_id":"61a2b14c7a69124dfc7d6484","itemId":"5e19452fe40b1075071a2bdf","flip":0,"rot":0,"z":14,"y":70,"x":9,"pageNo":0},{"_id":"61a2b14c7a69124dfc7d6485","itemId":"5fe0c5ad156a0e7f935273cd","flip":0,"rot":0,"z":15,"y":86,"x":10,"pageNo":0},{"_id":"61a2b14c7a69124dfc7d6486","itemId":"6052c855d260075485e7dd8e","flip":0,"rot":0,"z":16,"y":88,"x":29,"pageNo":0},{"_id":"61a2b14c7a69124dfc7d6487","itemId":"6052358820f3e9051fbb07a6","flip":0,"rot":0,"z":17,"y":49,"x":11,"pageNo":0},{"_id":"61a2b14c7a69124dfc7d6488","itemId":"5caa4b8deb91e43d8e13a71a","flip":0,"rot":0,"z":18,"y":124,"x":0,"pageNo":0},{"_id":"61a2b14c7a69124dfc7d6489","itemId":"6119de9196fc0013fedfe243","flip":0,"rot":0,"z":19,"y":106,"x":5,"pageNo":0},{"_id":"61a2b14c7a69124dfc7d648a","itemId":"61a2b1179817b605b3ecf003","flip":0,"rot":0,"z":20,"y":105,"x":29,"pageNo":0},{"_id":"61a2b1a59817b605b3ecf01c","itemId":"5ca90c9bff3e2f3b9be6f924","flip":0,"rot":0,"z":0,"y":133,"x":76,"pageNo":1},{"_id":"61a2b1a59817b605b3ecf01d","itemId":"5ca96985840dc605316792b1","flip":0,"rot":0,"z":1,"y":137,"x":-3,"pageNo":1},{"_id":"61a2b1a59817b605b3ecf01e","itemId":"5ca946b8ff3e2f3b9be6fb41","flip":0,"rot":0,"z":2,"y":135,"x":77,"pageNo":1},{"_id":"61a2b1a59817b605b3ecf01f","itemId":"5ca923a097e2ab0532273d7e","flip":0,"rot":0,"z":3,"y":134,"x":-3,"pageNo":1},{"_id":"61a2b1a59817b605b3ecf020","itemId":"5ca90fa565b4a33d8d0325d9","flip":1,"rot":2,"z":4,"y":2,"x":76,"pageNo":1},{"_id":"61a2b1a59817b605b3ecf021","itemId":"5ca9214665b4a33d8d03270f","flip":0,"rot":0,"z":5,"y":134,"x":1,"pageNo":1},{"_id":"61a2b1a59817b605b3ecf022","itemId":"5fad787aa6273444e0397f2e","flip":0,"rot":0,"z":6,"y":86,"x":10,"pageNo":1},{"_id":"61a2b1a59817b605b3ecf023","itemId":"6052c86a5dcc9555825945fa","flip":0,"rot":0,"z":7,"y":86,"x":29,"pageNo":1},{"_id":"61a2b1a59817b605b3ecf024","itemId":"61a2b12f8eab3a4cbd9caa0b","flip":0,"rot":0,"z":8,"y":105,"x":29,"pageNo":1},{"_id":"61a2b1a59817b605b3ecf025","itemId":"5ca97d747d02bc3b9575beae","flip":0,"rot":0,"z":9,"y":67,"x":29,"pageNo":1},{"_id":"61a2b1a59817b605b3ecf026","itemId":"5ad8dfa411cb006da46111d4","flip":0,"rot":0,"z":10,"y":67,"x":10,"pageNo":1},{"_id":"61a2b1a59817b605b3ecf027","itemId":"5caa4ba3f02c571aad6477f9","flip":0,"rot":0,"z":11,"y":57,"x":0,"pageNo":1},{"_id":"61a2b1a59817b605b3ecf028","itemId":"5c68d2bf32f7eb1c72b193ec","flip":0,"rot":0,"z":12,"y":38,"x":10,"pageNo":1},{"_id":"61a2b1a59817b605b3ecf029","itemId":"5ca97d58a190e31ab4cee96e","flip":0,"rot":0,"z":13,"y":38,"x":29,"pageNo":1},{"_id":"61a2b1a59817b605b3ecf02a","itemId":"5caa4b99f864333d94283e5b","flip":0,"rot":0,"z":14,"y":29,"x":0,"pageNo":1},{"_id":"61a2b1a59817b605b3ecf02b","itemId":"5c1e889e5baf45053561d55a","flip":0,"rot":0,"z":15,"y":7,"x":10,"pageNo":1},{"_id":"61a2b1a59817b605b3ecf02c","itemId":"5cafcddc946e411ab3e23238","flip":0,"rot":0,"z":16,"y":10,"x":29,"pageNo":1},{"_id":"61a2b1a59817b605b3ecf02d","itemId":"61777b5d75cc691ba652309f","flip":0,"rot":0,"z":17,"y":102,"x":10,"pageNo":1},{"_id":"61a2b1a59817b605b3ecf02e","itemId":"5caa502995bd043ba2223ef3","flip":0,"rot":0,"z":18,"y":-3,"x":3,"pageNo":1},{"_id":"61a2b1a59817b605b3ecf02f","itemId":"5caa4a1810d8ec3d9a61691d","flip":0,"rot":0,"z":19,"y":2,"x":-1,"pageNo":1},{"_id":"61a2b1a59817b605b3ecf030","itemId":"5ca90eccf864333d94283646","flip":0,"rot":0,"z":20,"y":-1,"x":-1,"pageNo":1},{"_id":"61a2b1a59817b605b3ecf031","itemId":"5caa4b8deb91e43d8e13a71a","flip":0,"rot":0,"z":21,"y":1,"x":0,"pageNo":1}]}