{"isCreator":false,"contents":[{"_id":"5fe0c603156a0e7f935273d6","itemId":"5fe0ba0b196cfe051e8e85d1","flip":0,"rot":0,"z":0,"y":63,"x":91,"pageNo":0},{"_id":"5fe0c603156a0e7f935273d7","itemId":"5fe0c14313ca0d0525d92bf9","flip":0,"rot":0,"z":1,"y":61,"x":125,"pageNo":0},{"_id":"5fe0c603156a0e7f935273d8","itemId":"5fe0c4eb9395b00fb837c7fd","flip":0,"rot":0,"z":2,"y":28,"x":116,"pageNo":0},{"_id":"5fe0c603156a0e7f935273d9","itemId":"5fe0b584fb1d8d052afbaf70","flip":0,"rot":0,"z":3,"y":31,"x":22,"pageNo":0},{"_id":"5fe0c603156a0e7f935273da","itemId":"5fe0b99d527ba444652a8bbe","flip":0,"rot":0,"z":4,"y":27,"x":68,"pageNo":0},{"_id":"5fe0c603156a0e7f935273db","itemId":"5fe0bc8c54c9540fc48748e6","flip":0,"rot":0,"z":5,"y":64,"x":47,"pageNo":0},{"_id":"5fe0c603156a0e7f935273dc","itemId":"5fe0c32606abd27f81c2f14e","flip":0,"rot":0,"z":6,"y":64,"x":12,"pageNo":0}]}