{"base":"DYNATHING","creator":"52449ce73816c4fc1200024a","id":"544ede2a9403cc0714a0aae5","name":"cloud salad 2","prop":{"text":"0s: cell 1 up 14, show, cell 2 up 14, cell 3 up 14, cell 4 up 14, show\n0-4s: cell 1 up 220, right 110, cell 2 up 220, right 110, cell 3 up 220, left 110, cell 4 up 220, left 110\n0.5s: cell 1 hide, cell 2 show, cell 3 show, cell 4 hide\n1s: cell 1 show, cell 2 hide, cell 3 hide, cell 4 show\n1.5s: cell 1 hide, cell 2 show, cell 3 show, cell 4 hide\n2s: cell 1 show, cell 2 hide, cell 3 hide, cell 4 show\n2.5s: cell 1 hide, cell 2 show, cell 3 show, cell 4 hide\n3s: cell 1 show, cell 2 hide, cell 3 hide, cell 4 show\n3.5s: cell 1 hide, cell 2 show, cell 3 show, cell 4 hide\n4s: restart"}}