{"base":"READABLE","creator":"52f5ad74b4dd7bbf6900029c","id":"546e43bc4da50e7c047a3910","name":"manydex","prop":{"textSize":940,"rgb2":"0,243,0","rgb":"0,0,0","textData":"--table of contents--\n1. ranks\n2. types\n\n--ranks--\n\n1. you start out in this rank.\n2. you will get this in no time. just get\nsome upvotes, build, explore and you'll be\ngolden.\n3. you're halfway there. do the average ranking\nup and again, you'll be golden.\n4. this is the most boring rank. wait a bit,\nand you'll be notified about a citizen test.\npass it and you get...\n5. this is the best rank! get this, and your\nrank symbol will be a ring to celebrate! you\ncan now enter the inner ring.\nx. the worst rank. you've been banned! so sad.\nget enough downvotes and you'll drop into this\nrank.\n\n--types--\nsolid: is a solid block. you can walk on this.\nback: is a background. this will appear behind thing type blocks.\n\nthing: a constantly still object. used for tables, chairs, and such. name it \"chair\" to make it sitable on, or \"bed\" to make it layable on.\n\nchanging thing: the same as thing, although it can change from frame 1 to 2 and back."}}