{"base":"INTERACT","creator":"545e988dd5ee9467461aae67","id":"54ad5378a8412d8c3b577960","name":"furnace and cauldron","prop":{"textSize":164,"attr":[1,2,11],"textData":"GETS cauldron with ELIXIR AND HASN'T healing fairy dust: you need to add something...\n\nGETS HEALING FAIRY DUST AND HAS CAULDRON WITH ELIXIR: /GIVES elixir of health","thingRefs":[["54ad50f3fc6ef6971e157d02","cauldron with elixir"],["54ad507cb9ee80951e90b7d6","healing fairy dust"],["54ad536c87b3bd8a3b20ad89","elixir of health"]]}}