{"base":"DYNATHING","creator":"544584839108cc8a2e036087","id":"54ca304e0537b4fb135d405d","name":"dynaradar2","prop":{"text":"0: cells show\n\n0.0-0.5: cell 2 down 10, cell 3 left 5\n0.5-1.0: cell 2 down 10, cell 3 left 5\n1.0-1.5: cell 3 left 5\n\n2.0-2.3: cell 2 up 5\n2.3-2.6: cell 2 up 5, cell 3 left 3\n2.6-2.9: cell 3 left 3\n2.9-3.2: cell 3 left 3\n\n4.0-5.0: cell 3 right 6\n5.0-6.0: cell 3 right 6, cell 2 up 2\n6.0-7.0: cell 2 up 2\n\n\n9.0-9.5: cell 2 up 3, cell 3 right 3\n9.5-10.0: cell 2 up 3, cell 3 right 3\n10.0-11.0: cell 3 right 6\n\n11.0: restart\n"}}