{"base":"READABLE","creator":"544549cc0af9afc5132fb5b6","id":"54f8bc994963cbd5531adc18","name":"important information by joongle","prop":{"textSize":1842,"rgb2":"225,244,255","rgb":"0,53,83","attr":[3],"textData":"IT HAS COME TO MY ATTENTION THAT A LOT OF YOU ARE GIVING YOUR HOME ADDRESSES AND PHONE NUMBERS, AND ARE EVEN VIDEO CHATTING WITH A LOT OF MEMBERS IN HERE.\n\nBAD IDEA! DON'T DO THAT.\n\nDON'T:\n\n- REVEAL YOUR REAL IDENTITY.\n- VIDEO CHAT WITH ANYONE YOU'VE NEVER MET BEFORE IN HERE.\n- GIVE YOUR EMAIL ADDRESS AWAY IN HERE.\n- USE YOUR REAL FULL NAME IN HERE.\n- DUMP GOOGLE MAP IMAGES WITH YOUR ADDRESS LOCATION ON THE IMAGES!\n- GIVE USERS/FRIENDS/MANYZENS FACEBOOK, TWITTER, GMAIL OR OTHER SOCIAL MEDIA ADDRESSES THAT CAN LEAD TO REVEALING YOUR IDENTITY. \n\nYOU DO NOT REALLY KNOW WHO'S BEHIND THAT KEYBOARD, THAT FRIEND YOU'RE CHATTING WITH EVERY DAY. ONE MISTAKE IT ALL THAT IT TAKES TO MAYBE CHANGE YOUR LIFE FOR THE WORSE, NOT TO MENTION YOUR PARENTS AND FAMILY. \n\n\nSO PROTECT YOUR IDENTITY PLEASE!\n\nIF YOU WANT TO POST IMAGES, DO THE FOLLOWING:\n\n- CLEAN ALL YOUR IMAGES FOR ALL INFORMATION THAT CAN REVEAL YOUR REAL IDENTITY, MANY CAMERAS COME WITH AUTOMATIC GPS LOCATIONS BUILT IN TODAY (IT'S CALLED GEODATA / EXIF INFORMATION), YOU CAN EASILY CLEAN THESE IMAGES FROM THOSE REVEALING TIDBITS ABOUT YOU BY DOING THE FOLLOWING:\n\n\nOPEN YOUR FAVORITE IMAGE EDITOR, IT COULD BE THE FREE IMAGE EDITOR CALLED THE GIMP IF YOU CAN'T AFFORD PHOTOSHOP ETC. \n\nOPEN YOUR IMAGE IN THAT SOFTWARE.\n\nOPEN A NEW EMPTY IMAGE, GO BACK TO THE WINDOW WITH THE PHOTO AND SELECT IT (SELECT ALL), AND COPY WITH CUT AND PASTE, AND GO BACK TO THE EMPTY IMAGE AND PASTE IT THERE.\n\nNOW CLOSE THE OPENED PHOTO, AND SAVE THE NEW IMAGE THAT YOU PASTED INTO THE NEW EMPTY IMAGE (THAT NOW HOLDS YOUR PHOTO).\n\nALL THE INFORMATION THAT CAME WITH THE PHOTO, IS NOW EFFECTIVELY GONE. \n\n\nTHIS IS ESPECIALLY IMPORTANT IF YOU TOOK THE PHOTO WITH A CELLPHONE AS MOST SMARTPHONES CONTAIN LOTS OF INFORMATION ABOUT YOU, AND GEOCACHING IS A NORMAL FEATURE. BEWARE!\n\n\n\nBE SMART - STAY SAFE!"}}