{"base":"DYNATHING","creator":"5539490702b8e3bd0fe6c626","id":"55807bdf6e6f8d9d119527fa","name":"v bro firezilla","prop":{"attr":[5,3,10,2,12],"text":"0s: cell 5 show, up 39, left 22, cell 1 show, up 28, left 4, cell 3 show, right 3, cell 4 show, up 13, right 31, cell 2 show, up 24, right 55, cell 6 show, up 20, left 8\n\n0.1-1.6s: cell 1 rotate 5, pivot 19 28, cell 5 rotate 3, pivot 28 25, right 3, up 2, cell 6 right 2, rotate 30, pivot 10 1, cell 4 rotate -7, pivot 0 19, cell 2, up 2, left 4, rotate -8, pivot 0 21\n1.6-2.9s: cell 1 rotate -5, pivot 19 28, CELL 5 ROTATE -2, PIVOT 28 25, left 2, down 2, cell 6 left 2, rotate -30, pivot 10 1, CELL 4 ROTATE 7, PIVOT 0 19, CELL 2, down 3, right 4, ROTATE 8, PIVOT 0 21, play sound\n2.9s: restart\n\n0S: Cell 8 Show, up 60, Right 20\n\n0S: cell 9 show, up 50, Right 10","clonedFrom":"55171775fb4723940882a8bc","soundId":"53ce3ef240a04aa71084b44c"}}