{"base":"MUSIC","creator":"54d0f44414a13e9c28e7f5d6","id":"57923ef868be941b13dfd769","name":"wings","prop":{"musicData":{"piano":{"3_00":[["2","e"],["3","c"]],"3_05":[["2","a"],["3","a"]],"3_25":[["3","e"]],"3_50":[["3","a"]],"3_70":[["3","e"]],"3_95":[["3","a"]],"4_20":[["4","c"]],"4_55":[["3","a"]],"4_75":[["3","e"]],"5_00":[["2","c"]],"5_10":[["2","f"],["3","f"]],"5_15":[["3","c"]],"5_30":[["3","f"]],"5_55":[["3","a"]],"5_80":[["2","d"],["2","b"]],"5_85":[["2","g"]],"5_90":[["3","g"]],"6_00":[["3","b"]],"6_25":[["3","g"]],"6_40":[["3","d"]],"6_75":[["2","e"],["3","c"]],"6_80":[["2","a"],["3","a"]],"6_90":[["3","e"]],"7_15":[["3","a"]],"7_40":[["3","e"]],"7_60":[["3","a"]],"7_90":[["4","c"]],"8_05":[["3","a"]],"8_30":[["3","e"]],"8_55":[["2","c"],["2","f"],["3","f"]],"8_80":[["3","c"]],"9_00":[["3","f"]],"9_25":[["3","a"]],"9_50":[["2","d"],["2","b"],["2","g"],["3","g"]],"9_65":[["3","b"]],"9_90":[["3","g"]],"10_15":[["3","d"]],"10_40":[["2","e"],["3","c"],["2","a"],["3","a"]],"10_75":[["3","e"]],"11_00":[["3","a"]],"11_10":[["3","e"]],"11_30":[["3","a"]],"11_50":[["4","c"]],"11_75":[["3","a"]],"11_95":[["3","e"]],"12_20":[["2","c"],["2","f"]],"12_25":[["3","f"]],"12_40":[["3","c"]],"12_70":[["3","f"]],"12_90":[["3","a"]],"13_10":[["2","d"],["2","b"],["2","g"],["3","g"]],"13_35":[["3","b"]],"13_55":[["3","g"]],"13_80":[["3","d"]],"14_05":[["3","a"],["2","a"],["2","e"],["3","c"]],"14_25":[["3","e"]],"14_60":[["3","a"]],"14_75":[["3","e"]],"14_95":[["3","a"]],"15_15":[["4","c"]],"15_55":[["3","a"]],"15_65":[["3","e"]],"15_95":[["2","c"]],"16_00":[["2","f"],["3","f"]],"16_15":[["3","c"]],"16_35":[["3","f"]],"16_70":[["3","a"]],"17_00":[["2","d"],["2","b"],["2","g"]],"17_05":[["3","g"],["3","b"]],"17_25":[["3","g"]],"17_50":[["3","d"]],"17_75":[["2","e"]],"17_80":[["3","c"]],"17_85":[["2","a"],["4","c"]],"18_05":[["4","c"]],"18_20":[["4","d"]],"18_40":[["4","c"]],"18_65":[["3","a"]],"18_85":[["4","c"]],"19_10":[["3","g"]],"19_35":[["4","c"]],"19_55":[["2","c"],["2","f"],["3","f"]],"19_85":[["3","f"]],"19_95":[["3","a"]],"20_15":[["3","a"]],"20_25":[["4","c"]],"20_40":[["2","d"],["2","b"],["2","g"],["3","g"]],"20_65":[["3","g"]],"20_80":[["3","b"]],"20_90":[["3","b"]],"20_95":[["4","d"]],"21_25":[["2","e"]],"21_30":[["3","c"]],"21_35":[["2","a"]],"21_40":[["4","c"]],"21_55":[["4","c"]],"21_70":[["4","d"]],"21_90":[["4","c"]],"22_35":[["4","e"]],"22_65":[["4","d"],["4","c"]],"22_90":[["4","d"]],"23_15":[["2","c"],["2","f"],["4","c"]],"23_40":[["4","c"],["3","b"]],"23_70":[["3","b"]],"23_75":[["3","a"]],"24_00":[["2","d"],["2","b"],["2","g"],["3","b"]],"24_20":[["3","b"]],"24_30":[["3","a"]],"24_55":[["3","a"]],"24_65":[["3","g"]],"24_90":[["2","e"],["3","c"]],"24_95":[["2","a"],["4","c"]],"25_25":[["4","c"]],"25_40":[["4","d"]],"25_65":[["4","c"]],"25_85":[["3","a"]],"26_05":[["4","c"]],"26_30":[["3","g"]],"26_55":[["4","c"]],"26_75":[["2","c"]],"26_80":[["2","f"]],"26_85":[["3","f"]],"26_95":[["3","f"]],"27_10":[["3","a"]],"27_30":[["3","a"]],"27_45":[["4","c"]],"27_75":[["2","d"],["2","b"],["2","g"],["3","g"]],"27_90":[["3","g"]],"28_00":[["3","b"]],"28_25":[["3","b"]],"28_35":[["4","d"]],"28_85":[["2","e"],["3","c"],["2","a"],["4","c"]],"29_05":[["4","c"]],"29_10":[["4","d"]],"29_35":[["4","c"]],"29_50":[["4","e"]],"29_75":[["4","d"]],"29_95":[["4","c"]],"30_20":[["4","d"]],"30_45":[["2","c"],["2","f"],["4","c"]],"30_70":[["4","c"]],"30_75":[["3","b"]],"31_10":[["3","b"]],"31_15":[["3","a"]],"31_35":[["2","d"],["2","b"],["2","g"],["3","g"]],"31_60":[["3","g"]],"31_70":[["3","a"]],"32_00":[["3","a"]],"32_05":[["3","b"]],"32_30":[["2","e"]],"32_35":[["3","c"],["2","a"],["4","e"]],"32_50":[["4","e"]],"32_70":[["4","c"]],"32_85":[["4","c"]],"32_95":[["3","a"]],"33_20":[["2","c"]],"33_25":[["2","f"],["4","f"]],"33_45":[["4","f"]],"33_55":[["4","c"]],"33_75":[["4","c"]],"34_00":[["3","a"]],"34_20":[["2","g"]],"34_25":[["3","e"],["3","c"],["4","e"]],"34_70":[["4","e"]],"35_00":[["4","e"]],"35_10":[["2","e"],["4","c"]],"35_45":[["4","c"]],"35_55":[["4","d"]],"35_85":[["4","d"]],"35_95":[["2","a"]],"36_00":[["4","e"]],"36_25":[["4","e"]],"36_30":[["4","c"]],"36_55":[["4","c"]],"36_65":[["3","a"]],"36_90":[["2","c"]],"36_95":[["2","f"],["4","a"]],"37_10":[["4","a"]],"37_25":[["4","f"]],"37_45":[["4","f"]],"37_55":[["4","c"]],"37_85":[["2","g"],["3","d"],["2","b"],["4","g"]],"38_20":[["4","g"]],"38_55":[["4","g"]],"38_75":[["2","d"],["4","f"]],"39_10":[["4","f"]],"39_20":[["4","e"]],"39_55":[["4","e"]],"39_65":[["2","e"]],"39_75":[["3","c"]],"39_80":[["2","a"],["3","a"]],"39_90":[["4","e"]],"40_00":[["4","c"]],"40_25":[["4","c"]],"40_70":[["2","f"],["2","c"],["4","f"]],"40_85":[["4","f"]],"41_15":[["4","c"]],"41_55":[["3","c"]],"41_60":[["2","g"],["4","c"]],"41_65":[["3","e"]],"41_70":[["4","e"]],"41_85":[["4","c"]],"41_90":[["4","e"]],"42_20":[["4","c"]],"42_25":[["4","e"]],"42_45":[["2","e"]],"42_80":[["4","c"]],"42_90":[["4","d"]],"43_20":[["4","d"]],"43_35":[["2","a"]],"43_40":[["3","a"],["4","e"]],"43_60":[["4","e"]],"43_70":[["4","c"]],"43_90":[["4","c"]],"44_30":[["2","f"],["2","c"],["4","c"],["4","a"]],"44_50":[["4","c"]],"44_55":[["4","a"]],"44_60":[["4","f"]],"44_85":[["4","c"]],"44_90":[["4","f"]],"45_20":[["2","b"]],"45_25":[["2","g"]],"45_30":[["4","d"]],"45_35":[["3","d"]],"45_40":[["4","g"]],"45_55":[["4","d"],["4","g"]],"45_80":[["4","d"]],"45_85":[["4","g"]],"46_05":[["2","d"],["4","f"],["3","b"]],"46_40":[["3","b"],["4","f"]],"46_60":[["4","e"]],"46_85":[["3","b"],["4","e"]],"46_95":[["2","a"]],"47_00":[["2","e"],["4","a"],["3","c"]],"47_30":[["4","e"]],"47_55":[["4","a"]],"47_70":[["4","e"]],"48_10":[["4","a"]],"48_35":[["4","a"]],"48_60":[["4","e"]],"48_80":[["2","c"]],"48_85":[["2","f"],["4","f"]],"49_05":[["4","c"]],"49_25":[["4","f"]],"49_45":[["4","a"]],"49_60":[["2","d"],["2","b"],["2","g"],["4","g"]],"49_70":[["4","b"]],"50_00":[["4","g"]],"50_15":[["4","d"]],"50_40":[["2","e"]],"50_45":[["3","c"]],"50_50":[["2","a"],["4","a"]],"50_65":[["4","e"]],"50_90":[["4","a"]],"51_10":[["4","e"]],"51_35":[["4","a"]],"51_75":[["4","a"]],"52_00":[["4","e"]],"52_05":[["2","c"],["2","f"],["4","f"]],"52_35":[["4","c"]],"52_55":[["4","f"]],"52_70":[["4","a"]],"53_15":[["2","d"]],"53_20":[["2","b"],["2","g"]],"53_25":[["4","g"]],"53_30":[["4","b"]],"53_40":[["4","g"]],"53_65":[["4","d"]],"53_95":[["2","e"]],"54_00":[["3","c"],["2","a"],["4","a"]],"54_10":[["4","e"]],"54_30":[["4","a"]],"54_55":[["4","e"]],"54_80":[["4","a"]],"55_30":[["4","a"]],"55_45":[["4","e"]],"55_70":[["2","c"],["2","f"],["4","f"]],"55_90":[["4","c"]],"56_25":[["4","f"]],"56_40":[["4","a"]],"56_65":[["2","d"],["2","b"],["2","g"],["4","g"]],"56_85":[["4","b"]],"57_10":[["4","g"]],"57_30":[["4","d"]],"57_55":[["2","e"],["3","c"],["2","a"]],"57_60":[["4","a"]],"57_80":[["4","e"]],"58_00":[["4","a"]],"58_25":[["4","e"]],"58_50":[["4","a"]],"59_05":[["4","a"]],"59_35":[["4","e"]],"59_55":[["2","c"]],"59_60":[["2","f"],["4","f"]],"59_65":[["4","c"]],"60_00":[["4","f"]],"60_20":[["4","a"]],"60_35":[["2","d"],["2","b"]],"60_40":[["2","g"],["4","g"]],"60_55":[["4","b"]],"60_75":[["4","g"]],"61_00":[["4","d"]],"61_25":[["2","e"],["3","c"],["2","a"],["4","c"]],"61_65":[["4","c"]],"61_70":[["4","d"]],"61_90":[["4","c"]],"62_20":[["3","a"]],"62_40":[["4","c"]],"62_60":[["3","g"]],"62_90":[["4","c"]],"63_15":[["2","c"],["2","f"],["3","f"]],"63_30":[["3","f"]],"63_40":[["3","a"]],"63_65":[["3","a"]],"63_75":[["4","c"]],"64_00":[["2","d"],["2","b"]],"64_05":[["2","g"]],"64_10":[["3","g"]],"64_25":[["3","g"]],"64_35":[["3","b"]],"64_60":[["3","b"]],"64_70":[["4","d"]],"64_95":[["2","e"],["3","c"],["2","a"],["4","c"]],"65_30":[["4","c"]],"65_40":[["4","d"]],"65_75":[["4","c"]],"66_05":[["4","e"]],"66_10":[["4","d"]],"66_50":[["4","c"]],"66_80":[["4","d"],["2","c"],["2","f"]],"66_85":[["4","c"]],"67_00":[["4","c"]],"67_10":[["3","b"]],"67_35":[["3","b"]],"67_50":[["3","a"]],"67_70":[["2","d"],["2","b"]],"67_75":[["2","g"]],"67_80":[["3","b"]],"67_95":[["3","b"]],"68_05":[["3","a"]],"68_30":[["3","a"]],"68_40":[["3","g"]],"68_60":[["2","e"],["3","c"]],"68_70":[["2","a"],["4","c"]],"69_05":[["4","c"]],"69_10":[["4","d"]],"69_35":[["4","c"]],"69_55":[["3","a"]],"69_75":[["4","c"]],"70_00":[["3","g"]],"70_20":[["4","c"]],"70_45":[["2","c"]],"70_50":[["2","f"],["3","f"]],"70_65":[["3","f"]],"70_80":[["3","a"]],"71_00":[["3","a"]],"71_15":[["4","c"]],"71_40":[["2","d"],["2","b"],["2","g"]],"71_45":[["3","g"]],"71_60":[["3","g"]],"71_70":[["3","b"]],"71_95":[["3","b"]],"72_05":[["4","d"]],"72_45":[["2","e"]],"72_50":[["3","c"],["2","a"]],"72_55":[["4","c"]],"72_65":[["4","c"]],"72_90":[["4","d"]],"73_05":[["4","c"]],"73_20":[["4","e"]],"73_45":[["4","d"]],"73_75":[["4","c"]],"73_90":[["4","d"]],"74_20":[["2","c"],["2","f"],["4","c"]],"74_35":[["4","c"]],"74_50":[["3","b"]],"74_75":[["3","b"]],"74_85":[["3","a"]],"75_35":[["2","d"],["2","b"],["2","g"],["3","g"]],"75_45":[["3","a"]],"75_65":[["3","a"]],"75_80":[["3","b"]],"76_00":[["2","e"],["3","c"]],"76_05":[["2","a"]],"76_10":[["4","e"]],"76_20":[["4","e"]],"76_40":[["4","c"]],"76_55":[["4","c"]],"76_70":[["3","a"]],"76_95":[["2","c"],["2","f"],["4","f"]],"77_15":[["4","f"]],"77_25":[["4","c"]],"77_50":[["4","c"]],"77_60":[["3","a"]],"77_90":[["2","g"],["3","e"],["3","c"],["4","e"]],"78_20":[["4","e"]],"78_60":[["4","e"]],"78_90":[["2","e"]],"78_95":[["4","c"]],"79_20":[["4","c"]],"79_40":[["4","d"]],"79_55":[["4","d"]],"79_70":[["2","a"]],"79_75":[["4","e"]],"79_80":[["4","e"]],"80_00":[["4","c"]],"80_15":[["4","c"]],"80_20":[["3","a"]],"80_40":[["2","c"],["2","f"],["4","a"]],"80_70":[["4","a"]],"80_75":[["4","f"]],"80_95":[["4","f"]],"81_05":[["4","c"]],"81_30":[["2","g"]],"81_35":[["3","d"]],"81_40":[["2","b"]],"81_45":[["4","g"]],"81_65":[["4","g"]],"82_00":[["4","g"]],"82_20":[["2","d"]],"82_25":[["4","f"]],"82_60":[["4","f"]],"82_70":[["4","e"]],"83_05":[["4","e"]],"83_20":[["2","e"]],"83_25":[["3","c"],["2","a"],["3","a"]],"83_40":[["4","e"]],"83_50":[["4","c"]],"83_70":[["4","c"]],"84_05":[["2","f"]],"84_10":[["2","c"]],"84_15":[["4","f"]],"84_30":[["4","f"]],"84_40":[["4","c"]],"84_65":[["4","c"]],"85_00":[["3","c"],["2","g"],["4","c"],["3","e"]],"85_05":[["4","e"]],"85_50":[["4","e"]],"86_05":[["4","e"],["2","e"]],"86_40":[["4","d"]],"86_70":[["4","d"]],"86_85":[["2","a"],["3","a"]],"86_90":[["4","e"]],"87_10":[["4","e"]],"87_20":[["4","c"]],"87_40":[["4","c"]],"87_80":[["2","f"],["2","c"]],"87_85":[["4","c"],["4","a"]],"88_00":[["4","a"]],"88_10":[["4","f"]],"88_35":[["4","f"]],"88_70":[["2","b"],["2","g"]],"88_75":[["4","d"]],"88_80":[["3","d"],["4","g"]],"89_05":[["4","g"]],"89_40":[["4","g"]],"89_60":[["2","d"]],"89_65":[["4","f"]],"89_70":[["3","b"]],"89_95":[["4","f"]],"90_10":[["4","e"]],"90_40":[["4","e"]],"90_55":[["2","e"]],"90_60":[["3","c"],["2","a"],["4","a"]],"90_80":[["4","e"]],"91_00":[["4","a"]],"91_25":[["4","e"]],"91_50":[["4","a"]],"91_90":[["4","a"]],"92_15":[["4","e"]],"92_40":[["2","c"],["2","f"]],"92_45":[["4","f"]],"92_60":[["4","c"]],"92_95":[["4","f"]],"93_15":[["4","a"]],"93_30":[["2","d"],["2","b"],["2","g"],["4","g"]],"93_55":[["4","b"]],"93_75":[["4","g"]],"94_00":[["4","d"]],"94_25":[["2","e"],["3","c"]],"94_30":[["2","a"]],"94_35":[["4","a"]],"94_45":[["4","e"]],"94_70":[["4","a"]],"94_95":[["4","e"]],"95_15":[["4","a"]],"95_65":[["4","a"]],"95_85":[["4","e"]],"96_10":[["2","c"],["2","f"],["4","f"]],"96_30":[["4","c"]],"96_50":[["4","f"]],"96_85":[["4","a"]],"97_00":[["2","d"]],"97_05":[["2","b"]],"97_10":[["2","g"]],"97_15":[["4","g"]],"97_20":[["4","b"]],"97_45":[["4","g"]],"97_70":[["4","d"]],"97_90":[["2","e"],["3","c"],["2","a"],["4","a"]],"98_15":[["4","e"]],"98_40":[["4","a"]],"98_60":[["4","e"]],"99_15":[["4","a"]],"99_35":[["4","a"]],"99_60":[["4","e"]],"99_85":[["2","c"],["2","f"]],"99_90":[["4","f"]],"100_00":[["4","c"]],"100_20":[["4","f"]],"100_45":[["4","a"]],"100_75":[["2","d"]],"100_80":[["2","b"]],"100_85":[["2","g"],["4","g"]],"100_95":[["4","b"]],"101_15":[["4","g"]],"101_40":[["4","d"]],"101_60":[["2","e"],["3","c"],["2","a"]],"101_70":[["4","a"]],"101_85":[["4","e"]],"102_05":[["4","a"]],"102_30":[["4","e"]],"102_55":[["4","a"]],"103_05":[["4","a"]],"103_25":[["4","e"]],"103_45":[["2","c"]],"103_50":[["2","f"]],"103_55":[["4","f"]],"103_70":[["4","c"]],"103_90":[["4","f"]],"104_20":[["4","a"]],"104_45":[["2","d"]],"104_50":[["2","b"]],"104_55":[["2","g"],["4","g"]],"104_65":[["4","b"]],"104_85":[["4","g"]],"105_15":[["4","d"]]}}}}