{"base":"MUSIC","creator":"54d0f44414a13e9c28e7f5d6","id":"57923ea3d32767840f176aa7","name":"tpf trans","prop":{"musicData":{"piano":{"119_50":[["2","as"]],"119_20":[["2","d"],["3","d"],["2","as"]],"118_65":[["2","f"],["2","as"],["3","f"]],"118_50":[["2","d"],["3","d"]],"118_40":[["2","ds"],["3","ds"]],"118_25":[["2","f"],["3","f"]],"118_10":[["2","c"],["3","c"],["2","g"]],"117_55":[["2","g"],["3","c"],["3","g"],["2","c"]],"117_30":[["2","ds"],["3","ds"]],"117_00":[["2","g"],["3","g"]],"116_90":[["2","gs"]],"116_75":[["2","g"],["3","g"]],"116_45":[["2","gs"]],"116_30":[["2","g"],["3","g"]],"116_20":[["2","gs"]],"116_05":[["2","as"]],"115_40":[["3","c"],["2","c"],["2","f"]],"115_10":[["2","as"]],"114_80":[["3","c"],["2","c"]],"114_25":[["2","as"]],"114_10":[["3","d"],["2","d"]],"114_00":[["3","ds"],["2","ds"]],"113_85":[["3","f"],["2","f"]],"113_75":[["2","c"]],"113_15":[["3","ds"],["2","ds"],["3","c"]],"112_90":[["3","c"],["2","c"]],"112_60":[["3","d"],["2","d"]],"112_10":[["2","gs"]],"111_95":[["3","ds"],["2","ds"]],"111_80":[["3","f"],["2","f"]],"111_65":[["3","g"],["2","g"]],"111_55":[["3","f"]],"110_95":[["3","c"],["2","c"],["2","f"]],"110_70":[["3","d"],["2","d"]],"110_40":[["3","c"],["2","c"]],"109_85":[["2","as"]],"109_70":[["2","ds"],["3","ds"]],"109_60":[["2","g"],["3","g"]],"109_50":[["2","f"],["3","f"]],"109_35":[["2","c"],["3","c"]],"108_80":[["2","ds"],["3","c"],["3","ds"],["2","c"]],"108_55":[["2","c"]],"108_25":[["2","d"],["3","d"],["2","gs"]],"107_70":[["2","gs"]],"107_55":[["2","ds"],["3","ds"]],"107_45":[["2","f"],["3","f"]],"107_30":[["2","g"],["3","g"]],"107_15":[["2","f"],["3","f"]],"106_60":[["2","c"],["2","f"],["3","c"]],"106_35":[["2","as"]],"106_05":[["2","c"],["3","c"],["2","as"]],"105_50":[["2","as"]],"105_40":[["2","d"],["3","d"]],"105_20":[["2","ds"],["3","ds"]],"105_05":[["2","f"],["3","f"]],"104_95":[["2","c"],["3","c"]],"104_40":[["2","ds"],["3","c"],["2","c"],["3","ds"]],"104_10":[["2","c"]],"103_85":[["2","d"],["3","d"],["2","gs"]],"103_30":[["2","gs"]],"103_20":[["2","ds"],["3","ds"]],"103_00":[["2","f"],["3","f"]],"102_90":[["2","g"],["3","g"]],"102_80":[["2","f"],["3","f"]],"102_20":[["2","c"],["2","f"],["3","c"]],"102_05":[["2","b"]],"101_90":[["2","as"],["2","fs"],["2","b"]],"101_80":[["3","c"],["2","c"]],"101_65":[["3","d"],["2","d"]],"101_50":[["3","ds"],["2","ds"]],"101_40":[["3","d"],["2","d"],["2","as"],["2","f"]],"101_25":[["3","ds"],["2","ds"]],"101_10":[["3","f"],["2","f"]],"101_00":[["3","d"],["2","d"]],"100_85":[["3","c"],["2","c"],["2","gs"],["2","ds"]],"100_70":[["3","ds"],["2","ds"]],"100_55":[["3","d"],["2","d"]],"100_45":[["3","c"],["2","c"]],"100_25":[["3","ds"],["2","gs"],["2","ds"]],"100_15":[["3","d"],["2","d"]],"100_00":[["3","ds"],["2","ds"]],"99_90":[["3","d"],["2","d"]],"99_75":[["3","c"],["2","g"]],"99_60":[["3","ds"],["2","ds"]],"99_45":[["3","d"],["2","d"],["2","c"]],"99_30":[["3","c"],["2","c"]],"99_15":[["3","ds"],["2","ds"],["2","g"],["3","c"]],"99_05":[["3","d"],["2","d"]],"99_00":[["3","ds"],["2","ds"],["2","c"]],"98_90":[["2","d"]],"98_85":[["3","d"]],"98_75":[["3","c"],["2","g"]],"98_65":[["3","ds"],["2","ds"]],"98_50":[["3","d"],["2","d"],["2","c"]],"98_35":[["3","c"],["2","c"]],"98_25":[["3","ds"],["2","ds"],["2","g"],["3","c"]],"98_10":[["3","d"],["2","d"]],"97_95":[["3","c"],["2","c"]],"97_85":[["2","b"]],"97_70":[["2","as"],["2","fs"],["2","b"]],"97_55":[["3","c"],["2","c"]],"97_45":[["3","d"],["2","d"]],"97_30":[["3","ds"],["2","ds"]],"97_15":[["3","d"],["2","d"],["2","as"],["2","f"]],"97_00":[["3","ds"],["2","ds"]],"96_85":[["3","f"],["2","f"]],"96_75":[["3","d"],["2","d"]],"96_60":[["3","c"],["2","c"],["2","gs"],["2","ds"]],"96_45":[["3","ds"],["2","ds"]],"96_30":[["3","d"],["2","d"]],"96_20":[["3","c"],["2","c"]],"96_05":[["3","ds"],["2","gs"],["2","ds"]],"95_90":[["3","d"],["2","d"]],"95_80":[["3","ds"],["2","ds"]],"95_65":[["3","d"],["2","d"]],"95_50":[["3","c"],["2","g"]],"95_35":[["3","ds"],["2","ds"]],"95_25":[["3","d"],["2","d"],["2","c"]],"95_10":[["3","c"],["2","c"]],"94_95":[["3","ds"],["2","ds"],["2","g"],["3","c"]],"94_80":[["3","d"],["2","d"]],"94_65":[["3","ds"],["2","ds"],["2","c"]],"94_55":[["3","d"],["2","d"]],"94_40":[["3","c"],["2","g"]],"94_25":[["3","ds"],["2","ds"]],"94_15":[["3","d"],["2","d"],["2","c"]],"94_00":[["3","c"],["2","c"]],"93_85":[["3","ds"],["2","ds"],["2","g"],["3","c"]],"93_70":[["3","d"],["2","d"]],"93_60":[["3","c"],["2","c"]],"93_40":[["2","b"]],"93_30":[["2","b"],["3","c"]],"93_15":[["2","b"]],"93_00":[["3","c"],["2","c"]],"92_90":[["2","b"]],"92_75":[["3","ds"]],"92_60":[["2","b"]],"92_45":[["3","d"],["2","d"],["2","ds"]],"92_30":[["3","c"]],"92_20":[["3","ds"],["2","ds"],["3","f"]],"92_05":[["3","c"]],"91_90":[["2","f"]],"91_80":[["3","c"]],"91_65":[["3","f"]],"91_50":[["3","c"]],"91_40":[["3","f"],["2","f"]],"91_20":[["2","g"]],"91_10":[["3","c"],["2","c"],["3","ds"]],"91_00":[["2","g"]],"90_80":[["3","d"],["2","d"],["2","ds"]],"90_70":[["2","g"]],"90_55":[["3","ds"]],"90_40":[["2","g"]],"90_25":[["3","ds"],["2","ds"]],"90_15":[["2","g"]],"90_05":[["3","f"],["2","f"],["3","ds"]],"89_85":[["2","g"],["3","g"]],"89_70":[["2","ds"],["3","g"]],"89_55":[["2","g"],["3","g"]],"89_45":[["3","ds"],["3","g"]],"89_30":[["2","g"]],"89_15":[["3","g"],["2","g"],["2","ds"]],"89_05":[["3","c"]],"88_90":[["3","c"],["2","c"],["3","g"],["2","g"]],"88_75":[["3","c"]],"88_60":[["3","d"],["2","d"],["2","g"]],"88_45":[["3","c"]],"88_35":[["3","g"],["2","g"]],"88_20":[["3","c"]],"88_05":[["3","ds"],["2","ds"],["2","g"]],"87_95":[["3","c"]],"87_80":[["3","f"],["2","f"],["3","g"]],"87_65":[["3","c"],["3","g"]],"87_55":[["2","g"],["3","g"]],"87_40":[["3","c"]],"87_30":[["3","g"],["2","g"]],"87_10":[["3","c"]],"87_00":[["3","g"],["2","g"]],"86_85":[["3","c"]],"86_70":[["3","c"],["2","c"],["3","g"],["2","g"]],"86_55":[["3","c"]],"86_40":[["3","d"],["2","d"],["2","g"]],"86_30":[["3","c"]],"86_15":[["3","g"],["2","g"]],"86_00":[["3","c"]],"85_90":[["3","ds"],["2","ds"],["2","g"]],"85_70":[["3","c"]],"85_60":[["3","f"],["2","f"],["3","g"]],"85_45":[["3","c"],["3","g"]],"85_30":[["2","g"],["3","g"]],"85_20":[["3","c"]],"85_05":[["3","g"],["2","g"]],"84_90":[["3","c"]],"84_75":[["3","g"],["2","g"]],"84_65":[["2","b"]],"84_50":[["2","b"],["3","c"]],"84_35":[["2","b"]],"84_20":[["3","c"],["2","c"]],"84_05":[["2","b"]],"83_95":[["3","ds"]],"83_80":[["2","b"]],"83_65":[["3","d"],["2","d"],["2","ds"]],"83_50":[["3","c"]],"83_40":[["3","ds"],["2","ds"],["3","f"]],"83_25":[["3","c"]],"83_10":[["2","f"]],"83_00":[["3","c"]],"82_85":[["3","f"]],"82_70":[["3","c"]],"82_55":[["3","f"],["2","f"]],"82_40":[["2","g"]],"82_30":[["3","c"],["2","c"],["3","ds"]],"82_15":[["2","g"]],"82_00":[["3","d"],["2","d"],["2","ds"]],"81_90":[["2","g"]],"81_75":[["3","ds"]],"81_60":[["2","g"]],"81_50":[["3","ds"],["2","ds"]],"81_30":[["2","g"]],"81_20":[["3","f"],["2","f"],["3","ds"]],"81_05":[["2","g"],["3","g"]],"80_95":[["2","ds"],["3","g"]],"80_80":[["2","g"],["3","g"]],"80_65":[["3","ds"],["3","g"]],"80_50":[["2","g"]],"80_40":[["3","g"],["2","g"],["2","ds"]],"80_25":[["3","c"]],"80_10":[["3","c"],["2","c"],["3","g"],["2","g"]],"79_95":[["3","c"]],"79_80":[["3","d"],["2","d"],["2","g"]],"79_70":[["3","c"]],"79_50":[["3","g"],["2","g"]],"79_40":[["3","c"]],"79_35":[["3","ds"],["2","ds"],["2","g"]],"79_25":[["3","c"]],"79_20":[["3","f"],["2","f"],["3","g"]],"78_95":[["3","c"],["3","g"]],"78_80":[["2","g"],["3","g"]],"78_75":[["3","c"]],"78_65":[["3","g"],["2","g"]],"78_50":[["3","c"]],"78_40":[["3","g"],["2","g"]],"78_25":[["3","c"]],"78_10":[["3","c"],["2","c"],["3","g"],["2","g"]],"77_95":[["3","c"]],"77_80":[["3","d"],["2","d"],["2","g"]],"77_70":[["3","c"]],"77_55":[["3","g"],["2","g"]],"77_40":[["3","c"]],"77_30":[["3","ds"],["2","ds"],["2","g"]],"77_15":[["3","c"]],"77_00":[["3","f"],["2","f"],["3","g"]],"76_85":[["3","c"],["3","g"]],"76_70":[["2","g"],["3","g"]],"76_55":[["3","c"]],"76_45":[["3","g"],["2","g"]],"76_30":[["3","c"]],"76_20":[["3","g"],["2","g"]],"75_90":[["2","as"]],"75_65":[["3","d"],["2","d"]],"75_10":[["3","f"],["2","f"],["2","as"]],"74_95":[["3","d"],["2","d"]],"74_80":[["3","ds"],["2","ds"]],"74_70":[["3","f"],["2","f"]],"74_55":[["2","c"],["3","g"]],"74_00":[["3","g"],["2","g"],["3","c"]],"73_70":[["3","ds"],["2","ds"]],"73_40":[["3","g"],["2","g"]],"73_30":[["3","gs"],["2","gs"]],"73_15":[["3","g"],["2","g"]],"72_90":[["3","gs"],["2","gs"]],"72_80":[["3","g"],["2","g"]],"72_60":[["3","gs"],["2","gs"]],"72_50":[["3","as"],["2","as"]],"72_35":[["4","c"]],"71_75":[["4","c"],["3","c"],["2","f"]],"71_50":[["3","as"],["2","as"]],"71_20":[["4","c"],["3","c"]],"70_65":[["2","as"],["4","d"]],"70_55":[["4","d"],["3","d"]],"70_40":[["3","ds"],["4","ds"]],"70_25":[["3","f"],["4","f"]],"70_10":[["2","c"],["4","ds"]],"69_60":[["3","ds"]],"69_30":[["4","c"],["3","c"]],"69_05":[["4","d"],["3","d"]],"68_50":[["2","gs"],["4","ds"]],"68_35":[["3","ds"]],"68_20":[["3","f"],["4","f"]],"68_05":[["3","g"],["4","g"]],"67_95":[["4","f"],["3","f"]],"67_40":[["4","c"],["3","c"],["2","f"]],"67_15":[["4","d"],["3","d"]],"66_90":[["4","c"],["3","c"]],"66_35":[["3","as"],["2","as"]],"66_20":[["3","ds"],["2","ds"]],"66_10":[["3","g"],["2","g"]],"65_95":[["3","f"],["2","f"]],"65_80":[["2","c"]],"65_25":[["3","ds"],["2","ds"],["3","c"]],"65_00":[["3","c"],["2","c"]],"64_70":[["3","d"],["2","d"]],"64_15":[["2","gs"]],"64_00":[["3","ds"],["2","ds"]],"63_90":[["3","f"],["2","f"]],"63_70":[["3","g"],["2","g"]],"63_60":[["3","f"]],"63_05":[["3","c"],["2","c"],["2","f"]],"62_80":[["2","as"]],"62_55":[["3","c"],["2","c"]],"61_95":[["2","as"]],"61_80":[["3","d"],["2","d"]],"61_65":[["3","ds"],["2","ds"]],"61_50":[["3","f"],["2","f"]],"61_35":[["2","c"]],"60_90":[["3","ds"],["2","ds"],["3","c"]],"60_65":[["3","c"],["2","c"]],"60_35":[["3","d"],["2","d"]],"59_80":[["2","gs"]],"59_65":[["3","ds"],["2","ds"]],"59_50":[["3","f"],["2","f"]],"59_40":[["3","g"],["2","g"]],"59_25":[["3","f"]],"58_70":[["3","c"],["2","c"],["2","f"]],"58_55":[["2","b"]],"58_40":[["2","as"],["2","fs"],["2","b"]],"58_30":[["3","d"],["2","d"],["3","c"],["2","c"]],"58_10":[["3","ds"],["2","ds"]],"57_90":[["3","d"],["2","d"],["2","as"],["2","f"]],"57_85":[["3","ds"],["2","ds"]],"57_75":[["3","f"],["2","f"]],"57_65":[["3","d"],["2","d"]],"57_50":[["3","c"],["2","c"],["2","gs"],["2","ds"]],"57_35":[["3","ds"],["2","ds"]],"57_20":[["3","d"],["2","d"]],"57_05":[["3","c"],["2","c"]],"56_95":[["3","ds"],["2","gs"],["2","ds"]],"56_80":[["3","d"],["2","d"]],"56_65":[["3","ds"],["2","ds"]],"56_55":[["3","d"],["2","d"]],"56_40":[["3","c"],["2","g"]],"56_25":[["3","ds"],["2","ds"]],"56_10":[["3","d"],["2","d"],["2","c"]],"55_95":[["3","c"],["2","c"]],"55_85":[["3","ds"],["2","ds"],["2","g"],["3","c"]],"55_70":[["3","d"],["2","d"]],"55_60":[["3","ds"],["2","ds"],["2","c"]],"55_40":[["3","d"],["2","d"]],"55_30":[["3","c"],["2","g"]],"55_15":[["3","ds"],["2","ds"]],"55_00":[["3","d"],["2","d"],["2","c"]],"54_90":[["3","c"],["2","c"]],"54_75":[["3","ds"],["2","ds"],["2","g"],["3","c"]],"54_60":[["3","d"],["2","d"]],"54_50":[["3","c"],["2","c"]],"54_30":[["2","b"]],"54_20":[["2","as"],["2","fs"],["2","b"]],"54_05":[["3","c"],["2","c"]],"53_90":[["3","d"],["2","d"]],"53_80":[["3","ds"],["2","ds"]],"53_65":[["3","d"],["2","d"],["2","as"],["2","f"]],"53_50":[["3","ds"],["2","ds"]],"53_35":[["3","f"],["2","f"]],"53_20":[["3","d"],["2","d"]],"53_10":[["3","c"],["2","c"],["2","gs"],["2","ds"]],"52_95":[["3","ds"],["2","ds"]],"52_80":[["3","d"],["2","d"]],"52_70":[["3","c"],["2","c"]],"52_55":[["3","ds"],["2","gs"],["2","ds"]],"52_40":[["3","d"],["2","d"]],"52_25":[["3","ds"],["2","ds"]],"52_15":[["3","d"],["2","d"]],"52_00":[["3","c"],["2","g"]],"51_85":[["3","ds"],["2","ds"]],"51_70":[["3","d"],["2","d"],["2","c"]],"51_55":[["3","c"],["2","c"]],"51_40":[["3","ds"],["2","ds"],["2","g"],["3","c"]],"51_30":[["3","d"],["2","d"]],"51_15":[["3","ds"],["2","ds"],["2","c"]],"51_00":[["3","d"],["2","d"]],"50_90":[["3","c"],["2","g"]],"50_75":[["3","ds"],["2","ds"]],"50_60":[["3","d"],["2","d"],["2","c"]],"50_50":[["3","c"],["2","c"]],"50_35":[["3","ds"],["2","ds"],["2","g"],["3","c"]],"50_20":[["3","d"],["2","d"]],"50_05":[["3","c"],["2","c"]],"49_95":[["2","b"]],"49_80":[["2","b"],["3","c"]],"49_65":[["2","b"]],"49_55":[["3","c"],["2","c"]],"49_40":[["2","b"]],"49_25":[["3","ds"]],"49_10":[["2","b"]],"48_95":[["3","d"],["2","d"],["2","ds"]],"48_80":[["3","c"]],"48_70":[["3","ds"],["2","ds"],["3","f"]],"48_55":[["3","c"]],"48_40":[["2","f"]],"48_25":[["3","c"]],"48_15":[["3","f"]],"48_00":[["3","c"]],"47_85":[["3","f"],["2","f"]],"47_75":[["2","g"]],"47_60":[["3","c"],["2","c"],["3","ds"]],"47_50":[["2","g"]],"47_30":[["3","d"],["2","d"],["2","ds"]],"47_20":[["2","g"]],"47_00":[["3","ds"]],"46_90":[["2","g"]],"46_75":[["3","ds"],["2","ds"]],"46_65":[["2","g"]],"46_50":[["3","f"],["2","f"],["3","ds"]],"46_35":[["2","g"],["3","g"]],"46_20":[["2","ds"],["3","g"]],"46_05":[["2","g"],["3","g"]],"45_95":[["3","ds"],["3","g"]],"45_80":[["2","g"]],"45_65":[["3","g"],["2","g"],["2","ds"]],"45_55":[["3","c"]],"45_40":[["3","g"],["2","g"]],"45_35":[["3","c"],["2","c"]],"45_25":[["3","c"]],"45_15":[["3","d"],["2","d"],["2","g"]],"44_95":[["3","c"]],"44_80":[["3","g"],["2","g"]],"44_70":[["3","c"]],"44_55":[["3","ds"],["2","ds"],["2","g"]],"44_40":[["3","c"]],"44_30":[["3","f"],["2","f"],["3","g"]],"44_20":[["3","c"],["3","g"]],"44_00":[["2","g"],["3","g"]],"43_85":[["3","c"]],"43_75":[["3","g"],["2","g"]],"43_60":[["3","c"]],"43_45":[["3","g"],["2","g"]],"43_30":[["3","c"]],"43_15":[["3","c"],["2","c"],["3","g"],["2","g"]],"43_05":[["3","c"]],"42_90":[["3","d"],["2","d"],["2","g"]],"42_75":[["3","c"]],"42_65":[["3","g"],["2","g"]],"42_50":[["3","c"]],"42_35":[["3","ds"],["2","ds"],["2","g"]],"42_20":[["3","c"]],"42_10":[["3","f"],["2","f"],["3","g"]],"41_95":[["3","c"],["3","g"]],"41_80":[["2","g"],["3","g"]],"41_70":[["3","c"]],"41_55":[["3","g"],["2","g"]],"41_40":[["3","c"]],"41_25":[["3","g"],["2","g"]],"41_10":[["2","b"]],"41_00":[["2","b"],["3","c"]],"40_90":[["2","b"]],"40_75":[["3","c"],["2","c"]],"40_60":[["2","b"]],"40_50":[["3","ds"]],"40_40":[["2","b"]],"40_25":[["3","d"],["2","d"],["2","ds"]],"40_10":[["3","c"]],"39_95":[["3","ds"],["2","ds"],["3","f"]],"39_80":[["3","c"]],"39_70":[["2","f"]],"39_55":[["3","c"]],"39_40":[["3","f"]],"39_30":[["3","c"]],"39_10":[["3","f"],["2","f"]],"39_00":[["2","g"]],"38_85":[["3","c"],["2","c"],["3","ds"]],"38_70":[["2","g"]],"38_60":[["3","d"],["2","d"],["2","ds"]],"38_45":[["2","g"]],"38_40":[["3","ds"]],"38_30":[["2","g"]],"38_10":[["3","ds"],["2","ds"]],"37_95":[["2","g"]],"37_85":[["3","f"],["2","f"],["3","ds"]],"37_70":[["2","g"],["3","g"]],"37_55":[["2","ds"],["3","g"]],"37_45":[["2","g"],["3","g"]],"37_25":[["3","ds"],["3","g"]],"37_15":[["2","g"]],"37_00":[["3","g"],["2","g"],["2","ds"]],"36_85":[["3","c"]],"36_70":[["3","c"],["2","c"],["3","g"],["2","g"]],"36_60":[["3","c"]],"36_45":[["3","d"],["2","d"],["2","g"]],"36_30":[["3","c"]],"36_15":[["3","g"],["2","g"]],"36_05":[["3","c"]],"35_90":[["3","ds"],["2","ds"],["2","g"]],"35_75":[["3","c"]],"35_60":[["3","f"],["2","f"],["3","g"]],"35_45":[["3","c"],["3","g"]],"35_35":[["2","g"],["3","g"]],"35_20":[["3","c"]],"35_05":[["3","g"],["2","g"]],"34_95":[["3","c"]],"34_80":[["3","g"],["2","g"]],"34_65":[["3","c"]],"34_50":[["3","c"],["2","c"],["3","g"],["2","g"]],"34_40":[["3","c"]],"34_25":[["3","d"],["2","d"],["2","g"]],"34_10":[["3","c"]],"33_95":[["3","g"],["2","g"]],"33_85":[["3","c"]],"33_65":[["3","ds"],["2","ds"],["2","g"]],"33_55":[["3","c"]],"33_40":[["3","f"],["2","f"],["3","g"]],"33_25":[["3","c"],["3","g"]],"33_15":[["2","g"],["3","g"]],"33_00":[["3","c"]],"32_85":[["3","g"],["2","g"]],"32_70":[["3","c"]],"32_55":[["3","g"],["2","g"]],"32_45":[["2","b"]],"32_30":[["2","as"],["2","fs"],["2","b"]],"32_15":[["3","c"],["2","c"]],"32_00":[["3","d"],["2","d"]],"31_90":[["3","ds"],["2","ds"]],"31_75":[["3","d"],["2","d"],["2","as"],["2","f"]],"31_60":[["3","ds"],["2","ds"]],"31_50":[["3","f"],["2","f"]],"31_35":[["3","d"],["2","d"]],"31_20":[["3","c"],["2","c"],["2","gs"],["2","ds"]],"31_05":[["3","ds"],["2","ds"]],"30_95":[["3","d"],["2","d"]],"30_80":[["3","c"],["2","c"]],"30_65":[["3","ds"],["2","gs"],["2","ds"]],"30_50":[["3","d"],["2","d"]],"30_35":[["3","ds"],["2","ds"]],"30_25":[["3","d"],["2","d"]],"30_10":[["3","c"],["2","g"]],"29_95":[["3","ds"],["2","ds"]],"29_85":[["3","d"],["2","d"],["2","c"]],"29_70":[["3","c"],["2","c"]],"29_55":[["3","ds"],["2","ds"],["2","g"],["3","c"]],"29_45":[["3","d"],["2","d"]],"29_30":[["3","ds"],["2","ds"],["2","c"]],"29_15":[["3","d"],["2","d"]],"29_00":[["3","c"],["2","g"]],"28_90":[["3","ds"],["2","ds"]],"28_75":[["3","d"],["2","d"],["2","c"]],"28_60":[["3","c"],["2","c"]],"28_45":[["3","ds"],["2","ds"],["2","g"],["3","c"]],"28_30":[["3","d"],["2","d"]],"28_20":[["3","c"],["2","c"]],"28_10":[["2","b"]],"27_90":[["2","as"],["2","fs"],["2","b"]],"27_80":[["3","c"],["2","c"]],"27_55":[["3","ds"],["2","ds"],["3","d"],["2","d"]],"27_35":[["3","d"],["2","d"],["2","as"],["2","f"]],"27_20":[["3","ds"],["2","ds"]],"27_10":[["3","f"],["2","f"]],"26_95":[["3","d"],["2","d"]],"26_85":[["3","c"],["2","c"],["2","gs"],["2","ds"]],"26_70":[["3","ds"],["2","ds"]],"26_55":[["3","d"],["2","d"]],"26_40":[["3","c"],["2","c"]],"26_30":[["3","ds"],["2","gs"],["2","ds"]],"26_10":[["3","d"],["2","d"]],"26_00":[["3","ds"],["2","ds"]],"25_85":[["3","d"],["2","d"]],"25_70":[["3","c"],["2","g"]],"25_60":[["3","ds"],["2","ds"]],"25_45":[["3","d"],["2","d"],["2","c"]],"25_35":[["3","c"],["2","c"]],"25_15":[["3","ds"],["2","ds"],["2","g"],["3","c"]],"25_00":[["3","d"],["2","d"]],"24_90":[["3","ds"],["2","ds"],["2","c"]],"24_75":[["3","d"],["2","d"]],"24_60":[["3","c"],["2","g"]],"24_50":[["3","ds"],["2","ds"]],"24_35":[["3","d"],["2","d"],["2","c"]],"24_20":[["3","c"],["2","c"]],"24_05":[["3","ds"],["2","ds"],["2","g"],["3","c"]],"23_95":[["3","d"],["2","d"]],"23_80":[["3","c"],["2","c"]],"23_65":[["2","b"]],"23_50":[["2","b"],["3","c"]],"23_40":[["2","b"]],"23_25":[["3","c"],["2","c"]],"23_10":[["2","b"]],"22_95":[["3","ds"]],"22_85":[["2","b"]],"22_70":[["3","d"],["2","d"],["2","ds"]],"22_55":[["3","c"]],"22_40":[["3","ds"],["2","ds"],["3","f"]],"22_25":[["3","c"]],"22_10":[["2","f"]],"22_00":[["3","c"]],"21_85":[["3","f"]],"21_75":[["3","c"]],"21_60":[["3","f"],["2","f"]],"21_45":[["2","g"]],"21_30":[["3","c"],["2","c"],["3","ds"]],"21_15":[["2","g"]],"21_05":[["3","d"],["2","d"],["2","ds"]],"20_90":[["2","g"]],"20_80":[["3","ds"]],"20_60":[["2","g"]],"20_55":[["3","ds"],["2","ds"]],"20_45":[["2","g"]],"20_30":[["3","f"],["2","f"],["3","ds"]],"20_15":[["2","g"],["3","g"]],"20_00":[["2","ds"],["3","g"]],"19_85":[["2","g"],["3","g"]],"19_75":[["3","ds"],["3","g"]],"19_60":[["2","g"]],"19_45":[["3","g"],["2","g"],["2","ds"]],"19_35":[["3","c"]],"19_20":[["3","c"],["2","c"],["3","g"],["2","g"]],"19_05":[["3","c"]],"18_90":[["3","d"],["2","d"],["2","g"]],"18_75":[["3","c"]],"18_65":[["3","g"],["2","g"]],"18_50":[["3","c"]],"18_35":[["3","ds"],["2","ds"],["2","g"]],"18_20":[["3","c"]],"18_10":[["3","f"],["2","f"],["3","g"]],"17_95":[["3","c"],["3","g"]],"17_80":[["2","g"],["3","g"]],"17_65":[["3","c"]],"17_50":[["3","g"],["2","g"]],"17_35":[["3","c"]],"17_25":[["3","g"],["2","g"]],"17_10":[["3","c"]],"17_00":[["3","c"],["2","c"],["3","g"],["2","g"]],"16_85":[["3","c"]],"16_70":[["3","d"],["2","d"],["2","g"]],"16_60":[["3","c"]],"16_45":[["3","g"],["2","g"]],"16_30":[["3","c"]],"16_15":[["3","ds"],["2","ds"],["2","g"]],"16_00":[["3","c"]],"15_90":[["3","f"],["2","f"],["3","g"]],"15_75":[["3","c"],["3","g"]],"15_60":[["2","g"],["3","g"]],"15_50":[["3","c"]],"15_30":[["3","g"],["2","g"]],"15_20":[["3","c"]],"15_05":[["3","g"],["2","g"]],"14_75":[["2","b"]],"14_50":[["3","c"],["2","c"]],"13_95":[["3","d"],["2","d"]],"13_65":[["3","ds"],["2","ds"]],"12_85":[["3","f"],["2","f"]],"12_60":[["3","c"],["2","c"]],"12_30":[["3","d"],["2","d"]],"11_75":[["3","ds"],["2","ds"]],"11_50":[["3","f"],["2","f"]],"10_65":[["3","g"],["2","g"]],"10_40":[["3","c"],["2","c"]],"10_10":[["3","d"],["2","d"]],"9_55":[["3","ds"],["2","ds"]],"9_30":[["3","f"],["2","f"]],"8_40":[["3","g"],["2","g"]],"8_20":[["3","c"],["2","c"]],"8_00":[["3","d"],["2","d"]],"7_50":[["3","ds"],["2","ds"]],"7_25":[["3","f"],["2","f"]],"6_50":[["3","g"],["2","g"]]}}}}