{"base":"DYNATHING","creator":"5985eeffe647068a13345382","id":"5c3a5548895fd06e3047733a","name":"ferris wheel!!","prop":{"attr":[9,1,10],"text":"0: cells show, cell 1 up 29, left 15, pivot 29 29, cell 2 up 29, right 14, pivot 0 29, cell 4 left 15, pivot 29 0, cell 3 right 14, pivot 0 0, cell 5 up 4, cell 6 down 25, cell 7 grab, down 2, cell 8 up 43\n0-1: CELL 7 left 15, up 6, CELL 8 RIGHT 15, DOWN 6\n1-2: cell 7 left 8, up 16, CELL 8 RIGHT 8, DOWN 16\n2-3: cell 7 up 15, right 6, CELL 8 DOWN 15, LEFT 6\n3-4: cell 7 up 8, right 16, CELL 8 DOWN 8, LEFT 16\n4-5: cell 7 right 15, down 6, CELL 8 LEFT 15, UP 6\n5-6: cell 7 right 8, down 16, CELL 8 LEFT 8, UP 16\n6-7: cell 7 down 15, left 6, CELL 8 UP 15, RIGHT 6\n7-8: cell 7 down 8, left 16, CELL 8 UP 8, RIGHT 16\n0-8: cells rotate 360, cell 5 rotate 0, cell 6 rotate 0, cell 7 rotate 0, cell 8 rotate 0\n8: restart"}}