{"isCreator":false,"contents":[{"_id":"5c47ef85b11e266f418d4c5b","itemId":"54ab2c40f05932d12a237344","flip":0,"rot":0,"z":0,"y":0,"x":0,"pageNo":1},{"_id":"5c47ef85b11e266f418d4c5c","itemId":"54ab328168cc13a01843015c","flip":0,"rot":0,"z":1,"y":-1,"x":17,"pageNo":1},{"_id":"5c47ef85b11e266f418d4c5d","itemId":"54ab3750f05932d12a23752c","flip":0,"rot":0,"z":2,"y":2,"x":58,"pageNo":1},{"_id":"5c47ef85b11e266f418d4c5e","itemId":"54ab3ae218344bb509376ece","flip":0,"rot":0,"z":3,"y":2,"x":77,"pageNo":1},{"_id":"5c47ef85b11e266f418d4c5f","itemId":"54ab409968cc13a018430250","flip":0,"rot":0,"z":4,"y":0,"x":94,"pageNo":1},{"_id":"5c47ef85b11e266f418d4c60","itemId":"54ab4e6bd794779c182b5154","flip":0,"rot":0,"z":5,"y":0,"x":117,"pageNo":1},{"_id":"5c47ef85b11e266f418d4c61","itemId":"566f90ac4640bf6a12d7a293","flip":0,"rot":0,"z":6,"y":19,"x":17,"pageNo":1},{"_id":"5c47ef85b11e266f418d4c62","itemId":"566f8ee25f2adb6b12d2133f","flip":0,"rot":0,"z":7,"y":20,"x":38,"pageNo":1},{"_id":"5c47ef85b11e266f418d4c63","itemId":"5673858395ba9c9a63536d54","flip":0,"rot":0,"z":8,"y":19,"x":74,"pageNo":1},{"_id":"5c47ef85b11e266f418d4c64","itemId":"5676e218c63f40dd6edd0cef","flip":0,"rot":0,"z":9,"y":20,"x":93,"pageNo":1},{"_id":"5c47ef85b11e266f418d4c65","itemId":"5676e386c63f40dd6edd0cf4","flip":0,"rot":0,"z":10,"y":19,"x":116,"pageNo":1},{"_id":"5c47ef85b11e266f418d4c66","itemId":"5676e5f8069a9094594b9966","flip":0,"rot":0,"z":11,"y":21,"x":133,"pageNo":1},{"_id":"5c47ef85b11e266f418d4c67","itemId":"56ae2ae773ab004101204119","flip":0,"rot":0,"z":12,"y":40,"x":2,"pageNo":1},{"_id":"5c47ef85b11e266f418d4c68","itemId":"56ae2ea55b93e72513d80e0a","flip":0,"rot":0,"z":13,"y":37,"x":22,"pageNo":1},{"_id":"5c47ef85b11e266f418d4c69","itemId":"566f783898b3aa7b2b7906a8","flip":0,"rot":0,"z":14,"y":19,"x":57,"pageNo":1},{"_id":"5c47ef85b11e266f418d4c6a","itemId":"566f74081033533f05e890cb","flip":0,"rot":0,"z":15,"y":19,"x":0,"pageNo":1},{"_id":"5c47ef85b11e266f418d4c6b","itemId":"54ab33e73b219f2e046f3a9a","flip":0,"rot":0,"z":16,"y":0,"x":38,"pageNo":1},{"_id":"5c47ef85b11e266f418d4c6c","itemId":"58be07f3df05a91b17377030","flip":0,"rot":0,"z":17,"y":40,"x":40,"pageNo":1},{"_id":"5c47ef85b11e266f418d4c6d","itemId":"58c0b8ec7ec4cfff13e13c63","flip":0,"rot":0,"z":18,"y":38,"x":57,"pageNo":1},{"_id":"5c47ef85b11e266f418d4c6e","itemId":"58c0c1156bc1b3f9130ec354","flip":0,"rot":0,"z":19,"y":36,"x":76,"pageNo":1},{"_id":"5c47ef85b11e266f418d4c6f","itemId":"58c30b6b27c88a85135d1441","flip":0,"rot":0,"z":20,"y":35,"x":96,"pageNo":1},{"_id":"5c47ef85b11e266f418d4c70","itemId":"5768363ade134d1c136deee5","flip":0,"rot":0,"z":21,"y":38,"x":114,"pageNo":1},{"_id":"5c47ef85b11e266f418d4c71","itemId":"58c45147f0ad756a13e940ac","flip":0,"rot":0,"z":22,"y":38,"x":133,"pageNo":1},{"_id":"5c47ef85b11e266f418d4c72","itemId":"58c45d627aa471a913c8340d","flip":0,"rot":0,"z":23,"y":57,"x":19,"pageNo":1},{"_id":"5c47ef85b11e266f418d4c73","itemId":"58c450d031a336b61319aaab","flip":0,"rot":0,"z":24,"y":57,"x":0,"pageNo":1},{"_id":"5c47ef85b11e266f418d4c74","itemId":"5b33aab87363200779c19dd9","flip":0,"rot":0,"z":25,"y":57,"x":74,"pageNo":1},{"_id":"5c47ef85b11e266f418d4c75","itemId":"5b32a90e6bb32b651b50d556","flip":0,"rot":0,"z":26,"y":58,"x":131,"pageNo":1},{"_id":"5c47ef85b11e266f418d4c76","itemId":"5b32944a89e3f4651a6b472e","flip":0,"rot":0,"z":27,"y":74,"x":2,"pageNo":1},{"_id":"5c47ef85b11e266f418d4c77","itemId":"5b31117a8f334071799d61ea","flip":0,"rot":0,"z":28,"y":76,"x":16,"pageNo":1},{"_id":"5c47ef85b11e266f418d4c78","itemId":"5b3101117ab7ff03df1f41c9","flip":0,"rot":0,"z":29,"y":74,"x":38,"pageNo":1},{"_id":"5c47ef85b11e266f418d4c79","itemId":"5b30751290bd0603d9f1c69b","flip":0,"rot":0,"z":30,"y":80,"x":56,"pageNo":1},{"_id":"5c47ef85b11e266f418d4c7a","itemId":"5b2d74ed19fe5f0f54dc67e1","flip":0,"rot":0,"z":31,"y":72,"x":76,"pageNo":1},{"_id":"5c47ef85b11e266f418d4c7b","itemId":"5b2971fa50d6a539c669c27b","flip":0,"rot":0,"z":32,"y":74,"x":94,"pageNo":1},{"_id":"5c47ef85b11e266f418d4c7c","itemId":"5b295943a3386f398f8bf179","flip":0,"rot":0,"z":33,"y":75,"x":116,"pageNo":1},{"_id":"5c47ef85b11e266f418d4c7d","itemId":"5b32e01ae0b97454895def42","flip":0,"rot":0,"z":34,"y":57,"x":95,"pageNo":1},{"_id":"5c47ef85b11e266f418d4c7e","itemId":"5b32dff0c60275548fa96652","flip":0,"rot":0,"z":35,"y":57,"x":114,"pageNo":1},{"_id":"5c47ef85b11e266f418d4c7f","itemId":"5b33abad16fdf7107811f9e3","flip":0,"rot":0,"z":36,"y":57,"x":38,"pageNo":1},{"_id":"5c47ef85b11e266f418d4c80","itemId":"5b33ab252fc56c0f598c93ab","flip":0,"rot":0,"z":37,"y":57,"x":57,"pageNo":1},{"_id":"5c47ef85b11e266f418d4c81","itemId":"5b346cec9bad6f0f5932c7c9","flip":0,"rot":0,"z":38,"y":78,"x":133,"pageNo":1},{"_id":"5c47ef85b11e266f418d4c82","itemId":"5b3070ac50a9c0289b047da7","flip":0,"rot":0,"z":39,"y":95,"x":0,"pageNo":1},{"_id":"5c47ef85b11e266f418d4c83","itemId":"5b4fbb69d8e2aa512b33b255","flip":0,"rot":0,"z":40,"y":95,"x":19,"pageNo":1},{"_id":"5c47ef85b11e266f418d4c84","itemId":"5b295281f157cf0f5cb21242","flip":0,"rot":0,"z":41,"y":95,"x":38,"pageNo":1},{"_id":"5c47ef85b11e266f418d4c85","itemId":"5b5b643045db480b7a0af1b2","flip":0,"rot":0,"z":42,"y":95,"x":57,"pageNo":1},{"_id":"5c47ef85b11e266f418d4c86","itemId":"5b733e2a0327d74af608cb3b","flip":0,"rot":0,"z":43,"y":95,"x":76,"pageNo":1},{"_id":"5c47ef85b11e266f418d4c87","itemId":"5b733e2a0327d74af608cb3b","flip":0,"rot":0,"z":44,"y":94,"x":94,"pageNo":1},{"_id":"5c47ef85b11e266f418d4c88","itemId":"5b733e2a0327d74af608cb3b","flip":0,"rot":0,"z":45,"y":95,"x":114,"pageNo":1},{"_id":"5c47ef85b11e266f418d4c89","itemId":"5b733e2a0327d74af608cb3b","flip":0,"rot":0,"z":46,"y":94,"x":134,"pageNo":1},{"_id":"5c47ef85b11e266f418d4c8a","itemId":"5b733e2a0327d74af608cb3b","flip":0,"rot":0,"z":47,"y":113,"x":-1,"pageNo":1},{"_id":"5c47ef85b11e266f418d4c8b","itemId":"5b8870898d973b766c5acdf7","flip":0,"rot":0,"z":48,"y":116,"x":21,"pageNo":1},{"_id":"5c47ef85b11e266f418d4c8c","itemId":"5b89b54356b6103063326bd7","flip":0,"rot":0,"z":49,"y":114,"x":38,"pageNo":1},{"_id":"5c47ef85b11e266f418d4c8d","itemId":"5b9fdee432bea07194e900f5","flip":0,"rot":0,"z":50,"y":113,"x":58,"pageNo":1},{"_id":"5c47ef85b11e266f418d4c8e","itemId":"5ba2f8f5cd63e962937c222e","flip":0,"rot":0,"z":51,"y":114,"x":79,"pageNo":1},{"_id":"5c47ef85b11e266f418d4c8f","itemId":"5bb986b2cbb81664940ec19b","flip":0,"rot":0,"z":52,"y":113,"x":96,"pageNo":1},{"_id":"5c47ef85b11e266f418d4c90","itemId":"5bbd22abb700bf20cfb982f2","flip":0,"rot":0,"z":53,"y":116,"x":116,"pageNo":1},{"_id":"5f66aeb481983f4160776910","itemId":"54ce7cae049ce224030fe706","flip":0,"rot":0,"z":0,"y":18,"x":77,"pageNo":0},{"_id":"5f66aeb481983f4160776911","itemId":"54ce75f5049ce224030fe6a5","flip":0,"rot":0,"z":1,"y":22,"x":98,"pageNo":0},{"_id":"5f66aeb481983f4160776912","itemId":"54ce72d7f215835437b340ee","flip":0,"rot":0,"z":2,"y":19,"x":112,"pageNo":0},{"_id":"5f66aeb481983f4160776913","itemId":"54cc2688e414eccf7878d394","flip":0,"rot":0,"z":3,"y":20,"x":133,"pageNo":0},{"_id":"5f66aeb481983f4160776914","itemId":"54bae094afed0c1d2dbe839e","flip":0,"rot":0,"z":4,"y":39,"x":-2,"pageNo":0},{"_id":"5f66aeb481983f4160776915","itemId":"54badff7fb2b332e490e7a8f","flip":0,"rot":0,"z":5,"y":40,"x":18,"pageNo":0},{"_id":"5f66aeb481983f4160776916","itemId":"54badf7cafed0c1d2dbe8383","flip":0,"rot":0,"z":6,"y":39,"x":39,"pageNo":0},{"_id":"5f66aeb481983f4160776917","itemId":"566e348109bf3c8d1e63fcf5","flip":0,"rot":0,"z":7,"y":39,"x":58,"pageNo":0},{"_id":"5f66aeb481983f4160776918","itemId":"54ce8087f215835437b3416e","flip":0,"rot":0,"z":8,"y":40,"x":75,"pageNo":0},{"_id":"5f66aeb481983f4160776919","itemId":"54ce82522650f5781c5bc40a","flip":0,"rot":0,"z":9,"y":39,"x":96,"pageNo":0},{"_id":"5f66aeb481983f416077691a","itemId":"54ce860f49e654563726b2b1","flip":0,"rot":0,"z":10,"y":39,"x":115,"pageNo":0},{"_id":"5f66aeb481983f416077691b","itemId":"54ce8a98b4d378761c5dfc24","flip":0,"rot":0,"z":11,"y":58,"x":2,"pageNo":0},{"_id":"5f66aeb481983f416077691c","itemId":"54ce8ed8c99eb5741c162793","flip":0,"rot":0,"z":12,"y":57,"x":19,"pageNo":0},{"_id":"5f66aeb481983f416077691d","itemId":"551845653056fc5c25b13905","flip":0,"rot":0,"z":13,"y":57,"x":59,"pageNo":0},{"_id":"5f66aeb481983f416077691e","itemId":"5515c236493c686025a030e6","flip":0,"rot":0,"z":14,"y":55,"x":98,"pageNo":0},{"_id":"5f66aeb481983f416077691f","itemId":"5516b74ae648fa920898383e","flip":0,"rot":0,"z":15,"y":57,"x":76,"pageNo":0},{"_id":"5f66aeb481983f4160776920","itemId":"54e950adba43ad666d3bf0f3","flip":0,"rot":0,"z":16,"y":57,"x":114,"pageNo":0},{"_id":"5f66aeb481983f4160776921","itemId":"54e94d5c14f4584417596091","flip":0,"rot":0,"z":17,"y":59,"x":136,"pageNo":0},{"_id":"5f66aeb481983f4160776922","itemId":"54ce89471e648b5f24fde3b8","flip":0,"rot":0,"z":18,"y":38,"x":133,"pageNo":0},{"_id":"5f66aeb481983f4160776923","itemId":"54d59d844dab78be52c52477","flip":0,"rot":0,"z":19,"y":78,"x":0,"pageNo":0},{"_id":"5f66aeb481983f4160776924","itemId":"54ab348d18344bb509376eb0","flip":0,"rot":0,"z":20,"y":116,"x":1,"pageNo":0},{"_id":"5f66aeb481983f4160776925","itemId":"54ab38bff05932d12a237531","flip":0,"rot":0,"z":21,"y":95,"x":133,"pageNo":0},{"_id":"5f66aeb481983f4160776926","itemId":"54ab338f1022859e186ac2a0","flip":0,"rot":0,"z":22,"y":115,"x":19,"pageNo":0},{"_id":"5f66aeb481983f4160776927","itemId":"54ab315204db07cf2a398680","flip":0,"rot":0,"z":23,"y":115,"x":38,"pageNo":0},{"_id":"5f66aeb481983f4160776928","itemId":"54ab532ae780e5b70960a901","flip":0,"rot":0,"z":24,"y":118,"x":57,"pageNo":0},{"_id":"5f66aeb481983f4160776929","itemId":"54acb3b8c98ae6270a3c56ff","flip":0,"rot":0,"z":25,"y":114,"x":95,"pageNo":0},{"_id":"5f66aeb481983f416077692a","itemId":"54ab178f729d9bcd2a949844","flip":0,"rot":0,"z":26,"y":116,"x":116,"pageNo":0},{"_id":"5f66aeb481983f416077692b","itemId":"566e31a23d3c00677b915152","flip":0,"rot":0,"z":27,"y":4,"x":0,"pageNo":0},{"_id":"5f66aeb481983f416077692c","itemId":"54ab57af89abb72c04791e9a","flip":0,"rot":0,"z":28,"y":0,"x":39,"pageNo":0},{"_id":"5f66aeb481983f416077692d","itemId":"54ac6c81b9ee80951e90b549","flip":0,"rot":0,"z":29,"y":2,"x":58,"pageNo":0},{"_id":"5f66aeb481983f416077692e","itemId":"54ac6737c98ae6270a3c54f3","flip":0,"rot":0,"z":30,"y":0,"x":76,"pageNo":0},{"_id":"5f66aeb481983f416077692f","itemId":"54b1c0666d108ec93b6c7ef0","flip":0,"rot":0,"z":31,"y":0,"x":96,"pageNo":0},{"_id":"5f66aeb481983f4160776930","itemId":"54b1ba37ac50719710948d53","flip":0,"rot":0,"z":32,"y":1,"x":115,"pageNo":0},{"_id":"5f66aeb481983f4160776931","itemId":"54b0aedf14f0f3df0ef993bb","flip":0,"rot":0,"z":33,"y":19,"x":0,"pageNo":0},{"_id":"5f66aeb481983f4160776932","itemId":"54b0ac0796e430e30ebe7ef4","flip":0,"rot":0,"z":34,"y":22,"x":20,"pageNo":0},{"_id":"5f66aeb481983f4160776933","itemId":"54adfea66094fa5d48059562","flip":0,"rot":0,"z":35,"y":19,"x":38,"pageNo":0},{"_id":"5f66aeb481983f4160776934","itemId":"54adf3e88a052afe0d15c5d8","flip":0,"rot":0,"z":36,"y":19,"x":57,"pageNo":0},{"_id":"5f66aeb481983f4160776935","itemId":"54d3ed586dee94301262825b","flip":0,"rot":0,"z":37,"y":76,"x":19,"pageNo":0},{"_id":"5f66aeb481983f4160776936","itemId":"5518482c157ab226218880fd","flip":0,"rot":0,"z":38,"y":77,"x":37,"pageNo":0},{"_id":"5f66aeb481983f4160776937","itemId":"551969e7efd8c7873e95ceda","flip":0,"rot":0,"z":39,"y":77,"x":56,"pageNo":0},{"_id":"5f66aeb481983f4160776938","itemId":"552b217d1c14110908665311","flip":0,"rot":0,"z":40,"y":79,"x":97,"pageNo":0},{"_id":"5f66aeb481983f4160776939","itemId":"566f68c73718e830058b6c1b","flip":0,"rot":0,"z":41,"y":76,"x":113,"pageNo":0},{"_id":"5f66aeb481983f416077693a","itemId":"5533030f23d29660045a3ab1","flip":0,"rot":0,"z":42,"y":76,"x":133,"pageNo":0},{"_id":"5f66aeb481983f416077693b","itemId":"553d98648ca694f603bd6c79","flip":0,"rot":0,"z":43,"y":96,"x":-2,"pageNo":0},{"_id":"5f66aeb481983f416077693c","itemId":"54ab1b51c3ed24d32a61750c","flip":0,"rot":0,"z":44,"y":94,"x":38,"pageNo":0},{"_id":"5f66aeb481983f416077693d","itemId":"54ab4cfc729d9bcd2a94994b","flip":0,"rot":0,"z":45,"y":96,"x":79,"pageNo":0},{"_id":"5f66aeb481983f416077693e","itemId":"54ab4b38c3ed24d32a61779e","flip":0,"rot":0,"z":46,"y":95,"x":95,"pageNo":0},{"_id":"5f66aeb481983f416077693f","itemId":"54ab27ef14cfba2804502ef8","flip":0,"rot":0,"z":47,"y":95,"x":95,"pageNo":0},{"_id":"5f66aeb481983f4160776940","itemId":"54ab3f30a176719a1891f129","flip":0,"rot":0,"z":48,"y":96,"x":116,"pageNo":0},{"_id":"5f66aeb481983f4160776941","itemId":"54ab542a3b219f2e046f3b68","flip":0,"rot":0,"z":49,"y":0,"x":19,"pageNo":0},{"_id":"5f66aeb481983f4160776942","itemId":"55196b5c1ee8808b3ecd7920","flip":0,"rot":0,"z":50,"y":76,"x":76,"pageNo":0},{"_id":"5f66aeb481983f4160776943","itemId":"54ac7178339524863ba9b618","flip":0,"rot":0,"z":51,"y":114,"x":76,"pageNo":0},{"_id":"5f66aeb481983f4160776944","itemId":"58bdf6d77b2f3ef40f962446","flip":0,"rot":0,"z":52,"y":57,"x":37,"pageNo":0},{"_id":"5f66aeb481983f4160776945","itemId":"54b1b764a2b7eec53ba0fc1f","flip":0,"rot":0,"z":53,"y":0,"x":133,"pageNo":0},{"_id":"5f66aeb481983f4160776946","itemId":"54a9f99af05932d12a236f76","flip":0,"rot":0,"z":54,"y":95,"x":57,"pageNo":0},{"_id":"5f66aeb481983f4160776947","itemId":"54ab290318344bb509376d6b","flip":0,"rot":0,"z":55,"y":95,"x":19,"pageNo":0},{"_id":"5f66aed27d0ae738e6a2aa73","itemId":"5bcfb42c4520f448f68777d2","flip":0,"rot":0,"z":0,"y":2,"x":4,"pageNo":2},{"_id":"5f66aed27d0ae738e6a2aa74","itemId":"5c0eeacaed21ae6e3d10ff79","flip":0,"rot":0,"z":1,"y":-1,"x":21,"pageNo":2},{"_id":"5f66aed27d0ae738e6a2aa75","itemId":"5f63d81890be5f053a56d2ea","flip":0,"rot":0,"z":2,"y":0,"x":40,"pageNo":2},{"_id":"5f66aed27d0ae738e6a2aa76","itemId":"5f66aad081983f4160776909","flip":0,"rot":0,"z":3,"y":1,"x":56,"pageNo":2},{"_id":"5f66aed27d0ae738e6a2aa77","itemId":"5f66ab68cfa8de34924c2031","flip":0,"rot":0,"z":4,"y":1,"x":76,"pageNo":2},{"_id":"5f66aed27d0ae738e6a2aa78","itemId":"5f66ad31fdc0f40533ce1d06","flip":0,"rot":0,"z":5,"y":3,"x":98,"pageNo":2}]}