{"isCreator":false,"contents":[{"_id":"57dcfcf79705ca4b13552418","itemId":"57dbb255276d78a30fafb2f3","flip":0,"rot":0,"z":0,"y":124,"x":10,"pageNo":0},{"_id":"57dcfcf79705ca4b13552419","itemId":"57dbb2bb2b774033135c74c4","flip":0,"rot":0,"z":1,"y":124,"x":29,"pageNo":0},{"_id":"57dcfcf79705ca4b1355241a","itemId":"57dbb3aa7240a53113831006","flip":0,"rot":0,"z":2,"y":124,"x":48,"pageNo":0},{"_id":"57dcfcf79705ca4b1355241b","itemId":"57dbb40708ec279d0fe7e12c","flip":0,"rot":0,"z":3,"y":124,"x":67,"pageNo":0},{"_id":"57dcfcf79705ca4b1355241c","itemId":"57dbb47c276d78a30fafb2f7","flip":0,"rot":0,"z":4,"y":124,"x":86,"pageNo":0},{"_id":"57dcfcf79705ca4b1355241d","itemId":"57dbb5202b774033135c74d7","flip":0,"rot":0,"z":5,"y":124,"x":105,"pageNo":0},{"_id":"57dcfcf79705ca4b1355241e","itemId":"57cad86696651a2c1300e707","flip":0,"rot":0,"z":6,"y":10,"x":10,"pageNo":0},{"_id":"57dcfcf79705ca4b1355241f","itemId":"57cad8cd44b0423113d04426","flip":0,"rot":0,"z":7,"y":10,"x":29,"pageNo":0},{"_id":"57dcfcf79705ca4b13552420","itemId":"57cada6fa632999b0faff6b3","flip":0,"rot":0,"z":8,"y":10,"x":86,"pageNo":0},{"_id":"57dcfcf79705ca4b13552421","itemId":"57cae232e0b3cd870f8e1afd","flip":0,"rot":0,"z":9,"y":10,"x":105,"pageNo":0},{"_id":"57dcfcf79705ca4b13552422","itemId":"57cae2a34b29161513d953cd","flip":0,"rot":0,"z":10,"y":10,"x":124,"pageNo":0},{"_id":"57dcfcf79705ca4b13552423","itemId":"57cae33444b0423113d04518","flip":0,"rot":0,"z":11,"y":29,"x":10,"pageNo":0},{"_id":"57dcfcf79705ca4b13552424","itemId":"57cae3ac5b27fd8c0fb5e829","flip":0,"rot":0,"z":12,"y":29,"x":29,"pageNo":0},{"_id":"57dcfcf79705ca4b13552425","itemId":"57cae4187daafc0a13440f00","flip":0,"rot":0,"z":13,"y":29,"x":48,"pageNo":0},{"_id":"57dcfcf79705ca4b13552426","itemId":"57cbe00edbf2eb2413a417ad","flip":0,"rot":0,"z":14,"y":67,"x":124,"pageNo":0},{"_id":"57dcfcf79705ca4b13552427","itemId":"57dba9dd0eecb44d135690a2","flip":0,"rot":0,"z":15,"y":86,"x":10,"pageNo":0},{"_id":"57dcfcf79705ca4b13552428","itemId":"57dbae75d896a42c13f33adf","flip":0,"rot":0,"z":16,"y":86,"x":48,"pageNo":0},{"_id":"57dcfcf79705ca4b13552429","itemId":"57dbb07ba3d2c35213b3bb2c","flip":0,"rot":0,"z":17,"y":86,"x":67,"pageNo":0},{"_id":"57dcfcf79705ca4b1355242a","itemId":"57dbaf174df5f52d13c391e5","flip":0,"rot":0,"z":18,"y":86,"x":105,"pageNo":0},{"_id":"57dcfcf79705ca4b1355242b","itemId":"57cbe0a3c0ed371c13eaefde","flip":0,"rot":0,"z":19,"y":86,"x":124,"pageNo":0},{"_id":"57dcfcf79705ca4b1355242c","itemId":"57cbe0e52cfef98b0f034072","flip":0,"rot":0,"z":20,"y":105,"x":10,"pageNo":0},{"_id":"57dcfcf79705ca4b1355242d","itemId":"57cbe140de4ec32113610f03","flip":0,"rot":0,"z":21,"y":105,"x":29,"pageNo":0},{"_id":"57dcfcf79705ca4b1355242e","itemId":"57cbe1872cfef98b0f034075","flip":0,"rot":0,"z":22,"y":105,"x":48,"pageNo":0},{"_id":"57dcfcf79705ca4b1355242f","itemId":"57dbb1197240a53113831003","flip":0,"rot":0,"z":23,"y":105,"x":67,"pageNo":0},{"_id":"57dcfcf79705ca4b13552430","itemId":"57cbe1c232b03c900f74fed6","flip":0,"rot":0,"z":24,"y":105,"x":86,"pageNo":0},{"_id":"57dcfcf79705ca4b13552431","itemId":"57dbb6549705ca4b13551a1f","flip":0,"rot":0,"z":25,"y":121,"x":127,"pageNo":0},{"_id":"57dcfcf79705ca4b13552432","itemId":"57cad1f9362e00930fd98045","flip":0,"rot":0,"z":26,"y":48,"x":29,"pageNo":0},{"_id":"57dcfcf79705ca4b13552433","itemId":"57cacfd5621d7c391349f6e5","flip":0,"rot":0,"z":27,"y":48,"x":67,"pageNo":0},{"_id":"57dcfcf79705ca4b13552434","itemId":"57dbae290eecb44d135690af","flip":0,"rot":0,"z":28,"y":48,"x":124,"pageNo":0},{"_id":"57dcfcf79705ca4b13552435","itemId":"57cad27f362e00930fd98048","flip":0,"rot":0,"z":29,"y":67,"x":10,"pageNo":0},{"_id":"57dcfcf79705ca4b13552436","itemId":"57cacfcbba38013413d7fea7","flip":0,"rot":0,"z":30,"y":67,"x":29,"pageNo":0},{"_id":"57dcfcf79705ca4b13552437","itemId":"57cad596b61446950fc43c55","flip":0,"rot":0,"z":31,"y":67,"x":48,"pageNo":0},{"_id":"57dcfcf79705ca4b13552438","itemId":"57cad690fcd9253713a78bd2","flip":0,"rot":0,"z":32,"y":67,"x":67,"pageNo":0},{"_id":"57dcfcf79705ca4b13552439","itemId":"57cbdf6832b03c900f74fecf","flip":0,"rot":0,"z":33,"y":67,"x":86,"pageNo":0},{"_id":"57dcfcf79705ca4b1355243a","itemId":"57cbdfcbba38013413d8131c","flip":0,"rot":0,"z":34,"y":67,"x":105,"pageNo":0},{"_id":"57dcfcf79705ca4b1355243b","itemId":"57cbdf27c0ed371c13eaefd8","flip":0,"rot":0,"z":35,"y":86,"x":86,"pageNo":0},{"_id":"57dcfcf79705ca4b1355243c","itemId":"57cbe057550d91221323e782","flip":0,"rot":0,"z":36,"y":86,"x":29,"pageNo":0},{"_id":"57dcfcf79705ca4b1355243d","itemId":"57dbac58d896a42c13f33adc","flip":0,"rot":0,"z":37,"y":48,"x":48,"pageNo":0},{"_id":"57dcfcf79705ca4b1355243e","itemId":"57dbaf4c3d90312b13b80c0b","flip":0,"rot":0,"z":38,"y":48,"x":105,"pageNo":0},{"_id":"57dcfcf79705ca4b1355243f","itemId":"57dbad8e5dd8f8aa0f3a0869","flip":0,"rot":0,"z":39,"y":48,"x":86,"pageNo":0},{"_id":"57dcfcf79705ca4b13552440","itemId":"57cad1b3621d7c391349f71a","flip":0,"rot":0,"z":40,"y":48,"x":10,"pageNo":0},{"_id":"57dcfcf79705ca4b13552441","itemId":"57cad97ef10d291d13401785","flip":0,"rot":0,"z":41,"y":10,"x":48,"pageNo":0},{"_id":"57dcfcf79705ca4b13552442","itemId":"57cad9fa947a40361329e5f5","flip":0,"rot":0,"z":42,"y":10,"x":67,"pageNo":0}]}