{"isCreator":false,"contents":[{"_id":"5b295c5a4b9b0e39bff027b6","itemId":"56c8cf0dc82c6e241381af73","flip":0,"rot":0,"z":0,"y":2,"x":76,"pageNo":0},{"_id":"5b295c5a4b9b0e39bff027b7","itemId":"56fb021392cb8e810f18e234","flip":0,"rot":0,"z":1,"y":3,"x":134,"pageNo":0},{"_id":"5b295c5a4b9b0e39bff027b8","itemId":"58bcb3fd05387a691300a418","flip":0,"rot":0,"z":2,"y":57,"x":0,"pageNo":0},{"_id":"5b295c5a4b9b0e39bff027b9","itemId":"56c9f954c502511e1383fb43","flip":0,"rot":0,"z":3,"y":40,"x":40,"pageNo":0},{"_id":"5b295c5a4b9b0e39bff027ba","itemId":"56c8cf2b4cc9d5720f08522b","flip":0,"rot":0,"z":4,"y":1,"x":1,"pageNo":0},{"_id":"5b295c5a4b9b0e39bff027bb","itemId":"58bcb3dfe99569ef0f2e115a","flip":0,"rot":0,"z":5,"y":19,"x":38,"pageNo":0},{"_id":"5b295c5a4b9b0e39bff027bc","itemId":"56c8cef1db5d1615131fa060","flip":0,"rot":0,"z":6,"y":1,"x":17,"pageNo":0},{"_id":"5b295c5a4b9b0e39bff027bd","itemId":"56c8cedfa5c6ab730f0a376c","flip":0,"rot":0,"z":7,"y":0,"x":38,"pageNo":0},{"_id":"5b295c5a4b9b0e39bff027be","itemId":"56c8ce82e328682913cfaad6","flip":0,"rot":0,"z":8,"y":0,"x":57,"pageNo":0},{"_id":"5b295c5a4b9b0e39bff027bf","itemId":"56c15b2c6b23db820fc316cf","flip":0,"rot":0,"z":9,"y":38,"x":0,"pageNo":0},{"_id":"5b295c5a4b9b0e39bff027c0","itemId":"56fb021d253377870f58fb1b","flip":0,"rot":0,"z":10,"y":2,"x":115,"pageNo":0},{"_id":"5b295c5a4b9b0e39bff027c1","itemId":"5abd54a7f92a951352b7753e","flip":0,"rot":0,"z":11,"y":38,"x":77,"pageNo":0},{"_id":"5b295c5a4b9b0e39bff027c2","itemId":"58bcb40905387a691300a419","flip":0,"rot":0,"z":12,"y":59,"x":39,"pageNo":0},{"_id":"5b295c5a4b9b0e39bff027c3","itemId":"5b04d8809ec7a70f5cd1ed44","flip":0,"rot":0,"z":13,"y":59,"x":72,"pageNo":0},{"_id":"5b295c5a4b9b0e39bff027c4","itemId":"5b295936366072289eb44b8d","flip":0,"rot":0,"z":14,"y":39,"x":113,"pageNo":0},{"_id":"5b295c5a4b9b0e39bff027c5","itemId":"58bcb3b95301dd70135cc6f7","flip":0,"rot":0,"z":15,"y":19,"x":123,"pageNo":0},{"_id":"5b295c5a4b9b0e39bff027c6","itemId":"5b295c52eed1fb399b08832e","flip":0,"rot":0,"z":16,"y":54,"x":112,"pageNo":0}]}