{"isCreator":false,"contents":[{"_id":"5cfd841daad35906033cb05c","itemId":"5aadf34b5a5b14134ec85aa7","flip":0,"rot":0,"z":0,"y":0,"x":124,"pageNo":0},{"_id":"5cfd841daad35906033cb05d","itemId":"5aadf32ef954c50fb1571efc","flip":0,"rot":0,"z":1,"y":0,"x":105,"pageNo":0},{"_id":"5cfd841daad35906033cb05e","itemId":"5aadf31462e1350fb7269831","flip":0,"rot":0,"z":2,"y":0,"x":86,"pageNo":0},{"_id":"5cfd841daad35906033cb05f","itemId":"5aadf300a820d713531aa73b","flip":0,"rot":0,"z":3,"y":0,"x":57,"pageNo":0},{"_id":"5cfd841daad35906033cb060","itemId":"5aadf2e80d2a53134c2b016d","flip":0,"rot":0,"z":4,"y":0,"x":38,"pageNo":0},{"_id":"5cfd841daad35906033cb061","itemId":"5aadbb416a87561349c96cb1","flip":0,"rot":0,"z":5,"y":0,"x":19,"pageNo":0},{"_id":"5cfd841daad35906033cb062","itemId":"5aadf2d81f4ffd13463d89eb","flip":0,"rot":0,"z":6,"y":0,"x":0,"pageNo":0},{"_id":"5cfd841daad35906033cb063","itemId":"5aadf55ebf2e431398d65575","flip":0,"rot":0,"z":7,"y":29,"x":124,"pageNo":0},{"_id":"5cfd841daad35906033cb064","itemId":"5aadf3eca820d713531aa743","flip":0,"rot":0,"z":8,"y":29,"x":105,"pageNo":0},{"_id":"5cfd841daad35906033cb065","itemId":"5aadf3d9ba49fc0fbd09de44","flip":0,"rot":0,"z":9,"y":29,"x":76,"pageNo":0},{"_id":"5cfd841daad35906033cb066","itemId":"5aadf3cabf2e431398d65570","flip":0,"rot":0,"z":10,"y":29,"x":57,"pageNo":0},{"_id":"5cfd841daad35906033cb067","itemId":"5aadf380f954c50fb1571efe","flip":0,"rot":0,"z":11,"y":29,"x":38,"pageNo":0},{"_id":"5cfd841daad35906033cb068","itemId":"5aadf370a820d713531aa73f","flip":0,"rot":0,"z":12,"y":29,"x":19,"pageNo":0},{"_id":"5cfd841daad35906033cb069","itemId":"5aadf3610d2a53134c2b0172","flip":0,"rot":0,"z":13,"y":29,"x":10,"pageNo":0},{"_id":"5cfd841daad35906033cb06a","itemId":"5aadf56c5b0cd41397aa90cf","flip":0,"rot":0,"z":14,"y":57,"x":0,"pageNo":0},{"_id":"5cfd841daad35906033cb06b","itemId":"5aadf57dba49fc0fbd09de49","flip":0,"rot":0,"z":15,"y":57,"x":29,"pageNo":0},{"_id":"5cfd841daad35906033cb06c","itemId":"5aadf58d62e1350fb7269849","flip":0,"rot":0,"z":16,"y":57,"x":48,"pageNo":0},{"_id":"5cfd841daad35906033cb06d","itemId":"5aadf5a55a5b14134ec85ac1","flip":0,"rot":0,"z":17,"y":57,"x":86,"pageNo":0},{"_id":"5cfd841daad35906033cb06e","itemId":"5aadf5b35b0cd41397aa90d0","flip":0,"rot":0,"z":18,"y":57,"x":105,"pageNo":0},{"_id":"5cfd841daad35906033cb06f","itemId":"5aadf5c274951e139ee15425","flip":0,"rot":0,"z":19,"y":57,"x":124,"pageNo":0},{"_id":"5cfd841daad35906033cb070","itemId":"5aadf5d15a5b14134ec85ac3","flip":0,"rot":0,"z":20,"y":86,"x":0,"pageNo":0},{"_id":"5cfd841daad35906033cb071","itemId":"5aadf5deba49fc0fbd09de4e","flip":0,"rot":0,"z":21,"y":86,"x":29,"pageNo":0},{"_id":"5cfd841daad35906033cb072","itemId":"5aadf6220d2a53134c2b0184","flip":0,"rot":0,"z":22,"y":86,"x":57,"pageNo":0},{"_id":"5cfd841daad35906033cb073","itemId":"5aadf63462e1350fb726984d","flip":0,"rot":0,"z":23,"y":86,"x":86,"pageNo":0},{"_id":"5cfd841daad35906033cb074","itemId":"5aadf65835a5ab0fbf54c222","flip":0,"rot":0,"z":24,"y":86,"x":105,"pageNo":0},{"_id":"5cfd841daad35906033cb075","itemId":"5aadf66a1f4ffd13463d89fd","flip":0,"rot":0,"z":25,"y":95,"x":124,"pageNo":0},{"_id":"5cfd846f30aea82506a71641","itemId":"5aae8245c3b40f13738264d5","flip":0,"rot":0,"z":0,"y":4,"x":6,"pageNo":1},{"_id":"5cfd846f30aea82506a71642","itemId":"5aae8259272e31137996aff2","flip":0,"rot":0,"z":1,"y":4,"x":31,"pageNo":1},{"_id":"5cfd846f30aea82506a71643","itemId":"5aae8272076a20133d650da4","flip":0,"rot":0,"z":2,"y":3,"x":49,"pageNo":1},{"_id":"5cfd846f30aea82506a71644","itemId":"5aae828672c982137a793b94","flip":0,"rot":0,"z":3,"y":2,"x":70,"pageNo":1},{"_id":"5cfd846f30aea82506a71645","itemId":"5aae829eefbd231342b91333","flip":0,"rot":0,"z":4,"y":0,"x":86,"pageNo":1},{"_id":"5cfd846f30aea82506a71646","itemId":"5aae82c0076a20133d650da7","flip":0,"rot":0,"z":5,"y":1,"x":106,"pageNo":1},{"_id":"5cfd846f30aea82506a71647","itemId":"5aae82d9eea0d8134a5eacb5","flip":0,"rot":0,"z":6,"y":0,"x":114,"pageNo":1},{"_id":"5cfd846f30aea82506a71648","itemId":"5aae82f58ff32a0fba6938ab","flip":0,"rot":0,"z":7,"y":19,"x":47,"pageNo":1},{"_id":"5cfd846f30aea82506a71649","itemId":"5aae8305de71900fb47da7d8","flip":0,"rot":0,"z":8,"y":21,"x":69,"pageNo":1},{"_id":"5cfd846f30aea82506a7164a","itemId":"5aae8325e469491349f6d884","flip":0,"rot":0,"z":9,"y":21,"x":87,"pageNo":1},{"_id":"5cfd846f30aea82506a7164b","itemId":"5aaeb329c5438a0fb22a9b07","flip":0,"rot":0,"z":10,"y":48,"x":0,"pageNo":1},{"_id":"5cfd846f30aea82506a7164c","itemId":"5aaeb3c2f705270fb8bb5df6","flip":0,"rot":0,"z":11,"y":47,"x":17,"pageNo":1},{"_id":"5cfd846f30aea82506a7164d","itemId":"5aaeb3da4371230fbe00d565","flip":0,"rot":0,"z":12,"y":51,"x":37,"pageNo":1},{"_id":"5cfd846f30aea82506a7164e","itemId":"5aaeb3ef8e7e911343e7a43c","flip":0,"rot":0,"z":13,"y":50,"x":59,"pageNo":1},{"_id":"5cfd846f30aea82506a7164f","itemId":"5aaeb3feb0797113500d7d28","flip":0,"rot":0,"z":14,"y":49,"x":80,"pageNo":1},{"_id":"5cfd846f30aea82506a71650","itemId":"5aaeb40ff83e20133cb11e76","flip":0,"rot":0,"z":15,"y":48,"x":96,"pageNo":1},{"_id":"5cfd846f30aea82506a71651","itemId":"5aaeb422eaa27e0fc42ed74a","flip":0,"rot":0,"z":16,"y":45,"x":118,"pageNo":1},{"_id":"5cfd846f30aea82506a71652","itemId":"5aaeb43b3fdc721343ba5671","flip":0,"rot":0,"z":17,"y":76,"x":7,"pageNo":1},{"_id":"5cfd846f30aea82506a71653","itemId":"5aaeb5008e7e911343e7a47d","flip":0,"rot":0,"z":18,"y":77,"x":90,"pageNo":1},{"_id":"5cfd846f30aea82506a71654","itemId":"5aaeb4e08e7e911343e7a47b","flip":0,"rot":0,"z":19,"y":77,"x":109,"pageNo":1},{"_id":"5cfd846f30aea82506a71655","itemId":"5aaeb559ba5880134a33f50e","flip":0,"rot":0,"z":20,"y":95,"x":2,"pageNo":1},{"_id":"5cfd846f30aea82506a71656","itemId":"5aaeb56985de1c1349407698","flip":0,"rot":0,"z":21,"y":96,"x":18,"pageNo":1},{"_id":"5cfd846f30aea82506a71657","itemId":"5aaeb5824371230fbe00d574","flip":0,"rot":0,"z":22,"y":98,"x":40,"pageNo":1},{"_id":"5cfd846f30aea82506a71658","itemId":"5aaeb5a585de1c134940769a","flip":0,"rot":0,"z":23,"y":95,"x":57,"pageNo":1},{"_id":"5cfd846f30aea82506a71659","itemId":"5cfd843528cdfb142aa4126d","flip":0,"rot":0,"z":24,"y":94,"x":80,"pageNo":1},{"_id":"5cfd846f30aea82506a7165a","itemId":"5aaeb479bb1af0134fc36f2c","flip":0,"rot":0,"z":25,"y":76,"x":48,"pageNo":1},{"_id":"5cfd846f30aea82506a7165b","itemId":"5aaeb4b28e7e911343e7a478","flip":0,"rot":0,"z":26,"y":76,"x":63,"pageNo":1},{"_id":"5cfd846f30aea82506a7165c","itemId":"5aaeb45d4371230fbe00d56a","flip":0,"rot":1,"z":27,"y":72,"x":32,"pageNo":1}]}