{"isCreator":false,"contents":[{"_id":"5f5dbd194ebd1c605c9deda2","itemId":"5f17840101259370d7a45f36","flip":0,"rot":0,"z":0,"y":1,"x":1,"pageNo":1},{"_id":"5f5dbd194ebd1c605c9deda3","itemId":"5785fefbd9fdaf2a13f37d6e","flip":0,"rot":0,"z":1,"y":18,"x":33,"pageNo":1},{"_id":"5f5dbd194ebd1c605c9deda4","itemId":"5ad376dbc5dfea1c4c1d363d","flip":0,"rot":0,"z":2,"y":-1,"x":29,"pageNo":1},{"_id":"5f5dbd194ebd1c605c9deda5","itemId":"5ec1928dddf24b48b99d917c","flip":0,"rot":0,"z":3,"y":19,"x":69,"pageNo":1},{"_id":"5f5dbd194ebd1c605c9deda6","itemId":"5ec18ef44f995248bf44a914","flip":0,"rot":0,"z":4,"y":19,"x":48,"pageNo":1},{"_id":"5f5dbd194ebd1c605c9deda7","itemId":"5ec187cd5edc36315a0d3460","flip":0,"rot":0,"z":5,"y":38,"x":19,"pageNo":1},{"_id":"5f5dbd194ebd1c605c9deda8","itemId":"5ec18cc5c6082478488251e9","flip":0,"rot":0,"z":6,"y":0,"x":48,"pageNo":1},{"_id":"5f5dbd194ebd1c605c9deda9","itemId":"5ec4b47ab3128c645f1b2c52","flip":0,"rot":0,"z":7,"y":54,"x":1,"pageNo":1},{"_id":"5f5dbd194ebd1c605c9dedaa","itemId":"5ec1b139e5cef27aac3bc17c","flip":0,"rot":0,"z":8,"y":57,"x":20,"pageNo":1},{"_id":"5f5dbd194ebd1c605c9dedab","itemId":"5ec5f082fb7525679248252a","flip":0,"rot":0,"z":9,"y":57,"x":37,"pageNo":1},{"_id":"5f5dbd194ebd1c605c9dedac","itemId":"5ec1bb2155b9287aad82bcbc","flip":0,"rot":0,"z":10,"y":54,"x":53,"pageNo":1},{"_id":"5f5dbd194ebd1c605c9dedad","itemId":"5ec44f1403c58405f67f93c0","flip":0,"rot":0,"z":11,"y":57,"x":76,"pageNo":1},{"_id":"5f5dbd194ebd1c605c9dedae","itemId":"5ec35f2f1525c54788733fc1","flip":0,"rot":0,"z":12,"y":57,"x":95,"pageNo":1},{"_id":"5f5dbd194ebd1c605c9dedaf","itemId":"5ec42cd13ba98f2710db0208","flip":0,"rot":0,"z":13,"y":57,"x":114,"pageNo":1},{"_id":"5f5dbd194ebd1c605c9dedb0","itemId":"552bf4dba74b44a4463a7cf7","flip":0,"rot":0,"z":14,"y":0,"x":133,"pageNo":1},{"_id":"5f5dbd194ebd1c605c9dedb1","itemId":"5ebf707c55b9287aad829f3c","flip":0,"rot":0,"z":15,"y":-3,"x":69,"pageNo":1},{"_id":"5f5dbd194ebd1c605c9dedb2","itemId":"5ec19488e5cef27aac3bc0d0","flip":0,"rot":0,"z":16,"y":38,"x":0,"pageNo":1},{"_id":"5f5dbd194ebd1c605c9dedb3","itemId":"5f1787aba212f30611b4cc07","flip":0,"rot":0,"z":17,"y":19,"x":3,"pageNo":1},{"_id":"5f5dbd194ebd1c605c9dedb4","itemId":"5f59b67c55d4e91b3e190e87","flip":0,"rot":0,"z":18,"y":0,"x":86,"pageNo":1},{"_id":"5f5dbd194ebd1c605c9dedb5","itemId":"5f59b006a953793468897950","flip":0,"rot":0,"z":19,"y":76,"x":0,"pageNo":1},{"_id":"5f5dbd194ebd1c605c9dedb6","itemId":"5ec32a54261e2d4a12d3d1f1","flip":0,"rot":0,"z":20,"y":79,"x":20,"pageNo":1},{"_id":"5f5dbd194ebd1c605c9dedb7","itemId":"5f59b147c833a134690249c6","flip":0,"rot":0,"z":21,"y":75,"x":36,"pageNo":1},{"_id":"5f5dbd194ebd1c605c9dedb8","itemId":"5f59b430a0cbfd4f52cec326","flip":0,"rot":0,"z":22,"y":73,"x":54,"pageNo":1},{"_id":"5f5dbd194ebd1c605c9dedb9","itemId":"5ec4a0eb5d5f4056a53d04ff","flip":0,"rot":0,"z":23,"y":67,"x":67,"pageNo":1},{"_id":"5f5dbd194ebd1c605c9dedba","itemId":"5f59b2b36a878d345de73b20","flip":0,"rot":0,"z":24,"y":75,"x":78,"pageNo":1},{"_id":"5f5dbd194ebd1c605c9dedbb","itemId":"5f1786c88e5bf770cb3993f9","flip":0,"rot":0,"z":25,"y":114,"x":67,"pageNo":1},{"_id":"5f5dbd194ebd1c605c9dedbc","itemId":"5b9079664bb15d0ae615aeaa","flip":0,"rot":0,"z":26,"y":37,"x":38,"pageNo":1},{"_id":"5f5dbd9cf8903a60622e9956","itemId":"57cb0b01cca4141f13ce3934","flip":0,"rot":0,"z":0,"y":19,"x":0,"pageNo":2},{"_id":"5f5dbd9cf8903a60622e9957","itemId":"57a36fd9709d80990f57155e","flip":0,"rot":0,"z":1,"y":0,"x":0,"pageNo":2},{"_id":"5f5dbd9cf8903a60622e9958","itemId":"57cb0d7e44b0423113d0485e","flip":0,"rot":0,"z":2,"y":19,"x":19,"pageNo":2},{"_id":"5f5dbd9cf8903a60622e9959","itemId":"57cc07d57f98da2313b9e46b","flip":0,"rot":0,"z":3,"y":19,"x":38,"pageNo":2},{"_id":"5f5dbd9cf8903a60622e995a","itemId":"57a51ab1fd1e04271308e289","flip":0,"rot":0,"z":4,"y":19,"x":57,"pageNo":2},{"_id":"5f5dbd9cf8903a60622e995b","itemId":"57a62ed90189022113d1415f","flip":0,"rot":0,"z":5,"y":19,"x":76,"pageNo":2},{"_id":"5f5dbd9cf8903a60622e995c","itemId":"57a38176d10490231333ec85","flip":0,"rot":0,"z":6,"y":19,"x":114,"pageNo":2},{"_id":"5f5dbd9cf8903a60622e995d","itemId":"57a4b13251b60b2113fe0abc","flip":0,"rot":0,"z":7,"y":19,"x":95,"pageNo":2},{"_id":"5f5dbd9cf8903a60622e995e","itemId":"57caf607621d7c391349fab4","flip":0,"rot":0,"z":8,"y":38,"x":0,"pageNo":2},{"_id":"5f5dbd9cf8903a60622e995f","itemId":"57a511b268966e810fc88edf","flip":0,"rot":0,"z":9,"y":38,"x":19,"pageNo":2},{"_id":"5f5dbd9cf8903a60622e9960","itemId":"57caf6adcb6c672513021942","flip":0,"rot":0,"z":10,"y":38,"x":38,"pageNo":2},{"_id":"5f5dbd9cf8903a60622e9961","itemId":"598913081ef290c4139b4bbb","flip":0,"rot":0,"z":11,"y":41,"x":59,"pageNo":2},{"_id":"5f5dbd9cf8903a60622e9962","itemId":"57a4c045123717880f251ec4","flip":0,"rot":0,"z":12,"y":38,"x":76,"pageNo":2},{"_id":"5f5dbd9cf8903a60622e9963","itemId":"5988d755ceca9dbd130ff2ff","flip":0,"rot":0,"z":13,"y":38,"x":98,"pageNo":2},{"_id":"5f5dbd9cf8903a60622e9964","itemId":"59890da30a3c49771308c113","flip":0,"rot":0,"z":14,"y":38,"x":113,"pageNo":2},{"_id":"5f5dbd9cf8903a60622e9965","itemId":"5989106879efcccb13806283","flip":0,"rot":0,"z":15,"y":38,"x":133,"pageNo":2},{"_id":"5f5dbd9cf8903a60622e9966","itemId":"5f32016f2f97130617db5623","flip":0,"rot":0,"z":16,"y":57,"x":0,"pageNo":2},{"_id":"5f5dbd9cf8903a60622e9967","itemId":"5b351851af6d09146e6d3469","flip":0,"rot":0,"z":17,"y":54,"x":18,"pageNo":2},{"_id":"5f5dbd9cf8903a60622e9968","itemId":"5b3514c97363200779c1a772","flip":0,"rot":0,"z":18,"y":19,"x":133,"pageNo":2},{"_id":"5f5dbd9cf8903a60622e9969","itemId":"5988d1bb27b908bc138ead55","flip":0,"rot":0,"z":19,"y":60,"x":38,"pageNo":2},{"_id":"5f5dbd9cf8903a60622e996a","itemId":"59891c7343867ef20f3157bb","flip":0,"rot":0,"z":20,"y":58,"x":58,"pageNo":2},{"_id":"5f5dbd9cf8903a60622e996b","itemId":"5b35108213beb319477bec32","flip":0,"rot":0,"z":21,"y":57,"x":76,"pageNo":2},{"_id":"5f5dbd9cf8903a60622e996c","itemId":"57a4b41460a156930f564474","flip":0,"rot":0,"z":22,"y":56,"x":97,"pageNo":2},{"_id":"5f5dbd9cf8903a60622e996d","itemId":"57cc0bbc973ff01d13822da7","flip":0,"rot":0,"z":23,"y":56,"x":114,"pageNo":2},{"_id":"5f5dbd9cf8903a60622e996e","itemId":"57a382da6856ce2e136c53e9","flip":0,"rot":0,"z":24,"y":55,"x":129,"pageNo":2},{"_id":"5f5dbd9cf8903a60622e996f","itemId":"57a507cb19def51a1362686d","flip":0,"rot":0,"z":25,"y":76,"x":0,"pageNo":2},{"_id":"5f5dbd9cf8903a60622e9970","itemId":"5e78cd30e627383f7ab74de7","flip":0,"rot":0,"z":26,"y":76,"x":20,"pageNo":2},{"_id":"5f5dbd9cf8903a60622e9971","itemId":"5e711bae34a0c63f748ffaef","flip":0,"rot":0,"z":27,"y":76,"x":39,"pageNo":2},{"_id":"5f5dbd9cf8903a60622e9972","itemId":"59888cddf6fe9481137d6bf0","flip":0,"rot":0,"z":28,"y":80,"x":55,"pageNo":2},{"_id":"5f5dbd9cf8903a60622e9973","itemId":"57a37de5ed41ba131301c57a","flip":0,"rot":0,"z":29,"y":72,"x":77,"pageNo":2},{"_id":"5f5dbd9cf8903a60622e9974","itemId":"5ae7b149a257a96eaf95147a","flip":0,"rot":0,"z":30,"y":77,"x":98,"pageNo":2},{"_id":"5f5dbd9cf8903a60622e9975","itemId":"5bf0f79e1420d663e18cbdd7","flip":0,"rot":0,"z":31,"y":0,"x":19,"pageNo":2},{"_id":"5f5dbd9cf8903a60622e9976","itemId":"599e2c632787f6921308b56e","flip":0,"rot":0,"z":32,"y":0,"x":38,"pageNo":2},{"_id":"5f5dbd9cf8903a60622e9977","itemId":"551fffaab77ce64d3a8f3366","flip":0,"rot":0,"z":33,"y":113,"x":106,"pageNo":2},{"_id":"602f017f3896a705078f5f97","itemId":"566f70af2575a2ed6ff44485","flip":0,"rot":0,"z":0,"y":110,"x":56,"pageNo":3},{"_id":"602f017f3896a705078f5f98","itemId":"58bcb2d54c11806f13d3820f","flip":0,"rot":0,"z":1,"y":114,"x":24,"pageNo":3},{"_id":"602f017f3896a705078f5f99","itemId":"557c46cd6bb22ced3ae641d9","flip":0,"rot":0,"z":2,"y":110,"x":85,"pageNo":3},{"_id":"60617ec6c48fed2954d2ac81","itemId":"5a30d1b6365819f50f32ae63","flip":0,"rot":0,"z":0,"y":4,"x":79,"pageNo":0},{"_id":"60617ec6c48fed2954d2ac82","itemId":"5df9c84dece8aa3a207510b1","flip":0,"rot":0,"z":1,"y":19,"x":100,"pageNo":0},{"_id":"60617ec6c48fed2954d2ac83","itemId":"5540bb6eb6da000c2115c70d","flip":0,"rot":0,"z":2,"y":0,"x":19,"pageNo":0},{"_id":"60617ec6c48fed2954d2ac84","itemId":"56cde8ba4f2ee5730f14bb89","flip":0,"rot":0,"z":3,"y":19,"x":57,"pageNo":0},{"_id":"60617ec6c48fed2954d2ac85","itemId":"567c327817e2b70e0b10040f","flip":0,"rot":0,"z":4,"y":85,"x":123,"pageNo":0},{"_id":"60617ec6c48fed2954d2ac86","itemId":"5690bf67c3f918d81ce8ff39","flip":0,"rot":0,"z":5,"y":0,"x":57,"pageNo":0},{"_id":"60617ec6c48fed2954d2ac87","itemId":"5574f054e28e7028271e88bd","flip":0,"rot":0,"z":6,"y":0,"x":95,"pageNo":0},{"_id":"60617ec6c48fed2954d2ac88","itemId":"597c3e6627efad051054b4a0","flip":0,"rot":0,"z":7,"y":0,"x":133,"pageNo":0},{"_id":"60617ec6c48fed2954d2ac89","itemId":"582e55287eebcd5e1302b8a5","flip":0,"rot":0,"z":8,"y":0,"x":114,"pageNo":0},{"_id":"60617ec6c48fed2954d2ac8a","itemId":"588814acc229445a13877886","flip":0,"rot":0,"z":9,"y":19,"x":19,"pageNo":0},{"_id":"60617ec6c48fed2954d2ac8b","itemId":"5e32e8ea536f6b24c56b47ac","flip":0,"rot":0,"z":10,"y":19,"x":38,"pageNo":0},{"_id":"60617ec6c48fed2954d2ac8c","itemId":"5ac0b850b5c1720fc20249ea","flip":0,"rot":0,"z":11,"y":99,"x":121,"pageNo":0},{"_id":"60617ec6c48fed2954d2ac8d","itemId":"5ae7b149a257a96eaf95147a","flip":0,"rot":0,"z":12,"y":57,"x":124,"pageNo":0},{"_id":"60617ec6c48fed2954d2ac8e","itemId":"5d16fcb6cfc37b3508b2ac79","flip":0,"rot":0,"z":13,"y":19,"x":124,"pageNo":0},{"_id":"60617ec6c48fed2954d2ac8f","itemId":"5e15438a430acd7137bed42a","flip":0,"rot":0,"z":14,"y":38,"x":114,"pageNo":0},{"_id":"60617ec6c48fed2954d2ac90","itemId":"5e709f17fb450c74990bb805","flip":0,"rot":0,"z":15,"y":37,"x":133,"pageNo":0},{"_id":"60617ec6c48fed2954d2ac91","itemId":"5e320516fabc814f362e60a0","flip":0,"rot":0,"z":16,"y":48,"x":95,"pageNo":0},{"_id":"60617ec6c48fed2954d2ac92","itemId":"5692bcc062f56fad4a1f72df","flip":0,"rot":0,"z":17,"y":114,"x":0,"pageNo":0},{"_id":"60617ec6c48fed2954d2ac93","itemId":"568298a607a28df2114efa70","flip":0,"rot":0,"z":18,"y":114,"x":29,"pageNo":0},{"_id":"60617ec6c48fed2954d2ac94","itemId":"54ea8a308ce458ca096387ed","flip":0,"rot":0,"z":19,"y":38,"x":48,"pageNo":0},{"_id":"60617ec6c48fed2954d2ac95","itemId":"564a826f50bb40295104bc21","flip":0,"rot":0,"z":20,"y":48,"x":0,"pageNo":0},{"_id":"60617ec6c48fed2954d2ac96","itemId":"57cbb315720128900fb1d912","flip":0,"rot":0,"z":21,"y":76,"x":0,"pageNo":0},{"_id":"60617ec6c48fed2954d2ac97","itemId":"5e4e42458b46874f3d1ee2c1","flip":0,"rot":0,"z":22,"y":38,"x":67,"pageNo":0},{"_id":"60617ec6c48fed2954d2ac98","itemId":"5504a3c9c60cf4f3520838e3","flip":0,"rot":0,"z":23,"y":114,"x":105,"pageNo":0},{"_id":"60617ec6c48fed2954d2ac99","itemId":"5aabfb03c23c0b73b813c685","flip":0,"rot":0,"z":24,"y":19,"x":78,"pageNo":0},{"_id":"60617ec6c48fed2954d2ac9a","itemId":"5a88b9e87f3a635313a914b7","flip":0,"rot":0,"z":25,"y":114,"x":48,"pageNo":0},{"_id":"60617ec6c48fed2954d2ac9b","itemId":"5a64f81592c68a43130abcfa","flip":0,"rot":0,"z":26,"y":67,"x":67,"pageNo":0},{"_id":"60617ec6c48fed2954d2ac9c","itemId":"5900a9c348d665201277dda2","flip":0,"rot":0,"z":27,"y":38,"x":19,"pageNo":0},{"_id":"60617ec6c48fed2954d2ac9d","itemId":"5ec182cb26a6b5783b004eac","flip":0,"rot":0,"z":28,"y":38,"x":38,"pageNo":0},{"_id":"60617ec6c48fed2954d2ac9e","itemId":"5f27b8420b50946042fb1a6b","flip":0,"rot":0,"z":29,"y":57,"x":38,"pageNo":0},{"_id":"60617ec6c48fed2954d2ac9f","itemId":"5b89ba35c909135397dae0a7","flip":0,"rot":0,"z":30,"y":57,"x":19,"pageNo":0},{"_id":"60617ec6c48fed2954d2aca0","itemId":"54917548a011c285710cda65","flip":0,"rot":0,"z":31,"y":114,"x":67,"pageNo":0},{"_id":"60617ec6c48fed2954d2aca1","itemId":"548a0d84395703a772d74bce","flip":0,"rot":0,"z":32,"y":86,"x":95,"pageNo":0},{"_id":"60617ec6c48fed2954d2aca2","itemId":"5e320500536f6b24c56b43f6","flip":0,"rot":0,"z":33,"y":67,"x":95,"pageNo":0},{"_id":"60617ec6c48fed2954d2aca3","itemId":"5532732444920a5e047a2559","flip":0,"rot":0,"z":34,"y":114,"x":86,"pageNo":0},{"_id":"60617ec6c48fed2954d2aca4","itemId":"560f20d39196e1162af69091","flip":0,"rot":0,"z":35,"y":19,"x":0,"pageNo":0},{"_id":"60617ec6c48fed2954d2aca5","itemId":"548de463ffd5f3c665924e8a","flip":0,"rot":0,"z":36,"y":0,"x":0,"pageNo":0},{"_id":"60617ec6c48fed2954d2aca6","itemId":"550fa5bcb6039f9512ae02dc","flip":0,"rot":0,"z":37,"y":-9,"x":29,"pageNo":0}]}