{"isCreator":false,"contents":[{"_id":"5ec3329418076c4a0650c924","itemId":"5ec32f87c75f284795b0c1d5","flip":0,"rot":0,"z":0,"y":3,"x":-2,"pageNo":0},{"_id":"5ec3329418076c4a0650c925","itemId":"5ec32f7b18076c4a0650c8f7","flip":0,"rot":0,"z":1,"y":3,"x":13,"pageNo":0},{"_id":"5ec3329418076c4a0650c926","itemId":"5ec32f6fe3d5f132094af2f7","flip":0,"rot":0,"z":2,"y":3,"x":28,"pageNo":0},{"_id":"5ec3329418076c4a0650c927","itemId":"5ec32f635d5d1217d0b43157","flip":0,"rot":0,"z":3,"y":3,"x":43,"pageNo":0},{"_id":"5ec3329418076c4a0650c928","itemId":"5ec32f5718076c4a0650c8f6","flip":0,"rot":0,"z":4,"y":3,"x":58,"pageNo":0},{"_id":"5ec3329418076c4a0650c929","itemId":"5ec32f4b1525c54788733e6b","flip":0,"rot":0,"z":5,"y":3,"x":73,"pageNo":0},{"_id":"5ec3329418076c4a0650c92a","itemId":"5ec32f3ef2a37a478fe6bf83","flip":0,"rot":0,"z":6,"y":3,"x":88,"pageNo":0},{"_id":"5ec3329418076c4a0650c92b","itemId":"5ec32f3318076c4a0650c8f3","flip":0,"rot":0,"z":7,"y":3,"x":103,"pageNo":0},{"_id":"5ec3329418076c4a0650c92c","itemId":"5ec32f24c6e13917d6131754","flip":0,"rot":0,"z":8,"y":3,"x":118,"pageNo":0},{"_id":"5ec3329418076c4a0650c92d","itemId":"5ec32f17f2a37a478fe6bf81","flip":0,"rot":0,"z":9,"y":3,"x":133,"pageNo":0},{"_id":"5ec3329418076c4a0650c92e","itemId":"5ec32f0919985a31fdaf3aa1","flip":0,"rot":0,"z":10,"y":23,"x":-2,"pageNo":0},{"_id":"5ec3329418076c4a0650c92f","itemId":"5ec32ef9f2a37a478fe6bf80","flip":0,"rot":0,"z":11,"y":23,"x":13,"pageNo":0},{"_id":"5ec3329418076c4a0650c930","itemId":"5ec32ee628c8f717c964776d","flip":0,"rot":0,"z":12,"y":23,"x":28,"pageNo":0},{"_id":"5ec3329418076c4a0650c931","itemId":"5ec32ed919985a31fdaf3aa0","flip":0,"rot":0,"z":13,"y":23,"x":43,"pageNo":0},{"_id":"5ec3329418076c4a0650c932","itemId":"5ec32ecac6e13917d6131753","flip":0,"rot":0,"z":14,"y":23,"x":58,"pageNo":0},{"_id":"5ec3329418076c4a0650c933","itemId":"5ec32ebe28c8f717c964776c","flip":0,"rot":0,"z":15,"y":23,"x":73,"pageNo":0},{"_id":"5ec3329418076c4a0650c934","itemId":"5ec32eb1bf3dcc05ff1d5697","flip":0,"rot":0,"z":16,"y":23,"x":88,"pageNo":0},{"_id":"5ec3329418076c4a0650c935","itemId":"5ec32ea3261e2d4a12d3d29f","flip":0,"rot":0,"z":17,"y":23,"x":103,"pageNo":0},{"_id":"5ec3329418076c4a0650c936","itemId":"5ec32e981525c54788733e69","flip":0,"rot":0,"z":18,"y":23,"x":118,"pageNo":0},{"_id":"5ec3329418076c4a0650c937","itemId":"5ec32e8ac6e13917d613174f","flip":0,"rot":0,"z":19,"y":23,"x":133,"pageNo":0},{"_id":"5ec3329418076c4a0650c938","itemId":"5ec32e7de3d5f132094af2f3","flip":0,"rot":0,"z":20,"y":43,"x":-2,"pageNo":0},{"_id":"5ec3329418076c4a0650c939","itemId":"5ec32e6f1525c54788733e66","flip":0,"rot":0,"z":21,"y":43,"x":13,"pageNo":0},{"_id":"5ec3329418076c4a0650c93a","itemId":"5ec32e63e3d5f132094af2f2","flip":0,"rot":0,"z":22,"y":43,"x":28,"pageNo":0},{"_id":"5ec3329418076c4a0650c93b","itemId":"5ec32e541525c54788733e64","flip":0,"rot":0,"z":23,"y":43,"x":43,"pageNo":0},{"_id":"5ec3329418076c4a0650c93c","itemId":"5ec32e49de8c4c3203f8dd02","flip":0,"rot":0,"z":24,"y":43,"x":58,"pageNo":0},{"_id":"5ec3329418076c4a0650c93d","itemId":"5ec32e3c5d5d1217d0b43153","flip":0,"rot":0,"z":25,"y":43,"x":73,"pageNo":0},{"_id":"5ec3329418076c4a0650c93e","itemId":"5ec32e2e1525c54788733e63","flip":0,"rot":0,"z":26,"y":43,"x":88,"pageNo":0},{"_id":"5ec3329418076c4a0650c93f","itemId":"5ec32e2430af7c4789001cc1","flip":0,"rot":0,"z":27,"y":43,"x":103,"pageNo":0},{"_id":"5ec3329418076c4a0650c940","itemId":"5ec32e16de8c4c3203f8dd01","flip":0,"rot":0,"z":28,"y":43,"x":118,"pageNo":0},{"_id":"5ec3329418076c4a0650c941","itemId":"5ec32e0bf2a37a478fe6bf7d","flip":0,"rot":0,"z":29,"y":63,"x":-2,"pageNo":0},{"_id":"5ec3329418076c4a0650c942","itemId":"5ec32dfff2a37a478fe6bf71","flip":0,"rot":0,"z":30,"y":63,"x":13,"pageNo":0},{"_id":"5ec3329418076c4a0650c943","itemId":"5ec32df1de8c4c3203f8dd00","flip":0,"rot":0,"z":31,"y":63,"x":28,"pageNo":0},{"_id":"5ec3329418076c4a0650c944","itemId":"5ec32de5261e2d4a12d3d275","flip":0,"rot":0,"z":32,"y":63,"x":43,"pageNo":0},{"_id":"5ec3329418076c4a0650c945","itemId":"5ec32dd830af7c4789001cbf","flip":0,"rot":0,"z":33,"y":63,"x":58,"pageNo":0},{"_id":"5ec3329418076c4a0650c946","itemId":"5ec32dcae3d5f132094af2ee","flip":0,"rot":0,"z":34,"y":63,"x":73,"pageNo":0},{"_id":"5ec3329418076c4a0650c947","itemId":"5ec32dbcce2bba320a6b03bd","flip":0,"rot":0,"z":35,"y":63,"x":88,"pageNo":0},{"_id":"5ec3330ee3d5f132094af305","itemId":"5ec32da8c75f284795b0c1ac","flip":0,"rot":0,"z":0,"y":3,"x":-2,"pageNo":1},{"_id":"5ec3330ee3d5f132094af306","itemId":"5ec32d9d669ffd17caa7da69","flip":0,"rot":0,"z":1,"y":3,"x":13,"pageNo":1},{"_id":"5ec3330ee3d5f132094af307","itemId":"5ec32d8a19985a31fdaf3a9b","flip":0,"rot":0,"z":2,"y":3,"x":28,"pageNo":1},{"_id":"5ec3330ee3d5f132094af308","itemId":"5ec32d7e45f68d4a0c6f0919","flip":0,"rot":0,"z":3,"y":3,"x":43,"pageNo":1},{"_id":"5ec3330ee3d5f132094af309","itemId":"5ec32d73c6e13917d6131710","flip":0,"rot":0,"z":4,"y":3,"x":58,"pageNo":1},{"_id":"5ec3330ee3d5f132094af30a","itemId":"5ec32d685d5d1217d0b430e6","flip":0,"rot":0,"z":5,"y":3,"x":73,"pageNo":1},{"_id":"5ec3330ee3d5f132094af30b","itemId":"5ec32d61e3d5f132094af2ea","flip":0,"rot":0,"z":6,"y":3,"x":88,"pageNo":1},{"_id":"5ec3330ee3d5f132094af30c","itemId":"5ec32d531525c54788733e60","flip":0,"rot":0,"z":7,"y":3,"x":103,"pageNo":1},{"_id":"5ec3330ee3d5f132094af30d","itemId":"5ec32d4b5d5d1217d0b430e4","flip":0,"rot":0,"z":8,"y":3,"x":118,"pageNo":1},{"_id":"5ec3330ee3d5f132094af30e","itemId":"5ec32d4128c8f717c96476db","flip":0,"rot":0,"z":9,"y":3,"x":133,"pageNo":1},{"_id":"5ec3330ee3d5f132094af30f","itemId":"5ec32d3628c8f717c96476da","flip":0,"rot":0,"z":10,"y":23,"x":-2,"pageNo":1},{"_id":"5ec3330ee3d5f132094af310","itemId":"5ec32d26c75f284795b0c1a0","flip":0,"rot":0,"z":11,"y":23,"x":13,"pageNo":1},{"_id":"5ec3330ee3d5f132094af311","itemId":"5ec32d14f2a37a478fe6bf2d","flip":0,"rot":0,"z":12,"y":23,"x":28,"pageNo":1},{"_id":"5ec3330ee3d5f132094af312","itemId":"5ec32d07e8279f05f99f32f1","flip":0,"rot":0,"z":13,"y":23,"x":43,"pageNo":1},{"_id":"5ec3330ee3d5f132094af313","itemId":"5ec32cf981f9ce4a05069218","flip":0,"rot":0,"z":14,"y":23,"x":58,"pageNo":1},{"_id":"5ec3330ee3d5f132094af314","itemId":"5ec32cedf396470605bacb52","flip":0,"rot":0,"z":15,"y":23,"x":73,"pageNo":1},{"_id":"5ec3330ee3d5f132094af315","itemId":"5ec32ce0261e2d4a12d3d23e","flip":0,"rot":0,"z":16,"y":23,"x":88,"pageNo":1},{"_id":"5ec3330ee3d5f132094af316","itemId":"5ec32cd25d5d1217d0b430d6","flip":0,"rot":0,"z":17,"y":23,"x":103,"pageNo":1},{"_id":"5ec3330ee3d5f132094af317","itemId":"5ec32cc6bf3dcc05ff1d5633","flip":0,"rot":0,"z":18,"y":23,"x":118,"pageNo":1},{"_id":"5ec3330ee3d5f132094af318","itemId":"5ec32cb830af7c4789001c8d","flip":0,"rot":0,"z":19,"y":23,"x":133,"pageNo":1},{"_id":"5ec3330ee3d5f132094af319","itemId":"5ec32cac1525c54788733e5d","flip":0,"rot":0,"z":20,"y":43,"x":-2,"pageNo":1},{"_id":"5ec3330ee3d5f132094af31a","itemId":"5ec32c9dc6e13917d6131709","flip":0,"rot":0,"z":21,"y":43,"x":13,"pageNo":1},{"_id":"5ec3330ee3d5f132094af31b","itemId":"5ec32c9130af7c4789001c8c","flip":0,"rot":0,"z":22,"y":43,"x":28,"pageNo":1},{"_id":"5ec3330ee3d5f132094af31c","itemId":"5ec32c83c6e13917d6131707","flip":0,"rot":0,"z":23,"y":43,"x":43,"pageNo":1},{"_id":"5ec3330ee3d5f132094af31d","itemId":"5ec32c77e3d5f132094af2e7","flip":0,"rot":0,"z":24,"y":43,"x":58,"pageNo":1},{"_id":"5ec3330ee3d5f132094af31e","itemId":"5ec32c6b18076c4a0650c8ca","flip":0,"rot":0,"z":25,"y":43,"x":73,"pageNo":1},{"_id":"5ec3330ee3d5f132094af31f","itemId":"5ec32c5d30af7c4789001c89","flip":0,"rot":0,"z":26,"y":43,"x":88,"pageNo":1},{"_id":"5ec3330ee3d5f132094af320","itemId":"5ec32c51e8279f05f99f32ef","flip":0,"rot":0,"z":27,"y":43,"x":103,"pageNo":1},{"_id":"5ec3330ee3d5f132094af321","itemId":"5ec32c43261e2d4a12d3d23d","flip":0,"rot":0,"z":28,"y":43,"x":118,"pageNo":1},{"_id":"5ec3330ee3d5f132094af322","itemId":"5ec32c3919985a31fdaf3a97","flip":0,"rot":0,"z":29,"y":63,"x":-2,"pageNo":1},{"_id":"5ec3330ee3d5f132094af323","itemId":"5ec32c2c18076c4a0650c8c9","flip":0,"rot":0,"z":30,"y":63,"x":13,"pageNo":1},{"_id":"5ec3330ee3d5f132094af324","itemId":"5ec32c1ec6e13917d6131704","flip":0,"rot":0,"z":31,"y":63,"x":28,"pageNo":1},{"_id":"5ec3330ee3d5f132094af325","itemId":"5ec32c13f396470605bacb32","flip":0,"rot":0,"z":32,"y":63,"x":43,"pageNo":1},{"_id":"5ec3330ee3d5f132094af326","itemId":"5ec32c06884a790606f4d5e5","flip":0,"rot":0,"z":33,"y":63,"x":58,"pageNo":1},{"_id":"5ec3330ee3d5f132094af327","itemId":"5ec32bf7c6e13917d6131702","flip":0,"rot":0,"z":34,"y":63,"x":73,"pageNo":1},{"_id":"5ec3330ee3d5f132094af328","itemId":"5ec32be95d5d1217d0b430d3","flip":0,"rot":0,"z":35,"y":63,"x":88,"pageNo":1},{"_id":"5ec334f65d5d1217d0b43173","itemId":"5ec32bda5d5d1217d0b430d2","flip":0,"rot":0,"z":0,"y":3,"x":-2,"pageNo":2},{"_id":"5ec334f65d5d1217d0b43174","itemId":"5ec32bd25d5d1217d0b430d1","flip":0,"rot":0,"z":1,"y":3,"x":13,"pageNo":2},{"_id":"5ec334f65d5d1217d0b43175","itemId":"5ec32bcbe3d5f132094af2e4","flip":0,"rot":0,"z":2,"y":3,"x":28,"pageNo":2},{"_id":"5ec334f65d5d1217d0b43176","itemId":"5ec32bc328c8f717c96476b3","flip":0,"rot":0,"z":3,"y":3,"x":58,"pageNo":2},{"_id":"5ec334f65d5d1217d0b43177","itemId":"5ec32bb881f9ce4a05069211","flip":0,"rot":0,"z":4,"y":3,"x":73,"pageNo":2},{"_id":"5ec334f65d5d1217d0b43178","itemId":"5ec32bae5d5d1217d0b430cf","flip":0,"rot":0,"z":5,"y":3,"x":88,"pageNo":2},{"_id":"5ec334f65d5d1217d0b43179","itemId":"5ec32ba345f68d4a0c6f08e6","flip":0,"rot":0,"z":6,"y":3,"x":103,"pageNo":2},{"_id":"5ec334f65d5d1217d0b4317a","itemId":"5ec32b9c18076c4a0650c8c6","flip":0,"rot":0,"z":7,"y":3,"x":118,"pageNo":2},{"_id":"5ec334f65d5d1217d0b4317b","itemId":"5ec32b95f2a37a478fe6bef1","flip":0,"rot":0,"z":8,"y":23,"x":-2,"pageNo":2},{"_id":"5ec334f65d5d1217d0b4317c","itemId":"5ec32b8e45f68d4a0c6f08e5","flip":0,"rot":0,"z":9,"y":23,"x":13,"pageNo":2},{"_id":"5ec334f65d5d1217d0b4317d","itemId":"5ec32b87261e2d4a12d3d234","flip":0,"rot":0,"z":10,"y":23,"x":28,"pageNo":2},{"_id":"5ec334f65d5d1217d0b4317e","itemId":"5ec32b7dc6e13917d61316fe","flip":0,"rot":0,"z":11,"y":23,"x":43,"pageNo":2},{"_id":"5ec334f65d5d1217d0b4317f","itemId":"5ec32b76884a790606f4d5e0","flip":0,"rot":0,"z":12,"y":23,"x":58,"pageNo":2},{"_id":"5ec334f65d5d1217d0b43180","itemId":"5ec32b6e884a790606f4d5de","flip":0,"rot":0,"z":13,"y":23,"x":73,"pageNo":2},{"_id":"5ec334f65d5d1217d0b43181","itemId":"5ec32b63c6e13917d61316fb","flip":0,"rot":0,"z":14,"y":43,"x":-2,"pageNo":2},{"_id":"5ec334f65d5d1217d0b43182","itemId":"5ec32b5bbf3dcc05ff1d562b","flip":0,"rot":0,"z":15,"y":43,"x":13,"pageNo":2},{"_id":"5ec334f65d5d1217d0b43183","itemId":"5ec32b50f2a37a478fe6beef","flip":0,"rot":0,"z":16,"y":43,"x":28,"pageNo":2},{"_id":"5ec334f65d5d1217d0b43184","itemId":"5ec32b4418076c4a0650c8c4","flip":0,"rot":0,"z":17,"y":43,"x":43,"pageNo":2},{"_id":"5ec334f65d5d1217d0b43185","itemId":"5ec32b3cde8c4c3203f8dced","flip":0,"rot":0,"z":18,"y":43,"x":58,"pageNo":2},{"_id":"5ec334f65d5d1217d0b43186","itemId":"5ec32b3028c8f717c96476ae","flip":0,"rot":0,"z":19,"y":43,"x":73,"pageNo":2},{"_id":"5ec334f65d5d1217d0b43187","itemId":"5ec32b2919985a31fdaf3a8e","flip":0,"rot":0,"z":20,"y":43,"x":88,"pageNo":2},{"_id":"5ec334f65d5d1217d0b43188","itemId":"5ec32b21c6e13917d61316f9","flip":0,"rot":0,"z":21,"y":50,"x":102,"pageNo":2}]}