{"isCreator":false,"contents":[{"_id":"5ec3742cf2a37a478fe6c1c9","itemId":"5ec372ab81f9ce4a050693e9","flip":0,"rot":0,"z":0,"y":3,"x":-2,"pageNo":0},{"_id":"5ec3742cf2a37a478fe6c1ca","itemId":"5ec3729c28c8f717c96479d7","flip":0,"rot":0,"z":1,"y":3,"x":13,"pageNo":0},{"_id":"5ec3742cf2a37a478fe6c1cb","itemId":"5ec3728819985a31fdaf3c5c","flip":0,"rot":0,"z":2,"y":3,"x":28,"pageNo":0},{"_id":"5ec3742cf2a37a478fe6c1cc","itemId":"5ec3727545f68d4a0c6f0b40","flip":0,"rot":0,"z":3,"y":3,"x":43,"pageNo":0},{"_id":"5ec3742cf2a37a478fe6c1cd","itemId":"5ec3726281f9ce4a050693e7","flip":0,"rot":0,"z":4,"y":3,"x":58,"pageNo":0},{"_id":"5ec3742cf2a37a478fe6c1ce","itemId":"5ec3724e19985a31fdaf3c5b","flip":0,"rot":0,"z":5,"y":3,"x":73,"pageNo":0},{"_id":"5ec3742cf2a37a478fe6c1cf","itemId":"5ec3723b4b22d205f7ce836e","flip":0,"rot":0,"z":6,"y":3,"x":88,"pageNo":0},{"_id":"5ec3742cf2a37a478fe6c1d0","itemId":"5ec3722b81f9ce4a050693e5","flip":0,"rot":0,"z":7,"y":3,"x":103,"pageNo":0},{"_id":"5ec3742cf2a37a478fe6c1d1","itemId":"5ec3721728c8f717c96479d5","flip":0,"rot":0,"z":8,"y":3,"x":118,"pageNo":0},{"_id":"5ec3742cf2a37a478fe6c1d2","itemId":"5ec372045d5d1217d0b43343","flip":0,"rot":0,"z":9,"y":3,"x":133,"pageNo":0},{"_id":"5ec3742cf2a37a478fe6c1d3","itemId":"5ec371f0ce2bba320a6b0589","flip":0,"rot":0,"z":10,"y":23,"x":-2,"pageNo":0},{"_id":"5ec3742cf2a37a478fe6c1d4","itemId":"5ec371dd18076c4a0650cb47","flip":0,"rot":0,"z":11,"y":23,"x":13,"pageNo":0},{"_id":"5ec3742cf2a37a478fe6c1d5","itemId":"5ec371c5e3d5f132094af509","flip":0,"rot":0,"z":12,"y":23,"x":28,"pageNo":0},{"_id":"5ec3742cf2a37a478fe6c1d6","itemId":"5ec371b3ce2bba320a6b0588","flip":0,"rot":0,"z":13,"y":23,"x":43,"pageNo":0},{"_id":"5ec3742cf2a37a478fe6c1d7","itemId":"5ec371a6110ed405fe2b146c","flip":0,"rot":0,"z":14,"y":23,"x":58,"pageNo":0},{"_id":"5ec3742cf2a37a478fe6c1d8","itemId":"5ec37198261e2d4a12d3d496","flip":0,"rot":0,"z":15,"y":23,"x":73,"pageNo":0},{"_id":"5ec3742cf2a37a478fe6c1d9","itemId":"5ec37184110ed405fe2b146b","flip":0,"rot":0,"z":16,"y":23,"x":88,"pageNo":0},{"_id":"5ec3742cf2a37a478fe6c1da","itemId":"5ec37172110ed405fe2b146a","flip":0,"rot":0,"z":17,"y":23,"x":103,"pageNo":0},{"_id":"5ec3742cf2a37a478fe6c1db","itemId":"5ec371661525c54788734016","flip":0,"rot":0,"z":18,"y":23,"x":118,"pageNo":0},{"_id":"5ec3742cf2a37a478fe6c1dc","itemId":"5ec3715518076c4a0650cb46","flip":0,"rot":0,"z":19,"y":23,"x":133,"pageNo":0},{"_id":"5ec3742cf2a37a478fe6c1dd","itemId":"5ec3714218076c4a0650cb45","flip":0,"rot":0,"z":20,"y":43,"x":-2,"pageNo":0},{"_id":"5ec3742cf2a37a478fe6c1de","itemId":"5ec3712fe3d5f132094af508","flip":0,"rot":0,"z":21,"y":43,"x":13,"pageNo":0},{"_id":"5ec3742cf2a37a478fe6c1df","itemId":"5ec3711c45f68d4a0c6f0b3f","flip":0,"rot":0,"z":22,"y":43,"x":28,"pageNo":0},{"_id":"5ec3742cf2a37a478fe6c1e0","itemId":"5ec37109110ed405fe2b1468","flip":0,"rot":0,"z":23,"y":43,"x":43,"pageNo":0},{"_id":"5ec3742cf2a37a478fe6c1e1","itemId":"5ec370face2bba320a6b0586","flip":0,"rot":0,"z":24,"y":43,"x":58,"pageNo":0},{"_id":"5ec3742cf2a37a478fe6c1e2","itemId":"5ec370e519985a31fdaf3c57","flip":0,"rot":0,"z":25,"y":43,"x":73,"pageNo":0},{"_id":"5ec3742cf2a37a478fe6c1e3","itemId":"5ec370d34b22d205f7ce8356","flip":0,"rot":0,"z":26,"y":43,"x":88,"pageNo":0},{"_id":"5ec3742cf2a37a478fe6c1e4","itemId":"5ec370c7de8c4c3203f8df4f","flip":0,"rot":0,"z":27,"y":43,"x":103,"pageNo":0},{"_id":"5ec3742cf2a37a478fe6c1e5","itemId":"5ec370b3f2a37a478fe6c1c3","flip":0,"rot":0,"z":28,"y":43,"x":118,"pageNo":0},{"_id":"5ec3742cf2a37a478fe6c1e6","itemId":"5ec370a6c6e13917d61318f6","flip":0,"rot":0,"z":29,"y":63,"x":-2,"pageNo":0},{"_id":"5ec3742cf2a37a478fe6c1e7","itemId":"5ec370955d5d1217d0b43326","flip":0,"rot":0,"z":30,"y":63,"x":13,"pageNo":0},{"_id":"5ec3742cf2a37a478fe6c1e8","itemId":"5ec37085e3d5f132094af507","flip":0,"rot":0,"z":31,"y":63,"x":28,"pageNo":0},{"_id":"5ec3742cf2a37a478fe6c1e9","itemId":"5ec370751525c54788734013","flip":0,"rot":0,"z":32,"y":63,"x":43,"pageNo":0},{"_id":"5ec3742cf2a37a478fe6c1ea","itemId":"5ec3706630af7c4789001eb7","flip":0,"rot":0,"z":33,"y":63,"x":58,"pageNo":0},{"_id":"5ec3742cf2a37a478fe6c1eb","itemId":"5ec37052e3d5f132094af505","flip":0,"rot":0,"z":34,"y":63,"x":73,"pageNo":0},{"_id":"5ec3742cf2a37a478fe6c1ec","itemId":"5ec3704119985a31fdaf3c56","flip":0,"rot":0,"z":35,"y":63,"x":88,"pageNo":0},{"_id":"5ec3776518076c4a0650cbb1","itemId":"5ec3702af2a37a478fe6c1c0","flip":0,"rot":0,"z":0,"y":3,"x":-2,"pageNo":1},{"_id":"5ec3776518076c4a0650cbb2","itemId":"5ec3701dce2bba320a6b0584","flip":0,"rot":0,"z":1,"y":3,"x":13,"pageNo":1},{"_id":"5ec3776518076c4a0650cbb3","itemId":"5ec37002e3d5f132094af503","flip":0,"rot":0,"z":2,"y":3,"x":28,"pageNo":1},{"_id":"5ec3776518076c4a0650cbb4","itemId":"5ec36fe828c8f717c96479d0","flip":0,"rot":0,"z":3,"y":3,"x":43,"pageNo":1},{"_id":"5ec3776518076c4a0650cbb5","itemId":"5ec36fd5669ffd17caa7dc8b","flip":0,"rot":0,"z":4,"y":3,"x":58,"pageNo":1},{"_id":"5ec3776518076c4a0650cbb6","itemId":"5ec36fbbce2bba320a6b0581","flip":0,"rot":0,"z":5,"y":3,"x":73,"pageNo":1},{"_id":"5ec3776518076c4a0650cbb7","itemId":"5ec36fae261e2d4a12d3d493","flip":0,"rot":0,"z":6,"y":3,"x":88,"pageNo":1},{"_id":"5ec3776518076c4a0650cbb8","itemId":"5ec36f995d5d1217d0b43322","flip":0,"rot":0,"z":7,"y":3,"x":103,"pageNo":1},{"_id":"5ec3776518076c4a0650cbb9","itemId":"5ec36f8b5d5d1217d0b43321","flip":0,"rot":0,"z":8,"y":3,"x":118,"pageNo":1},{"_id":"5ec3776518076c4a0650cbba","itemId":"5ec36f7d261e2d4a12d3d491","flip":0,"rot":0,"z":9,"y":3,"x":133,"pageNo":1},{"_id":"5ec3776518076c4a0650cbbb","itemId":"5ec36f7030af7c4789001eab","flip":0,"rot":0,"z":10,"y":23,"x":-2,"pageNo":1},{"_id":"5ec3776518076c4a0650cbbc","itemId":"5ec36f594b22d205f7ce8350","flip":0,"rot":0,"z":11,"y":23,"x":13,"pageNo":1},{"_id":"5ec3776518076c4a0650cbbd","itemId":"5ec36f4230af7c4789001eaa","flip":0,"rot":0,"z":12,"y":23,"x":28,"pageNo":1},{"_id":"5ec3776518076c4a0650cbbe","itemId":"5ec36f28e3d5f132094af4ff","flip":0,"rot":0,"z":13,"y":23,"x":43,"pageNo":1},{"_id":"5ec3776518076c4a0650cbbf","itemId":"5ec36f1045f68d4a0c6f0b3b","flip":0,"rot":0,"z":14,"y":23,"x":58,"pageNo":1},{"_id":"5ec3776518076c4a0650cbc0","itemId":"5ec36efec6e13917d61318f2","flip":0,"rot":0,"z":15,"y":23,"x":73,"pageNo":1},{"_id":"5ec3776518076c4a0650cbc1","itemId":"5ec36eed28c8f717c96479cc","flip":0,"rot":0,"z":16,"y":23,"x":88,"pageNo":1},{"_id":"5ec3776518076c4a0650cbc2","itemId":"5ec36ed819985a31fdaf3c53","flip":0,"rot":0,"z":17,"y":23,"x":103,"pageNo":1},{"_id":"5ec3776518076c4a0650cbc3","itemId":"5ec36ecc18076c4a0650cb40","flip":0,"rot":0,"z":18,"y":23,"x":118,"pageNo":1},{"_id":"5ec3776518076c4a0650cbc4","itemId":"5ec36eb5de8c4c3203f8df45","flip":0,"rot":0,"z":19,"y":23,"x":133,"pageNo":1},{"_id":"5ec3776518076c4a0650cbc5","itemId":"5ec36ea05c510f06020bf2c4","flip":0,"rot":0,"z":20,"y":43,"x":-2,"pageNo":1},{"_id":"5ec3776518076c4a0650cbc6","itemId":"5ec36e8bc75f284795b0c377","flip":0,"rot":0,"z":21,"y":43,"x":13,"pageNo":1},{"_id":"5ec3776518076c4a0650cbc7","itemId":"5ec36e745d5d1217d0b4331e","flip":0,"rot":0,"z":22,"y":43,"x":28,"pageNo":1},{"_id":"5ec3776518076c4a0650cbc8","itemId":"5ec36e5bc75f284795b0c376","flip":0,"rot":0,"z":23,"y":43,"x":43,"pageNo":1},{"_id":"5ec3776518076c4a0650cbc9","itemId":"5ec36e475c510f06020bf2c3","flip":0,"rot":0,"z":24,"y":43,"x":58,"pageNo":1},{"_id":"5ec3776518076c4a0650cbca","itemId":"5ec36e3081f9ce4a050693ca","flip":0,"rot":0,"z":25,"y":43,"x":73,"pageNo":1},{"_id":"5ec3776518076c4a0650cbcb","itemId":"5ec36e19c6e13917d61318ee","flip":0,"rot":0,"z":26,"y":43,"x":88,"pageNo":1},{"_id":"5ec3776518076c4a0650cbcc","itemId":"5ec36e0a261e2d4a12d3d48e","flip":0,"rot":0,"z":27,"y":43,"x":103,"pageNo":1},{"_id":"5ec3776518076c4a0650cbcd","itemId":"5ec36de4f2a37a478fe6c1be","flip":0,"rot":0,"z":28,"y":63,"x":13,"pageNo":1},{"_id":"5ec3776518076c4a0650cbce","itemId":"5ec36dcd3dfbfe05fb881f7d","flip":0,"rot":0,"z":29,"y":63,"x":28,"pageNo":1},{"_id":"5ec3776518076c4a0650cbcf","itemId":"5ec36db81525c5478873400c","flip":0,"rot":0,"z":30,"y":63,"x":43,"pageNo":1},{"_id":"5ec3776518076c4a0650cbd0","itemId":"5ec36da4c6e13917d61318ed","flip":0,"rot":0,"z":31,"y":63,"x":58,"pageNo":1},{"_id":"5ec3776518076c4a0650cbd1","itemId":"5ec36d911525c5478873400a","flip":0,"rot":0,"z":32,"y":63,"x":73,"pageNo":1},{"_id":"5ec3776518076c4a0650cbd2","itemId":"5ec36d755c510f06020bf2bf","flip":0,"rot":0,"z":33,"y":63,"x":88,"pageNo":1},{"_id":"5ec3776518076c4a0650cbd3","itemId":"5ec36df5e6d09a0601255541","flip":0,"rot":0,"z":34,"y":43,"x":115,"pageNo":1},{"_id":"5ec3776518076c4a0650cbd4","itemId":"5ec36d5d5c510f06020bf2be","flip":0,"rot":0,"z":35,"y":63,"x":106,"pageNo":1},{"_id":"5ec3776f30af7c4789001ee6","itemId":"5ec36d40669ffd17caa7dc84","flip":0,"rot":0,"z":0,"y":3,"x":13,"pageNo":2},{"_id":"5ec3776f30af7c4789001ee7","itemId":"5ec36d34261e2d4a12d3d48b","flip":0,"rot":0,"z":1,"y":3,"x":28,"pageNo":2},{"_id":"5ec3776f30af7c4789001ee8","itemId":"5ec36d28c75f284795b0c372","flip":0,"rot":0,"z":2,"y":3,"x":43,"pageNo":2},{"_id":"5ec3776f30af7c4789001ee9","itemId":"5ec36d1bc6e13917d61318eb","flip":0,"rot":0,"z":3,"y":3,"x":58,"pageNo":2},{"_id":"5ec3776f30af7c4789001eea","itemId":"5ec36d0d5c510f06020bf2bd","flip":0,"rot":0,"z":4,"y":3,"x":73,"pageNo":2},{"_id":"5ec3776f30af7c4789001eeb","itemId":"5ec36cff28c8f717c96479c7","flip":0,"rot":0,"z":5,"y":3,"x":88,"pageNo":2},{"_id":"5ec3776f30af7c4789001eec","itemId":"5ec36cf15d5d1217d0b4331b","flip":0,"rot":0,"z":6,"y":3,"x":103,"pageNo":2},{"_id":"5ec3776f30af7c4789001eed","itemId":"5ec36ce7e6d09a060125553e","flip":0,"rot":0,"z":7,"y":3,"x":118,"pageNo":2},{"_id":"5ec3776f30af7c4789001eee","itemId":"5ec36cde5d5d1217d0b4331a","flip":0,"rot":0,"z":8,"y":23,"x":-2,"pageNo":2},{"_id":"5ec3776f30af7c4789001eef","itemId":"5ec36cd5de8c4c3203f8df41","flip":0,"rot":0,"z":9,"y":23,"x":13,"pageNo":2},{"_id":"5ec3776f30af7c4789001ef0","itemId":"5ec36ccd5d5d1217d0b43319","flip":0,"rot":0,"z":10,"y":23,"x":28,"pageNo":2},{"_id":"5ec3776f30af7c4789001ef1","itemId":"5ec36cc0669ffd17caa7dc83","flip":0,"rot":0,"z":11,"y":23,"x":43,"pageNo":2},{"_id":"5ec3776f30af7c4789001ef2","itemId":"5ec36cb2ce2bba320a6b0576","flip":0,"rot":0,"z":12,"y":23,"x":58,"pageNo":2},{"_id":"5ec3776f30af7c4789001ef3","itemId":"5ec36ca4de8c4c3203f8df40","flip":0,"rot":0,"z":13,"y":23,"x":73,"pageNo":2},{"_id":"5ec3776f30af7c4789001ef4","itemId":"5ec36c945d5d1217d0b43317","flip":0,"rot":0,"z":14,"y":43,"x":-2,"pageNo":2},{"_id":"5ec3776f30af7c4789001ef5","itemId":"5ec36c8a18076c4a0650cb3c","flip":0,"rot":0,"z":15,"y":43,"x":13,"pageNo":2},{"_id":"5ec3776f30af7c4789001ef6","itemId":"5ec36c7bf2a37a478fe6c1b7","flip":0,"rot":0,"z":16,"y":43,"x":28,"pageNo":2},{"_id":"5ec3776f30af7c4789001ef7","itemId":"5ec36c6d1525c54788734006","flip":0,"rot":0,"z":17,"y":43,"x":43,"pageNo":2},{"_id":"5ec3776f30af7c4789001ef8","itemId":"5ec36c6219985a31fdaf3c46","flip":0,"rot":0,"z":18,"y":43,"x":58,"pageNo":2},{"_id":"5ec3776f30af7c4789001ef9","itemId":"5ec36c56f2a37a478fe6c1b6","flip":0,"rot":0,"z":19,"y":43,"x":73,"pageNo":2},{"_id":"5ec3776f30af7c4789001efa","itemId":"5ec36c4d28c8f717c96479c5","flip":0,"rot":0,"z":20,"y":43,"x":88,"pageNo":2},{"_id":"5ec3776f30af7c4789001efb","itemId":"5ec36c3bce2bba320a6b0574","flip":0,"rot":0,"z":21,"y":46,"x":106,"pageNo":2}]}