{"isCreator":false,"contents":[{"_id":"5ec45a61704c9a27033533c6","itemId":"5ec4578dd4e012593bc3bfce","flip":0,"rot":0,"z":0,"y":11,"x":-2,"pageNo":0},{"_id":"5ec45a61704c9a27033533c7","itemId":"5ec4577c56987159480904e9","flip":0,"rot":0,"z":1,"y":11,"x":13,"pageNo":0},{"_id":"5ec45a61704c9a27033533c8","itemId":"5ec457690049a956b22a2bd7","flip":0,"rot":0,"z":2,"y":11,"x":28,"pageNo":0},{"_id":"5ec45a61704c9a27033533c9","itemId":"5ec457559006980606ad8f6d","flip":0,"rot":0,"z":3,"y":11,"x":43,"pageNo":0},{"_id":"5ec45a61704c9a27033533ca","itemId":"5ec45741e36a0e05ffc68aa0","flip":0,"rot":0,"z":4,"y":11,"x":58,"pageNo":0},{"_id":"5ec45a61704c9a27033533cb","itemId":"5ec4572cb3128c645f1b2901","flip":0,"rot":0,"z":5,"y":11,"x":73,"pageNo":0},{"_id":"5ec45a61704c9a27033533cc","itemId":"5ec457180049a956b22a2bd3","flip":0,"rot":0,"z":6,"y":11,"x":88,"pageNo":0},{"_id":"5ec45a61704c9a27033533cd","itemId":"5ec4570647b923270490750e","flip":0,"rot":0,"z":7,"y":11,"x":103,"pageNo":0},{"_id":"5ec45a61704c9a27033533ce","itemId":"5ec456f3965cec6459e89b88","flip":0,"rot":0,"z":8,"y":11,"x":118,"pageNo":0},{"_id":"5ec45a61704c9a27033533cf","itemId":"5ec456dfbead4506054361e7","flip":0,"rot":0,"z":9,"y":11,"x":133,"pageNo":0},{"_id":"5ec45a61704c9a27033533d0","itemId":"5ec456ccbead4506054361e6","flip":0,"rot":0,"z":10,"y":31,"x":-2,"pageNo":0},{"_id":"5ec45a61704c9a27033533d1","itemId":"5ec456b90049a956b22a2bd1","flip":0,"rot":0,"z":11,"y":31,"x":13,"pageNo":0},{"_id":"5ec45a61704c9a27033533d2","itemId":"5ec456a00049a956b22a2bd0","flip":0,"rot":0,"z":12,"y":31,"x":28,"pageNo":0},{"_id":"5ec45a61704c9a27033533d3","itemId":"5ec4568e965cec6459e89b82","flip":0,"rot":0,"z":13,"y":31,"x":43,"pageNo":0},{"_id":"5ec45a61704c9a27033533d4","itemId":"5ec4567a0da73b6465bac4e8","flip":0,"rot":0,"z":14,"y":31,"x":58,"pageNo":0},{"_id":"5ec45a61704c9a27033533d5","itemId":"5ec45667d4e012593bc3bf97","flip":0,"rot":0,"z":15,"y":31,"x":73,"pageNo":0},{"_id":"5ec45a61704c9a27033533d6","itemId":"5ec456540da73b6465bac4e5","flip":0,"rot":0,"z":16,"y":31,"x":88,"pageNo":0},{"_id":"5ec45a61704c9a27033533d7","itemId":"5ec4563f0da73b6465bac4e4","flip":0,"rot":0,"z":17,"y":31,"x":103,"pageNo":0},{"_id":"5ec45a61704c9a27033533d8","itemId":"5ec4562f0da73b6465bac4e3","flip":0,"rot":0,"z":18,"y":31,"x":118,"pageNo":0},{"_id":"5ec45a61704c9a27033533d9","itemId":"5ec4561c503469593ce7ee4f","flip":0,"rot":0,"z":19,"y":31,"x":133,"pageNo":0},{"_id":"5ec45a61704c9a27033533da","itemId":"5ec4560ad4e012593bc3bf95","flip":0,"rot":0,"z":20,"y":51,"x":-2,"pageNo":0},{"_id":"5ec45a61704c9a27033533db","itemId":"5ec455f6e36a0e05ffc68a89","flip":0,"rot":0,"z":21,"y":51,"x":13,"pageNo":0},{"_id":"5ec45a61704c9a27033533dc","itemId":"5ec455e32f893d05f928a6e4","flip":0,"rot":0,"z":22,"y":51,"x":28,"pageNo":0},{"_id":"5ec45a61704c9a27033533dd","itemId":"5ec455cf9006980606ad8f26","flip":0,"rot":0,"z":23,"y":51,"x":43,"pageNo":0},{"_id":"5ec45a61704c9a27033533de","itemId":"5ec455bde4a24c56a68c155a","flip":0,"rot":0,"z":24,"y":51,"x":58,"pageNo":0},{"_id":"5ec45a61704c9a27033533df","itemId":"5ec455a8e36a0e05ffc68a7d","flip":0,"rot":0,"z":25,"y":51,"x":73,"pageNo":0},{"_id":"5ec45a61704c9a27033533e0","itemId":"5ec45593b3128c645f1b28c3","flip":0,"rot":0,"z":26,"y":51,"x":88,"pageNo":0},{"_id":"5ec45a61704c9a27033533e1","itemId":"5ec45583965cec6459e89b73","flip":0,"rot":0,"z":27,"y":51,"x":103,"pageNo":0},{"_id":"5ec45a61704c9a27033533e2","itemId":"5ec4556f90fd3e5942a00a49","flip":0,"rot":0,"z":28,"y":51,"x":118,"pageNo":0},{"_id":"5ec45a61704c9a27033533e3","itemId":"5ec4555c503469593ce7ee4e","flip":0,"rot":0,"z":29,"y":71,"x":-2,"pageNo":0},{"_id":"5ec45a61704c9a27033533e4","itemId":"5ec4554ab3128c645f1b28c2","flip":0,"rot":0,"z":30,"y":71,"x":13,"pageNo":0},{"_id":"5ec45a61704c9a27033533e5","itemId":"5ec45536b3128c645f1b28c1","flip":0,"rot":0,"z":31,"y":71,"x":28,"pageNo":0},{"_id":"5ec45a61704c9a27033533e6","itemId":"5ec4552156987159480904cf","flip":0,"rot":0,"z":32,"y":71,"x":43,"pageNo":0},{"_id":"5ec45a61704c9a27033533e7","itemId":"5ec4550e2f893d05f928a6b2","flip":0,"rot":0,"z":33,"y":71,"x":58,"pageNo":0},{"_id":"5ec45a61704c9a27033533e8","itemId":"5ec454fa965cec6459e89b70","flip":0,"rot":0,"z":34,"y":71,"x":73,"pageNo":0},{"_id":"5ec45a61704c9a27033533e9","itemId":"5ec454e6503469593ce7ee4c","flip":0,"rot":0,"z":35,"y":71,"x":88,"pageNo":0},{"_id":"5ec45add0049a956b22a2bf0","itemId":"5ec454cc56987159480904ca","flip":0,"rot":0,"z":0,"y":11,"x":-2,"pageNo":1},{"_id":"5ec45add0049a956b22a2bf1","itemId":"5ec454bc3e1c1864539c683a","flip":0,"rot":0,"z":1,"y":11,"x":13,"pageNo":1},{"_id":"5ec45add0049a956b22a2bf2","itemId":"5ec454b2704c9a2703353378","flip":0,"rot":0,"z":2,"y":11,"x":28,"pageNo":1},{"_id":"5ec45add0049a956b22a2bf3","itemId":"5ec454a9965cec6459e89b6e","flip":0,"rot":0,"z":3,"y":11,"x":43,"pageNo":1},{"_id":"5ec45add0049a956b22a2bf4","itemId":"5ec454a03ba98f2710db04ed","flip":0,"rot":0,"z":4,"y":11,"x":58,"pageNo":1},{"_id":"5ec45add0049a956b22a2bf5","itemId":"5ec45496e4a24c56a68c1554","flip":0,"rot":0,"z":5,"y":11,"x":73,"pageNo":1},{"_id":"5ec45add0049a956b22a2bf6","itemId":"5ec4548d965cec6459e89b6d","flip":0,"rot":0,"z":6,"y":11,"x":88,"pageNo":1},{"_id":"5ec45add0049a956b22a2bf7","itemId":"5ec454842f893d05f928a6b0","flip":0,"rot":0,"z":7,"y":11,"x":103,"pageNo":1},{"_id":"5ec45add0049a956b22a2bf8","itemId":"5ec4547a0da73b6465bac4cc","flip":0,"rot":0,"z":8,"y":11,"x":118,"pageNo":1},{"_id":"5ec45add0049a956b22a2bf9","itemId":"5ec454715698715948090495","flip":0,"rot":0,"z":9,"y":11,"x":133,"pageNo":1},{"_id":"5ec45add0049a956b22a2bfa","itemId":"5ec45468e36a0e05ffc68a56","flip":0,"rot":0,"z":10,"y":31,"x":-2,"pageNo":1},{"_id":"5ec45add0049a956b22a2bfb","itemId":"5ec4545527a80256ac062d6b","flip":0,"rot":0,"z":11,"y":31,"x":13,"pageNo":1},{"_id":"5ec45add0049a956b22a2bfc","itemId":"5ec4543c0049a956b22a2b68","flip":0,"rot":0,"z":12,"y":31,"x":28,"pageNo":1},{"_id":"5ec45add0049a956b22a2bfd","itemId":"5ec4542a3ba98f2710db04b7","flip":0,"rot":0,"z":13,"y":31,"x":43,"pageNo":1},{"_id":"5ec45add0049a956b22a2bfe","itemId":"5ec45416503469593ce7ee45","flip":0,"rot":0,"z":14,"y":31,"x":58,"pageNo":1},{"_id":"5ec45add0049a956b22a2bff","itemId":"5ec4540390fd3e5942a00a22","flip":0,"rot":0,"z":15,"y":31,"x":73,"pageNo":1},{"_id":"5ec45add0049a956b22a2c00","itemId":"5ec453f0531775270a3e9aec","flip":0,"rot":0,"z":16,"y":31,"x":88,"pageNo":1},{"_id":"5ec45add0049a956b22a2c01","itemId":"5ec453db531775270a3e9aeb","flip":0,"rot":0,"z":17,"y":31,"x":103,"pageNo":1},{"_id":"5ec45add0049a956b22a2c02","itemId":"5ec453cb2f893d05f928a6aa","flip":0,"rot":0,"z":18,"y":31,"x":118,"pageNo":1},{"_id":"5ec45add0049a956b22a2c03","itemId":"5ec453b82f893d05f928a6a8","flip":0,"rot":0,"z":19,"y":31,"x":133,"pageNo":1},{"_id":"5ec45add0049a956b22a2c04","itemId":"5ec453a62f893d05f928a676","flip":0,"rot":0,"z":20,"y":51,"x":-2,"pageNo":1},{"_id":"5ec45add0049a956b22a2c05","itemId":"5ec45392d4e012593bc3bf37","flip":0,"rot":0,"z":21,"y":51,"x":13,"pageNo":1},{"_id":"5ec45add0049a956b22a2c06","itemId":"5ec4537f90fd3e5942a00963","flip":0,"rot":0,"z":22,"y":51,"x":28,"pageNo":1},{"_id":"5ec45add0049a956b22a2c07","itemId":"5ec4536b5d5f4056a53d01b3","flip":0,"rot":0,"z":23,"y":51,"x":43,"pageNo":1},{"_id":"5ec45add0049a956b22a2c08","itemId":"5ec453595698715948090493","flip":0,"rot":0,"z":24,"y":51,"x":58,"pageNo":1},{"_id":"5ec45add0049a956b22a2c09","itemId":"5ec453445698715948090491","flip":0,"rot":0,"z":25,"y":51,"x":73,"pageNo":1},{"_id":"5ec45add0049a956b22a2c0a","itemId":"5ec4532fb3128c645f1b2840","flip":0,"rot":0,"z":26,"y":51,"x":88,"pageNo":1},{"_id":"5ec45add0049a956b22a2c0b","itemId":"5ec4531f3ba98f2710db04b4","flip":0,"rot":0,"z":27,"y":51,"x":103,"pageNo":1},{"_id":"5ec45add0049a956b22a2c0c","itemId":"5ec4530b9006980606ad8f0a","flip":0,"rot":0,"z":28,"y":51,"x":118,"pageNo":1},{"_id":"5ec45add0049a956b22a2c0d","itemId":"5ec452f8965cec6459e89b38","flip":0,"rot":0,"z":29,"y":71,"x":-2,"pageNo":1},{"_id":"5ec45add0049a956b22a2c0e","itemId":"5ec452e6b3128c645f1b283f","flip":0,"rot":0,"z":30,"y":71,"x":13,"pageNo":1},{"_id":"5ec45add0049a956b22a2c0f","itemId":"5ec452d25d5f4056a53d01b0","flip":0,"rot":0,"z":31,"y":71,"x":28,"pageNo":1},{"_id":"5ec45add0049a956b22a2c10","itemId":"5ec452bdb3128c645f1b283e","flip":0,"rot":0,"z":32,"y":71,"x":43,"pageNo":1},{"_id":"5ec45add0049a956b22a2c11","itemId":"5ec452aa5d5f4056a53d01af","flip":0,"rot":0,"z":33,"y":71,"x":58,"pageNo":1},{"_id":"5ec45add0049a956b22a2c12","itemId":"5ec45296531775270a3e9ac0","flip":0,"rot":0,"z":34,"y":71,"x":73,"pageNo":1},{"_id":"5ec45add0049a956b22a2c13","itemId":"5ec45282503469593ce7edf5","flip":0,"rot":0,"z":35,"y":71,"x":88,"pageNo":1},{"_id":"5ec45b2f965cec6459e89bc6","itemId":"5ec452683e1c1864539c681b","flip":0,"rot":0,"z":0,"y":11,"x":-2,"pageNo":2},{"_id":"5ec45b2f965cec6459e89bc7","itemId":"5ec4525fb3128c645f1b283b","flip":0,"rot":0,"z":1,"y":11,"x":13,"pageNo":2},{"_id":"5ec45b2f965cec6459e89bc8","itemId":"5ec452563e1c1864539c681a","flip":0,"rot":0,"z":2,"y":11,"x":28,"pageNo":2},{"_id":"5ec45b2f965cec6459e89bc9","itemId":"5ec4524ce4a24c56a68c14c3","flip":0,"rot":0,"z":3,"y":11,"x":43,"pageNo":2},{"_id":"5ec45b2f965cec6459e89bca","itemId":"5ec4524347b9232704907463","flip":0,"rot":0,"z":4,"y":11,"x":58,"pageNo":2},{"_id":"5ec45b2f965cec6459e89bcb","itemId":"5ec45239569871594809048e","flip":0,"rot":0,"z":5,"y":11,"x":73,"pageNo":2},{"_id":"5ec45b2f965cec6459e89bcc","itemId":"5ec452303e1c1864539c6818","flip":0,"rot":0,"z":6,"y":11,"x":88,"pageNo":2},{"_id":"5ec45b2f965cec6459e89bcd","itemId":"5ec45221965cec6459e89b25","flip":0,"rot":0,"z":7,"y":11,"x":103,"pageNo":2},{"_id":"5ec45b2f965cec6459e89bce","itemId":"5ec4521847b9232704907461","flip":0,"rot":0,"z":8,"y":11,"x":118,"pageNo":2},{"_id":"5ec45b2f965cec6459e89bcf","itemId":"5ec4520c3ba98f2710db04ae","flip":0,"rot":0,"z":9,"y":31,"x":-2,"pageNo":2},{"_id":"5ec45b2f965cec6459e89bd0","itemId":"5ec4520027a80256ac062d34","flip":0,"rot":0,"z":10,"y":31,"x":13,"pageNo":2},{"_id":"5ec45b2f965cec6459e89bd1","itemId":"5ec451f6b3128c645f1b283a","flip":0,"rot":0,"z":11,"y":31,"x":28,"pageNo":2},{"_id":"5ec45b2f965cec6459e89bd2","itemId":"5ec451edb3128c645f1b2839","flip":0,"rot":0,"z":12,"y":31,"x":43,"pageNo":2},{"_id":"5ec45b2f965cec6459e89bd3","itemId":"5ec451e4503469593ce7edcf","flip":0,"rot":0,"z":13,"y":31,"x":58,"pageNo":2},{"_id":"5ec45b2f965cec6459e89bd4","itemId":"5ec451d0965cec6459e89b24","flip":0,"rot":0,"z":14,"y":31,"x":73,"pageNo":2},{"_id":"5ec45b2f965cec6459e89bd5","itemId":"5ec451c247b923270490741a","flip":0,"rot":0,"z":15,"y":51,"x":-2,"pageNo":2},{"_id":"5ec45b2f965cec6459e89bd6","itemId":"5ec451b890fd3e5942a0095b","flip":0,"rot":0,"z":16,"y":51,"x":13,"pageNo":2},{"_id":"5ec45b2f965cec6459e89bd7","itemId":"5ec451af704c9a2703353331","flip":0,"rot":0,"z":17,"y":51,"x":28,"pageNo":2},{"_id":"5ec45b2f965cec6459e89bd8","itemId":"5ec451a0569871594809048a","flip":0,"rot":0,"z":18,"y":51,"x":43,"pageNo":2},{"_id":"5ec45b2f965cec6459e89bd9","itemId":"5ec451972f893d05f928a66f","flip":0,"rot":0,"z":19,"y":51,"x":58,"pageNo":2},{"_id":"5ec45b2f965cec6459e89bda","itemId":"5ec4518d2f893d05f928a66c","flip":0,"rot":0,"z":20,"y":51,"x":73,"pageNo":2},{"_id":"5ec45b2f965cec6459e89bdb","itemId":"5ec451845698715948090489","flip":0,"rot":0,"z":21,"y":51,"x":88,"pageNo":2},{"_id":"5ec45b2f965cec6459e89bdc","itemId":"5ec4517b5698715948090488","flip":0,"rot":0,"z":22,"y":51,"x":103,"pageNo":2}]}