{"isCreator":false,"contents":[{"_id":"5ec44071e4a24c56a68c13c4","itemId":"5ec43ef8704c9a27033531da","flip":0,"rot":0,"z":0,"y":11,"x":-2,"pageNo":0},{"_id":"5ec44071e4a24c56a68c13c5","itemId":"5ec43ee9965cec6459e8995c","flip":0,"rot":0,"z":1,"y":11,"x":13,"pageNo":0},{"_id":"5ec44071e4a24c56a68c13c6","itemId":"5ec43ed690fd3e5942a00856","flip":0,"rot":0,"z":2,"y":11,"x":28,"pageNo":0},{"_id":"5ec44071e4a24c56a68c13c7","itemId":"5ec43ec369bcc705fadcf3f4","flip":0,"rot":0,"z":3,"y":11,"x":43,"pageNo":0},{"_id":"5ec44071e4a24c56a68c13c8","itemId":"5ec43eafe4a24c56a68c138f","flip":0,"rot":0,"z":4,"y":11,"x":58,"pageNo":0},{"_id":"5ec44071e4a24c56a68c13c9","itemId":"5ec43e9b965cec6459e8995a","flip":0,"rot":0,"z":5,"y":11,"x":73,"pageNo":0},{"_id":"5ec44071e4a24c56a68c13ca","itemId":"5ec43e8756987159480902b7","flip":0,"rot":0,"z":6,"y":11,"x":88,"pageNo":0},{"_id":"5ec44071e4a24c56a68c13cb","itemId":"5ec43e75704c9a27033531d5","flip":0,"rot":0,"z":7,"y":11,"x":103,"pageNo":0},{"_id":"5ec44071e4a24c56a68c13cc","itemId":"5ec43e603ba98f2710db03a0","flip":0,"rot":0,"z":8,"y":11,"x":118,"pageNo":0},{"_id":"5ec44071e4a24c56a68c13cd","itemId":"5ec43e4c0da73b6465bac301","flip":0,"rot":0,"z":9,"y":11,"x":133,"pageNo":0},{"_id":"5ec44071e4a24c56a68c13ce","itemId":"5ec43e38531775270a3e9805","flip":0,"rot":0,"z":10,"y":31,"x":-2,"pageNo":0},{"_id":"5ec44071e4a24c56a68c13cf","itemId":"5ec43e225d5f4056a53cffca","flip":0,"rot":0,"z":11,"y":31,"x":13,"pageNo":0},{"_id":"5ec44071e4a24c56a68c13d0","itemId":"5ec43e0a503469593ce7ea79","flip":0,"rot":0,"z":12,"y":31,"x":28,"pageNo":0},{"_id":"5ec44071e4a24c56a68c13d1","itemId":"5ec43df73ba98f2710db0385","flip":0,"rot":0,"z":13,"y":31,"x":43,"pageNo":0},{"_id":"5ec44071e4a24c56a68c13d2","itemId":"5ec43de1e4a24c56a68c138c","flip":0,"rot":0,"z":14,"y":31,"x":58,"pageNo":0},{"_id":"5ec44071e4a24c56a68c13d3","itemId":"5ec43dd13ba98f2710db0383","flip":0,"rot":0,"z":15,"y":31,"x":73,"pageNo":0},{"_id":"5ec44071e4a24c56a68c13d4","itemId":"5ec43dbf503469593ce7ea77","flip":0,"rot":0,"z":16,"y":31,"x":88,"pageNo":0},{"_id":"5ec44071e4a24c56a68c13d5","itemId":"5ec43dab27a80256ac062af0","flip":0,"rot":0,"z":17,"y":31,"x":103,"pageNo":0},{"_id":"5ec44071e4a24c56a68c13d6","itemId":"5ec43d9c69bcc705fadcf3c4","flip":0,"rot":0,"z":18,"y":31,"x":118,"pageNo":0},{"_id":"5ec44071e4a24c56a68c13d7","itemId":"5ec43d8869bcc705fadcf3c3","flip":0,"rot":0,"z":19,"y":31,"x":133,"pageNo":0},{"_id":"5ec44071e4a24c56a68c13d8","itemId":"5ec43d76503469593ce7ea74","flip":0,"rot":0,"z":20,"y":51,"x":-2,"pageNo":0},{"_id":"5ec44071e4a24c56a68c13d9","itemId":"5ec43d61965cec6459e898ff","flip":0,"rot":0,"z":21,"y":51,"x":13,"pageNo":0},{"_id":"5ec44071e4a24c56a68c13da","itemId":"5ec43d4db3128c645f1b269f","flip":0,"rot":0,"z":22,"y":51,"x":28,"pageNo":0},{"_id":"5ec44071e4a24c56a68c13db","itemId":"5ec43d383ba98f2710db0381","flip":0,"rot":0,"z":23,"y":51,"x":43,"pageNo":0},{"_id":"5ec44071e4a24c56a68c13dc","itemId":"5ec43d27965cec6459e898fe","flip":0,"rot":0,"z":24,"y":51,"x":58,"pageNo":0},{"_id":"5ec44071e4a24c56a68c13dd","itemId":"5ec43d13f2a67005f4b9b5be","flip":0,"rot":0,"z":25,"y":51,"x":73,"pageNo":0},{"_id":"5ec44071e4a24c56a68c13de","itemId":"5ec43cfe531775270a3e97f6","flip":0,"rot":0,"z":26,"y":51,"x":88,"pageNo":0},{"_id":"5ec44071e4a24c56a68c13df","itemId":"5ec43cedf2a67005f4b9b5bc","flip":0,"rot":0,"z":27,"y":51,"x":103,"pageNo":0},{"_id":"5ec44071e4a24c56a68c13e0","itemId":"5ec43cd7145d8b06006ddad2","flip":0,"rot":0,"z":28,"y":51,"x":118,"pageNo":0},{"_id":"5ec44071e4a24c56a68c13e1","itemId":"5ec43cc6b3128c645f1b269c","flip":0,"rot":0,"z":29,"y":71,"x":-2,"pageNo":0},{"_id":"5ec44071e4a24c56a68c13e2","itemId":"5ec43cb35d5f4056a53cffab","flip":0,"rot":0,"z":30,"y":71,"x":13,"pageNo":0},{"_id":"5ec44071e4a24c56a68c13e3","itemId":"5ec43ca0e4a24c56a68c1384","flip":0,"rot":0,"z":31,"y":71,"x":28,"pageNo":0},{"_id":"5ec44071e4a24c56a68c13e4","itemId":"5ec43c8ef2a67005f4b9b5bb","flip":0,"rot":0,"z":32,"y":71,"x":43,"pageNo":0},{"_id":"5ec44071e4a24c56a68c13e5","itemId":"5ec43c7a3ba98f2710db0379","flip":0,"rot":0,"z":33,"y":71,"x":58,"pageNo":0},{"_id":"5ec44071e4a24c56a68c13e6","itemId":"5ec43c64b3128c645f1b2697","flip":0,"rot":0,"z":34,"y":71,"x":73,"pageNo":0},{"_id":"5ec44071e4a24c56a68c13e7","itemId":"5ec43c4f3e1c1864539c65f1","flip":0,"rot":0,"z":35,"y":71,"x":88,"pageNo":0},{"_id":"5ec440ed3ba98f2710db03d3","itemId":"5ec43c39f2a67005f4b9b5ab","flip":0,"rot":0,"z":0,"y":11,"x":-2,"pageNo":1},{"_id":"5ec440ed3ba98f2710db03d4","itemId":"5ec43c2a569871594809028b","flip":0,"rot":0,"z":1,"y":11,"x":13,"pageNo":1},{"_id":"5ec440ed3ba98f2710db03d5","itemId":"5ec43c1890fd3e5942a00836","flip":0,"rot":0,"z":2,"y":11,"x":28,"pageNo":1},{"_id":"5ec440ed3ba98f2710db03d6","itemId":"5ec43c00b3128c645f1b267f","flip":0,"rot":0,"z":3,"y":11,"x":43,"pageNo":1},{"_id":"5ec440ed3ba98f2710db03d7","itemId":"5ec43bed503469593ce7ea48","flip":0,"rot":0,"z":4,"y":11,"x":58,"pageNo":1},{"_id":"5ec440ed3ba98f2710db03d8","itemId":"5ec43bd83ba98f2710db036b","flip":0,"rot":0,"z":5,"y":11,"x":73,"pageNo":1},{"_id":"5ec440ed3ba98f2710db03d9","itemId":"5ec43bc827a80256ac062ad8","flip":0,"rot":0,"z":6,"y":11,"x":88,"pageNo":1},{"_id":"5ec440ed3ba98f2710db03da","itemId":"5ec43bb20da73b6465bac2d0","flip":0,"rot":0,"z":7,"y":11,"x":103,"pageNo":1},{"_id":"5ec440ed3ba98f2710db03db","itemId":"5ec43ba227a80256ac062ad7","flip":0,"rot":0,"z":8,"y":11,"x":118,"pageNo":1},{"_id":"5ec440ed3ba98f2710db03dc","itemId":"5ec43b93f2a67005f4b9b5a7","flip":0,"rot":0,"z":9,"y":11,"x":133,"pageNo":1},{"_id":"5ec440ed3ba98f2710db03dd","itemId":"5ec43b8469bcc705fadcf379","flip":0,"rot":0,"z":10,"y":31,"x":-2,"pageNo":1},{"_id":"5ec440ed3ba98f2710db03de","itemId":"5ec43b6e3ba98f2710db0369","flip":0,"rot":0,"z":11,"y":31,"x":13,"pageNo":1},{"_id":"5ec440ed3ba98f2710db03df","itemId":"5ec43b560049a956b22a2772","flip":0,"rot":0,"z":12,"y":31,"x":28,"pageNo":1},{"_id":"5ec440ed3ba98f2710db03e0","itemId":"5ec43b43fce1d60601404545","flip":0,"rot":0,"z":13,"y":31,"x":43,"pageNo":1},{"_id":"5ec440ed3ba98f2710db03e1","itemId":"5ec43b2d27a80256ac062ab7","flip":0,"rot":0,"z":14,"y":31,"x":58,"pageNo":1},{"_id":"5ec440ed3ba98f2710db03e2","itemId":"5ec43b1d5698715948090264","flip":0,"rot":0,"z":15,"y":31,"x":73,"pageNo":1},{"_id":"5ec440ed3ba98f2710db03e3","itemId":"5ec43b0b3e1c1864539c65d6","flip":0,"rot":0,"z":16,"y":31,"x":88,"pageNo":1},{"_id":"5ec440ed3ba98f2710db03e4","itemId":"5ec43af7965cec6459e898cc","flip":0,"rot":0,"z":17,"y":31,"x":103,"pageNo":1},{"_id":"5ec440ed3ba98f2710db03e5","itemId":"5ec43ae847b9232704907253","flip":0,"rot":0,"z":18,"y":31,"x":118,"pageNo":1},{"_id":"5ec440ed3ba98f2710db03e6","itemId":"5ec43ad40da73b6465bac2b8","flip":0,"rot":0,"z":19,"y":31,"x":133,"pageNo":1},{"_id":"5ec440ed3ba98f2710db03e7","itemId":"5ec43ac15d5f4056a53cff8c","flip":0,"rot":0,"z":20,"y":51,"x":-2,"pageNo":1},{"_id":"5ec440ed3ba98f2710db03e8","itemId":"5ec43aadf2a67005f4b9b59d","flip":0,"rot":0,"z":21,"y":51,"x":13,"pageNo":1},{"_id":"5ec440ed3ba98f2710db03e9","itemId":"5ec43a99965cec6459e898bb","flip":0,"rot":0,"z":22,"y":51,"x":28,"pageNo":1},{"_id":"5ec440ed3ba98f2710db03ea","itemId":"5ec43a8447b9232704907250","flip":0,"rot":0,"z":23,"y":51,"x":43,"pageNo":1},{"_id":"5ec440ed3ba98f2710db03eb","itemId":"5ec43a7390fd3e5942a00821","flip":0,"rot":0,"z":24,"y":51,"x":58,"pageNo":1},{"_id":"5ec440ed3ba98f2710db03ec","itemId":"5ec43a5f0da73b6465bac296","flip":0,"rot":0,"z":25,"y":51,"x":73,"pageNo":1},{"_id":"5ec440ed3ba98f2710db03ed","itemId":"5ec43a4a27a80256ac062aa2","flip":0,"rot":0,"z":26,"y":51,"x":88,"pageNo":1},{"_id":"5ec440ed3ba98f2710db03ee","itemId":"5ec43a39d4e012593bc3bda1","flip":0,"rot":0,"z":27,"y":51,"x":103,"pageNo":1},{"_id":"5ec440ed3ba98f2710db03ef","itemId":"5ec43a23531775270a3e97ad","flip":0,"rot":0,"z":28,"y":51,"x":118,"pageNo":1},{"_id":"5ec440ed3ba98f2710db03f0","itemId":"5ec43a12531775270a3e97ac","flip":0,"rot":0,"z":29,"y":71,"x":-2,"pageNo":1},{"_id":"5ec440ed3ba98f2710db03f1","itemId":"5ec439ff0da73b6465bac295","flip":0,"rot":0,"z":30,"y":71,"x":13,"pageNo":1},{"_id":"5ec440ed3ba98f2710db03f2","itemId":"5ec439ec503469593ce7ea13","flip":0,"rot":0,"z":31,"y":71,"x":28,"pageNo":1},{"_id":"5ec440ed3ba98f2710db03f3","itemId":"5ec439da965cec6459e898b5","flip":0,"rot":0,"z":32,"y":71,"x":43,"pageNo":1},{"_id":"5ec440ed3ba98f2710db03f4","itemId":"5ec439c6fce1d6060140453d","flip":0,"rot":0,"z":33,"y":71,"x":58,"pageNo":1},{"_id":"5ec440ed3ba98f2710db03f5","itemId":"5ec439b0f2a67005f4b9b597","flip":0,"rot":0,"z":34,"y":71,"x":73,"pageNo":1},{"_id":"5ec440ed3ba98f2710db03f6","itemId":"5ec4399b704c9a270335312b","flip":0,"rot":0,"z":35,"y":71,"x":88,"pageNo":1},{"_id":"5ec4aa500049a956b22a2ec5","itemId":"5ec43985965cec6459e898b1","flip":0,"rot":0,"z":0,"y":11,"x":-2,"pageNo":2},{"_id":"5ec4aa500049a956b22a2ec6","itemId":"5ec439785d5f4056a53cff89","flip":0,"rot":0,"z":1,"y":11,"x":13,"pageNo":2},{"_id":"5ec4aa500049a956b22a2ec7","itemId":"5ec4396b3ba98f2710db0316","flip":0,"rot":0,"z":2,"y":11,"x":28,"pageNo":2},{"_id":"5ec4aa500049a956b22a2ec8","itemId":"5ec4395d5d5f4056a53cff88","flip":0,"rot":0,"z":3,"y":11,"x":43,"pageNo":2},{"_id":"5ec4aa500049a956b22a2ec9","itemId":"5ec4394b47b923270490724a","flip":0,"rot":0,"z":4,"y":11,"x":58,"pageNo":2},{"_id":"5ec4aa500049a956b22a2eca","itemId":"5ec4393b90fd3e5942a00815","flip":0,"rot":0,"z":5,"y":11,"x":73,"pageNo":2},{"_id":"5ec4aa500049a956b22a2ecb","itemId":"5ec4392c47b9232704907248","flip":0,"rot":0,"z":6,"y":11,"x":88,"pageNo":2},{"_id":"5ec4aa500049a956b22a2ecc","itemId":"5ec4391d965cec6459e898b0","flip":0,"rot":0,"z":7,"y":11,"x":103,"pageNo":2},{"_id":"5ec4aa500049a956b22a2ecd","itemId":"5ec439103ba98f2710db0315","flip":0,"rot":0,"z":8,"y":11,"x":118,"pageNo":2},{"_id":"5ec4aa500049a956b22a2ece","itemId":"5ec43904b3128c645f1b2638","flip":0,"rot":0,"z":9,"y":31,"x":-2,"pageNo":2},{"_id":"5ec4aa500049a956b22a2ecf","itemId":"5ec438f8e4a24c56a68c1352","flip":0,"rot":0,"z":10,"y":31,"x":13,"pageNo":2},{"_id":"5ec4aa500049a956b22a2ed0","itemId":"5ec438e9145d8b06006dda91","flip":0,"rot":0,"z":11,"y":31,"x":28,"pageNo":2},{"_id":"5ec4aa500049a956b22a2ed1","itemId":"5ec438d9965cec6459e898ae","flip":0,"rot":0,"z":12,"y":31,"x":43,"pageNo":2},{"_id":"5ec4aa500049a956b22a2ed2","itemId":"5ec438c9503469593ce7ea09","flip":0,"rot":0,"z":13,"y":31,"x":58,"pageNo":2},{"_id":"5ec4aa500049a956b22a2ed3","itemId":"5ec438b927a80256ac062a68","flip":0,"rot":0,"z":14,"y":31,"x":73,"pageNo":2},{"_id":"5ec4aa500049a956b22a2ed4","itemId":"5ec438aa531775270a3e9771","flip":0,"rot":0,"z":15,"y":51,"x":-2,"pageNo":2},{"_id":"5ec4aa500049a956b22a2ed5","itemId":"5ec4389b965cec6459e898ad","flip":0,"rot":0,"z":16,"y":51,"x":13,"pageNo":2},{"_id":"5ec4aa500049a956b22a2ed6","itemId":"5ec4388c27a80256ac062a64","flip":0,"rot":0,"z":17,"y":51,"x":28,"pageNo":2},{"_id":"5ec4aa500049a956b22a2ed7","itemId":"5ec4387b3ba98f2710db0310","flip":0,"rot":0,"z":18,"y":51,"x":43,"pageNo":2},{"_id":"5ec4aa500049a956b22a2ed8","itemId":"5ec4386e5d5f4056a53cff84","flip":0,"rot":0,"z":19,"y":51,"x":58,"pageNo":2},{"_id":"5ec4aa500049a956b22a2ed9","itemId":"5ec43862fce1d60601404535","flip":0,"rot":0,"z":20,"y":51,"x":73,"pageNo":2},{"_id":"5ec4aa500049a956b22a2eda","itemId":"5ec438530049a956b22a272f","flip":0,"rot":0,"z":21,"y":51,"x":88,"pageNo":2}]}