{"isCreator":false,"contents":[{"_id":"613c95f9d9e4121c55fc3a40","itemId":"613c9346a6aced344cc31cf3","flip":0,"rot":0,"z":0,"y":10,"x":38,"pageNo":0},{"_id":"613c95f9d9e4121c55fc3a41","itemId":"613c93a062b1d83453ee66ae","flip":0,"rot":0,"z":1,"y":28,"x":9,"pageNo":0},{"_id":"613c95f9d9e4121c55fc3a42","itemId":"613c93a862b1d83453ee66af","flip":0,"rot":0,"z":2,"y":48,"x":10,"pageNo":0},{"_id":"613c95f9d9e4121c55fc3a43","itemId":"613c93b83f7e7b1c4fda2042","flip":0,"rot":0,"z":3,"y":67,"x":10,"pageNo":0},{"_id":"613c95f9d9e4121c55fc3a44","itemId":"613c940960c54c04f67dcf19","flip":0,"rot":0,"z":4,"y":86,"x":10,"pageNo":0},{"_id":"613c95f9d9e4121c55fc3a45","itemId":"613c94263f7e7b1c4fda2045","flip":0,"rot":0,"z":5,"y":105,"x":10,"pageNo":0},{"_id":"613c95f9d9e4121c55fc3a46","itemId":"613c945ebc540504fdeb70a0","flip":0,"rot":0,"z":6,"y":124,"x":10,"pageNo":0},{"_id":"613c95f9d9e4121c55fc3a47","itemId":"613c94d9a19d0f1c4999075b","flip":0,"rot":0,"z":7,"y":10,"x":0,"pageNo":0},{"_id":"613c95f9d9e4121c55fc3a48","itemId":"613c94d9a19d0f1c4999075b","flip":0,"rot":0,"z":8,"y":10,"x":19,"pageNo":0},{"_id":"613c95f9d9e4121c55fc3a49","itemId":"613c94d9a19d0f1c4999075b","flip":0,"rot":0,"z":9,"y":10,"x":38,"pageNo":0},{"_id":"613c95f9d9e4121c55fc3a4a","itemId":"613c94d9a19d0f1c4999075b","flip":0,"rot":0,"z":10,"y":10,"x":57,"pageNo":0},{"_id":"613c95f9d9e4121c55fc3a4b","itemId":"613c94d9a19d0f1c4999075b","flip":0,"rot":0,"z":11,"y":9,"x":77,"pageNo":0},{"_id":"613c95f9d9e4121c55fc3a4c","itemId":"613c95ac3f7e7b1c4fda204d","flip":0,"rot":0,"z":12,"y":29,"x":62,"pageNo":0},{"_id":"613c95f9d9e4121c55fc3a4d","itemId":"613c95b7bd57f3344d5dba90","flip":0,"rot":0,"z":13,"y":43,"x":65,"pageNo":0},{"_id":"613c95f9d9e4121c55fc3a4e","itemId":"613c95c43f7e7b1c4fda205c","flip":0,"rot":0,"z":14,"y":67,"x":64,"pageNo":0},{"_id":"613c95f9d9e4121c55fc3a4f","itemId":"613c95dda19d0f1c49990785","flip":0,"rot":0,"z":15,"y":86,"x":65,"pageNo":0},{"_id":"613c95f9d9e4121c55fc3a50","itemId":"613c95e6d9e4121c55fc3a3f","flip":0,"rot":0,"z":16,"y":105,"x":66,"pageNo":0},{"_id":"613c95f9d9e4121c55fc3a51","itemId":"613c95f212f95704fc6f0064","flip":0,"rot":0,"z":17,"y":121,"x":66,"pageNo":0},{"_id":"613c965960c54c04f67dcf1f","itemId":"613c935354b22e04fe3b2d58","flip":0,"rot":0,"z":0,"y":10,"x":38,"pageNo":1},{"_id":"613c965960c54c04f67dcf20","itemId":"613c946dcfe7dd1c48ab38e3","flip":0,"rot":0,"z":1,"y":28,"x":8,"pageNo":1},{"_id":"613c965960c54c04f67dcf21","itemId":"613c9476a19d0f1c49990759","flip":0,"rot":0,"z":2,"y":46,"x":7,"pageNo":1},{"_id":"613c965960c54c04f67dcf22","itemId":"613c947dd9e4121c55fc3a2f","flip":0,"rot":0,"z":3,"y":64,"x":13,"pageNo":1},{"_id":"613c965960c54c04f67dcf23","itemId":"613c948ad9e4121c55fc3a30","flip":0,"rot":0,"z":4,"y":83,"x":13,"pageNo":1},{"_id":"613c965960c54c04f67dcf24","itemId":"613c9497bc540504fdeb70a2","flip":0,"rot":0,"z":5,"y":105,"x":10,"pageNo":1},{"_id":"613c965960c54c04f67dcf25","itemId":"613c94b812f95704fc6f0056","flip":0,"rot":0,"z":6,"y":124,"x":10,"pageNo":1},{"_id":"613c965960c54c04f67dcf26","itemId":"613c94d9a19d0f1c4999075b","flip":0,"rot":0,"z":7,"y":10,"x":0,"pageNo":1},{"_id":"613c965960c54c04f67dcf27","itemId":"613c94d9a19d0f1c4999075b","flip":0,"rot":0,"z":8,"y":10,"x":21,"pageNo":1},{"_id":"613c965960c54c04f67dcf28","itemId":"613c94d9a19d0f1c4999075b","flip":0,"rot":0,"z":9,"y":10,"x":38,"pageNo":1},{"_id":"613c965960c54c04f67dcf29","itemId":"613c94d9a19d0f1c4999075b","flip":0,"rot":0,"z":10,"y":9,"x":60,"pageNo":1},{"_id":"613c965960c54c04f67dcf2a","itemId":"613c94d9a19d0f1c4999075b","flip":0,"rot":0,"z":11,"y":9,"x":75,"pageNo":1},{"_id":"613c965960c54c04f67dcf2b","itemId":"613c959c3f7e7b1c4fda204c","flip":0,"rot":0,"z":12,"y":65,"x":67,"pageNo":1},{"_id":"613c965960c54c04f67dcf2c","itemId":"613c95ac3f7e7b1c4fda204d","flip":0,"rot":0,"z":13,"y":28,"x":65,"pageNo":1},{"_id":"613c965960c54c04f67dcf2d","itemId":"613c9627d9e4121c55fc3a53","flip":0,"rot":0,"z":14,"y":48,"x":67,"pageNo":1},{"_id":"613c965960c54c04f67dcf2e","itemId":"613c9633bc540504fdeb70b8","flip":0,"rot":0,"z":15,"y":83,"x":68,"pageNo":1},{"_id":"613c965960c54c04f67dcf2f","itemId":"613c96462e63f5345943c28b","flip":0,"rot":0,"z":16,"y":104,"x":66,"pageNo":1},{"_id":"613c965960c54c04f67dcf30","itemId":"613c965312f95704fc6f0066","flip":0,"rot":0,"z":17,"y":124,"x":65,"pageNo":1}]}