{"base":"DYNATHING","creator":"5003d713a0b60c386b0000a1","id":"53d011f9718052a242b69224","name":"slot machine lose","prop":{"attr":[1,3],"text":"0s: cell 1 show, cell 2 show, cell 3 show, cell 4 show, cell 1 z-index 4, cell 4 z-index 1, cell 2 up 9, cell 3 down 9, cell 5 show\n0.1: cell 5 hide, cell 6 show\n0-.5: cell 2 down 9, cell 3 up 9, cell 4 down 9\n.5-1: CELL 2 up 9, CELL 3 down 9, CELL 4 up 9\n1: cell 5 show, cell 6 hide\n1-1.5: CELL 2 DOWN 9, CELL 3 UP 9, CELL 4 DOWN 9\n1.5-2: CELL 2 UP 9, CELL 3 DOWN 9, CELL 4 UP 9\n2: restart"}}