{"base":"INTERACT","creator":"52e5c07412a6f1234e000380","id":"53eabdfd06ecbce30c7d99d0","name":"ice cream machine","prop":{"textSize":313,"thingRefs":[["53eab5e306ecbce30c7d99c4","chocolate"],["53eab5fb341ae02748fbbeab","strawberry"],["53eab5a606ecbce30c7d99c3","vanilla"],["53eab6ff7a690c5f4b86d948","rainbow"],["53eabb2506ecbce30c7d99c8","triple flavor"]],"textData":"touches: hi hi! we have: vanilla, chocolate, strawberry, triple and rainbow!!\nhears vanilla: here it goes! /gives vanilla\nhears chocolate: HERE IT GOES! /gives chocolate\nhears strawberry: HERE IT GOES! /gives strawberry \nhears triple: HERE IT GOES! /GIVES TRIPLE flavor\nhears rainbow: HERE IT GOES! /gives rainbow"}}