{"base":"INTERACT","creator":"560756704b86f551122834d9","id":"58194dd1d9a254b40fe6e249","name":"truth or dare?","prop":{"textSize":1590,"attr":[6,1],"textData":"hears truth: [name], what is your favourite food?\nhears truth: hey [name]! who is your favourite person?\nhears truth: [name], do you prefer apple or android?\nhears truth: hey [name]! what's your favourite colour?\nhears truth: [name], do you like school?\nhears truth: [name], who is your favourite singer?\nhears truth: yo [name]! have you dated anyone before?\nhears truth: [name], do you like mini hotel?\nhears truth: yo [name], do you have any pets?\nhears truth: [name], what would you do with a million dollars?\nhears truth: [name], are you scared of spiders?\nhears truth: hey [name]! what's your favourite movie?\nhears truth: yo [name]! what's your favourite world in manyland? \nhears truth: [name], what country are you from?\nhears truth: hey [name] do you support clinton or trump?\nhears truth: yo [name] what's your favourite animal?\nhears truth: yo [name] are you a boy or a girl?\nhears truth: what's your favourite song?\nhears truth: who's your favourite singer?\n\nhears dare: okay [name] i dare you to sniff [someone].\nhears dare: okay [name] i dare you to poke [someone].\nhears dare: okay [name] i dare you to say something nice to [someone].\nhears dare: hey [name] i dare you to say the funniest thing you can think of.\nhears dare: hi [name], i dare you to slap [someone].\nhears dare: [name] say something weird to [someone].\nhears dare: hi [name], i dare you to hug [someone].\nhears dare: okay [name], i dare you to bark like a dog.\nhears dare: [name], meow like a cat. \nhears dare: hey [name] i dare you to jump 10 times.\nhears dare: hey [name], i dare you to ask someone out.\n\n\n","clonedFrom":"57f6e0943aa0073a141654ba"}}