{"base":"INTERACT","creator":"56e30046837c86710fee6aa8","id":"585da424cc4e53d90f5572dd","name":"truth or dare machine","prop":{"textSize":2662,"attr":[1],"textData":"HEARS TRUTH: OKAY [NAME], [RANDOM WHO DO YOU LIKE, WHAT WAS YOUR MOST EMBARASSING MOMENT, WHAT'S UR BIGGEST SECRET,WHAT'S YOUR FAVORITE FOOD, WHAT'S YOUR OTP, WHAT'S YOUR FAVORITE SONG, WHAT'S YOUR FAVORITE COLOR, WHICH COUNTRY ARE YOU FROM, WHO'S YOUR IDOL, WHAT DO YOU WANT TO BE WHEN YOU'RE OLDER, WHAT'S YOUR FAVORITE MOVIE, DO YOU LIKE POTATOES, DO YOU LIKE CALAMARI, DO YOU LIKE TALKING TO PEOPLE, DO YOU HATE FROZEN, DO YOU TROLL PEOPLE, DO YOU THINK YOU'RE WEIRD, DO YOU LIKE TRUMP, HAVE YOU WORN A GENERIC SKIN, WHO'S YOUR FAVORITE YOUTUBER, HAVE YOU FUCKED A TUNA]?\nhears dare: OK [name] I dare u to kiss [someone].\nHEARS DARE: OK [NAME] I DARE U TO fuck [SOMEONE].\nHEARS DARE: OK [NAME] I DARE U TO rape [SOMEONE].\nHEARS DARE: OK [NAME] I DARE U TO KISS the most attractive person in the room.\nHEARS DARE: OK [NAME] I DARE U TO build a house in 5 mins.\nHEARS DARE: OK [NAME] I DARE U TO make-out with [SOMEONE].\nHEARS DARE: OK [NAME] I DARE U TO kill [SOMEONE].\nHEARS DARE: OK [NAME] I DARE U TO WEAR A Skin OF [SOMEONE]'S CHOICE.\nHEARS DARE: OK [NAME] I DARE U TO MAKE A DIRTY JOKE.\nHEARS DARE: OK [NAME] I DARE U TO stab [someone] to death.\nHEARS DARE: OK [NAME] I DARE U TO commit suicide.\nHEARS DARE: OK [NAME] I DARE U TO cuss for 10 secs.\nHEARS DARE: OK [NAME] I DARE U TO admit u luv [someone].\nHEARS DARE: OK [NAME] I DARE U TO cross-dress for 15 secs.\nHEARS DARE: OK [NAME] I DARE U TO mimic ur least favorite person in the room.\nHEARS DARE: OK [NAME] I DARE U TO annoy [someone].\nHEARS DARE: OK [NAME] I DARE U TO do nothing.\nHEARS DARE: OK [NAME] I DARE U TO say truth.\nHEARS DARE: OK [NAME] I DARE U TO wear a noel skin and ask a bro out in starbucks.\nHEARS DARE: OK [NAME] I DARE U TO wear a bro skin and ask a noel out in starbucks.\nHEARS DARE: OK [NAME] I DARE U TO Cosplay as a character from a game.\nHEARS DARE: OK [NAME] I DARE U TO say something nice to [someone].\nHEARS DARE: OK [NAME] I DARE U TO hug [someone].\nHEARS DARE: OK [NAME] I DARE U TO go alone with [someone] for 5 mins.\nHEARS DARE: OK [NAME] I DARE U TO make luv with [someone].\nHEARS DARE: OK [NAME] I DARE U TO say something weird but tru to [someone]. \nHEARS DARE: OK [NAME] I DARE U TO caress the face of [someone].\nHEARS DARE: OK [NAME] I DARE U TO ping the person u least wanna see.\nHEARS DARE: OK [NAME] I DARE U TO ping a random person.\nHEARS DARE: OK [NAME] I DARE U TO play 20 questions with [someone].\nHEARS DARE: OK [NAME] I DARE U TO spam.\nHEARS DARE: OK [NAME] I DARE U TO eat [someone].\nHEARS DARE: OK [NAME] I DARE U TO fly.\nHEARS DARE: OK [NAME] I DARE U TO wear a noel skin for 10 secs. \nHEARS DARE: OK [NAME] I DARE U TO wear a bro skin for 10 secs."}}