{"base":"DYNATHING","creator":"546d34ebcc3f59a078398faf","id":"58c5d7c58b5da97f146a02a8","name":"exploding","prop":{"attr":[9,3],"text":"0s: cell 1 show\n0-0.1:cell 1 up 5, cell 1 right 3\n0.1-0.2:cell 1 left 5, cell 1 down 3\n0.2-0.3: cell 1 down 5, cell 1 right 3\n0.4-1s: cell 1 bright, cell 1 light 200 0 0\n0.3-0.4: cell 1 up 7, cell 1 left 2, CELL 1 ROTATE 1440\n0.4-0.5: cell 1 rotate 1440, cell 1 accelerate left 20\n0.5-0.6: cell 1 accelerate up 20, cell 1 right 19, CELL 1 ROTATE 1440\n0.6-0.7s: cell 1 up 10, cell 1 right 20, CELL 1 ROTATE 1440\n0.7-0.8s: cell 1 down 200, cell 1 left 200, CELL 1 ROTATE 1440\n0.8-0.9s: cell 1 right 300, cell 1 up 100, CELL 1 ROTATE 1440\n0.9-1s: cell 1 up 300, cell 1 left 200, CELL 1 ROTATE 1440\n1s: restart"}}