{"base":"DYNATHING","creator":"546d34ebcc3f59a078398faf","id":"58c5d6ff1df5fd87134de908","name":"super bomb","prop":{"attr":[9,3],"text":"0s: cells show, cell 3 z-index 1, cell 4 z-index 1, cell 2 hide, cell 3 accelerate down 0.03, CELL 4 ACCELERATE DOWN 0.02, , CELL 5 ACCELERATE DOWN 0.05, CELL 6 ACCELERATE DOWN 0.05, CELL 7 ACCELERATE DOWN 0.04, CELL 8 ACCELERATE DOWN 0.06\n0-1s: cell 3 up 80, CELL 4 UP 90, CELL 5 UP 70,CELL 6 UP 85,CELL 7 UP 105,CELL 8 UP 86, cell 3 right 10, cell 3 rotate 50, cell 4 left 16, cell 4 rotate -40, cell 5 rotate 25, cell 6 rotate -30, cell 7 rotate -40, cell 8 rotate 10, cells hide, cell 1 show\n1s:restart"}}