{"base":"INTERACT","creator":"593325574cf0d58013bf70fe","id":"5954a16d107ba9f00f8b66d2","name":"dirty game","prop":{"textSize":2392,"attr":[1,8],"textData":"HEARS \"SHIP random\": [SOMEONE] X [SOMEONE]\nHEARS \"ship me\": [NAME] X [SOMEONE]\nhears your ships suck: wot m8  i can fite u irl  not online broh\nhears \"ship triangle\": [someone] x [someone] x [someone]\nhears \"ship triangle me one\": [name] x [someone] x [someone]\nHEARS \"SHIP TRIANGLE ME two\": [someone] X [name] X [SOMEONE]\nHEARS \"SHIP TRIANGLE ME Three\": [SOMEONE] X [someone] X [name]\nhears ship specify: alright.  who should i ship? > ship\n#ship  -hears: [heard] x [someone]\nhears make movie: alright...  it will be called  the [random licking, sniffing, fucking, humping, grinding, fingering, raping] of [someone],  starring  [someone].\nhears news: alright, so...  [someone] [random fucked, ate, licked, sniffed, gave a lap dance to, married, raped, sucked, gave a hickey to, sucked the dick of, tore up the pussy of, dry humped, grinded on, sat on, layed with, slept with, made porn with, made a sex tape with, cummed on] [someone].\nhears dare me or dare: okay [name], I dare you to [random kiss, finger, lay with, lick, sniff, rape, fuck, make-out with, hump, give a lap dance to, suck the privates of, make porn with, sleep with, give a hickey to, strip for, get stoned with, blow, grind on, grab the privates of, cum all over, smack the ass of, feel the ass of, start an orgy with] [someone].\nHears truth: okay [name], [random who do you like, what was your most embarassing moment, who did you last fuck with, who did you last flirt with, have you ever had a threesome, have you ever had an orgy, what do you get turned on by, who turns you on]?\nhears shit me: why, [name], why? *poops on [name]*\nhears make porn: [someone] [random kissed, netflix & chilled with, fucked, got stoned with, made out with, had a child with, showered with, sucked the dick of, squeezed the ass of, publicly fucked, pooped on] [someone].\nhears fuck you: derp u too, [random you kys fag, you cis scum, your skin sucks btw, kys, die in a hole].\nHears bang: you might need this for that /gives bro\nhears smash: you might need this for that /gives mya\nhears sophkill: /gives da bo$$ gun\nhears would you rather: Ok [name], would you rather [random fuck, make out with, have a baby with, cum in, suck the dick of, slap the ass of, grind on, strip for, marry, squeeze the tits of, sleep with] [someone], or [random kill, shit on, kidnap, get in a fight with, wrestle with, ruin the life of, embarass] [someone].\n","thingRefs":[["58702c72a0d8728313a9d469","bro"],["584a301d77333de11369056a","mya"],["56c9d1d17e08bc1913361f5e","da bo$$ gun"]],"clonedFrom":"587c1802a829573313ada60c"}}