{"base":"CHANGER","creator":"524389354b5ac3d87c000047","id":"5aecb5efe56dd212eb825b47","name":"rgba palette gradient","prop":{"textSize":2141,"attr":[1],"textData":"/*\n    RGBA Palette Gradient Generator\n\n    This changer is intended for use while editing\n    a creation.  It takes the two colours selected\n    by the right and left mouse buttons (the \"draw\"\n    colour and the \"erase\" colour), and creates a\n    smooth gradient between the two, smoothly\n    blending their RGBA values together. \n    \n*/\nfunction change(creation) { \n    return gradient(creation); \n}\n\nfunction gradient(creation) {\n\n    var n;\n        \n    var startIndex = creation.info.selectedIndex;\n    var colour1 = creation.colors[startIndex];\n\n    var endIndex = creation.info.secondSelectedIndex;\n    var colour2 = creation.colors[endIndex];\n\n    var dIdx = endIndex - startIndex;\n    var absdIdx = Math.abs(dIdx);\n    if(absdIdx < 2) return creation;\n\n\n    // I would like to go all Bresenham on this, but\n    // it's realllly not necessary.\n    // It will be much quicker to code using division,\n    // and execution speed is irrelevant.\n    var subtraction = (startIndex > 11 && endIndex < 11) || (startIndex < 11 && endIndex > 11) ? 1 : 0    \n    var increment = {\n        idx : startIndex < endIndex ? 1 : -1,\n        red : (colour2.red - colour1.red) / (absdIdx - subtraction),\n        green: (colour2.green - colour1.green) / (absdIdx - subtraction),\n        blue: (colour2.blue - colour1.blue) / (absdIdx - subtraction),\n        alpha: (colour2.alpha - colour1.alpha) / (absdIdx - subtraction)\n    };\n    \n    var colour = {\n        idx : startIndex,\n        red : colour1.red,\n        green : colour1.green,\n        blue : colour1.blue,\n        alpha : colour1.alpha\n    };\n\n    while(colour.idx != endIndex){\n          if(colour.idx == 11){\n              colour.idx = 11 + increment.idx;\n              continue;\n          }\n//        if(colour.idx != startIndex){\n            creation.colors[colour.idx] = {\n                red : Math.round(colour.red),\n                green: Math.round(colour.green),\n                blue: Math.round(colour.blue),\n                alpha: colour.alpha\n            };\n//        }\n        for(n in colour){\n            colour[n] += increment[n];\n        }\n    }\n    \n    return creation;\n}","clonedFrom":"5502aa36ca9c40b251503509"}}