{"base":"CHANGER","creator":"524389354b5ac3d87c000047","id":"5e594c8e7b00ce555cefaa64","name":"checker","prop":{"textSize":1083,"attr":[1],"textData":"/*\nThis changer reads the two selected colours and creates a checker pattern\nby replacing odd pixels on the selected erasing colour with the selected\ndrawing colour.\n*/\nfunction change(creation) {\n    var params = getSelectedColours(creation);\n    \n    checkerCreation(creation, params);\n    \n    return creation;\n}\n\nfunction checkerCreation(creation, params){\n    var cell = creation.cells[creation.info.selectedCell];\n    var x, y;\n    for(x = 0; x < cell.length; x++){\n        for(y = 0; y < cell[x].length; y++){\n            if(x % 4 < 2){\n                if(y % 4 < 2 && cell[x][y] == params.colour2){\n                    cell[x][y] = params.colour1;\n                }\n            }else{\n                if(y % 4 > 1 && cell[x][y] == params.colour2){\n                    cell[x][y] = params.colour1;\n                }\n            }\n        }\n    }\n}\n\nfunction getSelectedColours(creation){\n    var rval = {};\n    // first let's get the selected colours\n    rval.colour1 = creation.info.selectedIndex;\n    rval.colour2 = creation.info.secondSelectedIndex;\n    return rval;\n}     ","clonedFrom":"55007504f87afd261db2c06a","changerId":"5aecb5efe56dd212eb825b47"}}