{"base":"CHANGER","creator":"524389354b5ac3d87c000047","id":"5e597318fa4ccf556867f849","name":"checker","prop":{"textSize":2184,"attr":[1],"textData":"/*\nThis changer reads the two selected colours and creates a checker pattern\nby replacing odd pixels on the selected erasing colour with the selected\ndrawing colour.\n\nIF the erasing colour is the same as the drawing colour, then the checker pattern will be drawn on ALL patterns\n*/\n\n/* Change this value if you want a different size of checker square being used.  This is the width and height of each square drawn. This can be any integer number greater than 0*/\n\nvar gridSize = 4;\n\n/* Change this value if you want to switch which squares on the grid are replaced.  If false, then even numbered squares are drawn, if true, then odd numbered squares are drawn instead */\n\nvar inverted = false;\n\nfunction change(creation) {\n    var params = getSelectedColours(creation);\n    \n    checkerCreation(creation, params);\n    \n    return creation;\n}\n\nfunction checkerCreation(creation, params){\n    var cell = creation.cells[creation.info.selectedCell];\n    var doubleSize = gridSize << 1;\n    var x, y;\n    for(x = 0; x < cell.length; x++){\n        for(y = 0; y < cell[x].length; y++){\n            if((cell[x][y] == params.colour2 || params.colour2 == params.colour1) && !inverted){\n                if(x % doubleSize < gridSize){\n                    if(y % doubleSize < gridSize){\n                        cell[x][y] = params.colour1;\n                    }\n                }else{\n                    if(y % doubleSize >= gridSize){\n                        cell[x][y] = params.colour1;\n                    }\n                }\n            } else if(cell[x][y] == params.colour2 && inverted){\n                if(x % doubleSize >= gridSize){\n                    if(y % doubleSize < gridSize){\n                        cell[x][y] = params.colour1;\n                    }\n                }else{\n                    if(y % doubleSize >= gridSize){\n                        cell[x][y] = params.colour1;\n                    }\n                }\n            }\n        }\n    }\n}\n\nfunction getSelectedColours(creation){\n    var rval = {};\n    // first let's get the selected colours\n    rval.colour1 = creation.info.selectedIndex;\n    rval.colour2 = creation.info.secondSelectedIndex;\n    return rval;\n}     ","clonedFrom":"55007504f87afd261db2c06a","changerId":"5e594c8e7b00ce555cefaa64"}}