{"base":"INTERACT","creator":"5e51a01f30311306024aedcf","id":"5ec02ce63e25ff05f41707f8","name":"nuke tnt dynamite bomb","prop":{"textSize":2293,"attr":[1,6,5],"textData":"/PLACES 15S AUDIO-FREE toxin 1 0, 0 1, -1 0, 0 -1, 2 0, 0 2, -2 0, 0 -2, 2 1, -2 1, -1 2, 2 -1, 1 1, -1 1, -1 -1, 1 -1, 3 0, 3 1, 3 2, 3 3, 3 -1, 3 -2, 3 -3, -3 1, -3 2, -3 3, -3 -1, -3 -2, -3 -3, 4 1, 4 2, 4 3, 4 4, 4 -1, 4 -2, 4 -3, 4 -4, -4 1, -4 2, -4 3, -4 4, -4 -1, -4 -2, -4 -3, -4 -4, 0 1, 0 2, 0 3, 0 4, 0 5, 0 6, 1 1, 1 2, 1 3, 1 4, 1 5, 1 6, -1 1, -1 2, -1 3, -1 4, -1 5, -1 6, 2 1, 2 2, 2 3, 2 4, 2 5, 2 6, -2 1, -2 2, -2 3, -2 4, -2 5, -2 6, 1 -1, 1 -2, 1 -3, 1 -4, 1 -4, 1 -5, 1 -6, -1 -1, -1 -2, -1 -3, -1 -4, -1 -5, -1 -6, 0 -1, 0 -2, 0 -3, 0 -4, 0 -5, 0 -6, 2 -1, 2 -2, 2 -3, 2 -4, 2 -5, 2 -6, -2 -1, -2 -2, -2 -3, -2 -4, -2 -5, -2 -6, 5 1, 5 2, 5 3, 5 4, 5 5, -5 5, -5 4, -5 3, -5 2, -5 1, -5 0, 5 -1, 5 -2, 5 -3, 5 -4, 5 -6, 5 -7, -5 -1, -5 -6, -5 -2, -5 -3, -5 -4, -5 -5, -5 -7, 1 0, 0 1, -1 0, 0 -1, 3 4, 3 5, 3 6, 3 7, 3 8, -3 -4, -3 -5, -3 -6, -3 -7, 3 -1, 3 -2, 3 -3, 3 -4, 3 -5, 3 -6, 3 -7, -3 1, -3 2, -3 3, -3 4, -3 5, -3 6, -3 7, 4 5, 4 6, 4 7, 4 8, -4 -5, -4 -6, -4 -7, -4 -8, 4 -5, 4 -6, 4 -7, 4 -8, -4 5, -4 6, -4 7, -4 8, 6 1, 6 2, 6 3, 6 4, 6 5, 6 6, 6 7, 6 8, 6 9, -6 -1, -6 -2, -6 -3, -6 -4, -6 -5, -6 -6, -6 -7, -6 -8, -6 -9, 6 -1, 6 -2, 6 -3, 6 -4, 6 -5, 6 -6, 6 -7, 6 -8, 6 -9, -6 1, -6 2, -6 3, -6 4, -6 5, -6 6, -6 7, -6 8, -6 9, 2 0, 0 2, -2 0, 0 -2, 2 1, -2 1, -1 2, 2 -1, 1 1, -1 1, -1 -1, 1 -1, 7 1, 7 2, 7 3, 7 4, 7 5, 7 6, 7 7, 7 8, 7 9, 7 10, -7 -1, -7 -2, -7 -3, -7 -4, -7 -5, -7 -6, -7 -7, -7 -8, -7 -9, -7 -10, -7 1, -7 2, -7 3, -7 4, -7 5, -7 6, -7 7, -7 8, -7 9, -7 10, 7 -1, 7 -2, 7 -3, 7 -4, 7 -5, 7 -6, 7 -7, 7 -8, 7 -9, 7 -10, -7 1, -7 2, -7 3, -7 4, -7 5, -7 6, -7 7, -7 8, -7 9, -7 10, 8 1, 8 2, 8 3, 8 4, 8 5, 8 6, 8 7, 8 8, 8 9, 8 10, 8 11, -8 -1, -8 -2, -8 -3, -8 -4, -8 -5, -8 -6, -8 -7, -8 -8, -8 -9, -8 -10, -8 -11, 8 -1, 8 -2, 8 -3, 8 -4, 8 -5, 8 -6, 8 -7, 8 -8, 8 -9, 8 -10, 8 -11, -8 1, -8 2, -8 3, -8 4, -8 5, -8 6, -8 7, -8 8, -8 9, -8 10, -8 11, 9 1, 9 2, 9 3, 9 4, 9 5, 9 6, 9 7, 9 8, 9 9, 9 10, 9 11, 9 12, -9 -1, -9 -2, -9 -3, -9 -4, -9 -5, -9 -6, -9 -7, -9 -8, -9 -9, -9 -10, -9 -11, -9 -12, -9 1, -9 2, -9 3, -9 4, -9 5, -9 6, -9 7, -9 8, -9 9, -9 10, -9 11, -9 12, 9 -1, 9 -2, 9 -3, 9 -4, 9 -5, 9 -6, 9 -7, 9 -8, 9 -9, 9 -10, 9 -11, 9 -12 /waits 1  /heals 40 /waits 1  /heals 40 /waits 1  /heals 40 /waits 1 /heals 25","thingRefs":[["5ebe62d555b9287aad829857","toxin"]]}}