{"base":"CHANGER","creator":"524389354b5ac3d87c000047","id":"5f9881cc7a3824051bd84003","name":"bulgepoint","prop":{"textSize":1297,"attr":[1],"textData":"function change(creation) {\n    squishTo(creation, creation.cells[0].length >> 1, creation.cells[0][0].length >> 1, creation.cells[0].length >> 1);\n\n        return creation;\n}\n\nfunction squishTo(creation, centerx, centery, radius){\n    var activeCell = creation.cells[creation.info.selectedCell];\n    var maxval = activeCell.length - 1;\n    var x, y, readx, ready, distance, ratio;\n    var newCell = [];\n    \n    for(x = 0; x < activeCell.length; x++){\n        newCell[x] = [];\n        for(y = 0; y < activeCell.length; y++){\n            distance = hypotenuse(centerx, centery, x, y);\n            readx = x;\n            ready = y;\n            if(distance < radius){\n                ratio = distance / radius;\n                readx = Math.round(centerx + ratio * ratio * (readx - centerx));\n                ready = Math.round(centery + ratio * ratio * (ready - centery));\n                readx = readx < 0 ? 0 : (readx > maxval ? maxval : readx);\n                ready = ready < 0 ? 0 : (ready > maxval ? maxval : ready);\n                \n            }\n            newCell[x][y] = activeCell[readx][ready];\n        }\n    }\n    \n    creation.cells[creation.info.selectedCell] = newCell;\n}\n\nfunction hypotenuse(x1, y1, x2, y2){\n    return  Math.sqrt((x2 - x1) * (x2 - x1) + (y2 - y1) * (y2 - y1));\n}\n","clonedFrom":"5502aa36ca9c40b251503509","changerId":"5e597318fa4ccf556867f849"}}