{"base":"INTERACT","creator":"606ec9c00bf53713d554e588","id":"614f0e0f34e61605c804de64","name":"pop bomb","prop":{"textSize":769,"attr":[8,11,1,5],"textData":"someone says pop: /PLACES AUDIO-FREE VISUAL-FREE 15S pop -6 -1, -6 0, -6 1, -5 -3, -5 -2, -5 -1, -5 0, -5 1, -5 2, -5 3, -4 -4, -4 -3, -4 -2, -4 -1, -4 0, -4 1, -4 2, -4 3, -4 4, -3 -5, -3 -4, -3 -3, -3 -2, -3 -1, -3 0, -3 1, -3 2, -3 3, -3 4, -3 5, -2 -5, -2 -4, -2 -3, -2 -2, -2 -1, -2 0, -2 1, -2 2, -2 3, -2 4, -2 5, -1 -6, -1 -5, -1 -4, -1 -3, -1 -2, -1 -1, -1 0, -1 1, -1 2, -1 3, -1 4, -1 5, -1 6, 0 -6, 0 -5, 0 -4, 0 -3, 0 -2, 0 -1, 0 0, 0 1, 0 2, 0 3, 0 4, 0 5, 0 6, 1 -6, 1 -5, 1 -4, 1 -3, 1 -2, 1 -1, 1 0, 1 1, 1 2, 1 3, 1 4, 1 5, 1 6, 2 -5, 2 -4, 2 -3, 2 -2, 2 -1, 2 0, 2 1, 2 2, 2 3, 2 4, 2 5, 3 -5, 3 -4, 3 -3, 3 -2, 3 -1, 3 0, 3 1, 3 2, 3 3, 3 4, 3 5, 4 -4, 4 -3, 4 -2, 4 -1, 4 0, 4 1, 4 2, 4 3, 4 4, 5 -3, 5 -2, 5 -1, 5 0, 5 1, 5 2, 5 3, 6 -1, 6 0, 6 1\n","reactsTo":["someone_says"],"thingRefs":[["614f0dd2b65c4005c2019de8","pop"]],"clonedFrom":"58f945d28f1973ac134d327a"}}