{"base":"DYNATHING","creator":"6194b17bf889f265adc4dacf","id":"620e410320c16a1c2080cf99","name":"wings","prop":{"attr":[5,4,2,35,34],"text":"0S: CELL 4 SHOW, RIGHT 8, CELL 5 SHOW, RIGHT 8, CELL 6 SHOW, RIGHT 8, DOWN 6, CELL 1 SHOW, LEFT 3, CELL 2 SHOW, LEFT 6, CELL 3 SHOW, LEFT 3, DOWN 6, CELL 9 SHOW, UP 16\n0-1.5S: CELL 5 ROTATE -15, PIVOT 12 5, CELL 6 RIGHT 4, UP 1, ROTATE -15, PIVOT 13 6, CELL 2 ROTATE 15, PIVOT 16 5, CELL 3 LEFT 4, UP 1, ROTATE 15, PIVOT 15 6\n1.5-3S: CELL 5 ROTATE 15, PIVOT 12 5, CELL 6 LEFT 4, DOWN 1, ROTATE 15, PIVOT 13 6\n1.8-3S: CELL 2 ROTATE -15, PIVOT 16 5, CELL 3 RIGHT 4, DOWN 1, ROTATE -15, PIVOT 15 6\n4.5S: RESTART\n\nRISE\n0S: CELL 4 SHOW, RIGHT 8, CELL 5 SHOW, RIGHT 8, CELL 6 SHOW, RIGHT 8, DOWN 6, CELL 1 SHOW, LEFT 3, CELL 2 SHOW, LEFT 6, CELL 3 SHOW, LEFT 3, DOWN 6, CELL 9 SHOW, UP 16\n0-0.3S: CELL 5 ROTATE 15, PIVOT 12 5, CELL 6 LEFT 4, DOWN 1, ROTATE 15, PIVOT 13 6\n0-0.3S: CELL 2 ROTATE -15, PIVOT 16 5, CELL 3 RIGHT 4, DOWN 1, ROTATE -15, PIVOT 15 6\n\nFALL\n0S: CELL 4 SHOW, RIGHT 8, CELL 5 SHOW, RIGHT 8, CELL 6 SHOW, RIGHT 8, DOWN 6, CELL 1 SHOW, LEFT 3, CELL 2 SHOW, LEFT 6, CELL 3 SHOW, LEFT 3, DOWN 6, CELL 9 SHOW, UP 16\n0-0.1S: CELL 5 ROTATE -65, PIVOT 12 5, DOWN 8, RIGHT 2, CELL 6 ROTATE -120, PIVOT 13 6, RIGHT 15, UP 2\n0-0.1S: CELL 2 ROTATE 65, PIVOT 16 5, DOWN 8, LEFT 2, CELL 3 ROTATE 120, PIVOT 15 6, LEFT 15, UP 2\n\nMOUNTED RISE\n0S:CELL 4 SHOW, RIGHT 8, CELL 5 SHOW, RIGHT 8, CELL 6 SHOW, RIGHT 8, DOWN 6, CELL 1 SHOW, LEFT 3, CELL 2 SHOW, LEFT 6, CELL 3 SHOW, LEFT 3, DOWN 6, CELL 9 SHOW, UP 16\n0-0.4S: CELL 5 ROTATE -65, PIVOT 12 5, DOWN 8, RIGHT 2, CELL 6 ROTATE -120, PIVOT 13 6, RIGHT 15, UP 2\n0-0.4S: CELL 2 ROTATE 65, PIVOT 16 5, DOWN 8, LEFT 2, CELL 3 ROTATE 120, PIVOT 15 6, LEFT 15, UP 2\n0.4-1S: CELL 5 ROTATE 65, PIVOT 12 5, UP 8, LEFT 2, CELL 6 ROTATE 120, PIVOT 13 6, LEFT 15, DOWN 2\n0.4-1S: CELL 2 ROTATE -65, PIVOT 16 5, UP 8, RIGHT 2, CELL 3 ROTATE -120, PIVOT 15 6, RIGHT 15, DOWN 2\n\nMOUNTED FALL\n0S:CELL 4 SHOW, RIGHT 8, CELL 5 SHOW, RIGHT 8, CELL 6 SHOW, RIGHT 8, DOWN 6, CELL 1 SHOW, LEFT 3, CELL 2 SHOW, LEFT 6, CELL 3 SHOW, LEFT 3, DOWN 6, CELL 9 SHOW, UP 16\n0-0.4S: CELL 5 ROTATE -65, PIVOT 12 5, DOWN 8, RIGHT 2, CELL 6 ROTATE -120, PIVOT 13 6, RIGHT 15, UP 2\n0-0.4S: CELL 2 ROTATE 65, PIVOT 16 5, DOWN 8, LEFT 2, CELL 3 ROTATE 120, PIVOT 15 6, LEFT 15, UP 2\n0.4-1S: CELL 5 ROTATE 65, PIVOT 12 5, UP 8, LEFT 2, CELL 6 ROTATE 120, PIVOT 13 6, LEFT 15, DOWN 2\n0.4-1S: CELL 2 ROTATE -65, PIVOT 16 5, UP 8, RIGHT 2, CELL 3 ROTATE -120, PIVOT 15 6, RIGHT 15, DOWN 2\n\nCLIMB:\n0: CELL 7 SHOW, LEFT 5, CELL 8 SHOW, RIGHT 5, CELL 9 UP 16","clonedFrom":"6188b609215bc505abdea347"}}