{"base":"DYNATHING","creator":"59ceb3918aa3d291133294f4","id":"62d1e9f9cddf781ec3fbe2a9","name":"beaver (daieny schuttz)","prop":{"attr":[6],"text":"0S: CELLS RIGHT 0, CELL 1 SHOW\n6.5S: CELL 8 SHOW\n6.7S: RESTART\n\nMOVE\n0S: CELLS RIGHT 0, CELL 2 SHOW\n0.2S: CELL 2 HIDE, CELL 1 SHOW\n0.4S: RESTART\n\nRISE\n0S: CELLS RIGHT 0, CELL 3 SHOW\n\nFALL\n0S: CELLS RIGHT 0, CELL 4 SHOW\n\nSIT\n0S: CELLS RIGHT 0, CELL 7 SHOW\n6.5S: CELL 8 SHOW\n6.7S: RESTART\n\nLIE\n0S: CELLS RIGHT 0, CELL 7 SHOW\n6.5S: CELL 8 SHOW\n6.7S: RESTART\n\nCLIMB\n0S: CELLS DOWN 0, CELL 5 SHOW\n0.4S: CELL 5 FLIP HORIZONTAL\n0.8S: RESTART\n\nCREATE\n0S: CELLS RIGHT 0, CELL 6 SHOW\n0.4S: CELL 6 FLIP HORIZONTAL\n0.8S: RESTART"}}