{"wsh":"ws11x4.ws.manyland.com","wsp":80,"ifa":false,"ieh":false,"sub":false,"acl":{"x":15,"y":15},"aid":"58f091ae86dbe2ab136c4698","gid":"58f091ae86dbe2ab136c4698","arn":"sogohotel","agn":"sogohotel","aun":"sogohotel","ard":"university, art , bar, beach, board games,school, cafe, casino,chat, friends, club, game,hub, items, mall, movies, music,space, party,pvp, quest, quiz, racing,science,bodies, store, talk, castle.","adr":{"angle":0,"speed":0},"apr":"INDIVIDUALS","axx":false,"aul":false,"spe":false,"ece":false,"mpv":101385}