{"59ceb3918aa3d291133294f4":{"name":"potato chipcheek","isSuper":true,"isCreator":true},"5f91b3d4c6014d2dfe9d027b":{"name":"portagas d ace","isSuper":false,"isCreator":false},"61913da358f02266ef4125f7":{"name":"fairy","isSuper":false,"isCreator":false},"618194ce95681a1baf712126":{"name":"block","isSuper":false,"isCreator":false},"52c43e4326a5fce768000244":{"name":"neuroticcat","isSuper":false,"isCreator":false},"57fcebd2465f7439131ddbb3":{"name":"burmins","isSuper":false,"isCreator":false},"6194b17bf889f265adc4dacf":{"name":".chloe.","isSuper":false,"isCreator":false},"616ea60c42566105cb4547eb":{"name":"forg","isSuper":false,"isCreator":false},"6208dc2f2079481f4a1c07e8":{"name":"valentine","isSuper":false,"isCreator":false},"5f9d65ef91ca762df801a129":{"name":"-pixie-","isSuper":false,"isCreator":false},"60da3e51f1043e1d60b5585a":{"name":"puppy","isSuper":false,"isCreator":false},"60a4fc9085f5f0081a35933c":{"name":"nigga","isSuper":false,"isCreator":false}}