{"wsh":"ws14x1.ws.manyland.com","wsp":80,"ifa":false,"ieh":false,"sub":false,"acl":{"x":15,"y":15},"aid":"6171d0ebc434c81badeb51be","gid":"6171d0ebc434c81badeb51be","arn":"critora stockpile","agn":"critora stockpile","aun":"critorastockpile","ard":"\"CRiTORA takes place in a digital city called CRiTOPiA, which is inhabited by virtual creatures called CRiTORA. However, the CRiTORA have a common enemy: The ViRUSES, led by the hazardous Queen ViRUS,","adr":{"angle":0,"speed":0},"apr":"INDIVIDUALS","axx":false,"aul":false,"spe":false,"ece":true,"abo":null,"mpv":1373}