{"base":"INTERACT","creator":"52ceb5ec27ccd28e20000008","id":"53e4ec397189f3c96bec2d2a","name":"hot drink maker","prop":{"textSize":1955,"thingRefs":[["53e3f3daeb15a0fb2e0412b4","dispense"],["53e3eba43e31a07f46f3d4a7","hazelnut mocha"],["53e3eb919d9883b858b5fa9c","caramel mocha"],["53e3eb7d3e31a07f46f3d4a6","vanilla mocha"],["53e3eb6a9d9883b858b5fa9a","cafe au lait"],["53e3eb4c9d9883b858b5fa99","decaf americano"],["53e3eb419d9883b858b5fa98","americano"],["53e3ea50eb15a0fb2e0412a1","blonde roast cappuccino"],["53e3ea35eb15a0fb2e0412a0","dark roast cappucino"],["53e3ea27eb15a0fb2e04129f","hazelnut cappuccino"],["53e3e9ed3e31a07f46f3d4a4","caramel cappuccino"],["53e3e9113e31a07f46f3d4a2","vanilla cappucino"],["53e3e8da9d9883b858b5fa95","hazelnut latte"],["53e3e8d03e31a07f46f3d4a1","caramel latte"],["53e3e186eb15a0fb2e041291","hot black tea"],["53e3e17b3e31a07f46f3d48a","hot chamomile tea"],["53e3e16d3e31a07f46f3d489","hot green tea"],["53e3e15b5c0466185230e173","hot jasmine tea"],["53e3e1483e31a07f46f3d488","hot earl grey tea"],["53e4ebb67189f3c96bec2d27","regular espresso"],["53e4ec2235e7b37572fa2886","cup"]],"textData":"TOUCHES cup:*cup IS ON THE TRAY /IS HASMUG /REMOVES HOLDABLE\n\nIS NOTE:BELOW THIS POINT IS A SPACE FOR THE MENU. JUST ADD A COFFEE/TEA TYPE, COPY THE BASE CODE AND MODIFY IT FOR THAT DRINK.\n\nIS HASMUG AND HEARS espresso:**BEEP!**  /dispense  /GIVES regular espresso /ISN'T HASMUG\n\nIS HASMUG AND HEARS hazelnut mocha:**BEEP!**  /DISPENSE  /GIVES hazelnut mocha /ISN'T HASMUG\n\nIS HASMUG AND HEARS caramel mocha:**BEEP!**  /DISPENSE  /GIVES caramel mocha /ISN'T HASMUG\n\nIS HASMUG AND HEARS vanilla mocha:**BEEP!**  /DISPENSE  /GIVES vanilla mocha /ISN'T HASMUG\n\nIS HASMUG AND HEARS cafe au lait:**BEEP!**  /DISPENSE  /GIVES cafe au lait /ISN'T HASMUG\n\nIS HASMUG AND HEARS decaf americano:**BEEP!**  /DISPENSE  /GIVES decaf americano /ISN'T HASMUG\n\nIS HASMUG AND HEARS \"americano\":**BEEP!**  /DISPENSE  /GIVES americano /ISN'T HASMUG\n\nIS HASMUG AND HEARS  blonde:**BEEP!**  /DISPENSE  /GIVES blonde roast cappuccino /ISN'T HASMUG\n\nIS HASMUG AND HEARS dark roast:**BEEP!**  /DISPENSE  /GIVES dark roast cappucino /ISN'T HASMUG\n\nIS HASMUG AND HEARS hazelnut cappuccino:**BEEP!**  /DISPENSE  /GIVES hazelnut cappuccino /ISN'T HASMUG\n\nIS HASMUG AND HEARS caramel cappuccino:**BEEP!**  /DISPENSE  /GIVES caramel cappuccino /ISN'T HASMUG\n\nIS HASMUG AND HEARS vanilla cappucino:**BEEP!**  /DISPENSE  /GIVES vanilla cappucino /ISN'T HASMUG\n\nIS HASMUG AND HEARS hazelnut latte:**BEEP!**  /DISPENSE  /GIVES hazelnut latte /ISN'T HASMUG\n\nIS HASMUG AND HEARS caramel latte:**BEEP!**  /DISPENSE  /GIVES caramel latte /ISN'T HASMUG\n\nIS HASMUG AND HEARS black:**BEEP!**  /DISPENSE  /GIVES hot black tea /ISN'T HASMUG\n\nIS HASMUG AND HEARS chamomile:**BEEP!**  /DISPENSE  /GIVES hot chamomile tea /ISN'T HASMUG\n\nIS HASMUG AND HEARS green:**BEEP!**  /DISPENSE  /GIVES hot green tea /ISN'T HASMUG\n\nIS HASMUG AND HEARS jasmine:**BEEP!**  /DISPENSE  /GIVES hot jasmine tea /ISN'T HASMUG\n\nIS HASMUG AND HEARS earl or grey:**BEEP!**  /DISPENSE  /GIVES hot earl grey tea /ISN'T HASMUG","attr":[2,1,3,6,8]}}