{"base":"DYNATHING","creator":"544584839108cc8a2e036087","id":"54d0c6051fc2dec82d73bdc7","name":"dynapoly3d","prop":{"text":"0: cell 1 show\n0.1: cell 1 hide, cell 2 show\n0.2: cell 2 hide, cell 3 show\n0.3: cell 3 hide, cell 4 show\n0.4: cell 4 hide, cell 5 show\n0.5: cell 5 hide, cell 6 show\n0.6: cell 6 hide, cell 7 show\n0.7: cell 7 hide, cell 8 show\n\n0.8: cell 7 flip horizontal, cell 8 hide, cell 7 show\n0.9: cell 6 flip horizontal, cell 7 hide, cell 6 show\n1.0: cell 5 flip horizontal, cell 6 hide, cell 5 show\n1.1: cell 4 flip horizontal, cell 5 hide, cell 4 show\n1.2: cell 3 flip horizontal, cell 4 hide, cell 3 show\n1.3: cell 2 flip horizontal, cell 3 hide, cell 2 show\n\n1.4: restart"}}