{"base":"DYNATHING","creator":"54a3594b8d401b4e1f3d44f7","id":"553d646cdbdaa2d26a1da3ff","name":"oops!","prop":{"attr":[2],"text":"0: cell 6 show\n0.5: cell 5 show, cell 6 hide\n1: cell 4 show, cell 5 hide\n1.5: cell 1 show, cell 4 hide\n2: cell 2 show, cell 1 hide\n2.5: cell 3 show, cell 2 hide\n3: cell 2 show, cell 3 hide\n3.1: cell 1 show, cell 2 hide\n3.2: cell 4 show, cell 1 hide\n3.3: cell 5 show, cell 4 hide\n3.4: cell 6 show, cell 5 hide\n3.5: cell 8 show, cell 6 hide\n3.6: cell 9 show, cell 8 hide\n3.8: cell 7 show, cell 9 hide, play sound\n3.85: cell 9 show, cell 7 hide\n14.8: cell 7 show, cell 9 hide, play sound\n15: RESTart","clonedFrom":"553d3ae436c92dfc030c84b7","soundId":"53c7ba9935c095c85e80bab3"}}