{"base":"DYNATHING","creator":"5774034a84be162613d5b5cd","id":"578256195c53ae730fc8a307","name":"fish tank","prop":{"attr":[2],"text":"0s: cell 1 show, cell 4 show\n0-2s: cell 1 left 3, cell 3 left 3\n2s:cell 1 hide, cell 3 show\n2-4s: cell 3 right 3, cell 1 right 3\n4s:cell 3 hide, cell 1 show\n5-6s: cell 1 rotate 15\n7-8s: cell 1 rotate -15\n9s: cell 1 hide, cell 3 show\n9.1-10s: cell 3 up 7, cell 3 right 4, cell 3 rotate -15, cell 1 up 7, cell 1 right 4\n10.5-11s: cell 3 rotate 15\n11-11.5s: cell 3 rotate -15\n12s: cell 3 hide, cell 1 show\n12-13s: cell 1 down 7, cell 1 left 4\n13s: cell 1 rotate 0\n15s:restart\n\n","clonedFrom":"54c12d542d923dcb45624681"}}