{"x":1,"y":0,"ps":[[0,17,0,0,0,0],[1,17,0,0,0,0],[1,18,1,0,0,0],[0,18,1,0,0,0],[1,16,2,0,0,0],[2,17,0,0,0,0],[3,17,0,0,0,0],[4,17,0,0,0,0],[5,17,0,0,0,0],[6,17,0,0,0,0],[7,17,0,0,0,0],[8,17,0,0,0,0],[9,17,0,0,0,0],[10,17,0,0,0,0],[11,17,0,0,0,0],[12,17,0,0,0,0],[13,17,0,0,0,0],[3,18,1,0,0,0],[4,18,1,0,0,0],[2,18,1,0,0,0],[5,18,1,0,0,0],[6,18,1,0,0,0],[7,18,1,0,0,0],[8,18,1,0,0,0],[10,18,1,0,0,0],[9,18,1,0,0,0],[11,18,1,0,0,0],[13,18,1,0,0,0],[12,18,1,0,0,0],[6,21,3,0,0,0],[7,21,3,0,0,0],[6,22,4,0,0,0],[7,22,4,0,0,0],[14,17,0,0,0,0],[15,17,0,0,0,0],[16,17,0,0,0,0],[17,17,0,0,0,0],[18,17,0,0,0,0],[19,17,0,0,0,0],[20,17,0,0,0,0],[21,17,0,0,0,0],[22,17,0,0,0,0],[23,17,0,0,0,0],[25,17,0,0,0,0],[24,17,0,0,0,0],[26,17,0,0,0,0],[27,17,0,0,0,0],[28,17,0,0,0,0],[14,18,1,0,0,0],[15,18,1,0,0,0],[16,18,1,0,0,0],[18,18,1,0,0,0],[19,18,1,0,0,0],[17,18,1,0,0,0],[20,18,1,0,0,0],[21,18,1,0,0,0],[23,18,1,0,0,0],[22,18,1,0,0,0],[24,18,1,0,0,0],[25,18,1,0,0,0],[26,18,1,0,0,0],[27,18,1,0,0,0],[28,18,1,0,0,0],[17,16,5,0,0,0],[19,16,6,0,0,0],[21,16,7,0,0,0],[23,16,8,0,0,0],[25,16,9,0,0,0],[21,21,3,0,0,0],[22,21,3,0,0,0],[21,22,4,0,0,0],[22,22,4,0,0,0],[12,16,10,0,0,0],[18,13,11,0,0,0],[19,13,12,0,0,0],[20,13,13,0,0,0],[21,13,14,0,0,0],[22,13,15,0,0,0],[23,13,16,0,0,0],[29,17,0,0,0,0],[30,17,0,0,0,0],[31,17,0,0,0,0],[29,18,1,0,0,0],[30,18,1,0,0,0],[31,18,1,0,0,0],[27,16,17,0,0,0],[29,16,18,0,0,0],[5,16,19,0,0,0],[1,14,20,0,0,0],[3,14,21,0,0,0],[8,16,22,0,0,0],[31,16,23,0,0,0],[10,16,24,0,0,0],[14,16,25,0,0,0],[3,16,26,0,0,0],[11,13,0,0,0,0],[10,13,0,0,0,0],[9,13,0,0,0,0],[8,13,0,0,0,0],[6,13,0,0,0,0],[7,13,0,0,0,0],[5,13,0,0,0,0],[4,13,0,0,0,0],[2,13,0,0,0,0],[3,13,0,0,0,0],[1,13,0,0,0,0],[0,13,0,0,0,0],[0,16,0,0,0,0],[0,11,27,0,0,0],[4,11,27,0,0,0],[1,12,27,0,0,0],[4,14,27,0,0,0],[2,14,27,0,0,0],[0,14,27,0,0,0],[6,11,27,0,0,0],[8,11,27,0,0,0],[10,12,27,0,0,0],[6,14,27,0,0,0],[8,14,27,0,0,0],[10,14,27,0,0,0],[14,14,27,0,0,0],[12,12,27,0,0,0],[12,15,27,0,0,0],[12,13,27,0,0,0],[15,12,27,0,0,0],[17,14,27,0,0,0],[20,14,27,0,0,0],[18,12,27,0,0,0],[25,13,27,0,0,0],[22,14,27,0,0,0],[21,11,27,0,0,0],[28,14,27,0,0,0],[24,14,27,0,0,0],[28,13,27,0,0,0],[31,13,27,0,0,0],[27,11,27,0,0,0],[27,13,27,0,0,0],[24,11,27,0,0,0],[23,11,27,0,0,0],[30,14,27,0,0,0],[30,11,27,0,0,0],[0,12,26,0,0,0]],"v":172,"iix":["60c18e637b2d430afa59cc53","60c1278914c5a60503f9d5fe","53d01da51ca95abc3f8b12a2","57240a923992d327130feb53","553d08b682f70e1708236d9f","617e7e1ea3189c046d91b363","615e0eb8af18ca1d31941be5","615e202095681a1baf70896e","615e194fba8cc405af7e8fea","615e249d95681a1baf70897d","5ba1b3cb84e8080f668dbbd2","6171d1c175cc691ba65210b1","6171d1de747ff505c109632a","61806969c434c81badeb96cd","6171d19d747ff505c1096329","6171d1efaf18ca1d31946c20","6171d217af18ca1d31946c21","6181426a95681a1baf711f62","6182fd830873240fde29f238","53eabdfd06ecbce30c7d99d0","619e9d58ceb73730a4ea7eaa","619db87086f80005b89d5660","6188b609215bc505abdea347","61a562a5de76824cb5376fed","618066716319621d235bce2c","620e410320c16a1c2080cf99","58c5d8d43a8e0c851472d2a1","614f0e0f34e61605c804de64"],"i":{"b":["SOLID","SOLID","INTERACT","LIGHTTOP","LIGHT","STACKWEARB","STACKWEARB","STACKWEARB","STACKWEARB","STACKWEARB","EMITTER","DECOBG","DECOBG","DECOBG","DECOBG","DECOBG","DECOBG","STACKWEARB","STACKWEARB","INTERACT","DYNATHING","EMITTER","DYNATHING","STACKWEARB","CONSUMAB","DYNATHING","INTERACT","INTERACT"],"p":[{"attr":[1],"clonedFrom":"60c145b4b97d7b02f8f2b431"},{"attr":[1],"clonedFrom":"60c0e94fc522dd258b075ce9"},{"attr":[1,8,2],"textSize":259},{"rgb":"238,125,128"},{"rgb":"76,161,215"},null,null,null,null,null,{"attr":[2,8,45,7,31,32,33,46],"motionId":"5ba1b39d152dfb04746d2adc","boundingBox2":[0,0,11,9],"soundId":"53ce411262cf163c3409de26"},null,null,null,null,null,null,null,null,{"textSize":313},{"attr":[2,24,34,19,5],"emitsId":"619e9d5124b14105b93ea29d","text":"2 cells up\n1 cells down\n3 cells right up"},{"attr":[40,42,3,50,8,11,9,12,41,2,47,32,31],"boundingBox2":[0,3,6,9]},{"attr":[5,4,2,35,34],"text":"0S: CELL 4 SHOW, RIGHT 8, CELL 5 SHOW, RIGHT 8, CELL 6 SHOW, RIGHT 8, DOWN 6, CELL 1 SHOW, LEFT 3, CELL 2 SHOW, LEFT 6, CELL 3 SHOW, LEFT 3, DOWN 6, CELL 9 SHOW, UP 16\n0-1.5S: CELL 5 ROTATE -15, PIVOT 12 5, CELL 6 RIGHT 4, UP 1, ROTATE -15, PIVOT 13 6, CELL 2 ROTATE 15, PIVOT 16 5, CELL 3 LEFT 4, UP 1, ROTATE 15, PIVOT 15 6\n1.5-3S: CELL 5 ROTATE 15, PIVOT 12 5, CELL 6 LEFT 4, DOWN 1, ROTATE 15, PIVOT 13 6\n1.8-3S: CELL 2 ROTATE -15, PIVOT 16 5, CELL 3 RIGHT 4, DOWN 1, ROTATE -15, PIVOT 15 6\n4.5S: RESTART\n\nRISE\n0S: CELL 4 SHOW, RIGHT 8, CELL 5 SHOW, RIGHT 8, CELL 6 SHOW, RIGHT 8, DOWN 6, CELL 1 SHOW, LEFT 3, CELL 2 SHOW, LEFT 6, CELL 3 SHOW, LEFT 3, DOWN 6, CELL 9 SHOW, UP 16\n0-0.3S: CELL 5 ROTATE 15, PIVOT 12 5, CELL 6 LEFT 4, DOWN 1, ROTATE 15, PIVOT 13 6\n0-0.3S: CELL 2 ROTATE -15, PIVOT 16 5, CELL 3 RIGHT 4, DOWN 1, ROTATE -15, PIVOT 15 6\n\nFALL\n0S: CELL 4 SHOW, RIGHT 8, CELL 5 SHOW, RIGHT 8, CELL 6 SHOW, RIGHT 8, DOWN 6, CELL 1 SHOW, LEFT 3, CELL 2 SHOW, LEFT 6, CELL 3 SHOW, LEFT 3, DOWN 6, CELL 9 SHOW, UP 16\n0-0.1S: CELL 5 ROTATE -65, PIVOT 12 5, DOWN 8, RIGHT 2, CELL 6 ROTATE -120, PIVOT 13 6, RIGHT 15, UP 2\n0-0.1S: CELL 2 ROTATE 65, PIVOT 16 5, DOWN 8, LEFT 2, CELL 3 ROTATE 120, PIVOT 15 6, LEFT 15, UP 2\n\nMOUNTED RISE\n0S:CELL 4 SHOW, RIGHT 8, CELL 5 SHOW, RIGHT 8, CELL 6 SHOW, RIGHT 8, DOWN 6, CELL 1 SHOW, LEFT 3, CELL 2 SHOW, LEFT 6, CELL 3 SHOW, LEFT 3, DOWN 6, CELL 9 SHOW, UP 16\n0-0.4S: CELL 5 ROTATE -65, PIVOT 12 5, DOWN 8, RIGHT 2, CELL 6 ROTATE -120, PIVOT 13 6, RIGHT 15, UP 2\n0-0.4S: CELL 2 ROTATE 65, PIVOT 16 5, DOWN 8, LEFT 2, CELL 3 ROTATE 120, PIVOT 15 6, LEFT 15, UP 2\n0.4-1S: CELL 5 ROTATE 65, PIVOT 12 5, UP 8, LEFT 2, CELL 6 ROTATE 120, PIVOT 13 6, LEFT 15, DOWN 2\n0.4-1S: CELL 2 ROTATE -65, PIVOT 16 5, UP 8, RIGHT 2, CELL 3 ROTATE -120, PIVOT 15 6, RIGHT 15, DOWN 2\n\nMOUNTED FALL\n0S:CELL 4 SHOW, RIGHT 8, CELL 5 SHOW, RIGHT 8, CELL 6 SHOW, RIGHT 8, DOWN 6, CELL 1 SHOW, LEFT 3, CELL 2 SHOW, LEFT 6, CELL 3 SHOW, LEFT 3, DOWN 6, CELL 9 SHOW, UP 16\n0-0.4S: CELL 5 ROTATE -65, PIVOT 12 5, DOWN 8, RIGHT 2, CELL 6 ROTATE -120, PIVOT 13 6, RIGHT 15, UP 2\n0-0.4S: CELL 2 ROTATE 65, PIVOT 16 5, DOWN 8, LEFT 2, CELL 3 ROTATE 120, PIVOT 15 6, LEFT 15, UP 2\n0.4-1S: CELL 5 ROTATE 65, PIVOT 12 5, UP 8, LEFT 2, CELL 6 ROTATE 120, PIVOT 13 6, LEFT 15, DOWN 2\n0.4-1S: CELL 2 ROTATE -65, PIVOT 16 5, UP 8, RIGHT 2, CELL 3 ROTATE -120, PIVOT 15 6, RIGHT 15, DOWN 2\n\nCLIMB:\n0: CELL 7 SHOW, LEFT 5, CELL 8 SHOW, RIGHT 5, CELL 9 UP 16","clonedFrom":"5524609e0bdd7e2643bd2d9d"},null,null,{"attr":[5,4,2,35,34],"text":"0S: CELL 4 SHOW, RIGHT 8, CELL 5 SHOW, RIGHT 8, CELL 6 SHOW, RIGHT 8, DOWN 6, CELL 1 SHOW, LEFT 3, CELL 2 SHOW, LEFT 6, CELL 3 SHOW, LEFT 3, DOWN 6, CELL 9 SHOW, UP 16\n0-1.5S: CELL 5 ROTATE -15, PIVOT 12 5, CELL 6 RIGHT 4, UP 1, ROTATE -15, PIVOT 13 6, CELL 2 ROTATE 15, PIVOT 16 5, CELL 3 LEFT 4, UP 1, ROTATE 15, PIVOT 15 6\n1.5-3S: CELL 5 ROTATE 15, PIVOT 12 5, CELL 6 LEFT 4, DOWN 1, ROTATE 15, PIVOT 13 6\n1.8-3S: CELL 2 ROTATE -15, PIVOT 16 5, CELL 3 RIGHT 4, DOWN 1, ROTATE -15, PIVOT 15 6\n4.5S: RESTART\n\nRISE\n0S: CELL 4 SHOW, RIGHT 8, CELL 5 SHOW, RIGHT 8, CELL 6 SHOW, RIGHT 8, DOWN 6, CELL 1 SHOW, LEFT 3, CELL 2 SHOW, LEFT 6, CELL 3 SHOW, LEFT 3, DOWN 6, CELL 9 SHOW, UP 16\n0-0.3S: CELL 5 ROTATE 15, PIVOT 12 5, CELL 6 LEFT 4, DOWN 1, ROTATE 15, PIVOT 13 6\n0-0.3S: CELL 2 ROTATE -15, PIVOT 16 5, CELL 3 RIGHT 4, DOWN 1, ROTATE -15, PIVOT 15 6\n\nFALL\n0S: CELL 4 SHOW, RIGHT 8, CELL 5 SHOW, RIGHT 8, CELL 6 SHOW, RIGHT 8, DOWN 6, CELL 1 SHOW, LEFT 3, CELL 2 SHOW, LEFT 6, CELL 3 SHOW, LEFT 3, DOWN 6, CELL 9 SHOW, UP 16\n0-0.1S: CELL 5 ROTATE -65, PIVOT 12 5, DOWN 8, RIGHT 2, CELL 6 ROTATE -120, PIVOT 13 6, RIGHT 15, UP 2\n0-0.1S: CELL 2 ROTATE 65, PIVOT 16 5, DOWN 8, LEFT 2, CELL 3 ROTATE 120, PIVOT 15 6, LEFT 15, UP 2\n\nMOUNTED RISE\n0S:CELL 4 SHOW, RIGHT 8, CELL 5 SHOW, RIGHT 8, CELL 6 SHOW, RIGHT 8, DOWN 6, CELL 1 SHOW, LEFT 3, CELL 2 SHOW, LEFT 6, CELL 3 SHOW, LEFT 3, DOWN 6, CELL 9 SHOW, UP 16\n0-0.4S: CELL 5 ROTATE -65, PIVOT 12 5, DOWN 8, RIGHT 2, CELL 6 ROTATE -120, PIVOT 13 6, RIGHT 15, UP 2\n0-0.4S: CELL 2 ROTATE 65, PIVOT 16 5, DOWN 8, LEFT 2, CELL 3 ROTATE 120, PIVOT 15 6, LEFT 15, UP 2\n0.4-1S: CELL 5 ROTATE 65, PIVOT 12 5, UP 8, LEFT 2, CELL 6 ROTATE 120, PIVOT 13 6, LEFT 15, DOWN 2\n0.4-1S: CELL 2 ROTATE -65, PIVOT 16 5, UP 8, RIGHT 2, CELL 3 ROTATE -120, PIVOT 15 6, RIGHT 15, DOWN 2\n\nMOUNTED FALL\n0S:CELL 4 SHOW, RIGHT 8, CELL 5 SHOW, RIGHT 8, CELL 6 SHOW, RIGHT 8, DOWN 6, CELL 1 SHOW, LEFT 3, CELL 2 SHOW, LEFT 6, CELL 3 SHOW, LEFT 3, DOWN 6, CELL 9 SHOW, UP 16\n0-0.4S: CELL 5 ROTATE -65, PIVOT 12 5, DOWN 8, RIGHT 2, CELL 6 ROTATE -120, PIVOT 13 6, RIGHT 15, UP 2\n0-0.4S: CELL 2 ROTATE 65, PIVOT 16 5, DOWN 8, LEFT 2, CELL 3 ROTATE 120, PIVOT 15 6, LEFT 15, UP 2\n0.4-1S: CELL 5 ROTATE 65, PIVOT 12 5, UP 8, LEFT 2, CELL 6 ROTATE 120, PIVOT 13 6, LEFT 15, DOWN 2\n0.4-1S: CELL 2 ROTATE -65, PIVOT 16 5, UP 8, RIGHT 2, CELL 3 ROTATE -120, PIVOT 15 6, RIGHT 15, DOWN 2\n\nCLIMB:\n0: CELL 7 SHOW, LEFT 5, CELL 8 SHOW, RIGHT 5, CELL 9 UP 16","clonedFrom":"6188b609215bc505abdea347"},{"attr":[6,1,5],"textSize":7396},{"reactsTo":["someone_says"],"attr":[8,11,1,5],"textSize":769}],"n":["grassmix","grass surface","slot machine","pink light","blue sky","ron","drakoduv","beaver (daieny schuttz)","kelly the blue whale","white dodo","good jaawb","o","t","g","e","r","s","b*bot","gura shark","ice cream machine","flying phone","gffo","wings","pinky","super cookie cake","wings","present bomb","pop bomb"],"dr":[0,0,0,0,0,0,0,0,0,0,0,0,0,0,0,0,0,0,0,0,0,0,0,0,0,0,0,0]}}